received_ts,session,message_id,created_ts,from_session,duplicate
1789774192.089,19,bef9c03b-15b3-429f-93fd-478a2298af23,1789774188.000,8,0
1789774192.232,5,bef9c03b-15b3-429f-93fd-478a2298af23,1789774188.000,8,0
1789774192.294,20,bef9c03b-15b3-429f-93fd-478a2298af23,1789774188.000,8,0
1789774192.448,6,bef9c03b-15b3-429f-93fd-478a2298af23,1789774188.000,8,0
1789774192.508,21,bef9c03b-15b3-429f-93fd-478a2298af23,1789774188.000,8,0
1789774192.628,7,bef9c03b-15b3-429f-93fd-478a2298af23,1789774188.000,8,0
1789774192.696,22,bef9c03b-15b3-429f-93fd-478a2298af23,1789774188.000,8,0
1789774192.934,23,bef9c03b-15b3-429f-93fd-478a2298af23,1789774188.000,8,0
1789774193.037,9,bef9c03b-15b3-429f-93fd-478a2298af23,1789774188.000,8,0
1789774193.145,24,bef9c03b-15b3-429f-93fd-478a2298af23,1789774188.000,8,0
1789774193.232,10,bef9c03b-15b3-429f-93fd-478a2298af23,1789774188.000,8,0
1789774193.414,1,bef9c03b-15b3-429f-93fd-478a2298af23,1789774188.000,8,0
1789774193.458,11,bef9c03b-15b3-429f-93fd-478a2298af23,1789774188.000,8,0
1789774193.513,16,bef9c03b-15b3-429f-93fd-478a2298af23,1789774188.000,8,0
1789774193.636,2,bef9c03b-15b3-429f-93fd-478a2298af23,1789774188.000,8,0
1789774193.680,12,bef9c03b-15b3-429f-93fd-478a2298af23,1789774188.000,8,0
1789774193.851,3,bef9c03b-15b3-429f-93fd-478a2298af23,1789774188.000,8,0
1789774193.884,13,bef9c03b-15b3-429f-93fd-478a2298af23,1789774188.000,8,0
1789774194.040,4,bef9c03b-15b3-429f-93fd-478a2298af23,1789774188.000,8,0
1789774194.089,14,bef9c03b-15b3-429f-93fd-478a2298af23,1789774188.000,8,0
1789774194.240,0,bef9c03b-15b3-429f-93fd-478a2298af23,1789774188.000,8,0
1789774194.288,15,bef9c03b-15b3-429f-93fd-478a2298af23,1789774188.000,8,0
1789774194.642,7,a0fe5d4c-401d-43a4-a429-d0a6a2d0f343,1789774191.000,5,0
1789774194.642,7,8c2b573c-5fe9-48be-8035-696ae1f0c5e2,1789774192.000,6,0
1789774194.703,17,bef9c03b-15b3-429f-93fd-478a2298af23,1789774188.000,8,0
1789774194.889,18,bef9c03b-15b3-429f-93fd-478a2298af23,1789774188.000,8,0
1789774195.099,19,a0fe5d4c-401d-43a4-a429-d0a6a2d0f343,1789774191.000,5,0
1789774195.099,19,5cca671a-a88d-4fe7-a935-19cc43ced519,1789774191.000,7,0
1789774195.099,19,8c2b573c-5fe9-48be-8035-696ae1f0c5e2,1789774192.000,6,0
1789774195.243,5,5cca671a-a88d-4fe7-a935-19cc43ced519,1789774191.000,7,0
1789774195.243,5,8c2b573c-5fe9-48be-8035-696ae1f0c5e2,1789774192.000,6,0
1789774195.298,20,a0fe5d4c-401d-43a4-a429-d0a6a2d0f343,1789774191.000,5,0
1789774195.298,20,5cca671a-a88d-4fe7-a935-19cc43ced519,1789774191.000,7,0
1789774195.298,20,8c2b573c-5fe9-48be-8035-696ae1f0c5e2,1789774192.000,6,0
1789774195.463,6,a0fe5d4c-401d-43a4-a429-d0a6a2d0f343,1789774191.000,5,0
1789774195.463,6,5cca671a-a88d-4fe7-a935-19cc43ced519,1789774191.000,7,0
1789774195.517,21,a0fe5d4c-401d-43a4-a429-d0a6a2d0f343,1789774191.000,5,0
1789774195.517,21,5cca671a-a88d-4fe7-a935-19cc43ced519,1789774191.000,7,0
1789774195.517,21,8c2b573c-5fe9-48be-8035-696ae1f0c5e2,1789774192.000,6,0
1789774195.710,22,a0fe5d4c-401d-43a4-a429-d0a6a2d0f343,1789774191.000,5,0
1789774195.710,22,5cca671a-a88d-4fe7-a935-19cc43ced519,1789774191.000,7,0
1789774195.710,22,8c2b573c-5fe9-48be-8035-696ae1f0c5e2,1789774192.000,6,0
1789774195.860,8,a0fe5d4c-401d-43a4-a429-d0a6a2d0f343,1789774191.000,5,0
1789774195.860,8,5cca671a-a88d-4fe7-a935-19cc43ced519,1789774191.000,7,0
1789774195.860,8,8c2b573c-5fe9-48be-8035-696ae1f0c5e2,1789774192.000,6,0
1789774195.947,23,a0fe5d4c-401d-43a4-a429-d0a6a2d0f343,1789774191.000,5,0
1789774195.947,23,5cca671a-a88d-4fe7-a935-19cc43ced519,1789774191.000,7,0
1789774195.947,23,8c2b573c-5fe9-48be-8035-696ae1f0c5e2,1789774192.000,6,0
1789774196.051,9,a0fe5d4c-401d-43a4-a429-d0a6a2d0f343,1789774191.000,5,0
1789774196.051,9,5cca671a-a88d-4fe7-a935-19cc43ced519,1789774191.000,7,0
1789774196.051,9,8c2b573c-5fe9-48be-8035-696ae1f0c5e2,1789774192.000,6,0
1789774196.106,14,a0fe5d4c-401d-43a4-a429-d0a6a2d0f343,1789774191.000,5,0
1789774196.106,14,5cca671a-a88d-4fe7-a935-19cc43ced519,1789774191.000,7,0
1789774196.106,14,8c2b573c-5fe9-48be-8035-696ae1f0c5e2,1789774192.000,6,0
1789774196.160,24,a0fe5d4c-401d-43a4-a429-d0a6a2d0f343,1789774191.000,5,0
1789774196.160,24,5cca671a-a88d-4fe7-a935-19cc43ced519,1789774191.000,7,0
1789774196.160,24,8c2b573c-5fe9-48be-8035-696ae1f0c5e2,1789774192.000,6,0
1789774196.251,10,a0fe5d4c-401d-43a4-a429-d0a6a2d0f343,1789774191.000,5,0
1789774196.251,10,5cca671a-a88d-4fe7-a935-19cc43ced519,1789774191.000,7,0
1789774196.251,10,8c2b573c-5fe9-48be-8035-696ae1f0c5e2,1789774192.000,6,0
1789774196.436,1,a0fe5d4c-401d-43a4-a429-d0a6a2d0f343,1789774191.000,5,0
1789774196.436,1,5cca671a-a88d-4fe7-a935-19cc43ced519,1789774191.000,7,0
1789774196.436,1,8c2b573c-5fe9-48be-8035-696ae1f0c5e2,1789774192.000,6,0
1789774196.469,11,a0fe5d4c-401d-43a4-a429-d0a6a2d0f343,1789774191.000,5,0
1789774196.469,11,5cca671a-a88d-4fe7-a935-19cc43ced519,1789774191.000,7,0
1789774196.469,11,8c2b573c-5fe9-48be-8035-696ae1f0c5e2,1789774192.000,6,0
1789774196.527,16,a0fe5d4c-401d-43a4-a429-d0a6a2d0f343,1789774191.000,5,0
1789774196.527,16,5cca671a-a88d-4fe7-a935-19cc43ced519,1789774191.000,7,0
1789774196.527,16,8c2b573c-5fe9-48be-8035-696ae1f0c5e2,1789774192.000,6,0
1789774196.662,2,a0fe5d4c-401d-43a4-a429-d0a6a2d0f343,1789774191.000,5,0
1789774196.662,2,5cca671a-a88d-4fe7-a935-19cc43ced519,1789774191.000,7,0
1789774196.662,2,8c2b573c-5fe9-48be-8035-696ae1f0c5e2,1789774192.000,6,0
1789774196.694,12,a0fe5d4c-401d-43a4-a429-d0a6a2d0f343,1789774191.000,5,0
1789774196.694,12,5cca671a-a88d-4fe7-a935-19cc43ced519,1789774191.000,7,0
1789774196.694,12,8c2b573c-5fe9-48be-8035-696ae1f0c5e2,1789774192.000,6,0
1789774196.716,17,a0fe5d4c-401d-43a4-a429-d0a6a2d0f343,1789774191.000,5,0
1789774196.716,17,5cca671a-a88d-4fe7-a935-19cc43ced519,1789774191.000,7,0
1789774196.716,17,8c2b573c-5fe9-48be-8035-696ae1f0c5e2,1789774192.000,6,0
1789774196.870,3,a0fe5d4c-401d-43a4-a429-d0a6a2d0f343,1789774191.000,5,0
1789774196.870,3,5cca671a-a88d-4fe7-a935-19cc43ced519,1789774191.000,7,0
1789774196.870,3,8c2b573c-5fe9-48be-8035-696ae1f0c5e2,1789774192.000,6,0
1789774196.891,13,a0fe5d4c-401d-43a4-a429-d0a6a2d0f343,1789774191.000,5,0
1789774196.891,13,5cca671a-a88d-4fe7-a935-19cc43ced519,1789774191.000,7,0
1789774196.891,13,8c2b573c-5fe9-48be-8035-696ae1f0c5e2,1789774192.000,6,0
1789774197.060,4,a0fe5d4c-401d-43a4-a429-d0a6a2d0f343,1789774191.000,5,0
1789774197.060,4,5cca671a-a88d-4fe7-a935-19cc43ced519,1789774191.000,7,0
1789774197.060,4,8c2b573c-5fe9-48be-8035-696ae1f0c5e2,1789774192.000,6,0
1789774197.258,0,a0fe5d4c-401d-43a4-a429-d0a6a2d0f343,1789774191.000,5,0
1789774197.258,0,5cca671a-a88d-4fe7-a935-19cc43ced519,1789774191.000,7,0
1789774197.258,0,8c2b573c-5fe9-48be-8035-696ae1f0c5e2,1789774192.000,6,0
1789774197.290,15,a0fe5d4c-401d-43a4-a429-d0a6a2d0f343,1789774191.000,5,0
1789774197.290,15,5cca671a-a88d-4fe7-a935-19cc43ced519,1789774191.000,7,0
1789774197.290,15,8c2b573c-5fe9-48be-8035-696ae1f0c5e2,1789774192.000,6,0
1789774197.663,7,e59dc026-8e72-4211-931d-11ac9c75c37e,1789774195.000,24,0
1789774197.663,7,bda4eb6c-5a9b-409a-b61f-eaac9e587b20,1789774195.000,20,0
1789774197.880,8,e59dc026-8e72-4211-931d-11ac9c75c37e,1789774195.000,24,0
1789774197.880,8,bda4eb6c-5a9b-409a-b61f-eaac9e587b20,1789774195.000,20,0
1789774197.894,18,a0fe5d4c-401d-43a4-a429-d0a6a2d0f343,1789774191.000,5,0
1789774197.894,18,5cca671a-a88d-4fe7-a935-19cc43ced519,1789774191.000,7,0
1789774197.894,18,8c2b573c-5fe9-48be-8035-696ae1f0c5e2,1789774192.000,6,0
1789774197.962,23,e59dc026-8e72-4211-931d-11ac9c75c37e,1789774195.000,24,0
1789774197.962,23,bda4eb6c-5a9b-409a-b61f-eaac9e587b20,1789774195.000,20,0
1789774198.065,9,e59dc026-8e72-4211-931d-11ac9c75c37e,1789774195.000,24,0
1789774198.065,9,bda4eb6c-5a9b-409a-b61f-eaac9e587b20,1789774195.000,20,0
1789774198.122,19,e59dc026-8e72-4211-931d-11ac9c75c37e,1789774195.000,24,0
1789774198.122,19,bda4eb6c-5a9b-409a-b61f-eaac9e587b20,1789774195.000,20,0
1789774198.268,5,e59dc026-8e72-4211-931d-11ac9c75c37e,1789774195.000,24,0
1789774198.268,5,bda4eb6c-5a9b-409a-b61f-eaac9e587b20,1789774195.000,20,0
1789774198.308,20,e59dc026-8e72-4211-931d-11ac9c75c37e,1789774195.000,24,0
1789774198.481,11,e59dc026-8e72-4211-931d-11ac9c75c37e,1792970995.000,24,0
1789774198.481,11,bda4eb6c-5a9b-409a-b61f-eaac9e587b20,1789774195.000,20,0
1789774198.481,6,e59dc026-8e72-4211-931d-11ac9c75c37e,-61860760205.000,24,0
1789774198.481,6,bda4eb6c-5a9b-409a-b61f-eaac9e587b20,1789774195.000,20,0
1789774198.533,21,e59dc026-8e72-4211-931d-11ac9c75c37e,1789774195.000,24,0
1789774198.533,21,bda4eb6c-5a9b-409a-b61f-eaac9e587b20,1789774195.000,20,0
1789774198.714,12,e59dc026-8e72-4211-931d-11ac9c75c37e,1789774195.000,24,0
1789774198.714,12,bda4eb6c-5a9b-409a-b61f-eaac9e587b20,1789774195.000,20,0
1789774198.726,22,e59dc026-8e72-4211-931d-11ac9c75c37e,1789774195.000,24,0
1789774198.726,22,bda4eb6c-5a9b-409a-b61f-eaac9e587b20,1789774195.000,20,0
1789774199.128,14,e59dc026-8e72-4211-931d-11ac9c75c37e,1789774195.000,24,0
1789774199.128,14,bda4eb6c-5a9b-409a-b61f-eaac9e587b20,1789774195.000,20,0
1789774199.187,24,bda4eb6c-5a9b-409a-b61f-eaac9e587b20,1789774195.000,20,0
1789774199.276,10,e59dc026-8e72-4211-931d-11ac9c75c37e,1789774195.000,24,0
1789774199.276,10,bda4eb6c-5a9b-409a-b61f-eaac9e587b20,1789774195.000,20,0
1789774199.450,1,e59dc026-8e72-4211-931d-11ac9c75c37e,1789774195.000,24,0
1789774199.450,1,bda4eb6c-5a9b-409a-b61f-eaac9e587b20,1789774195.000,20,0
1789774199.540,16,e59dc026-8e72-4211-931d-11ac9c75c37e,1789774195.000,24,0
1789774199.540,16,bda4eb6c-5a9b-409a-b61f-eaac9e587b20,1789774195.000,20,0
1789774199.676,2,e59dc026-8e72-4211-931d-11ac9c75c37e,1789774195.000,24,0
1789774199.676,2,bda4eb6c-5a9b-409a-b61f-eaac9e587b20,1789774195.000,20,0
1789774199.731,17,e59dc026-8e72-4211-931d-11ac9c75c37e,1789774195.000,24,0
1789774199.731,17,bda4eb6c-5a9b-409a-b61f-eaac9e587b20,1789774195.000,20,0
1789774199.896,3,e59dc026-8e72-4211-931d-11ac9c75c37e,1789774195.000,24,0
1789774199.896,3,bda4eb6c-5a9b-409a-b61f-eaac9e587b20,1789774195.000,20,0
1789774199.900,13,e59dc026-8e72-4211-931d-11ac9c75c37e,1789774195.000,24,0
1789774199.900,13,bda4eb6c-5a9b-409a-b61f-eaac9e587b20,1789774195.000,20,0
1789774200.075,4,e59dc026-8e72-4211-931d-11ac9c75c37e,1789774195.000,24,0
1789774200.075,4,bda4eb6c-5a9b-409a-b61f-eaac9e587b20,1789774195.000,20,0
1789774200.286,0,e59dc026-8e72-4211-931d-11ac9c75c37e,1789774195.000,24,0
1789774200.286,0,bda4eb6c-5a9b-409a-b61f-eaac9e587b20,1789774195.000,20,0
1789774200.302,15,e59dc026-8e72-4211-931d-11ac9c75c37e,1789774195.000,24,0
1789774200.302,15,bda4eb6c-5a9b-409a-b61f-eaac9e587b20,1789774195.000,20,0
1789774200.686,7,5aee6e22-4783-4f0e-a256-97f44816a258,1789774197.000,11,0
1789774200.686,7,358cd8ed-85ee-459f-be40-2b71dce17acf,1789774198.000,4,0
1789774200.686,7,3321a040-ae89-42db-bef9-53a3226772d4,1789774198.000,9,0
1789774200.686,7,a89b7d0e-21a7-4eb5-add2-aa8a95b0693b,1789774199.000,1,0
1789774200.686,7,e4931029-8489-40ac-8339-8026718fa99d,1789774199.000,19,0
1789774200.904,8,5aee6e22-4783-4f0e-a256-97f44816a258,1789774197.000,11,0
1789774200.904,18,e59dc026-8e72-4211-931d-11ac9c75c37e,1789774195.000,24,0
1789774200.904,8,358cd8ed-85ee-459f-be40-2b71dce17acf,1789774198.000,4,0
1789774200.904,18,bda4eb6c-5a9b-409a-b61f-eaac9e587b20,1789774195.000,20,0
1789774200.904,8,3321a040-ae89-42db-bef9-53a3226772d4,,9,0
1789774200.904,8,a89b7d0e-21a7-4eb5-add2-aa8a95b0693b,1789774199.000,1,0
1789774200.904,8,e4931029-8489-40ac-8339-8026718fa99d,1789774199.000,19,0
1789774200.976,23,5aee6e22-4783-4f0e-a256-97f44816a258,1789774197.000,11,0
1789774200.976,23,358cd8ed-85ee-459f-be40-2b71dce17acf,1789774198.000,4,0
1789774200.976,23,3321a040-ae89-42db-bef9-53a3226772d4,1789774198.000,9,0
1789774200.976,23,a89b7d0e-21a7-4eb5-add2-aa8a95b0693b,1789774199.000,1,0
1789774200.976,23,e4931029-8489-40ac-8339-8026718fa99d,1789774199.000,19,0
1789774201.085,9,5aee6e22-4783-4f0e-a256-97f44816a258,1789774197.000,11,0
1789774201.085,9,358cd8ed-85ee-459f-be40-2b71dce17acf,1789774198.000,4,0
1789774201.085,9,a89b7d0e-21a7-4eb5-add2-aa8a95b0693b,1789774199.000,1,0
1789774201.085,9,e4931029-8489-40ac-8339-8026718fa99d,1789774199.000,19,0
1789774201.140,19,5aee6e22-4783-4f0e-a256-97f44816a258,1789774197.000,11,0
1789774201.140,19,358cd8ed-85ee-459f-be40-2b71dce17acf,1789774198.000,4,0
1789774201.140,19,3321a040-ae89-42db-bef9-53a3226772d4,1789774198.000,9,0
1789774201.140,19,a89b7d0e-21a7-4eb5-add2-aa8a95b0693b,1789774199.000,1,0
1789774201.289,5,5aee6e22-4783-4f0e-a256-97f44816a258,1789774197.000,11,0
1789774201.289,5,358cd8ed-85ee-459f-be40-2b71dce17acf,1789774198.000,4,0
1789774201.289,5,3321a040-ae89-42db-bef9-53a3226772d4,1789774198.000,9,0
1789774201.289,5,a89b7d0e-21a7-4eb5-add2-aa8a95b0693b,1789774199.000,1,0
1789774201.289,5,e4931029-8489-40ac-8339-8026718fa99d,1789774199.000,19,0
1789774201.317,20,5aee6e22-4783-4f0e-a256-97f44816a258,1789774197.000,11,0
1789774201.317,20,358cd8ed-85ee-459f-be40-2b71dce17acf,1789774198.000,4,0
1789774201.317,20,3321a040-ae89-42db-bef9-53a3226772d4,1789774198.000,9,0
1789774201.317,20,a89b7d0e-21a7-4eb5-add2-aa8a95b0693b,1789774199.000,1,0
1789774201.317,20,e4931029-8489-40ac-8339-8026718fa99d,1789774199.000,19,0
1789774201.484,11,358cd8ed-85ee-459f-be40-2b71dce17acf,1789774198.000,4,0
1789774201.484,6,5aee6e22-4783-4f0e-a256-97f44816a258,,11,0
1789774201.484,11,3321a040-ae89-42db-bef9-53a3226772d4,1789774198.000,9,0
1789774201.484,11,a89b7d0e-21a7-4eb5-add2-aa8a95b0693b,1789774199.000,1,0
1789774201.484,11,e4931029-8489-40ac-8339-8026718fa99d,1789774199.000,19,0
1789774201.484,6,358cd8ed-85ee-459f-be40-2b71dce17acf,,4,0
1789774201.484,6,3321a040-ae89-42db-bef9-53a3226772d4,1789774198.000,9,0
1789774201.484,6,a89b7d0e-21a7-4eb5-add2-aa8a95b0693b,1789774199.000,1,0
1789774201.484,6,e4931029-8489-40ac-8339-8026718fa99d,1789774199.000,19,0
1789774201.552,21,5aee6e22-4783-4f0e-a256-97f44816a258,1789774197.000,11,0
1789774201.552,21,358cd8ed-85ee-459f-be40-2b71dce17acf,1789774198.000,4,0
1789774201.552,21,3321a040-ae89-42db-bef9-53a3226772d4,1789774198.000,9,0
1789774201.552,21,a89b7d0e-21a7-4eb5-add2-aa8a95b0693b,1789774199.000,1,0
1789774201.552,21,e4931029-8489-40ac-8339-8026718fa99d,1789774199.000,19,0
1789774201.731,12,5aee6e22-4783-4f0e-a256-97f44816a258,1789774197.000,11,0
1789774201.731,12,358cd8ed-85ee-459f-be40-2b71dce17acf,1789774198.000,4,0
1789774201.731,12,3321a040-ae89-42db-bef9-53a3226772d4,1789774198.000,9,0
1789774201.731,12,a89b7d0e-21a7-4eb5-add2-aa8a95b0693b,1789774199.000,1,0
1789774201.731,12,e4931029-8489-40ac-8339-8026718fa99d,1789774199.000,19,0
1789774201.737,22,5aee6e22-4783-4f0e-a256-97f44816a258,1789774197.000,11,0
1789774201.737,22,358cd8ed-85ee-459f-be40-2b71dce17acf,1789774198.000,4,0
1789774201.737,22,3321a040-ae89-42db-bef9-53a3226772d4,1789774198.000,9,0
1789774201.737,22,a89b7d0e-21a7-4eb5-add2-aa8a95b0693b,1789774199.000,1,0
1789774201.737,22,e4931029-8489-40ac-8339-8026718fa99d,1789774199.000,19,0
1789774202.149,14,5aee6e22-4783-4f0e-a256-97f44816a258,1789774197.000,11,0
1789774202.149,14,358cd8ed-85ee-459f-be40-2b71dce17acf,1789774198.000,4,0
1789774202.149,14,3321a040-ae89-42db-bef9-53a3226772d4,1789774198.000,9,0
1789774202.149,14,a89b7d0e-21a7-4eb5-add2-aa8a95b0693b,1789774199.000,1,0
1789774202.149,14,e4931029-8489-40ac-8339-8026718fa99d,1789774199.000,19,0
1789774202.206,24,5aee6e22-4783-4f0e-a256-97f44816a258,1789774197.000,11,0
1789774202.206,24,358cd8ed-85ee-459f-be40-2b71dce17acf,1789774198.000,4,0
1789774202.206,24,3321a040-ae89-42db-bef9-53a3226772d4,1789774198.000,9,0
1789774202.206,24,a89b7d0e-21a7-4eb5-add2-aa8a95b0693b,1789774199.000,1,0
1789774202.206,24,e4931029-8489-40ac-8339-8026718fa99d,1789774199.000,19,0
1789774202.293,10,5aee6e22-4783-4f0e-a256-97f44816a258,1789774197.000,11,0
1789774202.293,10,358cd8ed-85ee-459f-be40-2b71dce17acf,1789774198.000,4,0
1789774202.293,10,3321a040-ae89-42db-bef9-53a3226772d4,1789774198.000,9,0
1789774202.293,10,a89b7d0e-21a7-4eb5-add2-aa8a95b0693b,1789774199.000,1,0
1789774202.293,10,e4931029-8489-40ac-8339-8026718fa99d,1789774199.000,19,0
1789774202.469,1,5aee6e22-4783-4f0e-a256-97f44816a258,1789774197.000,11,0
1789774202.469,1,358cd8ed-85ee-459f-be40-2b71dce17acf,1789774198.000,4,0
1789774202.469,1,3321a040-ae89-42db-bef9-53a3226772d4,1789774198.000,9,0
1789774202.469,1,e4931029-8489-40ac-8339-8026718fa99d,1789774199.000,19,0
1789774202.688,2,5aee6e22-4783-4f0e-a256-97f44816a258,1789774197.000,11,0
1789774202.688,2,358cd8ed-85ee-459f-be40-2b71dce17acf,1789774198.000,4,0
1789774202.688,2,3321a040-ae89-42db-bef9-53a3226772d4,1789774198.000,9,0
1789774202.688,2,a89b7d0e-21a7-4eb5-add2-aa8a95b0693b,1789774199.000,1,0
1789774202.688,2,e4931029-8489-40ac-8339-8026718fa99d,1789774199.000,19,0
1789774202.738,17,5aee6e22-4783-4f0e-a256-97f44816a258,1789774197.000,11,0
1789774202.738,17,358cd8ed-85ee-459f-be40-2b71dce17acf,1789774198.000,4,0
1789774202.738,17,3321a040-ae89-42db-bef9-53a3226772d4,1789774198.000,9,0
1789774202.738,17,a89b7d0e-21a7-4eb5-add2-aa8a95b0693b,1789774199.000,1,0
1789774202.738,17,e4931029-8489-40ac-8339-8026718fa99d,1789774199.000,19,0
1789774202.908,13,5aee6e22-4783-4f0e-a256-97f44816a258,1963265397.000,11,0
1789774202.908,3,5aee6e22-4783-4f0e-a256-97f44816a258,16905540597.000,11,0
1789774202.908,13,358cd8ed-85ee-459f-be40-2b71dce17acf,1789774198.000,4,0
1789774202.908,13,3321a040-ae89-42db-bef9-53a3226772d4,121706148598.000,9,0
1789774202.908,3,358cd8ed-85ee-459f-be40-2b71dce17acf,,4,0
1789774202.908,13,a89b7d0e-21a7-4eb5-add2-aa8a95b0693b,1789774199.000,1,0
1789774202.908,3,3321a040-ae89-42db-bef9-53a3226772d4,1789774198.000,9,0
1789774202.908,13,e4931029-8489-40ac-8339-8026718fa99d,1789774199.000,19,0
1789774202.908,3,a89b7d0e-21a7-4eb5-add2-aa8a95b0693b,1789774199.000,1,0
1789774202.908,3,e4931029-8489-40ac-8339-8026718fa99d,1789774199.000,19,0
1789774203.096,4,5aee6e22-4783-4f0e-a256-97f44816a258,1789774197.000,11,0
1789774203.096,4,3321a040-ae89-42db-bef9-53a3226772d4,1789774198.000,9,0
1789774203.096,4,a89b7d0e-21a7-4eb5-add2-aa8a95b0693b,1789774199.000,1,0
1789774203.096,4,e4931029-8489-40ac-8339-8026718fa99d,1789774199.000,19,0
1789774203.293,0,5aee6e22-4783-4f0e-a256-97f44816a258,1789774197.000,11,0
1789774203.293,0,358cd8ed-85ee-459f-be40-2b71dce17acf,1789774198.000,4,0
1789774203.293,0,3321a040-ae89-42db-bef9-53a3226772d4,1789774198.000,9,0
1789774203.293,0,a89b7d0e-21a7-4eb5-add2-aa8a95b0693b,1789774199.000,1,0
1789774203.293,0,e4931029-8489-40ac-8339-8026718fa99d,1789774199.000,19,0
1789774203.308,15,5aee6e22-4783-4f0e-a256-97f44816a258,1789774197.000,11,0
1789774203.308,15,358cd8ed-85ee-459f-be40-2b71dce17acf,1789774198.000,4,0
1789774203.308,15,3321a040-ae89-42db-bef9-53a3226772d4,1789774198.000,9,0
1789774203.308,15,a89b7d0e-21a7-4eb5-add2-aa8a95b0693b,1789774199.000,1,0
1789774203.308,15,e4931029-8489-40ac-8339-8026718fa99d,1789774199.000,19,0
1789774203.570,16,5aee6e22-4783-4f0e-a256-97f44816a258,1789774197.000,11,0
1789774203.570,16,358cd8ed-85ee-459f-be40-2b71dce17acf,1789774198.000,4,0
1789774203.570,16,3321a040-ae89-42db-bef9-53a3226772d4,1789774198.000,9,0
1789774203.570,16,a89b7d0e-21a7-4eb5-add2-aa8a95b0693b,1789774199.000,1,0
1789774203.570,16,e4931029-8489-40ac-8339-8026718fa99d,1789774199.000,19,0
1789774203.697,7,869cb47b-8c0e-4f5f-b0b7-6b470701e092,1789774201.000,17,0
1789774203.697,7,f85dfd8c-3f05-40bf-9ad8-94356340bd40,1789774201.000,22,0
1789774203.697,7,b097807f-035f-4a6b-9e48-e777d522f055,1789774202.000,23,0
1789774203.909,8,869cb47b-8c0e-4f5f-b0b7-6b470701e092,1798054201.000,17,0
1789774203.909,18,5aee6e22-4783-4f0e-a256-97f44816a258,,11,0
1789774203.909,8,f85dfd8c-3f05-40bf-9ad8-94356340bd40,1789774201.000,22,0
1789774203.909,8,b097807f-035f-4a6b-9e48-e777d522f055,1789774202.000,23,0
1789774203.909,18,358cd8ed-85ee-459f-be40-2b71dce17acf,1789774198.000,4,0
1789774203.909,18,3321a040-ae89-42db-bef9-53a3226772d4,1789774198.000,9,0
1789774203.909,18,a89b7d0e-21a7-4eb5-add2-aa8a95b0693b,1789774199.000,1,0
1789774203.909,18,e4931029-8489-40ac-8339-8026718fa99d,1789774199.000,19,0
1789774203.999,23,869cb47b-8c0e-4f5f-b0b7-6b470701e092,1789774201.000,17,0
1789774203.999,23,f85dfd8c-3f05-40bf-9ad8-94356340bd40,1789774201.000,22,0
1789774204.103,9,869cb47b-8c0e-4f5f-b0b7-6b470701e092,1789774201.000,17,0
1789774204.103,9,f85dfd8c-3f05-40bf-9ad8-94356340bd40,1789774201.000,22,0
1789774204.103,9,b097807f-035f-4a6b-9e48-e777d522f055,1789774202.000,23,0
1789774204.158,19,869cb47b-8c0e-4f5f-b0b7-6b470701e092,1789774201.000,17,0
1789774204.158,19,f85dfd8c-3f05-40bf-9ad8-94356340bd40,1789774201.000,22,0
1789774204.158,19,b097807f-035f-4a6b-9e48-e777d522f055,1789774202.000,23,0
1789774204.296,5,869cb47b-8c0e-4f5f-b0b7-6b470701e092,1789774201.000,17,0
1789774204.296,5,f85dfd8c-3f05-40bf-9ad8-94356340bd40,1789774201.000,22,0
1789774204.296,5,b097807f-035f-4a6b-9e48-e777d522f055,1789774202.000,23,0
1789774204.325,20,869cb47b-8c0e-4f5f-b0b7-6b470701e092,1789774201.000,17,0
1789774204.325,20,f85dfd8c-3f05-40bf-9ad8-94356340bd40,1789774201.000,22,0
1789774204.325,20,b097807f-035f-4a6b-9e48-e777d522f055,1789774202.000,23,0
1789774204.493,6,869cb47b-8c0e-4f5f-b0b7-6b470701e092,639345873857401.000,17,0
1789774204.493,11,869cb47b-8c0e-4f5f-b0b7-6b470701e092,,17,0
1789774204.493,6,f85dfd8c-3f05-40bf-9ad8-94356340bd40,1789774201.000,22,0
1789774204.493,11,f85dfd8c-3f05-40bf-9ad8-94356340bd40,1789774201.000,22,0
1789774204.493,6,b097807f-035f-4a6b-9e48-e777d522f055,1789774202.000,23,0
1789774204.493,11,b097807f-035f-4a6b-9e48-e777d522f055,1789774202.000,23,0
1789774204.580,21,869cb47b-8c0e-4f5f-b0b7-6b470701e092,1789774201.000,17,0
1789774204.580,21,f85dfd8c-3f05-40bf-9ad8-94356340bd40,1789774201.000,22,0
1789774204.580,21,b097807f-035f-4a6b-9e48-e777d522f055,1789774202.000,23,0
1789774204.743,22,869cb47b-8c0e-4f5f-b0b7-6b470701e092,2026337401.000,17,0
1789774204.743,12,869cb47b-8c0e-4f5f-b0b7-6b470701e092,,17,0
1789774204.743,22,b097807f-035f-4a6b-9e48-e777d522f055,1789774202.000,23,0
1789774204.743,12,f85dfd8c-3f05-40bf-9ad8-94356340bd40,1789774201.000,22,0
1789774204.743,12,b097807f-035f-4a6b-9e48-e777d522f055,1789774202.000,23,0
1789774205.166,14,869cb47b-8c0e-4f5f-b0b7-6b470701e092,1789774201.000,17,0
1789774205.166,14,f85dfd8c-3f05-40bf-9ad8-94356340bd40,1789774201.000,22,0
1789774205.166,14,b097807f-035f-4a6b-9e48-e777d522f055,1789774202.000,23,0
1789774205.223,24,869cb47b-8c0e-4f5f-b0b7-6b470701e092,1789774201.000,17,0
1789774205.223,24,f85dfd8c-3f05-40bf-9ad8-94356340bd40,1789774201.000,22,0
1789774205.223,24,b097807f-035f-4a6b-9e48-e777d522f055,1789774202.000,23,0
1789774205.301,10,869cb47b-8c0e-4f5f-b0b7-6b470701e092,1789774201.000,17,0
1789774205.301,10,f85dfd8c-3f05-40bf-9ad8-94356340bd40,1789774201.000,22,0
1789774205.301,10,b097807f-035f-4a6b-9e48-e777d522f055,1789774202.000,23,0
1789774205.489,1,869cb47b-8c0e-4f5f-b0b7-6b470701e092,1789774201.000,17,0
1789774205.489,1,f85dfd8c-3f05-40bf-9ad8-94356340bd40,1789774201.000,22,0
1789774205.489,1,b097807f-035f-4a6b-9e48-e777d522f055,1789774202.000,23,0
1789774205.589,16,869cb47b-8c0e-4f5f-b0b7-6b470701e092,1789774201.000,17,0
1789774205.589,16,f85dfd8c-3f05-40bf-9ad8-94356340bd40,1789774201.000,22,0
1789774205.589,16,b097807f-035f-4a6b-9e48-e777d522f055,1789774202.000,23,0
1789774205.700,2,869cb47b-8c0e-4f5f-b0b7-6b470701e092,1789774201.000,17,0
1789774205.700,2,f85dfd8c-3f05-40bf-9ad8-94356340bd40,1789774201.000,22,0
1789774205.700,2,b097807f-035f-4a6b-9e48-e777d522f055,1789774202.000,23,0
1789774205.753,17,f85dfd8c-3f05-40bf-9ad8-94356340bd40,1789774201.000,22,0
1789774205.753,17,b097807f-035f-4a6b-9e48-e777d522f055,1789774202.000,23,0
1789774205.912,13,869cb47b-8c0e-4f5f-b0b7-6b470701e092,1789774201.000,17,0
1789774205.912,3,869cb47b-8c0e-4f5f-b0b7-6b470701e092,1789774201.000,17,0
1789774205.912,13,f85dfd8c-3f05-40bf-9ad8-94356340bd40,1789774201.000,22,0
1789774205.912,3,f85dfd8c-3f05-40bf-9ad8-94356340bd40,1789774201.000,22,0
1789774205.912,13,b097807f-035f-4a6b-9e48-e777d522f055,1789774202.000,23,0
1789774205.912,3,b097807f-035f-4a6b-9e48-e777d522f055,1789774202.000,23,0
1789774206.115,4,869cb47b-8c0e-4f5f-b0b7-6b470701e092,1789774201.000,17,0
1789774206.115,4,f85dfd8c-3f05-40bf-9ad8-94356340bd40,1789774201.000,22,0
1789774206.115,4,b097807f-035f-4a6b-9e48-e777d522f055,1789774202.000,23,0
1789774206.302,0,869cb47b-8c0e-4f5f-b0b7-6b470701e092,1789774201.000,17,0
1789774206.302,0,f85dfd8c-3f05-40bf-9ad8-94356340bd40,1789774201.000,22,0
1789774206.302,0,b097807f-035f-4a6b-9e48-e777d522f055,1789774202.000,23,0
1789774206.314,15,869cb47b-8c0e-4f5f-b0b7-6b470701e092,1789774201.000,17,0
1789774206.314,15,f85dfd8c-3f05-40bf-9ad8-94356340bd40,1789774201.000,22,0
1789774206.314,15,b097807f-035f-4a6b-9e48-e777d522f055,1789774202.000,23,0
1789774206.598,21,133907a9-911c-475b-9cd5-09acf039ee20,1789774203.000,12,0
1789774206.598,21,f67ed25e-1729-40f8-89de-1d8526d6f079,1789774204.000,2,0
1789774206.598,21,45ea17fd-7735-4d9a-9b0d-92add67a8b0b,1789774204.000,18,0
1789774206.709,7,133907a9-911c-475b-9cd5-09acf039ee20,1789774203.000,12,0
1789774206.709,7,f67ed25e-1729-40f8-89de-1d8526d6f079,1789774204.000,2,0
1789774206.709,7,45ea17fd-7735-4d9a-9b0d-92add67a8b0b,1789774204.000,18,0
1789774206.761,22,133907a9-911c-475b-9cd5-09acf039ee20,1789774203.000,12,0
1789774206.761,22,f67ed25e-1729-40f8-89de-1d8526d6f079,1789774204.000,2,0
1789774206.761,22,45ea17fd-7735-4d9a-9b0d-92add67a8b0b,1789774204.000,18,0
1789774206.918,8,133907a9-911c-475b-9cd5-09acf039ee20,1789774203.000,12,0
1789774206.918,18,869cb47b-8c0e-4f5f-b0b7-6b470701e092,,17,0
1789774206.918,8,f67ed25e-1729-40f8-89de-1d8526d6f079,1789774204.000,2,0
1789774206.918,18,f85dfd8c-3f05-40bf-9ad8-94356340bd40,1789774201.000,22,0
1789774206.918,8,45ea17fd-7735-4d9a-9b0d-92add67a8b0b,1789774204.000,18,0
1789774206.918,18,b097807f-035f-4a6b-9e48-e777d522f055,1789774202.000,23,0
1789774207.019,23,133907a9-911c-475b-9cd5-09acf039ee20,1789774203.000,12,0
1789774207.019,23,f67ed25e-1729-40f8-89de-1d8526d6f079,1789774204.000,2,0
1789774207.019,23,45ea17fd-7735-4d9a-9b0d-92add67a8b0b,1789774204.000,18,0
1789774207.123,9,133907a9-911c-475b-9cd5-09acf039ee20,1789774203.000,12,0
1789774207.123,9,f67ed25e-1729-40f8-89de-1d8526d6f079,1789774204.000,2,0
1789774207.123,9,45ea17fd-7735-4d9a-9b0d-92add67a8b0b,1789774204.000,18,0
1789774207.179,19,133907a9-911c-475b-9cd5-09acf039ee20,1789774203.000,12,0
1789774207.179,19,f67ed25e-1729-40f8-89de-1d8526d6f079,1789774204.000,2,0
1789774207.179,19,45ea17fd-7735-4d9a-9b0d-92add67a8b0b,1789774204.000,18,0
1789774207.311,5,133907a9-911c-475b-9cd5-09acf039ee20,1789774203.000,12,0
1789774207.311,5,f67ed25e-1729-40f8-89de-1d8526d6f079,1789774204.000,2,0
1789774207.311,5,45ea17fd-7735-4d9a-9b0d-92add67a8b0b,1789774204.000,18,0
1789774207.337,20,133907a9-911c-475b-9cd5-09acf039ee20,1789774203.000,12,0
1789774207.337,20,f67ed25e-1729-40f8-89de-1d8526d6f079,1789774204.000,2,0
1789774207.337,20,45ea17fd-7735-4d9a-9b0d-92add67a8b0b,1789774204.000,18,0
1789774207.497,6,133907a9-911c-475b-9cd5-09acf039ee20,639346037853633.000,12,0
1789774207.497,6,f67ed25e-1729-40f8-89de-1d8526d6f079,1789774204.000,2,0
1789774207.497,11,133907a9-911c-475b-9cd5-09acf039ee20,639346037853633.000,12,0
1789774207.497,6,45ea17fd-7735-4d9a-9b0d-92add67a8b0b,1789774204.000,18,0
1789774207.497,11,f67ed25e-1729-40f8-89de-1d8526d6f079,1789774204.000,2,0
1789774207.497,11,45ea17fd-7735-4d9a-9b0d-92add67a8b0b,1789774204.000,18,0
1789774207.769,12,f67ed25e-1729-40f8-89de-1d8526d6f079,1789774204.000,2,0
1789774207.769,12,45ea17fd-7735-4d9a-9b0d-92add67a8b0b,1789774204.000,18,0
1789774208.184,14,133907a9-911c-475b-9cd5-09acf039ee20,1789774203.000,12,0
1789774208.184,14,f67ed25e-1729-40f8-89de-1d8526d6f079,1789774204.000,2,0
1789774208.184,14,45ea17fd-7735-4d9a-9b0d-92add67a8b0b,1789774204.000,18,0
1789774208.243,24,133907a9-911c-475b-9cd5-09acf039ee20,1789774203.000,12,0
1789774208.243,24,f67ed25e-1729-40f8-89de-1d8526d6f079,1789774204.000,2,0
1789774208.243,24,45ea17fd-7735-4d9a-9b0d-92add67a8b0b,1789774204.000,18,0
1789774208.312,10,133907a9-911c-475b-9cd5-09acf039ee20,1789774203.000,12,0
1789774208.312,10,f67ed25e-1729-40f8-89de-1d8526d6f079,1789774204.000,2,0
1789774208.312,10,45ea17fd-7735-4d9a-9b0d-92add67a8b0b,1789774204.000,18,0
1789774208.507,1,133907a9-911c-475b-9cd5-09acf039ee20,1789774203.000,12,0
1789774208.507,1,f67ed25e-1729-40f8-89de-1d8526d6f079,1789774204.000,2,0
1789774208.507,1,45ea17fd-7735-4d9a-9b0d-92add67a8b0b,1789774204.000,18,0
1789774208.604,16,133907a9-911c-475b-9cd5-09acf039ee20,1789774203.000,12,0
1789774208.604,16,f67ed25e-1729-40f8-89de-1d8526d6f079,1789774204.000,2,0
1789774208.604,16,45ea17fd-7735-4d9a-9b0d-92add67a8b0b,1789774204.000,18,0
1789774208.722,2,133907a9-911c-475b-9cd5-09acf039ee20,1789774203.000,12,0
1789774208.722,2,45ea17fd-7735-4d9a-9b0d-92add67a8b0b,1789774204.000,18,0
1789774208.773,17,133907a9-911c-475b-9cd5-09acf039ee20,1789774203.000,12,0
1789774208.773,17,f67ed25e-1729-40f8-89de-1d8526d6f079,1789774204.000,2,0
1789774208.773,17,45ea17fd-7735-4d9a-9b0d-92add67a8b0b,1789774204.000,18,0
1789774208.921,3,133907a9-911c-475b-9cd5-09acf039ee20,639345801094203.000,12,0
1789774208.921,13,133907a9-911c-475b-9cd5-09acf039ee20,,12,0
1789774208.921,13,f67ed25e-1729-40f8-89de-1d8526d6f079,1798065004.000,2,0
1789774208.921,3,f67ed25e-1729-40f8-89de-1d8526d6f079,,2,0
1789774208.921,13,45ea17fd-7735-4d9a-9b0d-92add67a8b0b,1789774204.000,18,0
1789774208.921,3,45ea17fd-7735-4d9a-9b0d-92add67a8b0b,1789774204.000,18,0
1789774209.135,4,133907a9-911c-475b-9cd5-09acf039ee20,1789774203.000,12,0
1789774209.135,4,f67ed25e-1729-40f8-89de-1d8526d6f079,1789774204.000,2,0
1789774209.135,4,45ea17fd-7735-4d9a-9b0d-92add67a8b0b,1789774204.000,18,0
1789774209.313,0,133907a9-911c-475b-9cd5-09acf039ee20,1789774203.000,12,0
1789774209.313,0,f67ed25e-1729-40f8-89de-1d8526d6f079,1789774204.000,2,0
1789774209.313,0,45ea17fd-7735-4d9a-9b0d-92add67a8b0b,1789774204.000,18,0
1789774209.318,15,133907a9-911c-475b-9cd5-09acf039ee20,1789774203.000,12,0
1789774209.318,15,f67ed25e-1729-40f8-89de-1d8526d6f079,1789774204.000,2,0
1789774209.318,15,45ea17fd-7735-4d9a-9b0d-92add67a8b0b,1789774204.000,18,0
1789774209.610,21,b2eb682e-20d1-43a9-9f35-a637e88c18e6,1789774208.000,13,0
1789774209.610,21,e86fdbbf-1ffb-4c65-983f-6b0baea7eb53,1789774208.000,3,0
1789774209.729,7,b2eb682e-20d1-43a9-9f35-a637e88c18e6,1789774208.000,13,0
1789774209.729,7,e86fdbbf-1ffb-4c65-983f-6b0baea7eb53,1789774208.000,3,0
1789774209.780,22,b2eb682e-20d1-43a9-9f35-a637e88c18e6,1789774208.000,13,0
1789774209.780,22,e86fdbbf-1ffb-4c65-983f-6b0baea7eb53,1789774208.000,3,0
1789774209.922,8,b2eb682e-20d1-43a9-9f35-a637e88c18e6,7343739008.000,13,0
1789774209.922,8,e86fdbbf-1ffb-4c65-983f-6b0baea7eb53,1789774208.000,3,0
1789774209.922,18,133907a9-911c-475b-9cd5-09acf039ee20,,12,0
1789774209.922,18,f67ed25e-1729-40f8-89de-1d8526d6f079,1789774204.000,2,0
1789774210.039,23,b2eb682e-20d1-43a9-9f35-a637e88c18e6,1789774208.000,13,0
1789774210.039,23,e86fdbbf-1ffb-4c65-983f-6b0baea7eb53,1789774208.000,3,0
1789774210.144,9,b2eb682e-20d1-43a9-9f35-a637e88c18e6,1789774208.000,13,0
1789774210.144,9,e86fdbbf-1ffb-4c65-983f-6b0baea7eb53,1789774208.000,3,0
1789774210.201,19,b2eb682e-20d1-43a9-9f35-a637e88c18e6,1789774208.000,13,0
1789774210.201,19,e86fdbbf-1ffb-4c65-983f-6b0baea7eb53,1789774208.000,3,0
1789774210.319,5,b2eb682e-20d1-43a9-9f35-a637e88c18e6,1789774208.000,13,0
1789774210.319,5,e86fdbbf-1ffb-4c65-983f-6b0baea7eb53,1789774208.000,3,0
1789774210.363,20,b2eb682e-20d1-43a9-9f35-a637e88c18e6,1789774208.000,13,0
1789774210.363,20,e86fdbbf-1ffb-4c65-983f-6b0baea7eb53,1789774208.000,3,0
1789774210.523,6,b2eb682e-20d1-43a9-9f35-a637e88c18e6,,13,0
1789774210.523,11,b2eb682e-20d1-43a9-9f35-a637e88c18e6,1789774208.000,13,0
1789774210.523,6,e86fdbbf-1ffb-4c65-983f-6b0baea7eb53,1789774208.000,3,0
1789774210.523,11,e86fdbbf-1ffb-4c65-983f-6b0baea7eb53,1789774208.000,3,0
1789774210.785,12,b2eb682e-20d1-43a9-9f35-a637e88c18e6,1789774208.000,13,0
1789774210.785,12,e86fdbbf-1ffb-4c65-983f-6b0baea7eb53,1789774208.000,3,0
1789774211.209,14,b2eb682e-20d1-43a9-9f35-a637e88c18e6,1789774208.000,13,0
1789774211.209,14,e86fdbbf-1ffb-4c65-983f-6b0baea7eb53,1789774208.000,3,0
1789774211.261,24,b2eb682e-20d1-43a9-9f35-a637e88c18e6,1789774208.000,13,0
1789774211.261,24,e86fdbbf-1ffb-4c65-983f-6b0baea7eb53,1789774208.000,3,0
1789774211.319,10,b2eb682e-20d1-43a9-9f35-a637e88c18e6,1789774208.000,13,0
1789774211.319,10,e86fdbbf-1ffb-4c65-983f-6b0baea7eb53,1789774208.000,3,0
1789774211.523,1,b2eb682e-20d1-43a9-9f35-a637e88c18e6,1789774208.000,13,0
1789774211.523,1,e86fdbbf-1ffb-4c65-983f-6b0baea7eb53,1789774208.000,3,0
1789774211.620,16,b2eb682e-20d1-43a9-9f35-a637e88c18e6,1789774208.000,13,0
1789774211.620,16,e86fdbbf-1ffb-4c65-983f-6b0baea7eb53,1789774208.000,3,0
1789774211.739,2,b2eb682e-20d1-43a9-9f35-a637e88c18e6,1789774208.000,13,0
1789774211.739,2,e86fdbbf-1ffb-4c65-983f-6b0baea7eb53,1789774208.000,3,0
1789774211.789,17,b2eb682e-20d1-43a9-9f35-a637e88c18e6,1789774208.000,13,0
1789774211.789,17,e86fdbbf-1ffb-4c65-983f-6b0baea7eb53,1789774208.000,3,0
1789774211.927,13,e86fdbbf-1ffb-4c65-983f-6b0baea7eb53,,3,0
1789774211.927,3,b2eb682e-20d1-43a9-9f35-a637e88c18e6,,13,0
1789774212.148,4,b2eb682e-20d1-43a9-9f35-a637e88c18e6,1789774208.000,13,0
1789774212.148,4,e86fdbbf-1ffb-4c65-983f-6b0baea7eb53,1789774208.000,3,0
1789774212.321,15,b2eb682e-20d1-43a9-9f35-a637e88c18e6,,13,0
1789774212.321,0,b2eb682e-20d1-43a9-9f35-a637e88c18e6,,13,0
1789774212.321,15,e86fdbbf-1ffb-4c65-983f-6b0baea7eb53,1789774208.000,3,0
1789774212.321,0,e86fdbbf-1ffb-4c65-983f-6b0baea7eb53,1789774208.000,3,0
1789774212.627,21,827be114-ed74-478c-8d8b-4c6197dd2dfc,1789774212.000,15,0
1789774212.740,7,3624428d-e546-405c-9005-664743a56511,1789774209.000,21,0
1789774212.740,7,827be114-ed74-478c-8d8b-4c6197dd2dfc,1789774212.000,15,0
1789774212.793,22,3624428d-e546-405c-9005-664743a56511,1789774209.000,21,0
1789774212.793,22,827be114-ed74-478c-8d8b-4c6197dd2dfc,1789774212.000,15,0
1789774212.931,8,3624428d-e546-405c-9005-664743a56511,1789774209.000,21,0
1789774212.931,8,827be114-ed74-478c-8d8b-4c6197dd2dfc,1789774212.000,15,0
1789774212.931,18,b2eb682e-20d1-43a9-9f35-a637e88c18e6,1789774208.000,13,0
1789774212.931,18,e86fdbbf-1ffb-4c65-983f-6b0baea7eb53,1789774208.000,3,0
1789774213.045,23,3624428d-e546-405c-9005-664743a56511,1789774209.000,21,0
1789774213.045,23,827be114-ed74-478c-8d8b-4c6197dd2dfc,1789774212.000,15,0
1789774213.158,9,3624428d-e546-405c-9005-664743a56511,1789774209.000,21,0
1789774213.158,9,827be114-ed74-478c-8d8b-4c6197dd2dfc,1789774212.000,15,0
1789774213.222,19,3624428d-e546-405c-9005-664743a56511,1789774209.000,21,0
1789774213.222,19,827be114-ed74-478c-8d8b-4c6197dd2dfc,1789774212.000,15,0
1789774213.321,5,3624428d-e546-405c-9005-664743a56511,1789774209.000,21,0
1789774213.321,5,827be114-ed74-478c-8d8b-4c6197dd2dfc,1789774212.000,15,0
1789774213.391,20,3624428d-e546-405c-9005-664743a56511,1789774209.000,21,0
1789774213.391,20,827be114-ed74-478c-8d8b-4c6197dd2dfc,1789774212.000,15,0
1789774213.534,11,3624428d-e546-405c-9005-664743a56511,1789774209.000,21,0
1789774213.534,6,3624428d-e546-405c-9005-664743a56511,1789774209.000,21,0
1789774213.534,11,827be114-ed74-478c-8d8b-4c6197dd2dfc,1789774212.000,15,0
1789774213.534,6,827be114-ed74-478c-8d8b-4c6197dd2dfc,1789774212.000,15,0
1789774213.795,12,3624428d-e546-405c-9005-664743a56511,1789774209.000,21,0
1789774213.795,12,827be114-ed74-478c-8d8b-4c6197dd2dfc,1789774212.000,15,0
1789774214.231,14,3624428d-e546-405c-9005-664743a56511,1789774209.000,21,0
1789774214.231,14,827be114-ed74-478c-8d8b-4c6197dd2dfc,1789774212.000,15,0
1789774214.278,24,3624428d-e546-405c-9005-664743a56511,1789774209.000,21,0
1789774214.278,24,827be114-ed74-478c-8d8b-4c6197dd2dfc,1789774212.000,15,0
1789774214.326,10,3624428d-e546-405c-9005-664743a56511,1789774209.000,21,0
1789774214.326,10,827be114-ed74-478c-8d8b-4c6197dd2dfc,1789774212.000,15,0
1789774214.536,1,3624428d-e546-405c-9005-664743a56511,1789774209.000,21,0
1789774214.536,1,827be114-ed74-478c-8d8b-4c6197dd2dfc,1789774212.000,15,0
1789774214.641,16,3624428d-e546-405c-9005-664743a56511,1789774209.000,21,0
1789774214.641,16,827be114-ed74-478c-8d8b-4c6197dd2dfc,1789774212.000,15,0
1789774214.757,2,3624428d-e546-405c-9005-664743a56511,1789774209.000,21,0
1789774214.757,2,827be114-ed74-478c-8d8b-4c6197dd2dfc,1789774212.000,15,0
1789774214.795,17,3624428d-e546-405c-9005-664743a56511,1789774209.000,21,0
1789774214.795,17,827be114-ed74-478c-8d8b-4c6197dd2dfc,1789774212.000,15,0
1789774214.935,13,3624428d-e546-405c-9005-664743a56511,1789774209.000,21,0
1789774214.935,3,3624428d-e546-405c-9005-664743a56511,,21,0
1789774214.935,3,827be114-ed74-478c-8d8b-4c6197dd2dfc,1789774212.000,15,0
1789774214.935,13,827be114-ed74-478c-8d8b-4c6197dd2dfc,1789774212.000,15,0
1789774215.171,4,3624428d-e546-405c-9005-664743a56511,1789774209.000,21,0
1789774215.171,4,827be114-ed74-478c-8d8b-4c6197dd2dfc,1789774212.000,15,0
1789774215.328,0,3624428d-e546-405c-9005-664743a56511,1789774209.000,21,0
1789774215.327,15,3624428d-e546-405c-9005-664743a56511,1789774209.000,21,0
1789774215.328,0,827be114-ed74-478c-8d8b-4c6197dd2dfc,1789774212.000,15,0
1789774215.541,6,f1444025-fca4-4234-bf82-cfb4ba7bc907,1789774213.000,0,0
1789774215.541,6,d6b247dc-bfa2-45bc-8063-03a573c2d164,1789774214.000,16,0
1789774215.647,21,f1444025-fca4-4234-bf82-cfb4ba7bc907,1789774213.000,0,0
1789774215.647,21,d6b247dc-bfa2-45bc-8063-03a573c2d164,1789774214.000,16,0
1789774215.758,7,f1444025-fca4-4234-bf82-cfb4ba7bc907,1789774213.000,0,0
1789774215.758,7,d6b247dc-bfa2-45bc-8063-03a573c2d164,1789774214.000,16,0
1789774215.804,22,f1444025-fca4-4234-bf82-cfb4ba7bc907,1789774213.000,0,0
1789774215.804,22,d6b247dc-bfa2-45bc-8063-03a573c2d164,1789774214.000,16,0
1789774215.939,8,f1444025-fca4-4234-bf82-cfb4ba7bc907,2026337413.000,0,0
1789774215.939,18,3624428d-e546-405c-9005-664743a56511,,21,0
1789774215.939,8,d6b247dc-bfa2-45bc-8063-03a573c2d164,1789774214.000,16,0
1789774215.939,18,827be114-ed74-478c-8d8b-4c6197dd2dfc,1789774212.000,15,0
1789774216.060,23,f1444025-fca4-4234-bf82-cfb4ba7bc907,1789774213.000,0,0
1789774216.060,23,d6b247dc-bfa2-45bc-8063-03a573c2d164,1789774214.000,16,0
1789774216.180,9,f1444025-fca4-4234-bf82-cfb4ba7bc907,1789774213.000,0,0
1789774216.180,9,d6b247dc-bfa2-45bc-8063-03a573c2d164,1789774214.000,16,0
1789774216.243,19,f1444025-fca4-4234-bf82-cfb4ba7bc907,1789774213.000,0,0
1789774216.243,19,d6b247dc-bfa2-45bc-8063-03a573c2d164,1789774214.000,16,0
1789774216.328,5,f1444025-fca4-4234-bf82-cfb4ba7bc907,1789774213.000,0,0
1789774216.328,5,d6b247dc-bfa2-45bc-8063-03a573c2d164,1789774214.000,16,0
1789774216.407,20,f1444025-fca4-4234-bf82-cfb4ba7bc907,1789774213.000,0,0
1789774216.407,20,d6b247dc-bfa2-45bc-8063-03a573c2d164,1789774214.000,16,0
1789774216.546,11,f1444025-fca4-4234-bf82-cfb4ba7bc907,1789774213.000,0,0
1789774216.546,11,d6b247dc-bfa2-45bc-8063-03a573c2d164,1789774214.000,16,0
1789774216.810,12,f1444025-fca4-4234-bf82-cfb4ba7bc907,1789774213.000,0,0
1789774216.810,12,d6b247dc-bfa2-45bc-8063-03a573c2d164,1789774214.000,16,0
1789774217.253,14,f1444025-fca4-4234-bf82-cfb4ba7bc907,1789774213.000,0,0
1789774217.253,14,d6b247dc-bfa2-45bc-8063-03a573c2d164,1789774214.000,16,0
1789774217.293,24,f1444025-fca4-4234-bf82-cfb4ba7bc907,1789774213.000,0,0
1789774217.293,24,d6b247dc-bfa2-45bc-8063-03a573c2d164,1789774214.000,16,0
1789774217.329,10,f1444025-fca4-4234-bf82-cfb4ba7bc907,1789774213.000,0,0
1789774217.329,10,d6b247dc-bfa2-45bc-8063-03a573c2d164,1789774214.000,16,0
1789774217.549,1,f1444025-fca4-4234-bf82-cfb4ba7bc907,1789774213.000,0,0
1789774217.549,1,d6b247dc-bfa2-45bc-8063-03a573c2d164,1789774214.000,16,0
1789774217.661,16,f1444025-fca4-4234-bf82-cfb4ba7bc907,1789774213.000,0,0
1789774217.771,2,f1444025-fca4-4234-bf82-cfb4ba7bc907,1789774213.000,0,0
1789774217.771,2,d6b247dc-bfa2-45bc-8063-03a573c2d164,1789774214.000,16,0
1789774217.814,17,f1444025-fca4-4234-bf82-cfb4ba7bc907,1789774213.000,0,0
1789774217.814,17,d6b247dc-bfa2-45bc-8063-03a573c2d164,1789774214.000,16,0
1789774217.941,13,f1444025-fca4-4234-bf82-cfb4ba7bc907,1789774213.000,0,0
1789774217.941,13,d6b247dc-bfa2-45bc-8063-03a573c2d164,1789774214.000,16,0
1789774217.941,3,f1444025-fca4-4234-bf82-cfb4ba7bc907,1789774213.000,0,0
1789774217.941,3,d6b247dc-bfa2-45bc-8063-03a573c2d164,1789774214.000,16,0
1789774218.188,4,f1444025-fca4-4234-bf82-cfb4ba7bc907,1789774213.000,0,0
1789774218.188,4,d6b247dc-bfa2-45bc-8063-03a573c2d164,1789774214.000,16,0
1789774218.331,15,f1444025-fca4-4234-bf82-cfb4ba7bc907,-61860760187.000,0,0
1789774218.331,15,d6b247dc-bfa2-45bc-8063-03a573c2d164,1789774214.000,16,0
1789774218.331,0,d6b247dc-bfa2-45bc-8063-03a573c2d164,,16,0
1789774218.671,21,c6a546ee-7a43-4355-8b27-ba7ce18a1f5c,1789774216.000,14,0
1789774218.671,21,af40f0f7-77de-4301-b9ed-04fd30aa071b,1789774216.000,10,0
1789774218.772,7,c6a546ee-7a43-4355-8b27-ba7ce18a1f5c,1789774216.000,14,0
1789774218.772,7,af40f0f7-77de-4301-b9ed-04fd30aa071b,1789774216.000,10,0
1789774218.823,22,c6a546ee-7a43-4355-8b27-ba7ce18a1f5c,1789774216.000,14,0
1789774218.823,22,af40f0f7-77de-4301-b9ed-04fd30aa071b,1789774216.000,10,0
1789774218.943,18,f1444025-fca4-4234-bf82-cfb4ba7bc907,1789774213.000,0,0
1789774218.943,18,d6b247dc-bfa2-45bc-8063-03a573c2d164,1789774214.000,16,0
1789774218.943,8,c6a546ee-7a43-4355-8b27-ba7ce18a1f5c,1789774213.000,14,0
1789774218.943,8,af40f0f7-77de-4301-b9ed-04fd30aa071b,1789774216.000,10,0
1789774219.072,23,c6a546ee-7a43-4355-8b27-ba7ce18a1f5c,1789774216.000,14,0
1789774219.072,23,af40f0f7-77de-4301-b9ed-04fd30aa071b,1789774216.000,10,0
1789774219.194,9,c6a546ee-7a43-4355-8b27-ba7ce18a1f5c,1789774216.000,14,0
1789774219.194,9,af40f0f7-77de-4301-b9ed-04fd30aa071b,1789774216.000,10,0
1789774219.271,19,c6a546ee-7a43-4355-8b27-ba7ce18a1f5c,1789774216.000,14,0
1789774219.271,19,af40f0f7-77de-4301-b9ed-04fd30aa071b,1789774216.000,10,0
1789774219.304,24,c6a546ee-7a43-4355-8b27-ba7ce18a1f5c,1789774216.000,14,0
1789774219.304,24,af40f0f7-77de-4301-b9ed-04fd30aa071b,1789774216.000,10,0
1789774219.335,5,c6a546ee-7a43-4355-8b27-ba7ce18a1f5c,1789774216.000,14,0
1789774219.335,5,af40f0f7-77de-4301-b9ed-04fd30aa071b,1789774216.000,10,0
1789774219.423,20,c6a546ee-7a43-4355-8b27-ba7ce18a1f5c,1789774216.000,14,0
1789774219.423,20,af40f0f7-77de-4301-b9ed-04fd30aa071b,1789774216.000,10,0
1789774219.557,6,c6a546ee-7a43-4355-8b27-ba7ce18a1f5c,1789774216.000,14,0
1789774219.557,6,af40f0f7-77de-4301-b9ed-04fd30aa071b,1789774216.000,10,0
1789774219.557,11,c6a546ee-7a43-4355-8b27-ba7ce18a1f5c,1789774216.000,14,0
1789774219.557,11,af40f0f7-77de-4301-b9ed-04fd30aa071b,1789774216.000,10,0
1789774219.828,12,c6a546ee-7a43-4355-8b27-ba7ce18a1f5c,1789774216.000,14,0
1789774219.828,12,af40f0f7-77de-4301-b9ed-04fd30aa071b,1789774216.000,10,0
1789774220.272,14,af40f0f7-77de-4301-b9ed-04fd30aa071b,1789774216.000,10,0
1789774220.336,10,c6a546ee-7a43-4355-8b27-ba7ce18a1f5c,1789774216.000,14,0
1789774220.560,1,c6a546ee-7a43-4355-8b27-ba7ce18a1f5c,1789774216.000,14,0
1789774220.560,1,af40f0f7-77de-4301-b9ed-04fd30aa071b,1789774216.000,10,0
1789774220.681,16,c6a546ee-7a43-4355-8b27-ba7ce18a1f5c,1789774216.000,14,0
1789774220.681,16,af40f0f7-77de-4301-b9ed-04fd30aa071b,1789774216.000,10,0
1789774220.786,2,c6a546ee-7a43-4355-8b27-ba7ce18a1f5c,1789774216.000,14,0
1789774220.786,2,af40f0f7-77de-4301-b9ed-04fd30aa071b,1789774216.000,10,0
1789774220.835,17,c6a546ee-7a43-4355-8b27-ba7ce18a1f5c,1789774216.000,14,0
1789774220.835,17,af40f0f7-77de-4301-b9ed-04fd30aa071b,1789774216.000,10,0
1789774220.948,3,c6a546ee-7a43-4355-8b27-ba7ce18a1f5c,1789774216.000,14,0
1789774220.948,13,c6a546ee-7a43-4355-8b27-ba7ce18a1f5c,1789774216.000,14,0
1789774220.948,3,af40f0f7-77de-4301-b9ed-04fd30aa071b,1789774216.000,10,0
1789774220.948,13,af40f0f7-77de-4301-b9ed-04fd30aa071b,1789774216.000,10,0
1789774221.197,4,c6a546ee-7a43-4355-8b27-ba7ce18a1f5c,1789774216.000,14,0
1789774221.197,4,af40f0f7-77de-4301-b9ed-04fd30aa071b,1789774216.000,10,0
1789774221.338,15,c6a546ee-7a43-4355-8b27-ba7ce18a1f5c,1789774216.000,14,0
1789774221.338,0,c6a546ee-7a43-4355-8b27-ba7ce18a1f5c,,14,0
1789774221.338,15,af40f0f7-77de-4301-b9ed-04fd30aa071b,1789774216.000,10,0
1789774221.338,0,af40f0f7-77de-4301-b9ed-04fd30aa071b,1789774216.000,10,0
1789774221.691,21,bf49cd93-08f5-4cdc-9795-78db8a682774,1789774219.000,8,0
1789774221.796,7,bf49cd93-08f5-4cdc-9795-78db8a682774,1789774219.000,8,0
1789774221.843,22,bf49cd93-08f5-4cdc-9795-78db8a682774,1789774219.000,8,0
1789774221.948,18,c6a546ee-7a43-4355-8b27-ba7ce18a1f5c,1789774216.000,14,0
1789774221.948,18,af40f0f7-77de-4301-b9ed-04fd30aa071b,1789774216.000,10,0
1789774222.086,23,bf49cd93-08f5-4cdc-9795-78db8a682774,1789774219.000,8,0
1789774222.207,9,bf49cd93-08f5-4cdc-9795-78db8a682774,1789774219.000,8,0
1789774222.280,19,bf49cd93-08f5-4cdc-9795-78db8a682774,1789774219.000,8,0
1789774222.315,24,bf49cd93-08f5-4cdc-9795-78db8a682774,1789774219.000,8,0
1789774222.344,5,bf49cd93-08f5-4cdc-9795-78db8a682774,1789774219.000,8,0
1789774222.439,20,bf49cd93-08f5-4cdc-9795-78db8a682774,1789774219.000,8,0
1789774222.567,6,bf49cd93-08f5-4cdc-9795-78db8a682774,1789774219.000,8,0
1789774222.567,11,bf49cd93-08f5-4cdc-9795-78db8a682774,,8,0
1789774222.845,12,bf49cd93-08f5-4cdc-9795-78db8a682774,1789774219.000,8,0
1789774223.287,14,bf49cd93-08f5-4cdc-9795-78db8a682774,1789774219.000,8,0
1789774223.344,10,bf49cd93-08f5-4cdc-9795-78db8a682774,1789774219.000,8,0
1789774223.569,1,bf49cd93-08f5-4cdc-9795-78db8a682774,1789774219.000,8,0
1789774223.710,16,bf49cd93-08f5-4cdc-9795-78db8a682774,1789774219.000,8,0
1789774223.803,2,bf49cd93-08f5-4cdc-9795-78db8a682774,1789774219.000,8,0
1789774223.854,17,bf49cd93-08f5-4cdc-9795-78db8a682774,1789774219.000,8,0
1789774223.955,13,bf49cd93-08f5-4cdc-9795-78db8a682774,1789774219.000,8,0
1789774223.955,3,bf49cd93-08f5-4cdc-9795-78db8a682774,1789774219.000,8,0
1789774224.222,4,bf49cd93-08f5-4cdc-9795-78db8a682774,1789774219.000,8,0
1789774224.352,15,bf49cd93-08f5-4cdc-9795-78db8a682774,1789774219.000,8,0
1789774224.352,0,bf49cd93-08f5-4cdc-9795-78db8a682774,1789774219.000,8,0
1789774224.717,21,0b4f3206-3e48-40dd-8fce-29f90eb4733b,1789774221.000,5,0
1789774224.717,21,2a903acd-5e58-44ff-a2cc-1c7b376d4ab1,1789774221.000,7,0
1789774224.717,21,c6351783-9fcb-4c6f-96bf-0f7b38590b24,1789774223.000,6,0
1789774224.811,7,0b4f3206-3e48-40dd-8fce-29f90eb4733b,1789774221.000,5,0
1789774224.811,7,c6351783-9fcb-4c6f-96bf-0f7b38590b24,1789774223.000,6,0
1789774224.863,22,0b4f3206-3e48-40dd-8fce-29f90eb4733b,1789774221.000,5,0
1789774224.863,22,2a903acd-5e58-44ff-a2cc-1c7b376d4ab1,1789774221.000,7,0
1789774224.863,22,c6351783-9fcb-4c6f-96bf-0f7b38590b24,1789774223.000,6,0
1789774224.964,18,bf49cd93-08f5-4cdc-9795-78db8a682774,1789774219.000,8,0
1789774224.964,8,0b4f3206-3e48-40dd-8fce-29f90eb4733b,1789774219.000,5,0
1789774224.964,8,2a903acd-5e58-44ff-a2cc-1c7b376d4ab1,1789774221.000,7,0
1789774224.964,8,c6351783-9fcb-4c6f-96bf-0f7b38590b24,1789774223.000,6,0
1789774225.103,23,0b4f3206-3e48-40dd-8fce-29f90eb4733b,1789774221.000,5,0
1789774225.103,23,2a903acd-5e58-44ff-a2cc-1c7b376d4ab1,1789774221.000,7,0
1789774225.103,23,c6351783-9fcb-4c6f-96bf-0f7b38590b24,1789774223.000,6,0
1789774225.225,9,0b4f3206-3e48-40dd-8fce-29f90eb4733b,1789774221.000,5,0
1789774225.225,9,2a903acd-5e58-44ff-a2cc-1c7b376d4ab1,1789774221.000,7,0
1789774225.225,9,c6351783-9fcb-4c6f-96bf-0f7b38590b24,1789774223.000,6,0
1789774225.298,19,0b4f3206-3e48-40dd-8fce-29f90eb4733b,1789774221.000,5,0
1789774225.298,19,2a903acd-5e58-44ff-a2cc-1c7b376d4ab1,1789774221.000,7,0
1789774225.298,19,c6351783-9fcb-4c6f-96bf-0f7b38590b24,1789774223.000,6,0
1789774225.332,24,0b4f3206-3e48-40dd-8fce-29f90eb4733b,1789774221.000,5,0
1789774225.332,24,2a903acd-5e58-44ff-a2cc-1c7b376d4ab1,1789774221.000,7,0
1789774225.332,24,c6351783-9fcb-4c6f-96bf-0f7b38590b24,1789774223.000,6,0
1789774225.353,5,2a903acd-5e58-44ff-a2cc-1c7b376d4ab1,1789774221.000,7,0
1789774225.353,5,c6351783-9fcb-4c6f-96bf-0f7b38590b24,1789774223.000,6,0
1789774225.453,20,0b4f3206-3e48-40dd-8fce-29f90eb4733b,1789774221.000,5,0
1789774225.453,20,2a903acd-5e58-44ff-a2cc-1c7b376d4ab1,1789774221.000,7,0
1789774225.453,20,c6351783-9fcb-4c6f-96bf-0f7b38590b24,1789774223.000,6,0
1789774225.570,11,0b4f3206-3e48-40dd-8fce-29f90eb4733b,-61363785279.000,5,0
1789774225.570,11,2a903acd-5e58-44ff-a2cc-1c7b376d4ab1,1789774221.000,7,0
1789774225.570,11,c6351783-9fcb-4c6f-96bf-0f7b38590b24,1789774223.000,6,0
1789774225.570,6,0b4f3206-3e48-40dd-8fce-29f90eb4733b,-61363785279.000,5,0
1789774225.570,6,2a903acd-5e58-44ff-a2cc-1c7b376d4ab1,1789774221.000,7,0
1789774225.867,12,0b4f3206-3e48-40dd-8fce-29f90eb4733b,1789774221.000,5,0
1789774225.867,12,2a903acd-5e58-44ff-a2cc-1c7b376d4ab1,1789774221.000,7,0
1789774225.867,12,c6351783-9fcb-4c6f-96bf-0f7b38590b24,1789774223.000,6,0
1789774226.302,14,0b4f3206-3e48-40dd-8fce-29f90eb4733b,1789774221.000,5,0
1789774226.302,14,2a903acd-5e58-44ff-a2cc-1c7b376d4ab1,1789774221.000,7,0
1789774226.302,14,c6351783-9fcb-4c6f-96bf-0f7b38590b24,1789774223.000,6,0
1789774226.360,0,0b4f3206-3e48-40dd-8fce-29f90eb4733b,-61805637519.000,5,0
1789774226.360,0,2a903acd-5e58-44ff-a2cc-1c7b376d4ab1,1789774221.000,7,0
1789774226.360,0,c6351783-9fcb-4c6f-96bf-0f7b38590b24,1789774223.000,6,0
1789774226.360,15,0b4f3206-3e48-40dd-8fce-29f90eb4733b,,5,0
1789774226.360,15,2a903acd-5e58-44ff-a2cc-1c7b376d4ab1,1789774221.000,7,0
1789774226.360,15,c6351783-9fcb-4c6f-96bf-0f7b38590b24,1789774223.000,6,0
1789774226.360,10,0b4f3206-3e48-40dd-8fce-29f90eb4733b,-61805637519.000,5,0
1789774226.360,10,2a903acd-5e58-44ff-a2cc-1c7b376d4ab1,1789774221.000,7,0
1789774226.360,10,c6351783-9fcb-4c6f-96bf-0f7b38590b24,1789774223.000,6,0
1789774226.574,1,0b4f3206-3e48-40dd-8fce-29f90eb4733b,1789774221.000,5,0
1789774226.574,1,2a903acd-5e58-44ff-a2cc-1c7b376d4ab1,1789774221.000,7,0
1789774226.574,1,c6351783-9fcb-4c6f-96bf-0f7b38590b24,1789774223.000,6,0
1789774226.726,16,0b4f3206-3e48-40dd-8fce-29f90eb4733b,1789774221.000,5,0
1789774226.726,16,2a903acd-5e58-44ff-a2cc-1c7b376d4ab1,1789774221.000,7,0
1789774226.726,16,c6351783-9fcb-4c6f-96bf-0f7b38590b24,1789774223.000,6,0
1789774226.830,2,0b4f3206-3e48-40dd-8fce-29f90eb4733b,1789774221.000,5,0
1789774226.830,2,2a903acd-5e58-44ff-a2cc-1c7b376d4ab1,1789774221.000,7,0
1789774226.830,2,c6351783-9fcb-4c6f-96bf-0f7b38590b24,1789774223.000,6,0
1789774226.872,17,0b4f3206-3e48-40dd-8fce-29f90eb4733b,1789774221.000,5,0
1789774226.872,17,2a903acd-5e58-44ff-a2cc-1c7b376d4ab1,1789774221.000,7,0
1789774226.872,17,c6351783-9fcb-4c6f-96bf-0f7b38590b24,1789774223.000,6,0
1789774226.969,13,0b4f3206-3e48-40dd-8fce-29f90eb4733b,-61837022319.000,5,0
1789774226.969,13,2a903acd-5e58-44ff-a2cc-1c7b376d4ab1,1789774221.000,7,0
1789774226.969,13,c6351783-9fcb-4c6f-96bf-0f7b38590b24,1789774223.000,6,0
1789774226.969,3,0b4f3206-3e48-40dd-8fce-29f90eb4733b,-61837022319.000,5,0
1789774226.969,3,2a903acd-5e58-44ff-a2cc-1c7b376d4ab1,1789774221.000,7,0
1789774226.969,3,c6351783-9fcb-4c6f-96bf-0f7b38590b24,1789774223.000,6,0
1789774227.234,4,0b4f3206-3e48-40dd-8fce-29f90eb4733b,1789774221.000,5,0
1789774227.234,4,2a903acd-5e58-44ff-a2cc-1c7b376d4ab1,1789774221.000,7,0
1789774227.234,4,c6351783-9fcb-4c6f-96bf-0f7b38590b24,1789774223.000,6,0
1789774227.730,21,4d503316-d64a-46a7-9c51-561f347f5936,1789774225.000,24,0
1789774227.730,21,05f192b2-1534-448f-a751-e5f9bbb15ed8,1789774225.000,20,0
1789774227.837,7,4d503316-d64a-46a7-9c51-561f347f5936,1789774225.000,24,0
1789774227.837,7,05f192b2-1534-448f-a751-e5f9bbb15ed8,1789774225.000,20,0
1789774227.882,22,4d503316-d64a-46a7-9c51-561f347f5936,1789774225.000,24,0
1789774227.882,22,05f192b2-1534-448f-a751-e5f9bbb15ed8,1789774225.000,20,0
1789774227.976,18,0b4f3206-3e48-40dd-8fce-29f90eb4733b,,5,0
1789774227.976,8,4d503316-d64a-46a7-9c51-561f347f5936,-61837173390.000,24,0
1789774227.976,8,05f192b2-1534-448f-a751-e5f9bbb15ed8,1789774225.000,20,0
1789774227.976,18,2a903acd-5e58-44ff-a2cc-1c7b376d4ab1,1789774221.000,7,0
1789774227.976,18,c6351783-9fcb-4c6f-96bf-0f7b38590b24,1789774223.000,6,0
1789774228.123,23,4d503316-d64a-46a7-9c51-561f347f5936,1789774225.000,24,0
1789774228.123,23,05f192b2-1534-448f-a751-e5f9bbb15ed8,1789774225.000,20,0
1789774228.243,9,4d503316-d64a-46a7-9c51-561f347f5936,1789774225.000,24,0
1789774228.243,9,05f192b2-1534-448f-a751-e5f9bbb15ed8,1789774225.000,20,0
1789774228.311,19,4d503316-d64a-46a7-9c51-561f347f5936,1789774225.000,24,0
1789774228.311,19,05f192b2-1534-448f-a751-e5f9bbb15ed8,1789774225.000,20,0
1789774228.343,24,05f192b2-1534-448f-a751-e5f9bbb15ed8,1789774225.000,20,0
1789774228.376,5,4d503316-d64a-46a7-9c51-561f347f5936,969319825.000,24,0
1789774228.376,5,05f192b2-1534-448f-a751-e5f9bbb15ed8,1789774225.000,20,0
1789774228.376,10,4d503316-d64a-46a7-9c51-561f347f5936,,24,0
1789774228.376,10,05f192b2-1534-448f-a751-e5f9bbb15ed8,1789774225.000,20,0
1789774228.466,20,4d503316-d64a-46a7-9c51-561f347f5936,1789774225.000,24,0
1789774228.578,6,4d503316-d64a-46a7-9c51-561f347f5936,1789774225.000,24,0
1789774228.578,6,05f192b2-1534-448f-a751-e5f9bbb15ed8,1789774225.000,20,0
1789774228.578,11,4d503316-d64a-46a7-9c51-561f347f5936,-62144756975.000,24,0
1789774228.578,11,05f192b2-1534-448f-a751-e5f9bbb15ed8,1789774225.000,20,0
1789774228.891,12,4d503316-d64a-46a7-9c51-561f347f5936,1789774225.000,24,0
1789774228.891,12,05f192b2-1534-448f-a751-e5f9bbb15ed8,1789774225.000,20,0
1789774228.981,13,4d503316-d64a-46a7-9c51-561f347f5936,1789774225.000,24,0
1789774228.981,13,05f192b2-1534-448f-a751-e5f9bbb15ed8,1789774225.000,20,0
1789774229.319,14,4d503316-d64a-46a7-9c51-561f347f5936,1789774225.000,24,0
1789774229.319,14,05f192b2-1534-448f-a751-e5f9bbb15ed8,1789774225.000,20,0
1789774229.385,0,4d503316-d64a-46a7-9c51-561f347f5936,1789773925.000,24,0
1789774229.385,0,05f192b2-1534-448f-a751-e5f9bbb15ed8,1789774225.000,20,0
1789774229.385,15,4d503316-d64a-46a7-9c51-561f347f5936,1789773925.000,24,0
1789774229.385,15,05f192b2-1534-448f-a751-e5f9bbb15ed8,1789774225.000,20,0
1789774229.582,1,4d503316-d64a-46a7-9c51-561f347f5936,1789774225.000,24,0
1789774229.582,1,05f192b2-1534-448f-a751-e5f9bbb15ed8,1789774225.000,20,0
1789774229.740,16,4d503316-d64a-46a7-9c51-561f347f5936,1789774225.000,24,0
1789774229.740,16,05f192b2-1534-448f-a751-e5f9bbb15ed8,1789774225.000,20,0
1789774229.848,2,4d503316-d64a-46a7-9c51-561f347f5936,1789774225.000,24,0
1789774229.848,2,05f192b2-1534-448f-a751-e5f9bbb15ed8,1789774225.000,20,0
1789774229.893,17,4d503316-d64a-46a7-9c51-561f347f5936,1789774225.000,24,0
1789774229.893,17,05f192b2-1534-448f-a751-e5f9bbb15ed8,1789774225.000,20,0
1789774229.982,3,4d503316-d64a-46a7-9c51-561f347f5936,1789774225.000,24,0
1789774229.982,3,05f192b2-1534-448f-a751-e5f9bbb15ed8,1789774225.000,20,0
1789774230.264,4,4d503316-d64a-46a7-9c51-561f347f5936,1789774225.000,24,0
1789774230.264,4,05f192b2-1534-448f-a751-e5f9bbb15ed8,1789774225.000,20,0
1789774230.742,21,47786221-db0b-47ee-9615-8d6e087a3bbe,1789774227.000,11,0
1789774230.742,21,f641cfca-9bab-47dc-95e4-fe5668332aaf,1789774228.000,4,0
1789774230.742,21,c6737d81-8097-4d76-9ef1-341e266faed1,1789774228.000,9,0
1789774230.742,21,5a3178cd-c2e0-43d6-9cec-7ede0e245318,1789774229.000,1,0
1789774230.742,21,f7549c23-561f-4096-92b7-9a7e00942038,1789774229.000,19,0
1789774230.854,7,47786221-db0b-47ee-9615-8d6e087a3bbe,1789774227.000,11,0
1789774230.854,7,f641cfca-9bab-47dc-95e4-fe5668332aaf,1789774228.000,4,0
1789774230.854,7,c6737d81-8097-4d76-9ef1-341e266faed1,1789774228.000,9,0
1789774230.854,7,5a3178cd-c2e0-43d6-9cec-7ede0e245318,1789774229.000,1,0
1789774230.854,7,f7549c23-561f-4096-92b7-9a7e00942038,1789774229.000,19,0
1789774230.902,22,47786221-db0b-47ee-9615-8d6e087a3bbe,1789774227.000,11,0
1789774230.902,22,f641cfca-9bab-47dc-95e4-fe5668332aaf,1789774228.000,4,0
1789774230.902,22,c6737d81-8097-4d76-9ef1-341e266faed1,1789774228.000,9,0
1789774230.902,22,5a3178cd-c2e0-43d6-9cec-7ede0e245318,1789774229.000,1,0
1789774230.902,22,f7549c23-561f-4096-92b7-9a7e00942038,1789774229.000,19,0
1789774230.988,18,4d503316-d64a-46a7-9c51-561f347f5936,-58731352175.000,24,0
1789774230.988,18,05f192b2-1534-448f-a751-e5f9bbb15ed8,1789774225.000,20,0
1789774230.988,8,47786221-db0b-47ee-9615-8d6e087a3bbe,-58731352175.000,11,0
1789774230.988,8,f641cfca-9bab-47dc-95e4-fe5668332aaf,1789774228.000,4,0
1789774230.988,8,c6737d81-8097-4d76-9ef1-341e266faed1,1789774228.000,9,0
1789774230.988,8,5a3178cd-c2e0-43d6-9cec-7ede0e245318,1789774229.000,1,0
1789774230.988,8,f7549c23-561f-4096-92b7-9a7e00942038,1789774229.000,19,0
1789774231.146,23,47786221-db0b-47ee-9615-8d6e087a3bbe,1789774227.000,11,0
1789774231.146,23,f641cfca-9bab-47dc-95e4-fe5668332aaf,1789774228.000,4,0
1789774231.146,23,c6737d81-8097-4d76-9ef1-341e266faed1,1789774228.000,9,0
1789774231.146,23,5a3178cd-c2e0-43d6-9cec-7ede0e245318,1789774229.000,1,0
1789774231.146,23,f7549c23-561f-4096-92b7-9a7e00942038,1789774229.000,19,0
1789774231.274,9,47786221-db0b-47ee-9615-8d6e087a3bbe,1789774227.000,11,0
1789774231.274,9,f641cfca-9bab-47dc-95e4-fe5668332aaf,1789774228.000,4,0
1789774231.274,9,5a3178cd-c2e0-43d6-9cec-7ede0e245318,1789774229.000,1,0
1789774231.274,9,f7549c23-561f-4096-92b7-9a7e00942038,1789774229.000,19,0
1789774231.329,19,47786221-db0b-47ee-9615-8d6e087a3bbe,1789774227.000,11,0
1789774231.329,19,f641cfca-9bab-47dc-95e4-fe5668332aaf,1789774228.000,4,0
1789774231.329,19,c6737d81-8097-4d76-9ef1-341e266faed1,1789774228.000,9,0
1789774231.329,19,5a3178cd-c2e0-43d6-9cec-7ede0e245318,1789774229.000,1,0
1789774231.356,24,47786221-db0b-47ee-9615-8d6e087a3bbe,1789774227.000,11,0
1789774231.356,24,f641cfca-9bab-47dc-95e4-fe5668332aaf,1789774228.000,4,0
1789774231.356,24,c6737d81-8097-4d76-9ef1-341e266faed1,1789774228.000,9,0
1789774231.356,24,5a3178cd-c2e0-43d6-9cec-7ede0e245318,1789774229.000,1,0
1789774231.356,24,f7549c23-561f-4096-92b7-9a7e00942038,1789774229.000,19,0
1789774231.399,5,47786221-db0b-47ee-9615-8d6e087a3bbe,1790663427.000,11,0
1789774231.399,5,f641cfca-9bab-47dc-95e4-fe5668332aaf,1789774228.000,4,0
1789774231.399,5,c6737d81-8097-4d76-9ef1-341e266faed1,1789774228.000,9,0
1789774231.399,5,5a3178cd-c2e0-43d6-9cec-7ede0e245318,1789774229.000,1,0
1789774231.399,5,f7549c23-561f-4096-92b7-9a7e00942038,1789774229.000,19,0
1789774231.399,10,47786221-db0b-47ee-9615-8d6e087a3bbe,1790663427.000,11,0
1789774231.399,10,f641cfca-9bab-47dc-95e4-fe5668332aaf,1789774228.000,4,0
1789774231.399,10,c6737d81-8097-4d76-9ef1-341e266faed1,1789774228.000,9,0
1789774231.399,10,5a3178cd-c2e0-43d6-9cec-7ede0e245318,1789774229.000,1,0
1789774231.399,10,f7549c23-561f-4096-92b7-9a7e00942038,1789774229.000,19,0
1789774231.489,20,47786221-db0b-47ee-9615-8d6e087a3bbe,1789774227.000,11,0
1789774231.489,20,f641cfca-9bab-47dc-95e4-fe5668332aaf,1789774228.000,4,0
1789774231.489,20,c6737d81-8097-4d76-9ef1-341e266faed1,1789774228.000,9,0
1789774231.489,20,5a3178cd-c2e0-43d6-9cec-7ede0e245318,1789774229.000,1,0
1789774231.489,20,f7549c23-561f-4096-92b7-9a7e00942038,1789774229.000,19,0
1789774231.589,11,f641cfca-9bab-47dc-95e4-fe5668332aaf,1789774048.000,4,0
1789774231.589,11,c6737d81-8097-4d76-9ef1-341e266faed1,1789774228.000,9,0
1789774231.589,6,47786221-db0b-47ee-9615-8d6e087a3bbe,1789774048.000,11,0
1789774231.589,6,f641cfca-9bab-47dc-95e4-fe5668332aaf,1789774228.000,4,0
1789774231.589,11,5a3178cd-c2e0-43d6-9cec-7ede0e245318,1789774229.000,1,0
1789774231.589,6,c6737d81-8097-4d76-9ef1-341e266faed1,1789774228.000,9,0
1789774231.589,6,5a3178cd-c2e0-43d6-9cec-7ede0e245318,1789774229.000,1,0
1789774231.589,11,f7549c23-561f-4096-92b7-9a7e00942038,1789774229.000,19,0
1789774231.589,6,f7549c23-561f-4096-92b7-9a7e00942038,1789774229.000,19,0
1789774231.911,12,47786221-db0b-47ee-9615-8d6e087a3bbe,1789774227.000,11,0
1789774231.911,12,f641cfca-9bab-47dc-95e4-fe5668332aaf,1789774228.000,4,0
1789774231.911,12,c6737d81-8097-4d76-9ef1-341e266faed1,1789774228.000,9,0
1789774231.911,12,5a3178cd-c2e0-43d6-9cec-7ede0e245318,1789774229.000,1,0
1789774231.911,12,f7549c23-561f-4096-92b7-9a7e00942038,1789774229.000,19,0
1789774231.989,13,47786221-db0b-47ee-9615-8d6e087a3bbe,1789774227.000,11,0
1789774231.989,13,f641cfca-9bab-47dc-95e4-fe5668332aaf,1789774228.000,4,0
1789774231.989,13,c6737d81-8097-4d76-9ef1-341e266faed1,1789774228.000,9,0
1789774231.989,13,5a3178cd-c2e0-43d6-9cec-7ede0e245318,1789774229.000,1,0
1789774231.989,13,f7549c23-561f-4096-92b7-9a7e00942038,1789774229.000,19,0
1789774232.335,14,47786221-db0b-47ee-9615-8d6e087a3bbe,1789774227.000,11,0
1789774232.335,14,f641cfca-9bab-47dc-95e4-fe5668332aaf,1789774228.000,4,0
1789774232.335,14,c6737d81-8097-4d76-9ef1-341e266faed1,1789774228.000,9,0
1789774232.335,14,5a3178cd-c2e0-43d6-9cec-7ede0e245318,1789774229.000,1,0
1789774232.335,14,f7549c23-561f-4096-92b7-9a7e00942038,1789774229.000,19,0
1789774232.408,0,47786221-db0b-47ee-9615-8d6e087a3bbe,1789773807.000,11,0
1789774232.408,0,f641cfca-9bab-47dc-95e4-fe5668332aaf,1789774228.000,4,0
1789774232.408,0,c6737d81-8097-4d76-9ef1-341e266faed1,1789774228.000,9,0
1789774232.408,0,5a3178cd-c2e0-43d6-9cec-7ede0e245318,1789774229.000,1,0
1789774232.408,0,f7549c23-561f-4096-92b7-9a7e00942038,1789774229.000,19,0
1789774232.408,15,47786221-db0b-47ee-9615-8d6e087a3bbe,,11,0
1789774232.408,15,f641cfca-9bab-47dc-95e4-fe5668332aaf,1789774228.000,4,0
1789774232.408,15,c6737d81-8097-4d76-9ef1-341e266faed1,1789774228.000,9,0
1789774232.408,15,5a3178cd-c2e0-43d6-9cec-7ede0e245318,1789774229.000,1,0
1789774232.408,15,f7549c23-561f-4096-92b7-9a7e00942038,1789774229.000,19,0
1789774232.593,1,47786221-db0b-47ee-9615-8d6e087a3bbe,1789774227.000,11,0
1789774232.593,1,f641cfca-9bab-47dc-95e4-fe5668332aaf,1789774228.000,4,0
1789774232.593,1,c6737d81-8097-4d76-9ef1-341e266faed1,1789774228.000,9,0
1789774232.593,1,f7549c23-561f-4096-92b7-9a7e00942038,1789774229.000,19,0
1789774232.751,16,47786221-db0b-47ee-9615-8d6e087a3bbe,1789774227.000,11,0
1789774232.751,16,f641cfca-9bab-47dc-95e4-fe5668332aaf,1789774228.000,4,0
1789774232.751,16,c6737d81-8097-4d76-9ef1-341e266faed1,1789774228.000,9,0
1789774232.751,16,5a3178cd-c2e0-43d6-9cec-7ede0e245318,1789774229.000,1,0
1789774232.751,16,f7549c23-561f-4096-92b7-9a7e00942038,1789774229.000,19,0
1789774232.869,2,47786221-db0b-47ee-9615-8d6e087a3bbe,1789774227.000,11,0
1789774232.869,2,f641cfca-9bab-47dc-95e4-fe5668332aaf,1789774228.000,4,0
1789774232.869,2,c6737d81-8097-4d76-9ef1-341e266faed1,1789774228.000,9,0
1789774232.869,2,5a3178cd-c2e0-43d6-9cec-7ede0e245318,1789774229.000,1,0
1789774232.869,2,f7549c23-561f-4096-92b7-9a7e00942038,1789774229.000,19,0
1789774232.915,17,47786221-db0b-47ee-9615-8d6e087a3bbe,1789774227.000,11,0
1789774232.915,17,f641cfca-9bab-47dc-95e4-fe5668332aaf,1789774228.000,4,0
1789774232.915,17,c6737d81-8097-4d76-9ef1-341e266faed1,1789774228.000,9,0
1789774232.915,17,5a3178cd-c2e0-43d6-9cec-7ede0e245318,1789774229.000,1,0
1789774232.915,17,f7549c23-561f-4096-92b7-9a7e00942038,1789774229.000,19,0
1789774232.994,3,47786221-db0b-47ee-9615-8d6e087a3bbe,1789773507.000,11,0
1789774232.994,3,f641cfca-9bab-47dc-95e4-fe5668332aaf,1789774228.000,4,0
1789774232.994,18,47786221-db0b-47ee-9615-8d6e087a3bbe,-61589896893.000,11,0
1789774232.994,3,c6737d81-8097-4d76-9ef1-341e266faed1,1789774228.000,9,0
1789774232.994,3,5a3178cd-c2e0-43d6-9cec-7ede0e245318,1789774229.000,1,0
1789774232.994,3,f7549c23-561f-4096-92b7-9a7e00942038,2026337429.000,19,0
1789774232.994,18,f641cfca-9bab-47dc-95e4-fe5668332aaf,-61860760171.000,4,0
1789774232.994,18,c6737d81-8097-4d76-9ef1-341e266faed1,1789774228.000,9,0
1789774232.994,18,5a3178cd-c2e0-43d6-9cec-7ede0e245318,1789774229.000,1,0
1789774232.994,18,f7549c23-561f-4096-92b7-9a7e00942038,1789774229.000,19,0
1789774233.289,4,47786221-db0b-47ee-9615-8d6e087a3bbe,1789774227.000,11,0
1789774233.289,4,c6737d81-8097-4d76-9ef1-341e266faed1,1789774228.000,9,0
1789774233.289,4,5a3178cd-c2e0-43d6-9cec-7ede0e245318,1789774229.000,1,0
1789774233.289,4,f7549c23-561f-4096-92b7-9a7e00942038,1789774229.000,19,0
1789774233.760,21,0c36518e-c23c-48bc-8060-165ccc70288f,1789774231.000,22,0
1789774233.760,21,c6a6ba4e-5813-41e1-bcac-ccd2beb283d7,1789774232.000,23,0
1789774233.760,21,b6070d9a-27d8-43dc-b45c-c8ab9dfd560b,1789774232.000,17,0
1789774233.876,7,0c36518e-c23c-48bc-8060-165ccc70288f,1789774231.000,22,0
1789774233.876,7,c6a6ba4e-5813-41e1-bcac-ccd2beb283d7,1789774232.000,23,0
1789774233.876,7,b6070d9a-27d8-43dc-b45c-c8ab9dfd560b,1789774232.000,17,0
1789774233.922,22,c6a6ba4e-5813-41e1-bcac-ccd2beb283d7,1789774232.000,23,0
1789774233.922,22,b6070d9a-27d8-43dc-b45c-c8ab9dfd560b,1789774232.000,17,0
1789774233.996,8,0c36518e-c23c-48bc-8060-165ccc70288f,1789774231.000,22,0
1789774233.996,8,c6a6ba4e-5813-41e1-bcac-ccd2beb283d7,1789774232.000,23,0
1789774233.996,8,b6070d9a-27d8-43dc-b45c-c8ab9dfd560b,1789774232.000,17,0
1789774234.166,23,0c36518e-c23c-48bc-8060-165ccc70288f,1789774231.000,22,0
1789774234.166,23,b6070d9a-27d8-43dc-b45c-c8ab9dfd560b,1789774232.000,17,0
1789774234.296,9,0c36518e-c23c-48bc-8060-165ccc70288f,1789774231.000,22,0
1789774234.296,9,c6a6ba4e-5813-41e1-bcac-ccd2beb283d7,1789774232.000,23,0
1789774234.296,9,b6070d9a-27d8-43dc-b45c-c8ab9dfd560b,1789774232.000,17,0
1789774234.335,19,0c36518e-c23c-48bc-8060-165ccc70288f,1789774231.000,22,0
1789774234.335,19,c6a6ba4e-5813-41e1-bcac-ccd2beb283d7,1789774232.000,23,0
1789774234.335,19,b6070d9a-27d8-43dc-b45c-c8ab9dfd560b,1789774232.000,17,0
1789774234.377,24,0c36518e-c23c-48bc-8060-165ccc70288f,1789774231.000,22,0
1789774234.377,24,c6a6ba4e-5813-41e1-bcac-ccd2beb283d7,1789774232.000,23,0
1789774234.377,24,b6070d9a-27d8-43dc-b45c-c8ab9dfd560b,1789774232.000,17,0
1789774234.420,5,0c36518e-c23c-48bc-8060-165ccc70288f,1789774231.000,22,0
1789774234.420,5,c6a6ba4e-5813-41e1-bcac-ccd2beb283d7,1789774232.000,23,0
1789774234.420,10,0c36518e-c23c-48bc-8060-165ccc70288f,,22,0
1789774234.420,10,c6a6ba4e-5813-41e1-bcac-ccd2beb283d7,1789774232.000,23,0
1789774234.420,5,b6070d9a-27d8-43dc-b45c-c8ab9dfd560b,1789774232.000,17,0
1789774234.420,10,b6070d9a-27d8-43dc-b45c-c8ab9dfd560b,1789774232.000,17,0
1789774234.503,20,0c36518e-c23c-48bc-8060-165ccc70288f,1789774231.000,22,0
1789774234.503,20,c6a6ba4e-5813-41e1-bcac-ccd2beb283d7,1789774232.000,23,0
1789774234.503,20,b6070d9a-27d8-43dc-b45c-c8ab9dfd560b,1789774232.000,17,0
1789774234.601,6,0c36518e-c23c-48bc-8060-165ccc70288f,1789774231.000,22,0
1789774234.601,6,c6a6ba4e-5813-41e1-bcac-ccd2beb283d7,1789774232.000,23,0
1789774234.601,6,b6070d9a-27d8-43dc-b45c-c8ab9dfd560b,1789774232.000,17,0
1789774234.601,11,0c36518e-c23c-48bc-8060-165ccc70288f,,22,0
1789774234.601,11,c6a6ba4e-5813-41e1-bcac-ccd2beb283d7,1789774232.000,23,0
1789774234.601,11,b6070d9a-27d8-43dc-b45c-c8ab9dfd560b,1789774232.000,17,0
1789774234.931,12,0c36518e-c23c-48bc-8060-165ccc70288f,1789774231.000,22,0
1789774234.931,12,c6a6ba4e-5813-41e1-bcac-ccd2beb283d7,1789774232.000,23,0
1789774234.931,12,b6070d9a-27d8-43dc-b45c-c8ab9dfd560b,1789774232.000,17,0
1789774234.998,13,0c36518e-c23c-48bc-8060-165ccc70288f,1789774231.000,22,0
1789774234.998,13,c6a6ba4e-5813-41e1-bcac-ccd2beb283d7,1789774232.000,23,0
1789774234.998,13,b6070d9a-27d8-43dc-b45c-c8ab9dfd560b,1789774232.000,17,0
1789774235.343,14,0c36518e-c23c-48bc-8060-165ccc70288f,1789774231.000,22,0
1789774235.343,14,c6a6ba4e-5813-41e1-bcac-ccd2beb283d7,1789774232.000,23,0
1789774235.343,14,b6070d9a-27d8-43dc-b45c-c8ab9dfd560b,1789774232.000,17,0
1789774235.426,0,0c36518e-c23c-48bc-8060-165ccc70288f,1789774223.000,22,0
1789774235.426,0,c6a6ba4e-5813-41e1-bcac-ccd2beb283d7,1789774232.000,23,0
1789774235.426,0,b6070d9a-27d8-43dc-b45c-c8ab9dfd560b,1789774232.000,17,0
1789774235.426,15,0c36518e-c23c-48bc-8060-165ccc70288f,,22,0
1789774235.426,15,c6a6ba4e-5813-41e1-bcac-ccd2beb283d7,1789774232.000,23,0
1789774235.426,15,b6070d9a-27d8-43dc-b45c-c8ab9dfd560b,1789774232.000,17,0
1789774235.607,1,0c36518e-c23c-48bc-8060-165ccc70288f,1789774231.000,22,0
1789774235.607,1,c6a6ba4e-5813-41e1-bcac-ccd2beb283d7,1789774232.000,23,0
1789774235.607,1,b6070d9a-27d8-43dc-b45c-c8ab9dfd560b,1789774232.000,17,0
1789774235.780,16,0c36518e-c23c-48bc-8060-165ccc70288f,1789774231.000,22,0
1789774235.780,16,c6a6ba4e-5813-41e1-bcac-ccd2beb283d7,1789774232.000,23,0
1789774235.780,16,b6070d9a-27d8-43dc-b45c-c8ab9dfd560b,1789774232.000,17,0
1789774235.895,2,0c36518e-c23c-48bc-8060-165ccc70288f,1789774231.000,22,0
1789774235.895,2,c6a6ba4e-5813-41e1-bcac-ccd2beb283d7,1789774232.000,23,0
1789774235.895,2,b6070d9a-27d8-43dc-b45c-c8ab9dfd560b,1789774232.000,17,0
1789774235.939,17,0c36518e-c23c-48bc-8060-165ccc70288f,1789774231.000,22,0
1789774235.939,17,c6a6ba4e-5813-41e1-bcac-ccd2beb283d7,1789774232.000,23,0
1789774236.005,3,0c36518e-c23c-48bc-8060-165ccc70288f,1789773810.000,22,0
1789774236.005,18,0c36518e-c23c-48bc-8060-165ccc70288f,,22,0
1789774236.005,3,c6a6ba4e-5813-41e1-bcac-ccd2beb283d7,1789774232.000,23,0
1789774236.005,18,c6a6ba4e-5813-41e1-bcac-ccd2beb283d7,1789774232.000,23,0
1789774236.005,3,b6070d9a-27d8-43dc-b45c-c8ab9dfd560b,1789774232.000,17,0
1789774236.005,18,b6070d9a-27d8-43dc-b45c-c8ab9dfd560b,1789774232.000,17,0
1789774236.311,4,0c36518e-c23c-48bc-8060-165ccc70288f,1789774231.000,22,0
1789774236.311,4,c6a6ba4e-5813-41e1-bcac-ccd2beb283d7,1789774232.000,23,0
1789774236.311,4,b6070d9a-27d8-43dc-b45c-c8ab9dfd560b,1789774232.000,17,0
1789774236.610,6,1c576478-0792-4084-b746-5f77b96439d1,1789774234.000,2,0
1789774236.610,6,c259df7c-14a7-44fe-8026-fdea7bd84525,1789774234.000,18,0
1789774236.610,6,26eb4e09-5099-4169-b498-06d6e3bbecc3,1789774234.000,12,0
1789774236.785,21,1c576478-0792-4084-b746-5f77b96439d1,1789774234.000,2,0
1789774236.785,21,c259df7c-14a7-44fe-8026-fdea7bd84525,1789774234.000,18,0
1789774236.785,21,26eb4e09-5099-4169-b498-06d6e3bbecc3,1789774234.000,12,0
1789774236.899,7,1c576478-0792-4084-b746-5f77b96439d1,1789774234.000,2,0
1789774236.899,7,c259df7c-14a7-44fe-8026-fdea7bd84525,1789774234.000,18,0
1789774236.899,7,26eb4e09-5099-4169-b498-06d6e3bbecc3,1789774234.000,12,0
1789774236.941,22,1c576478-0792-4084-b746-5f77b96439d1,1789774234.000,2,0
1789774236.941,22,c259df7c-14a7-44fe-8026-fdea7bd84525,1789774234.000,18,0
1789774236.941,22,26eb4e09-5099-4169-b498-06d6e3bbecc3,1789774234.000,12,0
1789774237.010,8,1c576478-0792-4084-b746-5f77b96439d1,1789774234.000,2,0
1789774237.010,8,c259df7c-14a7-44fe-8026-fdea7bd84525,1789774234.000,18,0
1789774237.010,8,26eb4e09-5099-4169-b498-06d6e3bbecc3,1789774234.000,12,0
1789774237.182,23,1c576478-0792-4084-b746-5f77b96439d1,1789774234.000,2,0
1789774237.182,23,c259df7c-14a7-44fe-8026-fdea7bd84525,1789774234.000,18,0
1789774237.182,23,26eb4e09-5099-4169-b498-06d6e3bbecc3,1789774234.000,12,0
1789774237.313,9,1c576478-0792-4084-b746-5f77b96439d1,1789774234.000,2,0
1789774237.313,9,c259df7c-14a7-44fe-8026-fdea7bd84525,1789774234.000,18,0
1789774237.313,9,26eb4e09-5099-4169-b498-06d6e3bbecc3,1789774234.000,12,0
1789774237.355,19,1c576478-0792-4084-b746-5f77b96439d1,1789774234.000,2,0
1789774237.355,19,c259df7c-14a7-44fe-8026-fdea7bd84525,1789774234.000,18,0
1789774237.355,19,26eb4e09-5099-4169-b498-06d6e3bbecc3,1789774234.000,12,0
1789774237.399,24,1c576478-0792-4084-b746-5f77b96439d1,1789774234.000,2,0
1789774237.399,24,c259df7c-14a7-44fe-8026-fdea7bd84525,1789774234.000,18,0
1789774237.399,24,26eb4e09-5099-4169-b498-06d6e3bbecc3,1789774234.000,12,0
1789774237.445,10,1c576478-0792-4084-b746-5f77b96439d1,-61823953766.000,2,0
1789774237.445,10,c259df7c-14a7-44fe-8026-fdea7bd84525,1789774234.000,18,0
1789774237.445,10,26eb4e09-5099-4169-b498-06d6e3bbecc3,1789774234.000,12,0
1789774237.445,5,1c576478-0792-4084-b746-5f77b96439d1,,2,0
1789774237.445,5,c259df7c-14a7-44fe-8026-fdea7bd84525,1789774234.000,18,0
1789774237.445,5,26eb4e09-5099-4169-b498-06d6e3bbecc3,1789774234.000,12,0
1789774237.514,20,1c576478-0792-4084-b746-5f77b96439d1,1789774234.000,2,0
1789774237.514,20,c259df7c-14a7-44fe-8026-fdea7bd84525,1789774234.000,18,0
1789774237.514,20,26eb4e09-5099-4169-b498-06d6e3bbecc3,1789774234.000,12,0
1789774237.620,11,1c576478-0792-4084-b746-5f77b96439d1,1789774234.000,2,0
1789774237.620,11,c259df7c-14a7-44fe-8026-fdea7bd84525,1789774234.000,18,0
1789774237.620,11,26eb4e09-5099-4169-b498-06d6e3bbecc3,1789774234.000,12,0
1789774237.949,12,1c576478-0792-4084-b746-5f77b96439d1,1789774234.000,2,0
1789774237.949,12,c259df7c-14a7-44fe-8026-fdea7bd84525,1789774234.000,18,0
1789774238.012,13,1c576478-0792-4084-b746-5f77b96439d1,1789774234.000,2,0
1789774238.012,13,c259df7c-14a7-44fe-8026-fdea7bd84525,1789774234.000,18,0
1789774238.012,13,26eb4e09-5099-4169-b498-06d6e3bbecc3,1789774234.000,12,0
1789774238.357,14,1c576478-0792-4084-b746-5f77b96439d1,1789774234.000,2,0
1789774238.357,14,c259df7c-14a7-44fe-8026-fdea7bd84525,1789774234.000,18,0
1789774238.357,14,26eb4e09-5099-4169-b498-06d6e3bbecc3,1789774234.000,12,0
1789774238.452,15,1c576478-0792-4084-b746-5f77b96439d1,1789756234.000,2,0
1789774238.452,15,c259df7c-14a7-44fe-8026-fdea7bd84525,1789774234.000,18,0
1789774238.452,0,1c576478-0792-4084-b746-5f77b96439d1,,2,0
1789774238.452,0,c259df7c-14a7-44fe-8026-fdea7bd84525,1789774234.000,18,0
1789774238.452,0,26eb4e09-5099-4169-b498-06d6e3bbecc3,1789774234.000,12,0
1789774238.452,15,26eb4e09-5099-4169-b498-06d6e3bbecc3,1789774234.000,12,0
1789774238.628,1,1c576478-0792-4084-b746-5f77b96439d1,1789774234.000,2,0
1789774238.628,1,c259df7c-14a7-44fe-8026-fdea7bd84525,1789774234.000,18,0
1789774238.628,1,26eb4e09-5099-4169-b498-06d6e3bbecc3,1789774234.000,12,0
1789774238.793,16,1c576478-0792-4084-b746-5f77b96439d1,1789774234.000,2,0
1789774238.793,16,c259df7c-14a7-44fe-8026-fdea7bd84525,1789774234.000,18,0
1789774238.793,16,26eb4e09-5099-4169-b498-06d6e3bbecc3,1789774234.000,12,0
1789774238.905,2,c259df7c-14a7-44fe-8026-fdea7bd84525,1789774234.000,18,0
1789774238.905,2,26eb4e09-5099-4169-b498-06d6e3bbecc3,1789774234.000,12,0
1789774238.956,17,1c576478-0792-4084-b746-5f77b96439d1,1789774234.000,2,0
1789774238.956,17,c259df7c-14a7-44fe-8026-fdea7bd84525,1789774234.000,18,0
1789774238.956,17,26eb4e09-5099-4169-b498-06d6e3bbecc3,1789774234.000,12,0
1789774239.021,3,1c576478-0792-4084-b746-5f77b96439d1,-61837172966.000,2,0
1789774239.021,3,c259df7c-14a7-44fe-8026-fdea7bd84525,1789774234.000,18,0
1789774239.021,3,26eb4e09-5099-4169-b498-06d6e3bbecc3,1789774234.000,12,0
1789774239.021,18,1c576478-0792-4084-b746-5f77b96439d1,,2,0
1789774239.021,18,26eb4e09-5099-4169-b498-06d6e3bbecc3,1789774234.000,12,0
1789774239.331,4,1c576478-0792-4084-b746-5f77b96439d1,1789774234.000,2,0
1789774239.331,4,c259df7c-14a7-44fe-8026-fdea7bd84525,1789774234.000,18,0
1789774239.331,4,26eb4e09-5099-4169-b498-06d6e3bbecc3,1789774234.000,12,0
1789774239.635,6,5c1fe072-beb7-4480-8124-c320d9ca5de2,1789774238.000,13,0
1789774239.635,6,e99c22dc-4b39-406c-8f1c-8f4cd3702df7,1789774238.000,3,0
1789774239.794,21,5c1fe072-beb7-4480-8124-c320d9ca5de2,1789774238.000,13,0
1789774239.794,21,e99c22dc-4b39-406c-8f1c-8f4cd3702df7,1789774238.000,3,0
1789774239.914,7,5c1fe072-beb7-4480-8124-c320d9ca5de2,1789774238.000,13,0
1789774239.914,7,e99c22dc-4b39-406c-8f1c-8f4cd3702df7,1789774238.000,3,0
1789774239.958,22,5c1fe072-beb7-4480-8124-c320d9ca5de2,1789774238.000,13,0
1789774239.958,22,e99c22dc-4b39-406c-8f1c-8f4cd3702df7,1789774238.000,3,0
1789774240.029,8,5c1fe072-beb7-4480-8124-c320d9ca5de2,1789774238.000,13,0
1789774240.029,8,e99c22dc-4b39-406c-8f1c-8f4cd3702df7,1789774238.000,3,0
1789774240.192,23,5c1fe072-beb7-4480-8124-c320d9ca5de2,1789774238.000,13,0
1789774240.192,23,e99c22dc-4b39-406c-8f1c-8f4cd3702df7,1789774238.000,3,0
1789774240.331,9,5c1fe072-beb7-4480-8124-c320d9ca5de2,1789774238.000,13,0
1789774240.331,9,e99c22dc-4b39-406c-8f1c-8f4cd3702df7,1789774238.000,3,0
1789774240.369,19,5c1fe072-beb7-4480-8124-c320d9ca5de2,1789774238.000,13,0
1789774240.369,19,e99c22dc-4b39-406c-8f1c-8f4cd3702df7,1789774238.000,3,0
1789774240.415,24,5c1fe072-beb7-4480-8124-c320d9ca5de2,1789774238.000,13,0
1789774240.415,24,e99c22dc-4b39-406c-8f1c-8f4cd3702df7,1789774238.000,3,0
1789774240.462,10,5c1fe072-beb7-4480-8124-c320d9ca5de2,1789774238.000,13,0
1789774240.462,10,e99c22dc-4b39-406c-8f1c-8f4cd3702df7,1789774238.000,3,0
1789774240.462,5,5c1fe072-beb7-4480-8124-c320d9ca5de2,,13,0
1789774240.462,5,e99c22dc-4b39-406c-8f1c-8f4cd3702df7,1789774238.000,3,0
1789774240.530,20,5c1fe072-beb7-4480-8124-c320d9ca5de2,1789774238.000,13,0
1789774240.530,20,e99c22dc-4b39-406c-8f1c-8f4cd3702df7,1789774238.000,3,0
1789774240.641,11,5c1fe072-beb7-4480-8124-c320d9ca5de2,1789774238.000,13,0
1789774240.641,11,e99c22dc-4b39-406c-8f1c-8f4cd3702df7,1789774238.000,3,0
1789774240.961,12,5c1fe072-beb7-4480-8124-c320d9ca5de2,1789774238.000,13,0
1789774240.961,12,e99c22dc-4b39-406c-8f1c-8f4cd3702df7,1789774238.000,3,0
1789774241.032,13,e99c22dc-4b39-406c-8f1c-8f4cd3702df7,1789774238.000,3,0
1789774241.375,14,5c1fe072-beb7-4480-8124-c320d9ca5de2,1789774238.000,13,0
1789774241.375,14,e99c22dc-4b39-406c-8f1c-8f4cd3702df7,1789774238.000,3,0
1789774241.470,0,5c1fe072-beb7-4480-8124-c320d9ca5de2,1789774238.000,13,0
1789774241.470,0,e99c22dc-4b39-406c-8f1c-8f4cd3702df7,1789774238.000,3,0
1789774241.470,15,5c1fe072-beb7-4480-8124-c320d9ca5de2,,13,0
1789774241.470,15,e99c22dc-4b39-406c-8f1c-8f4cd3702df7,1789774238.000,3,0
1789774241.643,1,5c1fe072-beb7-4480-8124-c320d9ca5de2,1789774238.000,13,0
1789774241.643,1,e99c22dc-4b39-406c-8f1c-8f4cd3702df7,1789774238.000,3,0
1789774241.809,16,5c1fe072-beb7-4480-8124-c320d9ca5de2,1789774238.000,13,0
1789774241.809,16,e99c22dc-4b39-406c-8f1c-8f4cd3702df7,1789774238.000,3,0
1789774241.926,2,5c1fe072-beb7-4480-8124-c320d9ca5de2,1789774238.000,13,0
1789774241.926,2,e99c22dc-4b39-406c-8f1c-8f4cd3702df7,1789774238.000,3,0
1789774241.970,17,5c1fe072-beb7-4480-8124-c320d9ca5de2,1789774238.000,13,0
1789774241.970,17,e99c22dc-4b39-406c-8f1c-8f4cd3702df7,1789774238.000,3,0
1789774242.042,3,5c1fe072-beb7-4480-8124-c320d9ca5de2,1789774238.000,13,0
1789774242.042,18,5c1fe072-beb7-4480-8124-c320d9ca5de2,1789774238.000,13,0
1789774242.042,18,e99c22dc-4b39-406c-8f1c-8f4cd3702df7,1789774238.000,3,0
1789774242.336,4,5c1fe072-beb7-4480-8124-c320d9ca5de2,1789774238.000,13,0
1789774242.336,4,e99c22dc-4b39-406c-8f1c-8f4cd3702df7,1789774238.000,3,0
1789774242.651,6,b6c02f8c-9565-4ee4-9359-ff10a88e0d93,1789774239.000,21,0
1789774242.651,6,397157a1-6bcf-4a05-8f9c-d13c2422b245,1789774242.000,15,0
1789774242.810,21,397157a1-6bcf-4a05-8f9c-d13c2422b245,1789774242.000,15,0
1789774242.929,7,b6c02f8c-9565-4ee4-9359-ff10a88e0d93,1789774239.000,21,0
1789774242.929,7,397157a1-6bcf-4a05-8f9c-d13c2422b245,1789774242.000,15,0
1789774242.980,22,b6c02f8c-9565-4ee4-9359-ff10a88e0d93,1789774239.000,21,0
1789774242.980,22,397157a1-6bcf-4a05-8f9c-d13c2422b245,1789774242.000,15,0
1789774243.043,8,b6c02f8c-9565-4ee4-9359-ff10a88e0d93,1789774239.000,21,0
1789774243.043,8,397157a1-6bcf-4a05-8f9c-d13c2422b245,1789774242.000,15,0
1789774243.210,23,b6c02f8c-9565-4ee4-9359-ff10a88e0d93,1789774239.000,21,0
1789774243.210,23,397157a1-6bcf-4a05-8f9c-d13c2422b245,1789774242.000,15,0
1789774243.339,9,b6c02f8c-9565-4ee4-9359-ff10a88e0d93,1789774239.000,21,0
1789774243.339,9,397157a1-6bcf-4a05-8f9c-d13c2422b245,1789774242.000,15,0
1789774243.381,19,b6c02f8c-9565-4ee4-9359-ff10a88e0d93,1789774239.000,21,0
1789774243.381,19,397157a1-6bcf-4a05-8f9c-d13c2422b245,1789774242.000,15,0
1789774243.433,24,b6c02f8c-9565-4ee4-9359-ff10a88e0d93,1789774239.000,21,0
1789774243.433,24,397157a1-6bcf-4a05-8f9c-d13c2422b245,1789774242.000,15,0
1789774243.487,5,b6c02f8c-9565-4ee4-9359-ff10a88e0d93,-61837173381.000,21,0
1789774243.487,5,397157a1-6bcf-4a05-8f9c-d13c2422b245,1789774242.000,15,0
1789774243.487,10,b6c02f8c-9565-4ee4-9359-ff10a88e0d93,,21,0
1789774243.487,10,397157a1-6bcf-4a05-8f9c-d13c2422b245,1789774242.000,15,0
1789774243.544,20,b6c02f8c-9565-4ee4-9359-ff10a88e0d93,1789774239.000,21,0
1789774243.544,20,397157a1-6bcf-4a05-8f9c-d13c2422b245,1789774242.000,15,0
1789774243.655,11,b6c02f8c-9565-4ee4-9359-ff10a88e0d93,1789774239.000,21,0
1789774243.655,11,397157a1-6bcf-4a05-8f9c-d13c2422b245,1789774242.000,15,0
1789774243.988,12,b6c02f8c-9565-4ee4-9359-ff10a88e0d93,1789774239.000,21,0
1789774243.988,12,397157a1-6bcf-4a05-8f9c-d13c2422b245,1789774242.000,15,0
1789774244.045,13,b6c02f8c-9565-4ee4-9359-ff10a88e0d93,1789774239.000,21,0
1789774244.045,13,397157a1-6bcf-4a05-8f9c-d13c2422b245,1789774242.000,15,0
1789774244.389,14,b6c02f8c-9565-4ee4-9359-ff10a88e0d93,1789774239.000,21,0
1789774244.389,14,397157a1-6bcf-4a05-8f9c-d13c2422b245,1789774242.000,15,0
1789774244.493,15,b6c02f8c-9565-4ee4-9359-ff10a88e0d93,1789774239.000,21,0
1789774244.493,0,b6c02f8c-9565-4ee4-9359-ff10a88e0d93,,21,0
1789774244.493,0,397157a1-6bcf-4a05-8f9c-d13c2422b245,1789774242.000,15,0
1789774244.664,1,b6c02f8c-9565-4ee4-9359-ff10a88e0d93,1789774239.000,21,0
1789774244.664,1,397157a1-6bcf-4a05-8f9c-d13c2422b245,1789774242.000,15,0
1789774244.819,16,b6c02f8c-9565-4ee4-9359-ff10a88e0d93,1789774239.000,21,0
1789774244.819,16,397157a1-6bcf-4a05-8f9c-d13c2422b245,1789774242.000,15,0
1789774244.944,2,b6c02f8c-9565-4ee4-9359-ff10a88e0d93,1789774239.000,21,0
1789774244.944,2,397157a1-6bcf-4a05-8f9c-d13c2422b245,1789774242.000,15,0
1789774244.989,17,b6c02f8c-9565-4ee4-9359-ff10a88e0d93,1789774239.000,21,0
1789774244.989,17,397157a1-6bcf-4a05-8f9c-d13c2422b245,1789774242.000,15,0
1789774245.054,18,b6c02f8c-9565-4ee4-9359-ff10a88e0d93,1789774239.000,21,0
1789774245.054,3,b6c02f8c-9565-4ee4-9359-ff10a88e0d93,1789774239.000,21,0
1789774245.054,18,397157a1-6bcf-4a05-8f9c-d13c2422b245,1789774242.000,15,0
1789774245.054,3,397157a1-6bcf-4a05-8f9c-d13c2422b245,1789774242.000,15,0
1789774245.347,4,b6c02f8c-9565-4ee4-9359-ff10a88e0d93,1789774239.000,21,0
1789774245.347,4,397157a1-6bcf-4a05-8f9c-d13c2422b245,1789774242.000,15,0
1789774245.668,6,ec2b6c1a-4347-4201-9bdf-559ebcc99143,1789774243.000,0,0
1789774245.668,6,ac18d5cc-a038-40f2-b9e7-21640a6e5106,1789774245.000,16,0
1789774245.821,21,ec2b6c1a-4347-4201-9bdf-559ebcc99143,1789774243.000,0,0
1789774245.821,21,ac18d5cc-a038-40f2-b9e7-21640a6e5106,1789774245.000,16,0
1789774245.953,7,ec2b6c1a-4347-4201-9bdf-559ebcc99143,1789774243.000,0,0
1789774245.953,7,ac18d5cc-a038-40f2-b9e7-21640a6e5106,1789774245.000,16,0
1789774245.997,22,ec2b6c1a-4347-4201-9bdf-559ebcc99143,1789774243.000,0,0
1789774245.997,22,ac18d5cc-a038-40f2-b9e7-21640a6e5106,1789774245.000,16,0
1789774246.057,8,ec2b6c1a-4347-4201-9bdf-559ebcc99143,1789774243.000,0,0
1789774246.057,8,ac18d5cc-a038-40f2-b9e7-21640a6e5106,1789774245.000,16,0
1789774246.217,23,ec2b6c1a-4347-4201-9bdf-559ebcc99143,1789774243.000,0,0
1789774246.217,23,ac18d5cc-a038-40f2-b9e7-21640a6e5106,1789774245.000,16,0
1789774246.349,9,ec2b6c1a-4347-4201-9bdf-559ebcc99143,1789774243.000,0,0
1789774246.349,9,ac18d5cc-a038-40f2-b9e7-21640a6e5106,1789774245.000,16,0
1789774246.401,19,ec2b6c1a-4347-4201-9bdf-559ebcc99143,1789774243.000,0,0
1789774246.401,19,ac18d5cc-a038-40f2-b9e7-21640a6e5106,1789774245.000,16,0
1789774246.457,24,ec2b6c1a-4347-4201-9bdf-559ebcc99143,1789774243.000,0,0
1789774246.457,24,ac18d5cc-a038-40f2-b9e7-21640a6e5106,1789774245.000,16,0
1789774246.507,5,ec2b6c1a-4347-4201-9bdf-559ebcc99143,1789774243.000,0,0
1789774246.507,5,ac18d5cc-a038-40f2-b9e7-21640a6e5106,1789774245.000,16,0
1789774246.507,10,ec2b6c1a-4347-4201-9bdf-559ebcc99143,1789774243.000,0,0
1789774246.507,10,ac18d5cc-a038-40f2-b9e7-21640a6e5106,1789774245.000,16,0
1789774246.556,20,ec2b6c1a-4347-4201-9bdf-559ebcc99143,1789774243.000,0,0
1789774246.556,20,ac18d5cc-a038-40f2-b9e7-21640a6e5106,1789774245.000,16,0
1789774246.670,11,ec2b6c1a-4347-4201-9bdf-559ebcc99143,1789774243.000,0,0
1789774246.670,11,ac18d5cc-a038-40f2-b9e7-21640a6e5106,1789774245.000,16,0
1789774246.998,12,ec2b6c1a-4347-4201-9bdf-559ebcc99143,1789774243.000,0,0
1789774246.998,12,ac18d5cc-a038-40f2-b9e7-21640a6e5106,1789774245.000,16,0
1789774247.060,13,ec2b6c1a-4347-4201-9bdf-559ebcc99143,1789774243.000,0,0
1789774247.060,13,ac18d5cc-a038-40f2-b9e7-21640a6e5106,1789774245.000,16,0
1789774247.408,14,ec2b6c1a-4347-4201-9bdf-559ebcc99143,1789774243.000,0,0
1789774247.408,14,ac18d5cc-a038-40f2-b9e7-21640a6e5106,1789774245.000,16,0
1789774247.515,15,ec2b6c1a-4347-4201-9bdf-559ebcc99143,1789774243.000,0,0
1789774247.515,0,ac18d5cc-a038-40f2-b9e7-21640a6e5106,1789774245.000,16,0
1789774247.515,15,ac18d5cc-a038-40f2-b9e7-21640a6e5106,1789774245.000,16,0
1789774247.678,1,ec2b6c1a-4347-4201-9bdf-559ebcc99143,1789774243.000,0,0
1789774247.678,1,ac18d5cc-a038-40f2-b9e7-21640a6e5106,1789774245.000,16,0
1789774247.828,16,ec2b6c1a-4347-4201-9bdf-559ebcc99143,1789774243.000,0,0
1789774247.973,2,ec2b6c1a-4347-4201-9bdf-559ebcc99143,1789774243.000,0,0
1789774247.973,2,ac18d5cc-a038-40f2-b9e7-21640a6e5106,1789774245.000,16,0
1789774248.000,17,ec2b6c1a-4347-4201-9bdf-559ebcc99143,1789774243.000,0,0
1789774248.000,17,ac18d5cc-a038-40f2-b9e7-21640a6e5106,1789774245.000,16,0
1789774248.070,18,ec2b6c1a-4347-4201-9bdf-559ebcc99143,969319843.000,0,0
1789774248.070,18,ac18d5cc-a038-40f2-b9e7-21640a6e5106,1789774245.000,16,0
1789774248.070,3,ec2b6c1a-4347-4201-9bdf-559ebcc99143,,0,0
1789774248.070,3,ac18d5cc-a038-40f2-b9e7-21640a6e5106,1789774245.000,16,0
1789774248.356,4,ec2b6c1a-4347-4201-9bdf-559ebcc99143,1789774243.000,0,0
1789774248.356,4,ac18d5cc-a038-40f2-b9e7-21640a6e5106,1789774245.000,16,0
1789774248.835,21,9c5dc45a-0d95-4f2e-b9d0-d0a999a8b507,1789774246.000,14,0
1789774248.835,21,2a623fed-c2d7-4050-a183-bc40cec67546,1789774246.000,10,0
1789774248.981,7,9c5dc45a-0d95-4f2e-b9d0-d0a999a8b507,1789774246.000,14,0
1789774248.981,7,2a623fed-c2d7-4050-a183-bc40cec67546,1789774246.000,10,0
1789774249.006,22,9c5dc45a-0d95-4f2e-b9d0-d0a999a8b507,1789774246.000,14,0
1789774249.006,22,2a623fed-c2d7-4050-a183-bc40cec67546,1789774246.000,10,0
1789774249.079,8,9c5dc45a-0d95-4f2e-b9d0-d0a999a8b507,1789774246.000,14,0
1789774249.079,8,2a623fed-c2d7-4050-a183-bc40cec67546,1789774246.000,10,0
1789774249.229,23,9c5dc45a-0d95-4f2e-b9d0-d0a999a8b507,1789774246.000,14,0
1789774249.229,23,2a623fed-c2d7-4050-a183-bc40cec67546,1789774246.000,10,0
1789774249.360,9,9c5dc45a-0d95-4f2e-b9d0-d0a999a8b507,1789774246.000,14,0
1789774249.360,9,2a623fed-c2d7-4050-a183-bc40cec67546,1789774246.000,10,0
1789774249.419,19,9c5dc45a-0d95-4f2e-b9d0-d0a999a8b507,1789774246.000,14,0
1789774249.419,19,2a623fed-c2d7-4050-a183-bc40cec67546,1789774246.000,10,0
1789774249.477,24,9c5dc45a-0d95-4f2e-b9d0-d0a999a8b507,1789774246.000,14,0
1789774249.477,24,2a623fed-c2d7-4050-a183-bc40cec67546,1789774246.000,10,0
1789774249.529,10,9c5dc45a-0d95-4f2e-b9d0-d0a999a8b507,1789774246.000,14,0
1789774249.529,5,9c5dc45a-0d95-4f2e-b9d0-d0a999a8b507,1789774246.000,14,0
1789774249.529,5,2a623fed-c2d7-4050-a183-bc40cec67546,1789774246.000,10,0
1789774249.574,20,9c5dc45a-0d95-4f2e-b9d0-d0a999a8b507,1789774246.000,14,0
1789774249.574,20,2a623fed-c2d7-4050-a183-bc40cec67546,1789774246.000,10,0
1789774249.689,6,9c5dc45a-0d95-4f2e-b9d0-d0a999a8b507,-49382267354.000,14,0
1789774249.689,11,9c5dc45a-0d95-4f2e-b9d0-d0a999a8b507,-49382267354.000,14,0
1789774249.689,6,2a623fed-c2d7-4050-a183-bc40cec67546,1789774246.000,10,0
1789774249.689,11,2a623fed-c2d7-4050-a183-bc40cec67546,1789774246.000,10,0
1789774250.007,12,9c5dc45a-0d95-4f2e-b9d0-d0a999a8b507,1789774246.000,14,0
1789774250.007,12,2a623fed-c2d7-4050-a183-bc40cec67546,1789774246.000,10,0
1789774250.081,13,9c5dc45a-0d95-4f2e-b9d0-d0a999a8b507,1789774246.000,14,0
1789774250.081,13,2a623fed-c2d7-4050-a183-bc40cec67546,1789774246.000,10,0
1789774250.428,14,2a623fed-c2d7-4050-a183-bc40cec67546,1789774246.000,10,0
1789774250.531,0,9c5dc45a-0d95-4f2e-b9d0-d0a999a8b507,-61860760182.000,14,0
1789774250.531,0,2a623fed-c2d7-4050-a183-bc40cec67546,1789774246.000,10,0
1789774250.531,15,9c5dc45a-0d95-4f2e-b9d0-d0a999a8b507,,14,0
1789774250.531,15,2a623fed-c2d7-4050-a183-bc40cec67546,1789774246.000,10,0
1789774250.695,1,9c5dc45a-0d95-4f2e-b9d0-d0a999a8b507,1789774246.000,14,0
1789774250.695,1,2a623fed-c2d7-4050-a183-bc40cec67546,1789774246.000,10,0
1789774250.853,16,9c5dc45a-0d95-4f2e-b9d0-d0a999a8b507,1789774246.000,14,0
1789774250.853,16,2a623fed-c2d7-4050-a183-bc40cec67546,1789774246.000,10,0
1789774250.991,2,9c5dc45a-0d95-4f2e-b9d0-d0a999a8b507,1789774246.000,14,0
1789774250.991,2,2a623fed-c2d7-4050-a183-bc40cec67546,1789774246.000,10,0
1789774251.014,17,9c5dc45a-0d95-4f2e-b9d0-d0a999a8b507,1789774246.000,14,0
1789774251.014,17,2a623fed-c2d7-4050-a183-bc40cec67546,1789774246.000,10,0
1789774251.089,18,9c5dc45a-0d95-4f2e-b9d0-d0a999a8b507,1789774246.000,14,0
1789774251.089,3,9c5dc45a-0d95-4f2e-b9d0-d0a999a8b507,,14,0
1789774251.089,18,2a623fed-c2d7-4050-a183-bc40cec67546,1789774246.000,10,0
1789774251.089,3,2a623fed-c2d7-4050-a183-bc40cec67546,1789774246.000,10,0
1789774251.362,4,9c5dc45a-0d95-4f2e-b9d0-d0a999a8b507,1789774246.000,14,0
1789774251.362,4,2a623fed-c2d7-4050-a183-bc40cec67546,1789774246.000,10,0
1789774251.860,21,0e7a6e12-3ba1-454d-81f3-b8d2cf876fc3,1789774249.000,8,0
1789774251.999,7,0e7a6e12-3ba1-454d-81f3-b8d2cf876fc3,1789774249.000,8,0
1789774252.017,22,0e7a6e12-3ba1-454d-81f3-b8d2cf876fc3,1789774249.000,8,0
1789774252.257,23,0e7a6e12-3ba1-454d-81f3-b8d2cf876fc3,1789774249.000,8,0
1789774252.363,9,0e7a6e12-3ba1-454d-81f3-b8d2cf876fc3,1789774249.000,8,0
1789774252.440,19,0e7a6e12-3ba1-454d-81f3-b8d2cf876fc3,1789774249.000,8,0
1789774252.499,24,0e7a6e12-3ba1-454d-81f3-b8d2cf876fc3,1789774249.000,8,0
1789774252.548,10,0e7a6e12-3ba1-454d-81f3-b8d2cf876fc3,1789774249.000,8,0
1789774252.548,5,0e7a6e12-3ba1-454d-81f3-b8d2cf876fc3,1789774249.000,8,0
1789774252.586,20,0e7a6e12-3ba1-454d-81f3-b8d2cf876fc3,1789774249.000,8,0
1789774252.710,6,0e7a6e12-3ba1-454d-81f3-b8d2cf876fc3,1789777849.000,8,0
1789774252.710,11,0e7a6e12-3ba1-454d-81f3-b8d2cf876fc3,,8,0
1789774253.022,12,0e7a6e12-3ba1-454d-81f3-b8d2cf876fc3,1789774249.000,8,0
1789774253.100,13,0e7a6e12-3ba1-454d-81f3-b8d2cf876fc3,1789774249.000,8,0
1789774253.446,14,0e7a6e12-3ba1-454d-81f3-b8d2cf876fc3,1789774249.000,8,0
1789774253.549,15,0e7a6e12-3ba1-454d-81f3-b8d2cf876fc3,1789756249.000,8,0
1789774253.549,0,0e7a6e12-3ba1-454d-81f3-b8d2cf876fc3,,8,0
1789774253.718,1,0e7a6e12-3ba1-454d-81f3-b8d2cf876fc3,1789774249.000,8,0
1789774253.877,16,0e7a6e12-3ba1-454d-81f3-b8d2cf876fc3,1789774249.000,8,0
1789774254.000,2,0e7a6e12-3ba1-454d-81f3-b8d2cf876fc3,1789774249.000,8,0
1789774254.031,17,0e7a6e12-3ba1-454d-81f3-b8d2cf876fc3,1789774249.000,8,0
1789774254.102,3,0e7a6e12-3ba1-454d-81f3-b8d2cf876fc3,1789797500.000,8,0
1789774254.102,18,0e7a6e12-3ba1-454d-81f3-b8d2cf876fc3,,8,0
1789774254.365,4,0e7a6e12-3ba1-454d-81f3-b8d2cf876fc3,1789774249.000,8,0
1789774254.721,6,5b1a2f2d-4580-4d4e-983a-243f4433a51a,1789774251.000,5,0
1789774254.721,6,34ffbcfa-aaf9-4986-9445-421320f9aef4,1789774251.000,7,0
1789774254.882,21,5b1a2f2d-4580-4d4e-983a-243f4433a51a,1789774251.000,5,0
1789774254.882,21,34ffbcfa-aaf9-4986-9445-421320f9aef4,1789774251.000,7,0
1789774254.882,21,5104f891-306d-4f0c-8858-c557265404cb,1789774253.000,6,0
1789774255.004,7,5b1a2f2d-4580-4d4e-983a-243f4433a51a,1789774251.000,5,0
1789774255.004,7,5104f891-306d-4f0c-8858-c557265404cb,1789774253.000,6,0
1789774255.035,22,5b1a2f2d-4580-4d4e-983a-243f4433a51a,1789774251.000,5,0
1789774255.035,22,34ffbcfa-aaf9-4986-9445-421320f9aef4,1789774251.000,7,0
1789774255.035,22,5104f891-306d-4f0c-8858-c557265404cb,1789774253.000,6,0
1789774255.108,8,5b1a2f2d-4580-4d4e-983a-243f4433a51a,1789774251.000,5,0
1789774255.108,8,34ffbcfa-aaf9-4986-9445-421320f9aef4,1789774251.000,7,0
1789774255.108,8,5104f891-306d-4f0c-8858-c557265404cb,1789774253.000,6,0
1789774255.272,23,5b1a2f2d-4580-4d4e-983a-243f4433a51a,1789774251.000,5,0
1789774255.272,23,34ffbcfa-aaf9-4986-9445-421320f9aef4,1789774251.000,7,0
1789774255.272,23,5104f891-306d-4f0c-8858-c557265404cb,1789774253.000,6,0
1789774255.371,9,5b1a2f2d-4580-4d4e-983a-243f4433a51a,1789774251.000,5,0
1789774255.371,9,34ffbcfa-aaf9-4986-9445-421320f9aef4,1789774251.000,7,0
1789774255.371,9,5104f891-306d-4f0c-8858-c557265404cb,1789774253.000,6,0
1789774255.466,19,5b1a2f2d-4580-4d4e-983a-243f4433a51a,1789774251.000,5,0
1789774255.466,19,34ffbcfa-aaf9-4986-9445-421320f9aef4,1789774251.000,7,0
1789774255.466,19,5104f891-306d-4f0c-8858-c557265404cb,1789774253.000,6,0
1789774255.516,24,5b1a2f2d-4580-4d4e-983a-243f4433a51a,1789774251.000,5,0
1789774255.516,24,34ffbcfa-aaf9-4986-9445-421320f9aef4,1789774251.000,7,0
1789774255.516,24,5104f891-306d-4f0c-8858-c557265404cb,1789774253.000,6,0
1789774255.561,10,5b1a2f2d-4580-4d4e-983a-243f4433a51a,1789774218.000,5,0
1789774255.561,10,34ffbcfa-aaf9-4986-9445-421320f9aef4,1789774251.000,7,0
1789774255.561,5,34ffbcfa-aaf9-4986-9445-421320f9aef4,,7,0
1789774255.561,5,5104f891-306d-4f0c-8858-c557265404cb,1789774253.000,6,0
1789774255.561,10,5104f891-306d-4f0c-8858-c557265404cb,1789774253.000,6,0
1789774255.607,20,5b1a2f2d-4580-4d4e-983a-243f4433a51a,1789774251.000,5,0
1789774255.607,20,34ffbcfa-aaf9-4986-9445-421320f9aef4,1789774251.000,7,0
1789774255.607,20,5104f891-306d-4f0c-8858-c557265404cb,1789774253.000,6,0
1789774255.728,11,5b1a2f2d-4580-4d4e-983a-243f4433a51a,1789774251.000,5,0
1789774255.728,11,34ffbcfa-aaf9-4986-9445-421320f9aef4,1789774251.000,7,0
1789774255.728,11,5104f891-306d-4f0c-8858-c557265404cb,1789774253.000,6,0
1789774256.040,12,5b1a2f2d-4580-4d4e-983a-243f4433a51a,1789774251.000,5,0
1789774256.040,12,34ffbcfa-aaf9-4986-9445-421320f9aef4,1789774251.000,7,0
1789774256.040,12,5104f891-306d-4f0c-8858-c557265404cb,1789774253.000,6,0
1789774256.109,13,5b1a2f2d-4580-4d4e-983a-243f4433a51a,1789774251.000,5,0
1789774256.109,13,34ffbcfa-aaf9-4986-9445-421320f9aef4,1789774251.000,7,0
1789774256.109,13,5104f891-306d-4f0c-8858-c557265404cb,1789774253.000,6,0
1789774256.468,14,5b1a2f2d-4580-4d4e-983a-243f4433a51a,1789774251.000,5,0
1789774256.468,14,34ffbcfa-aaf9-4986-9445-421320f9aef4,1789774251.000,7,0
1789774256.468,14,5104f891-306d-4f0c-8858-c557265404cb,1789774253.000,6,0
1789774256.566,15,5b1a2f2d-4580-4d4e-983a-243f4433a51a,969751851.000,5,0
1789774256.566,15,34ffbcfa-aaf9-4986-9445-421320f9aef4,1789774251.000,7,0
1789774256.566,15,5104f891-306d-4f0c-8858-c557265404cb,1789774253.000,6,0
1789774256.566,0,5b1a2f2d-4580-4d4e-983a-243f4433a51a,,5,0
1789774256.566,0,34ffbcfa-aaf9-4986-9445-421320f9aef4,1789774251.000,7,0
1789774256.566,0,5104f891-306d-4f0c-8858-c557265404cb,1789774253.000,6,0
1789774256.735,1,5b1a2f2d-4580-4d4e-983a-243f4433a51a,1789774251.000,5,0
1789774256.735,1,34ffbcfa-aaf9-4986-9445-421320f9aef4,1789774251.000,7,0
1789774256.735,1,5104f891-306d-4f0c-8858-c557265404cb,1789774253.000,6,0
1789774256.890,16,5b1a2f2d-4580-4d4e-983a-243f4433a51a,1789774251.000,5,0
1789774256.890,16,34ffbcfa-aaf9-4986-9445-421320f9aef4,1789774251.000,7,0
1789774256.890,16,5104f891-306d-4f0c-8858-c557265404cb,1789774253.000,6,0
1789774257.010,2,5b1a2f2d-4580-4d4e-983a-243f4433a51a,1789774251.000,5,0
1789774257.010,2,34ffbcfa-aaf9-4986-9445-421320f9aef4,1789774251.000,7,0
1789774257.010,2,5104f891-306d-4f0c-8858-c557265404cb,1789774253.000,6,0
1789774257.040,17,5b1a2f2d-4580-4d4e-983a-243f4433a51a,1789774251.000,5,0
1789774257.040,17,34ffbcfa-aaf9-4986-9445-421320f9aef4,1789774251.000,7,0
1789774257.040,17,5104f891-306d-4f0c-8858-c557265404cb,1789774253.000,6,0
1789774257.117,3,5b1a2f2d-4580-4d4e-983a-243f4433a51a,1789774251.000,5,0
1789774257.117,18,5b1a2f2d-4580-4d4e-983a-243f4433a51a,1789774251.000,5,0
1789774257.117,18,34ffbcfa-aaf9-4986-9445-421320f9aef4,1789774251.000,7,0
1789774257.117,3,34ffbcfa-aaf9-4986-9445-421320f9aef4,1789774251.000,7,0
1789774257.117,3,5104f891-306d-4f0c-8858-c557265404cb,1789774253.000,6,0
1789774257.117,18,5104f891-306d-4f0c-8858-c557265404cb,1789774253.000,6,0
1789774257.373,4,5b1a2f2d-4580-4d4e-983a-243f4433a51a,1789774251.000,5,0
1789774257.373,4,34ffbcfa-aaf9-4986-9445-421320f9aef4,1789774251.000,7,0
1789774257.373,4,5104f891-306d-4f0c-8858-c557265404cb,1789774253.000,6,0
1789774257.736,6,727cfa04-c5c6-4c64-824a-6600a05e591d,1789774255.000,24,0
1789774257.736,6,ec345faf-06ca-4d81-93da-8b234edac888,1789774255.000,20,0
1789774257.893,21,727cfa04-c5c6-4c64-824a-6600a05e591d,1789774255.000,24,0
1789774257.893,21,ec345faf-06ca-4d81-93da-8b234edac888,1789774255.000,20,0
1789774258.016,7,727cfa04-c5c6-4c64-824a-6600a05e591d,1789774255.000,24,0
1789774258.016,7,ec345faf-06ca-4d81-93da-8b234edac888,1789774255.000,20,0
1789774258.049,22,727cfa04-c5c6-4c64-824a-6600a05e591d,1789774255.000,24,0
1789774258.049,22,ec345faf-06ca-4d81-93da-8b234edac888,1789774255.000,20,0
1789774258.125,8,727cfa04-c5c6-4c64-824a-6600a05e591d,1789774255.000,24,0
1789774258.125,8,ec345faf-06ca-4d81-93da-8b234edac888,1789774255.000,20,0
1789774258.284,23,727cfa04-c5c6-4c64-824a-6600a05e591d,1789774255.000,24,0
1789774258.284,23,ec345faf-06ca-4d81-93da-8b234edac888,1789774255.000,20,0
1789774258.374,9,727cfa04-c5c6-4c64-824a-6600a05e591d,1789774255.000,24,0
1789774258.374,9,ec345faf-06ca-4d81-93da-8b234edac888,1789774255.000,20,0
1789774258.479,19,727cfa04-c5c6-4c64-824a-6600a05e591d,1789774255.000,24,0
1789774258.479,19,ec345faf-06ca-4d81-93da-8b234edac888,1789774255.000,20,0
1789774258.543,24,ec345faf-06ca-4d81-93da-8b234edac888,1789774255.000,20,0
1789774258.569,10,727cfa04-c5c6-4c64-824a-6600a05e591d,1789774255.000,24,0
1789774258.569,10,ec345faf-06ca-4d81-93da-8b234edac888,1789774255.000,20,0
1789774258.569,5,727cfa04-c5c6-4c64-824a-6600a05e591d,1789774255.000,24,0
1789774258.569,5,ec345faf-06ca-4d81-93da-8b234edac888,1789774255.000,20,0
1789774258.626,20,727cfa04-c5c6-4c64-824a-6600a05e591d,1789774255.000,24,0
1789774258.743,11,727cfa04-c5c6-4c64-824a-6600a05e591d,1789774255.000,24,0
1789774258.743,11,ec345faf-06ca-4d81-93da-8b234edac888,1789774255.000,20,0
1789774259.050,12,727cfa04-c5c6-4c64-824a-6600a05e591d,1789774255.000,24,0
1789774259.050,12,ec345faf-06ca-4d81-93da-8b234edac888,1789774255.000,20,0
1789774259.129,13,727cfa04-c5c6-4c64-824a-6600a05e591d,1789774255.000,24,0
1789774259.129,13,ec345faf-06ca-4d81-93da-8b234edac888,1789774255.000,20,0
1789774259.488,14,727cfa04-c5c6-4c64-824a-6600a05e591d,1789774255.000,24,0
1789774259.488,14,ec345faf-06ca-4d81-93da-8b234edac888,1789774255.000,20,0
1789774259.578,15,727cfa04-c5c6-4c64-824a-6600a05e591d,1790811055.000,24,0
1789774259.578,15,ec345faf-06ca-4d81-93da-8b234edac888,1789774255.000,20,0
1789774259.578,0,727cfa04-c5c6-4c64-824a-6600a05e591d,,24,0
1789774259.578,0,ec345faf-06ca-4d81-93da-8b234edac888,1789774255.000,20,0
1789774259.748,1,727cfa04-c5c6-4c64-824a-6600a05e591d,1789774255.000,24,0
1789774259.748,1,ec345faf-06ca-4d81-93da-8b234edac888,1789774255.000,20,0
1789774259.907,16,727cfa04-c5c6-4c64-824a-6600a05e591d,1789774255.000,24,0
1789774259.907,16,ec345faf-06ca-4d81-93da-8b234edac888,1789774255.000,20,0
1789774260.021,2,727cfa04-c5c6-4c64-824a-6600a05e591d,1789774255.000,24,0
1789774260.021,2,ec345faf-06ca-4d81-93da-8b234edac888,1789774255.000,20,0
1789774260.055,17,727cfa04-c5c6-4c64-824a-6600a05e591d,1789774255.000,24,0
1789774260.055,17,ec345faf-06ca-4d81-93da-8b234edac888,1789774255.000,20,0
1789774260.139,18,727cfa04-c5c6-4c64-824a-6600a05e591d,1789774230.000,24,0
1789774260.139,3,727cfa04-c5c6-4c64-824a-6600a05e591d,,24,0
1789774260.139,3,ec345faf-06ca-4d81-93da-8b234edac888,1789774255.000,20,0
1789774260.139,18,ec345faf-06ca-4d81-93da-8b234edac888,1789774255.000,20,0
1789774260.382,4,727cfa04-c5c6-4c64-824a-6600a05e591d,1789774255.000,24,0
1789774260.382,4,ec345faf-06ca-4d81-93da-8b234edac888,1789774255.000,20,0
1789774260.756,6,f2d9145f-a26c-432a-8fb6-cb6b342544db,1789774257.000,11,0
1789774260.756,6,d181d69b-36a8-48c6-8d80-690fe06ded04,1789774258.000,4,0
1789774260.756,6,b6af9a49-4a82-4544-ba0d-712699fa9031,1789774258.000,9,0
1789774260.756,6,67bb1a3d-ccc5-424c-b97a-5b1ca57bc736,1789774259.000,19,0
1789774260.756,6,87770d10-d402-4e2c-bab5-4fadddb384c4,1789774260.000,1,0
1789774260.917,21,f2d9145f-a26c-432a-8fb6-cb6b342544db,1789774257.000,11,0
1789774260.917,21,d181d69b-36a8-48c6-8d80-690fe06ded04,1789774258.000,4,0
1789774260.917,21,b6af9a49-4a82-4544-ba0d-712699fa9031,1789774258.000,9,0
1789774260.917,21,67bb1a3d-ccc5-424c-b97a-5b1ca57bc736,1789774259.000,19,0
1789774260.917,21,87770d10-d402-4e2c-bab5-4fadddb384c4,1789774260.000,1,0
1789774261.025,7,f2d9145f-a26c-432a-8fb6-cb6b342544db,1789774257.000,11,0
1789774261.025,7,d181d69b-36a8-48c6-8d80-690fe06ded04,1789774258.000,4,0
1789774261.025,7,b6af9a49-4a82-4544-ba0d-712699fa9031,1789774258.000,9,0
1789774261.025,7,67bb1a3d-ccc5-424c-b97a-5b1ca57bc736,1789774259.000,19,0
1789774261.025,7,87770d10-d402-4e2c-bab5-4fadddb384c4,1789774260.000,1,0
1789774261.055,22,f2d9145f-a26c-432a-8fb6-cb6b342544db,1789774257.000,11,0
1789774261.055,22,d181d69b-36a8-48c6-8d80-690fe06ded04,1789774258.000,4,0
1789774261.055,22,b6af9a49-4a82-4544-ba0d-712699fa9031,1789774258.000,9,0
1789774261.055,22,67bb1a3d-ccc5-424c-b97a-5b1ca57bc736,1789774259.000,19,0
1789774261.055,22,87770d10-d402-4e2c-bab5-4fadddb384c4,1789774260.000,1,0
1789774261.149,8,f2d9145f-a26c-432a-8fb6-cb6b342544db,1789774257.000,11,0
1789774261.149,8,d181d69b-36a8-48c6-8d80-690fe06ded04,1789774258.000,4,0
1789774261.149,8,b6af9a49-4a82-4544-ba0d-712699fa9031,1789774258.000,9,0
1789774261.149,8,67bb1a3d-ccc5-424c-b97a-5b1ca57bc736,1789774259.000,19,0
1789774261.149,8,87770d10-d402-4e2c-bab5-4fadddb384c4,1789774260.000,1,0
1789774261.305,23,f2d9145f-a26c-432a-8fb6-cb6b342544db,1789774257.000,11,0
1789774261.305,23,d181d69b-36a8-48c6-8d80-690fe06ded04,1789774258.000,4,0
1789774261.305,23,b6af9a49-4a82-4544-ba0d-712699fa9031,1789774258.000,9,0
1789774261.305,23,67bb1a3d-ccc5-424c-b97a-5b1ca57bc736,1789774259.000,19,0
1789774261.305,23,87770d10-d402-4e2c-bab5-4fadddb384c4,1789774260.000,1,0
1789774261.387,9,f2d9145f-a26c-432a-8fb6-cb6b342544db,1789774257.000,11,0
1789774261.387,9,d181d69b-36a8-48c6-8d80-690fe06ded04,1789774258.000,4,0
1789774261.387,9,67bb1a3d-ccc5-424c-b97a-5b1ca57bc736,1789774259.000,19,0
1789774261.387,9,87770d10-d402-4e2c-bab5-4fadddb384c4,1789774260.000,1,0
1789774261.508,19,f2d9145f-a26c-432a-8fb6-cb6b342544db,1789774257.000,11,0
1789774261.508,19,d181d69b-36a8-48c6-8d80-690fe06ded04,1789774258.000,4,0
1789774261.508,19,b6af9a49-4a82-4544-ba0d-712699fa9031,1789774258.000,9,0
1789774261.508,19,87770d10-d402-4e2c-bab5-4fadddb384c4,1789774260.000,1,0
1789774261.562,24,f2d9145f-a26c-432a-8fb6-cb6b342544db,1789774257.000,11,0
1789774261.562,24,d181d69b-36a8-48c6-8d80-690fe06ded04,1789774258.000,4,0
1789774261.562,24,b6af9a49-4a82-4544-ba0d-712699fa9031,1789774258.000,9,0
1789774261.562,24,67bb1a3d-ccc5-424c-b97a-5b1ca57bc736,1789774259.000,19,0
1789774261.562,24,87770d10-d402-4e2c-bab5-4fadddb384c4,1789774260.000,1,0
1789774261.591,5,f2d9145f-a26c-432a-8fb6-cb6b342544db,1837449057.000,11,0
1789774261.591,5,d181d69b-36a8-48c6-8d80-690fe06ded04,1789774258.000,4,0
1789774261.591,5,b6af9a49-4a82-4544-ba0d-712699fa9031,1789774258.000,9,0
1789774261.591,5,67bb1a3d-ccc5-424c-b97a-5b1ca57bc736,1789774259.000,19,0
1789774261.591,5,87770d10-d402-4e2c-bab5-4fadddb384c4,1789774260.000,1,0
1789774261.591,10,f2d9145f-a26c-432a-8fb6-cb6b342544db,-61860328143.000,11,0
1789774261.591,10,d181d69b-36a8-48c6-8d80-690fe06ded04,1789774258.000,4,0
1789774261.591,10,b6af9a49-4a82-4544-ba0d-712699fa9031,1789774258.000,9,0
1789774261.591,10,67bb1a3d-ccc5-424c-b97a-5b1ca57bc736,1789774259.000,19,0
1789774261.591,10,87770d10-d402-4e2c-bab5-4fadddb384c4,1789774260.000,1,0
1789774261.638,20,f2d9145f-a26c-432a-8fb6-cb6b342544db,1789774257.000,11,0
1789774261.638,20,d181d69b-36a8-48c6-8d80-690fe06ded04,1789774258.000,4,0
1789774261.638,20,b6af9a49-4a82-4544-ba0d-712699fa9031,1789774258.000,9,0
1789774261.638,20,67bb1a3d-ccc5-424c-b97a-5b1ca57bc736,1789774259.000,19,0
1789774261.638,20,87770d10-d402-4e2c-bab5-4fadddb384c4,1789774260.000,1,0
1789774261.757,11,d181d69b-36a8-48c6-8d80-690fe06ded04,1789774258.000,4,0
1789774261.757,11,b6af9a49-4a82-4544-ba0d-712699fa9031,1789774258.000,9,0
1789774261.757,11,67bb1a3d-ccc5-424c-b97a-5b1ca57bc736,1789774259.000,19,0
1789774261.757,11,87770d10-d402-4e2c-bab5-4fadddb384c4,1789774260.000,1,0
1789774262.065,12,f2d9145f-a26c-432a-8fb6-cb6b342544db,1789774257.000,11,0
1789774262.065,12,d181d69b-36a8-48c6-8d80-690fe06ded04,1789774258.000,4,0
1789774262.065,12,b6af9a49-4a82-4544-ba0d-712699fa9031,1789774258.000,9,0
1789774262.065,12,67bb1a3d-ccc5-424c-b97a-5b1ca57bc736,1789774259.000,19,0
1789774262.065,12,87770d10-d402-4e2c-bab5-4fadddb384c4,1789774260.000,1,0
1789774262.155,13,f2d9145f-a26c-432a-8fb6-cb6b342544db,1789774257.000,11,0
1789774262.155,13,d181d69b-36a8-48c6-8d80-690fe06ded04,1789774258.000,4,0
1789774262.155,13,b6af9a49-4a82-4544-ba0d-712699fa9031,1789774258.000,9,0
1789774262.155,13,67bb1a3d-ccc5-424c-b97a-5b1ca57bc736,1789774259.000,19,0
1789774262.155,13,87770d10-d402-4e2c-bab5-4fadddb384c4,1789774260.000,1,0
1789774262.515,14,f2d9145f-a26c-432a-8fb6-cb6b342544db,1789774257.000,11,0
1789774262.515,14,d181d69b-36a8-48c6-8d80-690fe06ded04,1789774258.000,4,0
1789774262.515,14,b6af9a49-4a82-4544-ba0d-712699fa9031,1789774258.000,9,0
1789774262.515,14,67bb1a3d-ccc5-424c-b97a-5b1ca57bc736,1789774259.000,19,0
1789774262.515,14,87770d10-d402-4e2c-bab5-4fadddb384c4,1789774260.000,1,0
1789774262.596,0,f2d9145f-a26c-432a-8fb6-cb6b342544db,2835652476657.000,11,0
1789774262.596,0,d181d69b-36a8-48c6-8d80-690fe06ded04,1789774258.000,4,0
1789774262.596,0,b6af9a49-4a82-4544-ba0d-712699fa9031,1789774258.000,9,0
1789774262.596,0,67bb1a3d-ccc5-424c-b97a-5b1ca57bc736,1789774259.000,19,0
1789774262.596,0,87770d10-d402-4e2c-bab5-4fadddb384c4,1789774260.000,1,0
1789774262.596,15,f2d9145f-a26c-432a-8fb6-cb6b342544db,2835652476657.000,11,0
1789774262.596,15,d181d69b-36a8-48c6-8d80-690fe06ded04,1789774258.000,4,0
1789774262.596,15,b6af9a49-4a82-4544-ba0d-712699fa9031,1789774258.000,9,0
1789774262.596,15,67bb1a3d-ccc5-424c-b97a-5b1ca57bc736,1789774259.000,19,0
1789774262.596,15,87770d10-d402-4e2c-bab5-4fadddb384c4,1789774260.000,1,0
1789774262.766,1,f2d9145f-a26c-432a-8fb6-cb6b342544db,1789774257.000,11,0
1789774262.766,1,d181d69b-36a8-48c6-8d80-690fe06ded04,1789774258.000,4,0
1789774262.766,1,b6af9a49-4a82-4544-ba0d-712699fa9031,1789774258.000,9,0
1789774262.766,1,67bb1a3d-ccc5-424c-b97a-5b1ca57bc736,1789774259.000,19,0
1789774262.931,16,f2d9145f-a26c-432a-8fb6-cb6b342544db,1789774257.000,11,0
1789774262.931,16,d181d69b-36a8-48c6-8d80-690fe06ded04,1789774258.000,4,0
1789774262.931,16,b6af9a49-4a82-4544-ba0d-712699fa9031,1789774258.000,9,0
1789774262.931,16,67bb1a3d-ccc5-424c-b97a-5b1ca57bc736,1789774259.000,19,0
1789774262.931,16,87770d10-d402-4e2c-bab5-4fadddb384c4,1789774260.000,1,0
1789774263.029,2,f2d9145f-a26c-432a-8fb6-cb6b342544db,1789774257.000,11,0
1789774263.029,2,d181d69b-36a8-48c6-8d80-690fe06ded04,1789774258.000,4,0
1789774263.029,2,b6af9a49-4a82-4544-ba0d-712699fa9031,1789774258.000,9,0
1789774263.029,2,67bb1a3d-ccc5-424c-b97a-5b1ca57bc736,1789774259.000,19,0
1789774263.029,2,87770d10-d402-4e2c-bab5-4fadddb384c4,1789774260.000,1,0
1789774263.074,17,f2d9145f-a26c-432a-8fb6-cb6b342544db,1789774257.000,11,0
1789774263.074,17,d181d69b-36a8-48c6-8d80-690fe06ded04,1789774258.000,4,0
1789774263.074,17,b6af9a49-4a82-4544-ba0d-712699fa9031,1789774258.000,9,0
1789774263.074,17,67bb1a3d-ccc5-424c-b97a-5b1ca57bc736,1789774259.000,19,0
1789774263.074,17,87770d10-d402-4e2c-bab5-4fadddb384c4,1789774260.000,1,0
1789774263.164,18,f2d9145f-a26c-432a-8fb6-cb6b342544db,1789773810.000,11,0
1789774263.164,3,f2d9145f-a26c-432a-8fb6-cb6b342544db,,11,0
1789774263.164,3,d181d69b-36a8-48c6-8d80-690fe06ded04,1789774258.000,4,0
1789774263.164,3,b6af9a49-4a82-4544-ba0d-712699fa9031,1789774258.000,9,0
1789774263.164,3,67bb1a3d-ccc5-424c-b97a-5b1ca57bc736,1789774259.000,19,0
1789774263.164,3,87770d10-d402-4e2c-bab5-4fadddb384c4,1789774260.000,1,0
1789774263.164,18,d181d69b-36a8-48c6-8d80-690fe06ded04,1789774258.000,4,0
1789774263.164,18,b6af9a49-4a82-4544-ba0d-712699fa9031,1789774258.000,9,0
1789774263.164,18,67bb1a3d-ccc5-424c-b97a-5b1ca57bc736,1789774259.000,19,0
1789774263.164,18,87770d10-d402-4e2c-bab5-4fadddb384c4,1789774260.000,1,0
1789774263.390,4,f2d9145f-a26c-432a-8fb6-cb6b342544db,1789774257.000,11,0
1789774263.390,4,b6af9a49-4a82-4544-ba0d-712699fa9031,1789774258.000,9,0
1789774263.390,4,67bb1a3d-ccc5-424c-b97a-5b1ca57bc736,1789774259.000,19,0
1789774263.390,4,87770d10-d402-4e2c-bab5-4fadddb384c4,1789774260.000,1,0
1789774263.767,6,72d43609-967b-4474-bd20-d0e1c2108da7,1789774261.000,22,0
1789774263.767,6,fee97568-fd5f-4748-b947-832dfd354c04,1789774262.000,23,0
1789774263.767,6,cc1c9a09-8640-4bd6-9b30-6b85ece02a38,1789774262.000,17,0
1789774263.939,21,72d43609-967b-4474-bd20-d0e1c2108da7,1789774261.000,22,0
1789774263.939,21,fee97568-fd5f-4748-b947-832dfd354c04,1789774262.000,23,0
1789774263.939,21,cc1c9a09-8640-4bd6-9b30-6b85ece02a38,1789774262.000,17,0
1789774264.034,7,72d43609-967b-4474-bd20-d0e1c2108da7,1789774261.000,22,0
1789774264.034,7,fee97568-fd5f-4748-b947-832dfd354c04,1789774262.000,23,0
1789774264.034,7,cc1c9a09-8640-4bd6-9b30-6b85ece02a38,1789774262.000,17,0
1789774264.083,22,fee97568-fd5f-4748-b947-832dfd354c04,1789774262.000,23,0
1789774264.083,22,cc1c9a09-8640-4bd6-9b30-6b85ece02a38,1789774262.000,17,0
1789774264.172,8,72d43609-967b-4474-bd20-d0e1c2108da7,1789774261.000,22,0
1789774264.172,8,fee97568-fd5f-4748-b947-832dfd354c04,1789774262.000,23,0
1789774264.172,8,cc1c9a09-8640-4bd6-9b30-6b85ece02a38,1789774262.000,17,0
1789774264.331,23,72d43609-967b-4474-bd20-d0e1c2108da7,1789774261.000,22,0
1789774264.331,23,cc1c9a09-8640-4bd6-9b30-6b85ece02a38,1789774262.000,17,0
1789774264.395,9,72d43609-967b-4474-bd20-d0e1c2108da7,1789774261.000,22,0
1789774264.395,9,fee97568-fd5f-4748-b947-832dfd354c04,1789774262.000,23,0
1789774264.395,9,cc1c9a09-8640-4bd6-9b30-6b85ece02a38,1789774262.000,17,0
1789774264.520,19,72d43609-967b-4474-bd20-d0e1c2108da7,1789774261.000,22,0
1789774264.520,19,fee97568-fd5f-4748-b947-832dfd354c04,1789774262.000,23,0
1789774264.520,19,cc1c9a09-8640-4bd6-9b30-6b85ece02a38,1789774262.000,17,0
1789774264.575,24,72d43609-967b-4474-bd20-d0e1c2108da7,1789774261.000,22,0
1789774264.575,24,fee97568-fd5f-4748-b947-832dfd354c04,1789774262.000,23,0
1789774264.575,24,cc1c9a09-8640-4bd6-9b30-6b85ece02a38,1789774262.000,17,0
1789774264.612,5,72d43609-967b-4474-bd20-d0e1c2108da7,1789756261.000,22,0
1789774264.612,5,fee97568-fd5f-4748-b947-832dfd354c04,1789774262.000,23,0
1789774264.612,5,cc1c9a09-8640-4bd6-9b30-6b85ece02a38,1789774262.000,17,0
1789774264.612,10,72d43609-967b-4474-bd20-d0e1c2108da7,,22,0
1789774264.612,10,fee97568-fd5f-4748-b947-832dfd354c04,1789774262.000,23,0
1789774264.612,10,cc1c9a09-8640-4bd6-9b30-6b85ece02a38,1789774262.000,17,0
1789774264.645,20,72d43609-967b-4474-bd20-d0e1c2108da7,1789774261.000,22,0
1789774264.645,20,fee97568-fd5f-4748-b947-832dfd354c04,1789774262.000,23,0
1789774264.645,20,cc1c9a09-8640-4bd6-9b30-6b85ece02a38,1789774262.000,17,0
1789774264.774,11,72d43609-967b-4474-bd20-d0e1c2108da7,1789774261.000,22,0
1789774264.774,11,fee97568-fd5f-4748-b947-832dfd354c04,1789774262.000,23,0
1789774264.774,11,cc1c9a09-8640-4bd6-9b30-6b85ece02a38,1789774262.000,17,0
1789774265.093,12,72d43609-967b-4474-bd20-d0e1c2108da7,1789774261.000,22,0
1789774265.093,12,fee97568-fd5f-4748-b947-832dfd354c04,1789774262.000,23,0
1789774265.093,12,cc1c9a09-8640-4bd6-9b30-6b85ece02a38,1789774262.000,17,0
1789774265.181,13,72d43609-967b-4474-bd20-d0e1c2108da7,1789774261.000,22,0
1789774265.181,13,fee97568-fd5f-4748-b947-832dfd354c04,1789774262.000,23,0
1789774265.181,13,cc1c9a09-8640-4bd6-9b30-6b85ece02a38,1789774262.000,17,0
1789774265.528,14,72d43609-967b-4474-bd20-d0e1c2108da7,1789774261.000,22,0
1789774265.528,14,fee97568-fd5f-4748-b947-832dfd354c04,1789774262.000,23,0
1789774265.528,14,cc1c9a09-8640-4bd6-9b30-6b85ece02a38,1789774262.000,17,0
1789774265.621,0,72d43609-967b-4474-bd20-d0e1c2108da7,1788978211.000,22,0
1789774265.621,0,fee97568-fd5f-4748-b947-832dfd354c04,1789774262.000,23,0
1789774265.621,0,cc1c9a09-8640-4bd6-9b30-6b85ece02a38,1789774262.000,17,0
1789774265.621,15,72d43609-967b-4474-bd20-d0e1c2108da7,,22,0
1789774265.621,15,fee97568-fd5f-4748-b947-832dfd354c04,1789774262.000,23,0
1789774265.621,15,cc1c9a09-8640-4bd6-9b30-6b85ece02a38,1789774262.000,17,0
1789774265.775,1,72d43609-967b-4474-bd20-d0e1c2108da7,1789774261.000,22,0
1789774265.775,1,fee97568-fd5f-4748-b947-832dfd354c04,1789774262.000,23,0
1789774265.775,1,cc1c9a09-8640-4bd6-9b30-6b85ece02a38,1789774262.000,17,0
1789774265.956,16,72d43609-967b-4474-bd20-d0e1c2108da7,1789774261.000,22,0
1789774265.956,16,fee97568-fd5f-4748-b947-832dfd354c04,1789774262.000,23,0
1789774265.956,16,cc1c9a09-8640-4bd6-9b30-6b85ece02a38,1789774262.000,17,0
1789774266.035,2,72d43609-967b-4474-bd20-d0e1c2108da7,1789774261.000,22,0
1789774266.035,2,fee97568-fd5f-4748-b947-832dfd354c04,1789774262.000,23,0
1789774266.035,2,cc1c9a09-8640-4bd6-9b30-6b85ece02a38,1789774262.000,17,0
1789774266.103,17,72d43609-967b-4474-bd20-d0e1c2108da7,1789774261.000,22,0
1789774266.103,17,fee97568-fd5f-4748-b947-832dfd354c04,1789774262.000,23,0
1789774266.182,18,72d43609-967b-4474-bd20-d0e1c2108da7,1789774261.000,22,0
1789774266.182,18,fee97568-fd5f-4748-b947-832dfd354c04,1789774262.000,23,0
1789774266.182,18,cc1c9a09-8640-4bd6-9b30-6b85ece02a38,1789774262.000,17,0
1789774266.182,3,72d43609-967b-4474-bd20-d0e1c2108da7,,22,0
1789774266.182,3,fee97568-fd5f-4748-b947-832dfd354c04,1789774262.000,23,0
1789774266.182,3,cc1c9a09-8640-4bd6-9b30-6b85ece02a38,1789774262.000,17,0
1789774266.398,4,72d43609-967b-4474-bd20-d0e1c2108da7,1789774261.000,22,0
1789774266.398,4,fee97568-fd5f-4748-b947-832dfd354c04,1789774262.000,23,0
1789774266.398,4,cc1c9a09-8640-4bd6-9b30-6b85ece02a38,1789774262.000,17,0
1789774266.782,6,92338c89-a6b3-4457-9764-3aa542875b43,1789774264.000,2,0
1789774266.782,6,078e2125-bfb4-48cf-843c-407e47663967,1789774264.000,18,0
1789774266.782,6,811cbc51-dcb5-4ce2-b586-acf8f414520a,1789774264.000,12,0
1789774266.964,21,92338c89-a6b3-4457-9764-3aa542875b43,1789774264.000,2,0
1789774266.964,21,078e2125-bfb4-48cf-843c-407e47663967,1789774264.000,18,0
1789774266.964,21,811cbc51-dcb5-4ce2-b586-acf8f414520a,1789774264.000,12,0
1789774267.040,7,92338c89-a6b3-4457-9764-3aa542875b43,1789774264.000,2,0
1789774267.040,7,078e2125-bfb4-48cf-843c-407e47663967,1789774264.000,18,0
1789774267.040,7,811cbc51-dcb5-4ce2-b586-acf8f414520a,1789774264.000,12,0
1789774267.108,22,92338c89-a6b3-4457-9764-3aa542875b43,1789774264.000,2,0
1789774267.108,22,078e2125-bfb4-48cf-843c-407e47663967,1789774264.000,18,0
1789774267.108,22,811cbc51-dcb5-4ce2-b586-acf8f414520a,1789774264.000,12,0
1789774267.190,8,92338c89-a6b3-4457-9764-3aa542875b43,1789774264.000,2,0
1789774267.190,8,078e2125-bfb4-48cf-843c-407e47663967,1789774264.000,18,0
1789774267.190,8,811cbc51-dcb5-4ce2-b586-acf8f414520a,1789774264.000,12,0
1789774267.355,23,92338c89-a6b3-4457-9764-3aa542875b43,1789774264.000,2,0
1789774267.355,23,078e2125-bfb4-48cf-843c-407e47663967,1789774264.000,18,0
1789774267.355,23,811cbc51-dcb5-4ce2-b586-acf8f414520a,1789774264.000,12,0
1789774267.405,9,92338c89-a6b3-4457-9764-3aa542875b43,1789774264.000,2,0
1789774267.405,9,078e2125-bfb4-48cf-843c-407e47663967,1789774264.000,18,0
1789774267.405,9,811cbc51-dcb5-4ce2-b586-acf8f414520a,1789774264.000,12,0
1789774267.547,19,92338c89-a6b3-4457-9764-3aa542875b43,1789774264.000,2,0
1789774267.547,19,078e2125-bfb4-48cf-843c-407e47663967,1789774264.000,18,0
1789774267.547,19,811cbc51-dcb5-4ce2-b586-acf8f414520a,1789774264.000,12,0
1789774267.583,24,92338c89-a6b3-4457-9764-3aa542875b43,1789774264.000,2,0
1789774267.583,24,078e2125-bfb4-48cf-843c-407e47663967,1789774264.000,18,0
1789774267.583,24,811cbc51-dcb5-4ce2-b586-acf8f414520a,1789774264.000,12,0
1789774267.636,10,92338c89-a6b3-4457-9764-3aa542875b43,1789803064.000,2,0
1789774267.636,10,078e2125-bfb4-48cf-843c-407e47663967,1789774264.000,18,0
1789774267.636,10,811cbc51-dcb5-4ce2-b586-acf8f414520a,1789774264.000,12,0
1789774267.636,5,92338c89-a6b3-4457-9764-3aa542875b43,,2,0
1789774267.636,5,078e2125-bfb4-48cf-843c-407e47663967,1789774264.000,18,0
1789774267.636,5,811cbc51-dcb5-4ce2-b586-acf8f414520a,1789774264.000,12,0
1789774267.654,20,92338c89-a6b3-4457-9764-3aa542875b43,1789774264.000,2,0
1789774267.654,20,078e2125-bfb4-48cf-843c-407e47663967,1789774264.000,18,0
1789774267.654,20,811cbc51-dcb5-4ce2-b586-acf8f414520a,1789774264.000,12,0
1789774267.791,11,92338c89-a6b3-4457-9764-3aa542875b43,1789774264.000,2,0
1789774267.791,11,078e2125-bfb4-48cf-843c-407e47663967,1789774264.000,18,0
1789774267.791,11,811cbc51-dcb5-4ce2-b586-acf8f414520a,1789774264.000,12,0
1789774268.115,12,92338c89-a6b3-4457-9764-3aa542875b43,1789774264.000,2,0
1789774268.115,12,078e2125-bfb4-48cf-843c-407e47663967,1789774264.000,18,0
1789774268.193,13,92338c89-a6b3-4457-9764-3aa542875b43,1789774264.000,2,0
1789774268.193,13,078e2125-bfb4-48cf-843c-407e47663967,1789774264.000,18,0
1789774268.193,13,811cbc51-dcb5-4ce2-b586-acf8f414520a,1789774264.000,12,0
1789774268.556,14,92338c89-a6b3-4457-9764-3aa542875b43,1789774264.000,2,0
1789774268.556,14,078e2125-bfb4-48cf-843c-407e47663967,1789774264.000,18,0
1789774268.556,14,811cbc51-dcb5-4ce2-b586-acf8f414520a,1789774264.000,12,0
1789774268.640,0,92338c89-a6b3-4457-9764-3aa542875b43,1789723864.000,2,0
1789774268.640,0,078e2125-bfb4-48cf-843c-407e47663967,1789774264.000,18,0
1789774268.640,0,811cbc51-dcb5-4ce2-b586-acf8f414520a,1789774264.000,12,0
1789774268.640,15,92338c89-a6b3-4457-9764-3aa542875b43,,2,0
1789774268.640,15,078e2125-bfb4-48cf-843c-407e47663967,1789774264.000,18,0
1789774268.640,15,811cbc51-dcb5-4ce2-b586-acf8f414520a,1789774264.000,12,0
1789774268.793,1,92338c89-a6b3-4457-9764-3aa542875b43,1789774264.000,2,0
1789774268.793,1,078e2125-bfb4-48cf-843c-407e47663967,1789774264.000,18,0
1789774268.793,1,811cbc51-dcb5-4ce2-b586-acf8f414520a,1789774264.000,12,0
1789774268.971,16,92338c89-a6b3-4457-9764-3aa542875b43,1789774264.000,2,0
1789774268.971,16,078e2125-bfb4-48cf-843c-407e47663967,1789774264.000,18,0
1789774268.971,16,811cbc51-dcb5-4ce2-b586-acf8f414520a,1789774264.000,12,0
1789774269.053,2,078e2125-bfb4-48cf-843c-407e47663967,1789774264.000,18,0
1789774269.053,2,811cbc51-dcb5-4ce2-b586-acf8f414520a,1789774264.000,12,0
1789774269.115,17,92338c89-a6b3-4457-9764-3aa542875b43,1789774264.000,2,0
1789774269.115,17,078e2125-bfb4-48cf-843c-407e47663967,1789774264.000,18,0
1789774269.115,17,811cbc51-dcb5-4ce2-b586-acf8f414520a,1789774264.000,12,0
1789774269.198,18,92338c89-a6b3-4457-9764-3aa542875b43,1813361483.000,2,0
1789774269.198,3,92338c89-a6b3-4457-9764-3aa542875b43,,2,0
1789774269.198,3,078e2125-bfb4-48cf-843c-407e47663967,1789774264.000,18,0
1789774269.198,3,811cbc51-dcb5-4ce2-b586-acf8f414520a,1789774264.000,12,0
1789774269.198,18,811cbc51-dcb5-4ce2-b586-acf8f414520a,1789774264.000,12,0
1789774269.410,4,92338c89-a6b3-4457-9764-3aa542875b43,1789774264.000,2,0
1789774269.410,4,078e2125-bfb4-48cf-843c-407e47663967,1789774264.000,18,0
1789774269.410,4,811cbc51-dcb5-4ce2-b586-acf8f414520a,1789774264.000,12,0
1789774269.664,20,c5c93938-5d16-42c0-a73e-c1a078e8fafb,1789774268.000,13,0
1789774269.664,20,b953cce8-18b6-4f0e-a74a-326cc526c4a6,1789774268.000,3,0
1789774269.799,6,c5c93938-5d16-42c0-a73e-c1a078e8fafb,1789774268.000,13,0
1789774269.799,6,b953cce8-18b6-4f0e-a74a-326cc526c4a6,1789774268.000,3,0
1789774269.977,21,c5c93938-5d16-42c0-a73e-c1a078e8fafb,1789774268.000,13,0
1789774269.977,21,b953cce8-18b6-4f0e-a74a-326cc526c4a6,1789774268.000,3,0
1789774270.060,7,c5c93938-5d16-42c0-a73e-c1a078e8fafb,1789774268.000,13,0
1789774270.060,7,b953cce8-18b6-4f0e-a74a-326cc526c4a6,1789774268.000,3,0
1789774270.118,22,c5c93938-5d16-42c0-a73e-c1a078e8fafb,1789774268.000,13,0
1789774270.118,22,b953cce8-18b6-4f0e-a74a-326cc526c4a6,1789774268.000,3,0
1789774270.199,8,c5c93938-5d16-42c0-a73e-c1a078e8fafb,1789774268.000,13,0
1789774270.199,8,b953cce8-18b6-4f0e-a74a-326cc526c4a6,1789774268.000,3,0
1789774270.373,23,c5c93938-5d16-42c0-a73e-c1a078e8fafb,1789774268.000,13,0
1789774270.373,23,b953cce8-18b6-4f0e-a74a-326cc526c4a6,1789774268.000,3,0
1789774270.418,9,c5c93938-5d16-42c0-a73e-c1a078e8fafb,1789774268.000,13,0
1789774270.418,9,b953cce8-18b6-4f0e-a74a-326cc526c4a6,1789774268.000,3,0
1789774270.565,19,c5c93938-5d16-42c0-a73e-c1a078e8fafb,1789774268.000,13,0
1789774270.565,19,b953cce8-18b6-4f0e-a74a-326cc526c4a6,1789774268.000,3,0
1789774270.600,24,c5c93938-5d16-42c0-a73e-c1a078e8fafb,1789774268.000,13,0
1789774270.600,24,b953cce8-18b6-4f0e-a74a-326cc526c4a6,1789774268.000,3,0
1789774270.652,5,c5c93938-5d16-42c0-a73e-c1a078e8fafb,-57116622532.000,13,0
1789774270.652,10,c5c93938-5d16-42c0-a73e-c1a078e8fafb,-57116622532.000,13,0
1789774270.652,5,b953cce8-18b6-4f0e-a74a-326cc526c4a6,1789774268.000,3,0
1789774270.652,10,b953cce8-18b6-4f0e-a74a-326cc526c4a6,1789774268.000,3,0
1789774270.804,11,c5c93938-5d16-42c0-a73e-c1a078e8fafb,1789774268.000,13,0
1789774270.804,11,b953cce8-18b6-4f0e-a74a-326cc526c4a6,1789774268.000,3,0
1789774271.128,12,c5c93938-5d16-42c0-a73e-c1a078e8fafb,1789774268.000,13,0
1789774271.128,12,b953cce8-18b6-4f0e-a74a-326cc526c4a6,1789774268.000,3,0
1789774271.207,13,b953cce8-18b6-4f0e-a74a-326cc526c4a6,1789774268.000,3,0
1789774271.568,14,c5c93938-5d16-42c0-a73e-c1a078e8fafb,1789774268.000,13,0
1789774271.568,14,b953cce8-18b6-4f0e-a74a-326cc526c4a6,1789774268.000,3,0
1789774271.653,15,c5c93938-5d16-42c0-a73e-c1a078e8fafb,1790206268.000,13,0
1789774271.653,15,b953cce8-18b6-4f0e-a74a-326cc526c4a6,1789774268.000,3,0
1789774271.653,0,c5c93938-5d16-42c0-a73e-c1a078e8fafb,,13,0
1789774271.653,0,b953cce8-18b6-4f0e-a74a-326cc526c4a6,1789774268.000,3,0
1789774271.805,1,c5c93938-5d16-42c0-a73e-c1a078e8fafb,1789774268.000,13,0
1789774271.805,1,b953cce8-18b6-4f0e-a74a-326cc526c4a6,1789774268.000,3,0
1789774271.985,16,c5c93938-5d16-42c0-a73e-c1a078e8fafb,1789774268.000,13,0
1789774271.985,16,b953cce8-18b6-4f0e-a74a-326cc526c4a6,1789774268.000,3,0
1789774272.073,2,c5c93938-5d16-42c0-a73e-c1a078e8fafb,1789774268.000,13,0
1789774272.073,2,b953cce8-18b6-4f0e-a74a-326cc526c4a6,1789774268.000,3,0
1789774272.131,17,c5c93938-5d16-42c0-a73e-c1a078e8fafb,1789774268.000,13,0
1789774272.131,17,b953cce8-18b6-4f0e-a74a-326cc526c4a6,1789774268.000,3,0
1789774272.213,18,c5c93938-5d16-42c0-a73e-c1a078e8fafb,63746832814268.000,13,0
1789774272.213,18,b953cce8-18b6-4f0e-a74a-326cc526c4a6,1789774268.000,3,0
1789774272.213,3,c5c93938-5d16-42c0-a73e-c1a078e8fafb,-62144756932.000,13,0
1789774272.430,4,c5c93938-5d16-42c0-a73e-c1a078e8fafb,1789774268.000,13,0
1789774272.430,4,b953cce8-18b6-4f0e-a74a-326cc526c4a6,1789774268.000,3,0
1789774272.811,6,ee164ec5-7f80-4fb1-ba87-803ed24183a3,1789774270.000,21,0
1789774272.811,6,d9eb9237-3917-4cce-8c0b-a852f056f182,1789774272.000,15,0
1789774272.995,21,d9eb9237-3917-4cce-8c0b-a852f056f182,1789774272.000,15,0
1789774273.082,7,ee164ec5-7f80-4fb1-ba87-803ed24183a3,1789774270.000,21,0
1789774273.082,7,d9eb9237-3917-4cce-8c0b-a852f056f182,1789774272.000,15,0
1789774273.138,22,ee164ec5-7f80-4fb1-ba87-803ed24183a3,1789774270.000,21,0
1789774273.138,22,d9eb9237-3917-4cce-8c0b-a852f056f182,1789774272.000,15,0
1789774273.219,8,ee164ec5-7f80-4fb1-ba87-803ed24183a3,1789774270.000,21,0
1789774273.219,8,d9eb9237-3917-4cce-8c0b-a852f056f182,1789774272.000,15,0
1789774273.393,23,ee164ec5-7f80-4fb1-ba87-803ed24183a3,1789774270.000,21,0
1789774273.393,23,d9eb9237-3917-4cce-8c0b-a852f056f182,1789774272.000,15,0
1789774273.436,9,ee164ec5-7f80-4fb1-ba87-803ed24183a3,1789774270.000,21,0
1789774273.436,9,d9eb9237-3917-4cce-8c0b-a852f056f182,1789774272.000,15,0
1789774273.581,19,ee164ec5-7f80-4fb1-ba87-803ed24183a3,1789774270.000,21,0
1789774273.581,19,d9eb9237-3917-4cce-8c0b-a852f056f182,1789774272.000,15,0
1789774273.628,24,ee164ec5-7f80-4fb1-ba87-803ed24183a3,1789774270.000,21,0
1789774273.628,24,d9eb9237-3917-4cce-8c0b-a852f056f182,1789774272.000,15,0
1789774273.664,5,ee164ec5-7f80-4fb1-ba87-803ed24183a3,1789774270.000,21,0
1789774273.664,5,d9eb9237-3917-4cce-8c0b-a852f056f182,1789774272.000,15,0
1789774273.664,10,ee164ec5-7f80-4fb1-ba87-803ed24183a3,,21,0
1789774273.664,10,d9eb9237-3917-4cce-8c0b-a852f056f182,1789774272.000,15,0
1789774273.685,20,ee164ec5-7f80-4fb1-ba87-803ed24183a3,1789774270.000,21,0
1789774273.685,20,d9eb9237-3917-4cce-8c0b-a852f056f182,1789774272.000,15,0
1789774273.822,11,ee164ec5-7f80-4fb1-ba87-803ed24183a3,1789774270.000,21,0
1789774273.822,11,d9eb9237-3917-4cce-8c0b-a852f056f182,1789774272.000,15,0
1789774274.148,12,ee164ec5-7f80-4fb1-ba87-803ed24183a3,1789774270.000,21,0
1789774274.148,12,d9eb9237-3917-4cce-8c0b-a852f056f182,1789774272.000,15,0
1789774274.225,13,ee164ec5-7f80-4fb1-ba87-803ed24183a3,1789774270.000,21,0
1789774274.225,13,d9eb9237-3917-4cce-8c0b-a852f056f182,1789774272.000,15,0
1789774274.585,14,ee164ec5-7f80-4fb1-ba87-803ed24183a3,1789774270.000,21,0
1789774274.585,14,d9eb9237-3917-4cce-8c0b-a852f056f182,1789774272.000,15,0
1789774274.668,0,ee164ec5-7f80-4fb1-ba87-803ed24183a3,1789774270.000,21,0
1789774274.668,0,d9eb9237-3917-4cce-8c0b-a852f056f182,1789774272.000,15,0
1789774274.668,15,ee164ec5-7f80-4fb1-ba87-803ed24183a3,1789774270.000,21,0
1789774274.831,1,ee164ec5-7f80-4fb1-ba87-803ed24183a3,1789774270.000,21,0
1789774274.831,1,d9eb9237-3917-4cce-8c0b-a852f056f182,1789774272.000,15,0
1789774275.001,16,ee164ec5-7f80-4fb1-ba87-803ed24183a3,1789774270.000,21,0
1789774275.001,16,d9eb9237-3917-4cce-8c0b-a852f056f182,1789774272.000,15,0
1789774275.092,2,ee164ec5-7f80-4fb1-ba87-803ed24183a3,1789774270.000,21,0
1789774275.092,2,d9eb9237-3917-4cce-8c0b-a852f056f182,1789774272.000,15,0
1789774275.157,17,ee164ec5-7f80-4fb1-ba87-803ed24183a3,1789774270.000,21,0
1789774275.157,17,d9eb9237-3917-4cce-8c0b-a852f056f182,1789774272.000,15,0
1789774275.232,18,ee164ec5-7f80-4fb1-ba87-803ed24183a3,1789774270.000,21,0
1789774275.232,18,d9eb9237-3917-4cce-8c0b-a852f056f182,1789774272.000,15,0
1789774275.232,3,ee164ec5-7f80-4fb1-ba87-803ed24183a3,1789774270.000,21,0
1789774275.232,3,d9eb9237-3917-4cce-8c0b-a852f056f182,1789774272.000,15,0
1789774275.445,4,ee164ec5-7f80-4fb1-ba87-803ed24183a3,1789774270.000,21,0
1789774275.445,4,d9eb9237-3917-4cce-8c0b-a852f056f182,1789774272.000,15,0
1789774275.840,6,8cb59e3a-f6e7-42dd-9d02-52d4dd558147,1789774273.000,0,0
1789774275.840,6,72c7dbf2-f2ec-4278-a2b5-dc7205a01015,1789774275.000,16,0
1789774276.007,21,8cb59e3a-f6e7-42dd-9d02-52d4dd558147,1789774273.000,0,0
1789774276.007,21,72c7dbf2-f2ec-4278-a2b5-dc7205a01015,1789774275.000,16,0
1789774276.101,7,8cb59e3a-f6e7-42dd-9d02-52d4dd558147,1789774273.000,0,0
1789774276.101,7,72c7dbf2-f2ec-4278-a2b5-dc7205a01015,1789774275.000,16,0
1789774276.158,22,8cb59e3a-f6e7-42dd-9d02-52d4dd558147,1789774273.000,0,0
1789774276.158,22,72c7dbf2-f2ec-4278-a2b5-dc7205a01015,1789774275.000,16,0
1789774276.238,8,8cb59e3a-f6e7-42dd-9d02-52d4dd558147,1789774273.000,0,0
1789774276.238,8,72c7dbf2-f2ec-4278-a2b5-dc7205a01015,1789774275.000,16,0
1789774276.414,23,8cb59e3a-f6e7-42dd-9d02-52d4dd558147,1789774273.000,0,0
1789774276.414,23,72c7dbf2-f2ec-4278-a2b5-dc7205a01015,1789774275.000,16,0
1789774276.446,9,8cb59e3a-f6e7-42dd-9d02-52d4dd558147,1789774273.000,0,0
1789774276.446,9,72c7dbf2-f2ec-4278-a2b5-dc7205a01015,1789774275.000,16,0
1789774276.594,19,8cb59e3a-f6e7-42dd-9d02-52d4dd558147,1789774273.000,0,0
1789774276.594,19,72c7dbf2-f2ec-4278-a2b5-dc7205a01015,1789774275.000,16,0
1789774276.646,24,8cb59e3a-f6e7-42dd-9d02-52d4dd558147,1789774273.000,0,0
1789774276.646,24,72c7dbf2-f2ec-4278-a2b5-dc7205a01015,1789774275.000,16,0
1789774276.679,5,8cb59e3a-f6e7-42dd-9d02-52d4dd558147,1789774273.000,0,0
1789774276.679,10,8cb59e3a-f6e7-42dd-9d02-52d4dd558147,1789774273.000,0,0
1789774276.679,10,72c7dbf2-f2ec-4278-a2b5-dc7205a01015,1789774275.000,16,0
1789774276.679,5,72c7dbf2-f2ec-4278-a2b5-dc7205a01015,1789774275.000,16,0
1789774276.705,20,8cb59e3a-f6e7-42dd-9d02-52d4dd558147,1789774273.000,0,0
1789774276.705,20,72c7dbf2-f2ec-4278-a2b5-dc7205a01015,1789774275.000,16,0
1789774276.843,11,8cb59e3a-f6e7-42dd-9d02-52d4dd558147,1789774273.000,0,0
1789774276.843,11,72c7dbf2-f2ec-4278-a2b5-dc7205a01015,1789774275.000,16,0
1789774277.165,12,8cb59e3a-f6e7-42dd-9d02-52d4dd558147,1789774273.000,0,0
1789774277.165,12,72c7dbf2-f2ec-4278-a2b5-dc7205a01015,1789774275.000,16,0
1789774277.248,13,8cb59e3a-f6e7-42dd-9d02-52d4dd558147,1789774273.000,0,0
1789774277.248,13,72c7dbf2-f2ec-4278-a2b5-dc7205a01015,1789774275.000,16,0
1789774277.605,14,8cb59e3a-f6e7-42dd-9d02-52d4dd558147,1789774273.000,0,0
1789774277.605,14,72c7dbf2-f2ec-4278-a2b5-dc7205a01015,1789774275.000,16,0
1789774277.687,0,72c7dbf2-f2ec-4278-a2b5-dc7205a01015,1789774273.000,16,0
1789774277.687,15,8cb59e3a-f6e7-42dd-9d02-52d4dd558147,,0,0
1789774277.687,15,72c7dbf2-f2ec-4278-a2b5-dc7205a01015,1789774275.000,16,0
1789774277.845,1,8cb59e3a-f6e7-42dd-9d02-52d4dd558147,1789774273.000,0,0
1789774277.845,1,72c7dbf2-f2ec-4278-a2b5-dc7205a01015,1789774275.000,16,0
1789774278.019,16,8cb59e3a-f6e7-42dd-9d02-52d4dd558147,1789774273.000,0,0
1789774278.105,2,8cb59e3a-f6e7-42dd-9d02-52d4dd558147,1789774273.000,0,0
1789774278.105,2,72c7dbf2-f2ec-4278-a2b5-dc7205a01015,1789774275.000,16,0
1789774278.176,17,8cb59e3a-f6e7-42dd-9d02-52d4dd558147,1789774273.000,0,0
1789774278.176,17,72c7dbf2-f2ec-4278-a2b5-dc7205a01015,1789774275.000,16,0
1789774278.255,18,8cb59e3a-f6e7-42dd-9d02-52d4dd558147,1789774273.000,0,0
1789774278.255,18,72c7dbf2-f2ec-4278-a2b5-dc7205a01015,1789774275.000,16,0
1789774278.255,3,8cb59e3a-f6e7-42dd-9d02-52d4dd558147,1789774273.000,0,0
1789774278.255,3,72c7dbf2-f2ec-4278-a2b5-dc7205a01015,1789774275.000,16,0
1789774278.456,4,8cb59e3a-f6e7-42dd-9d02-52d4dd558147,1789774273.000,0,0
1789774278.456,4,72c7dbf2-f2ec-4278-a2b5-dc7205a01015,1789774275.000,16,0
1789774278.846,6,62e02f98-cab4-47d4-983d-718c8da5a115,1789774276.000,10,0
1789774278.846,6,2b656295-0701-4835-a77f-87dd1062855c,1789774277.000,14,0
1789774279.021,21,62e02f98-cab4-47d4-983d-718c8da5a115,1789774276.000,10,0
1789774279.021,21,2b656295-0701-4835-a77f-87dd1062855c,1789774277.000,14,0
1789774279.110,7,62e02f98-cab4-47d4-983d-718c8da5a115,1789774276.000,10,0
1789774279.110,7,2b656295-0701-4835-a77f-87dd1062855c,1789774277.000,14,0
1789774279.176,22,62e02f98-cab4-47d4-983d-718c8da5a115,1789774276.000,10,0
1789774279.176,22,2b656295-0701-4835-a77f-87dd1062855c,1789774277.000,14,0
1789774279.265,8,62e02f98-cab4-47d4-983d-718c8da5a115,1789774276.000,10,0
1789774279.265,8,2b656295-0701-4835-a77f-87dd1062855c,1789774277.000,14,0
1789774279.421,23,62e02f98-cab4-47d4-983d-718c8da5a115,1789774276.000,10,0
1789774279.421,23,2b656295-0701-4835-a77f-87dd1062855c,1789774277.000,14,0
1789774279.456,9,62e02f98-cab4-47d4-983d-718c8da5a115,1789774276.000,10,0
1789774279.456,9,2b656295-0701-4835-a77f-87dd1062855c,1789774277.000,14,0
1789774279.607,19,62e02f98-cab4-47d4-983d-718c8da5a115,1789774276.000,10,0
1789774279.607,19,2b656295-0701-4835-a77f-87dd1062855c,1789774277.000,14,0
1789774279.657,24,62e02f98-cab4-47d4-983d-718c8da5a115,1789774276.000,10,0
1789774279.657,24,2b656295-0701-4835-a77f-87dd1062855c,1789774277.000,14,0
1789774279.707,10,2b656295-0701-4835-a77f-87dd1062855c,1789773511.000,14,0
1789774279.707,5,62e02f98-cab4-47d4-983d-718c8da5a115,,10,0
1789774279.707,5,2b656295-0701-4835-a77f-87dd1062855c,1789774277.000,14,0
1789774279.729,20,62e02f98-cab4-47d4-983d-718c8da5a115,1789774276.000,10,0
1789774279.729,20,2b656295-0701-4835-a77f-87dd1062855c,1789774277.000,14,0
1789774279.851,11,62e02f98-cab4-47d4-983d-718c8da5a115,1789774276.000,10,0
1789774279.851,11,2b656295-0701-4835-a77f-87dd1062855c,1789774277.000,14,0
1789774280.185,12,62e02f98-cab4-47d4-983d-718c8da5a115,1789774276.000,10,0
1789774280.185,12,2b656295-0701-4835-a77f-87dd1062855c,1789774277.000,14,0
1789774280.269,13,62e02f98-cab4-47d4-983d-718c8da5a115,1789774276.000,10,0
1789774280.269,13,2b656295-0701-4835-a77f-87dd1062855c,1789774277.000,14,0
1789774280.614,14,62e02f98-cab4-47d4-983d-718c8da5a115,1789774276.000,10,0
1789774280.718,0,62e02f98-cab4-47d4-983d-718c8da5a115,1789774276.000,10,0
1789774280.718,0,2b656295-0701-4835-a77f-87dd1062855c,1789774277.000,14,0
1789774280.718,15,62e02f98-cab4-47d4-983d-718c8da5a115,,10,0
1789774280.718,15,2b656295-0701-4835-a77f-87dd1062855c,1789774277.000,14,0
1789774280.855,1,62e02f98-cab4-47d4-983d-718c8da5a115,1789774276.000,10,0
1789774280.855,1,2b656295-0701-4835-a77f-87dd1062855c,1789774277.000,14,0
1789774281.039,16,62e02f98-cab4-47d4-983d-718c8da5a115,1789774276.000,10,0
1789774281.039,16,2b656295-0701-4835-a77f-87dd1062855c,1789774277.000,14,0
1789774281.128,2,62e02f98-cab4-47d4-983d-718c8da5a115,1789774276.000,10,0
1789774281.128,2,2b656295-0701-4835-a77f-87dd1062855c,1789774277.000,14,0
1789774281.189,17,62e02f98-cab4-47d4-983d-718c8da5a115,1789774276.000,10,0
1789774281.189,17,2b656295-0701-4835-a77f-87dd1062855c,1789774277.000,14,0
1789774281.278,18,62e02f98-cab4-47d4-983d-718c8da5a115,639566535915076.000,10,0
1789774281.278,18,2b656295-0701-4835-a77f-87dd1062855c,1789774277.000,14,0
1789774281.278,3,62e02f98-cab4-47d4-983d-718c8da5a115,,10,0
1789774281.278,3,2b656295-0701-4835-a77f-87dd1062855c,1789774277.000,14,0
1789774281.474,4,62e02f98-cab4-47d4-983d-718c8da5a115,1789774276.000,10,0
1789774281.474,4,2b656295-0701-4835-a77f-87dd1062855c,1789774277.000,14,0
1789774281.719,5,ebf8628c-c847-4f74-af65-1e306cdebfa6,1789774279.000,8,0
1789774281.735,20,ebf8628c-c847-4f74-af65-1e306cdebfa6,1789774279.000,8,0
1789774281.865,6,ebf8628c-c847-4f74-af65-1e306cdebfa6,1789774279.000,8,0
1789774282.047,21,ebf8628c-c847-4f74-af65-1e306cdebfa6,1789774279.000,8,0
1789774282.130,7,ebf8628c-c847-4f74-af65-1e306cdebfa6,1789774279.000,8,0
1789774282.199,22,ebf8628c-c847-4f74-af65-1e306cdebfa6,1789774279.000,8,0
1789774282.426,23,ebf8628c-c847-4f74-af65-1e306cdebfa6,1789774279.000,8,0
1789774282.475,9,ebf8628c-c847-4f74-af65-1e306cdebfa6,1789774279.000,8,0
1789774282.627,19,ebf8628c-c847-4f74-af65-1e306cdebfa6,1789774279.000,8,0
1789774282.672,24,ebf8628c-c847-4f74-af65-1e306cdebfa6,1789774279.000,8,0
1789774282.725,10,ebf8628c-c847-4f74-af65-1e306cdebfa6,1789774279.000,8,0
1789774282.870,11,ebf8628c-c847-4f74-af65-1e306cdebfa6,1789774279.000,8,0
1789774283.206,12,ebf8628c-c847-4f74-af65-1e306cdebfa6,1789774279.000,8,0
1789774283.296,13,ebf8628c-c847-4f74-af65-1e306cdebfa6,1789774279.000,8,0
1789774283.635,14,ebf8628c-c847-4f74-af65-1e306cdebfa6,1789774279.000,8,0
1789774283.733,0,ebf8628c-c847-4f74-af65-1e306cdebfa6,1789774279.000,8,0
1789774283.733,15,ebf8628c-c847-4f74-af65-1e306cdebfa6,,8,0
1789774283.874,1,ebf8628c-c847-4f74-af65-1e306cdebfa6,1789774279.000,8,0
1789774284.049,16,ebf8628c-c847-4f74-af65-1e306cdebfa6,1789774279.000,8,0
1789774284.143,2,ebf8628c-c847-4f74-af65-1e306cdebfa6,1789774279.000,8,0
1789774284.211,17,ebf8628c-c847-4f74-af65-1e306cdebfa6,1789774279.000,8,0
1789774284.305,18,ebf8628c-c847-4f74-af65-1e306cdebfa6,1789759879.000,8,0
1789774284.305,3,ebf8628c-c847-4f74-af65-1e306cdebfa6,,8,0
1789774284.493,4,ebf8628c-c847-4f74-af65-1e306cdebfa6,1789774279.000,8,0
1789774284.743,5,1987d029-3d6d-457b-925b-a643666bf751,1789774281.000,7,0
1789774284.743,5,fe873b07-c940-467c-8d18-bb6701cd124e,1789774283.000,6,0
1789774284.743,20,b608fbc9-86a0-457d-a877-fdf775092bfd,1789774281.000,5,0
1789774284.743,20,1987d029-3d6d-457b-925b-a643666bf751,1789774281.000,7,0
1789774284.743,20,fe873b07-c940-467c-8d18-bb6701cd124e,1789774283.000,6,0
1789774284.876,6,b608fbc9-86a0-457d-a877-fdf775092bfd,1789774281.000,5,0
1789774284.876,6,1987d029-3d6d-457b-925b-a643666bf751,1789774281.000,7,0
1789774285.056,21,b608fbc9-86a0-457d-a877-fdf775092bfd,1789774281.000,5,0
1789774285.056,21,1987d029-3d6d-457b-925b-a643666bf751,1789774281.000,7,0
1789774285.056,21,fe873b07-c940-467c-8d18-bb6701cd124e,1789774283.000,6,0
1789774285.148,7,b608fbc9-86a0-457d-a877-fdf775092bfd,1789774281.000,5,0
1789774285.148,7,fe873b07-c940-467c-8d18-bb6701cd124e,1789774283.000,6,0
1789774285.220,22,b608fbc9-86a0-457d-a877-fdf775092bfd,1789774281.000,5,0
1789774285.220,22,1987d029-3d6d-457b-925b-a643666bf751,1789774281.000,7,0
1789774285.220,22,fe873b07-c940-467c-8d18-bb6701cd124e,1789774283.000,6,0
1789774285.313,8,b608fbc9-86a0-457d-a877-fdf775092bfd,1789774281.000,5,0
1789774285.313,8,1987d029-3d6d-457b-925b-a643666bf751,1789774281.000,7,0
1789774285.313,8,fe873b07-c940-467c-8d18-bb6701cd124e,1789774283.000,6,0
1789774285.437,23,b608fbc9-86a0-457d-a877-fdf775092bfd,1789774281.000,5,0
1789774285.437,23,1987d029-3d6d-457b-925b-a643666bf751,1789774281.000,7,0
1789774285.437,23,fe873b07-c940-467c-8d18-bb6701cd124e,1789774283.000,6,0
1789774285.502,9,b608fbc9-86a0-457d-a877-fdf775092bfd,1789774281.000,5,0
1789774285.502,9,1987d029-3d6d-457b-925b-a643666bf751,1789774281.000,7,0
1789774285.502,9,fe873b07-c940-467c-8d18-bb6701cd124e,1789774283.000,6,0
1789774285.650,19,b608fbc9-86a0-457d-a877-fdf775092bfd,1789774281.000,5,0
1789774285.650,19,1987d029-3d6d-457b-925b-a643666bf751,1789774281.000,7,0
1789774285.650,19,fe873b07-c940-467c-8d18-bb6701cd124e,1789774283.000,6,0
1789774285.684,24,b608fbc9-86a0-457d-a877-fdf775092bfd,1789774281.000,5,0
1789774285.684,24,1987d029-3d6d-457b-925b-a643666bf751,1789774281.000,7,0
1789774285.684,24,fe873b07-c940-467c-8d18-bb6701cd124e,1789774283.000,6,0
1789774285.747,10,b608fbc9-86a0-457d-a877-fdf775092bfd,1789774281.000,5,0
1789774285.747,10,1987d029-3d6d-457b-925b-a643666bf751,1789774281.000,7,0
1789774285.747,10,fe873b07-c940-467c-8d18-bb6701cd124e,1789774283.000,6,0
1789774285.879,11,b608fbc9-86a0-457d-a877-fdf775092bfd,1789774281.000,5,0
1789774285.879,11,1987d029-3d6d-457b-925b-a643666bf751,1789774281.000,7,0
1789774285.879,11,fe873b07-c940-467c-8d18-bb6701cd124e,1789774283.000,6,0
1789774286.224,12,b608fbc9-86a0-457d-a877-fdf775092bfd,1789774281.000,5,0
1789774286.224,12,1987d029-3d6d-457b-925b-a643666bf751,1789774281.000,7,0
1789774286.224,12,fe873b07-c940-467c-8d18-bb6701cd124e,1789774283.000,6,0
1789774286.319,13,b608fbc9-86a0-457d-a877-fdf775092bfd,1789774281.000,5,0
1789774286.319,13,1987d029-3d6d-457b-925b-a643666bf751,1789774281.000,7,0
1789774286.319,13,fe873b07-c940-467c-8d18-bb6701cd124e,1789774283.000,6,0
1789774286.659,14,b608fbc9-86a0-457d-a877-fdf775092bfd,1789774281.000,5,0
1789774286.659,14,1987d029-3d6d-457b-925b-a643666bf751,1789774281.000,7,0
1789774286.659,14,fe873b07-c940-467c-8d18-bb6701cd124e,1789774283.000,6,0
1789774286.755,0,b608fbc9-86a0-457d-a877-fdf775092bfd,1789755811.000,5,0
1789774286.755,0,1987d029-3d6d-457b-925b-a643666bf751,1789774281.000,7,0
1789774286.755,0,fe873b07-c940-467c-8d18-bb6701cd124e,1789774283.000,6,0
1789774286.755,15,b608fbc9-86a0-457d-a877-fdf775092bfd,,5,0
1789774286.755,15,1987d029-3d6d-457b-925b-a643666bf751,1789774281.000,7,0
1789774286.755,15,fe873b07-c940-467c-8d18-bb6701cd124e,1789774283.000,6,0
1789774286.883,1,b608fbc9-86a0-457d-a877-fdf775092bfd,1789774281.000,5,0
1789774286.883,1,1987d029-3d6d-457b-925b-a643666bf751,1789774281.000,7,0
1789774286.883,1,fe873b07-c940-467c-8d18-bb6701cd124e,1789774283.000,6,0
1789774287.060,16,b608fbc9-86a0-457d-a877-fdf775092bfd,1789774281.000,5,0
1789774287.060,16,1987d029-3d6d-457b-925b-a643666bf751,1789774281.000,7,0
1789774287.060,16,fe873b07-c940-467c-8d18-bb6701cd124e,1789774283.000,6,0
1789774287.158,2,b608fbc9-86a0-457d-a877-fdf775092bfd,1789774281.000,5,0
1789774287.158,2,1987d029-3d6d-457b-925b-a643666bf751,1789774281.000,7,0
1789774287.158,2,fe873b07-c940-467c-8d18-bb6701cd124e,1789774283.000,6,0
1789774287.232,17,b608fbc9-86a0-457d-a877-fdf775092bfd,1789774281.000,5,0
1789774287.232,17,1987d029-3d6d-457b-925b-a643666bf751,1789774281.000,7,0
1789774287.232,17,fe873b07-c940-467c-8d18-bb6701cd124e,1789774283.000,6,0
1789774287.329,3,b608fbc9-86a0-457d-a877-fdf775092bfd,,5,0
1789774287.329,3,1987d029-3d6d-457b-925b-a643666bf751,1789774281.000,7,0
1789774287.329,3,fe873b07-c940-467c-8d18-bb6701cd124e,1789774283.000,6,0
1789774287.329,18,b608fbc9-86a0-457d-a877-fdf775092bfd,-61837172919.000,5,0
1789774287.329,18,1987d029-3d6d-457b-925b-a643666bf751,1789774281.000,7,0
1789774287.329,18,fe873b07-c940-467c-8d18-bb6701cd124e,1789774283.000,6,0
1789774287.507,4,b608fbc9-86a0-457d-a877-fdf775092bfd,1789774281.000,5,0
1789774287.507,4,1987d029-3d6d-457b-925b-a643666bf751,1789774281.000,7,0
1789774287.507,4,fe873b07-c940-467c-8d18-bb6701cd124e,1789774283.000,6,0
1789774287.886,6,40f16c8b-9a54-4b60-a3c6-9fb15d4e2f3b,1789774285.000,24,0
1789774287.886,6,d4cb1012-a44d-4200-8eed-c487413f26df,1789774285.000,20,0
1789774288.066,21,40f16c8b-9a54-4b60-a3c6-9fb15d4e2f3b,1789774285.000,24,0
1789774288.066,21,d4cb1012-a44d-4200-8eed-c487413f26df,1789774285.000,20,0
1789774288.165,7,40f16c8b-9a54-4b60-a3c6-9fb15d4e2f3b,1789774285.000,24,0
1789774288.165,7,d4cb1012-a44d-4200-8eed-c487413f26df,1789774285.000,20,0
1789774288.233,22,40f16c8b-9a54-4b60-a3c6-9fb15d4e2f3b,1789774285.000,24,0
1789774288.233,22,d4cb1012-a44d-4200-8eed-c487413f26df,1789774285.000,20,0
1789774288.337,8,40f16c8b-9a54-4b60-a3c6-9fb15d4e2f3b,1789774285.000,24,0
1789774288.337,8,d4cb1012-a44d-4200-8eed-c487413f26df,1789774285.000,20,0
1789774288.442,23,40f16c8b-9a54-4b60-a3c6-9fb15d4e2f3b,1789774285.000,24,0
1789774288.442,23,d4cb1012-a44d-4200-8eed-c487413f26df,1789774285.000,20,0
1789774288.515,9,40f16c8b-9a54-4b60-a3c6-9fb15d4e2f3b,1789774285.000,24,0
1789774288.515,9,d4cb1012-a44d-4200-8eed-c487413f26df,1789774285.000,20,0
1789774288.671,19,40f16c8b-9a54-4b60-a3c6-9fb15d4e2f3b,1789774285.000,24,0
1789774288.671,19,d4cb1012-a44d-4200-8eed-c487413f26df,1789774285.000,20,0
1789774288.699,24,d4cb1012-a44d-4200-8eed-c487413f26df,1789774285.000,20,0
1789774288.766,20,40f16c8b-9a54-4b60-a3c6-9fb15d4e2f3b,1789774285.000,24,0
1789774288.766,5,40f16c8b-9a54-4b60-a3c6-9fb15d4e2f3b,1789774285.000,24,0
1789774288.766,10,40f16c8b-9a54-4b60-a3c6-9fb15d4e2f3b,1789774285.000,24,0
1789774288.766,5,d4cb1012-a44d-4200-8eed-c487413f26df,1789774285.000,20,0
1789774288.766,10,d4cb1012-a44d-4200-8eed-c487413f26df,1789774285.000,20,0
1789774288.890,11,40f16c8b-9a54-4b60-a3c6-9fb15d4e2f3b,1789774285.000,24,0
1789774288.890,11,d4cb1012-a44d-4200-8eed-c487413f26df,1789774285.000,20,0
1789774289.239,12,40f16c8b-9a54-4b60-a3c6-9fb15d4e2f3b,1789774285.000,24,0
1789774289.239,12,d4cb1012-a44d-4200-8eed-c487413f26df,1789774285.000,20,0
1789774289.346,13,40f16c8b-9a54-4b60-a3c6-9fb15d4e2f3b,1789774285.000,24,0
1789774289.346,13,d4cb1012-a44d-4200-8eed-c487413f26df,1789774285.000,20,0
1789774289.679,14,40f16c8b-9a54-4b60-a3c6-9fb15d4e2f3b,1789774285.000,24,0
1789774289.679,14,d4cb1012-a44d-4200-8eed-c487413f26df,1789774285.000,20,0
1789774289.776,0,40f16c8b-9a54-4b60-a3c6-9fb15d4e2f3b,1789803085.000,24,0
1789774289.776,0,d4cb1012-a44d-4200-8eed-c487413f26df,1789774285.000,20,0
1789774289.776,15,40f16c8b-9a54-4b60-a3c6-9fb15d4e2f3b,,24,0
1789774289.776,15,d4cb1012-a44d-4200-8eed-c487413f26df,1789774285.000,20,0
1789774289.895,1,40f16c8b-9a54-4b60-a3c6-9fb15d4e2f3b,1789774285.000,24,0
1789774289.895,1,d4cb1012-a44d-4200-8eed-c487413f26df,1789774285.000,20,0
1789774290.068,16,40f16c8b-9a54-4b60-a3c6-9fb15d4e2f3b,1789774285.000,24,0
1789774290.068,16,d4cb1012-a44d-4200-8eed-c487413f26df,1789774285.000,20,0
1789774290.177,2,40f16c8b-9a54-4b60-a3c6-9fb15d4e2f3b,1789774285.000,24,0
1789774290.177,2,d4cb1012-a44d-4200-8eed-c487413f26df,1789774285.000,20,0
1789774290.248,17,40f16c8b-9a54-4b60-a3c6-9fb15d4e2f3b,1789774285.000,24,0
1789774290.248,17,d4cb1012-a44d-4200-8eed-c487413f26df,1789774285.000,20,0
1789774290.349,18,40f16c8b-9a54-4b60-a3c6-9fb15d4e2f3b,-61837172915.000,24,0
1789774290.349,18,d4cb1012-a44d-4200-8eed-c487413f26df,1789774285.000,20,0
1789774290.349,3,40f16c8b-9a54-4b60-a3c6-9fb15d4e2f3b,,24,0
1789774290.349,3,d4cb1012-a44d-4200-8eed-c487413f26df,1789774285.000,20,0
1789774290.531,4,40f16c8b-9a54-4b60-a3c6-9fb15d4e2f3b,1789774285.000,24,0
1789774290.531,4,d4cb1012-a44d-4200-8eed-c487413f26df,1789774285.000,20,0
1789774290.784,5,5b6981ee-6bfc-48b6-9b07-fcb4c3c78a0d,-61860760113.000,11,0
1789774290.784,5,a742dbd6-39ab-4025-a538-9f0765283794,1789774288.000,4,0
1789774290.784,5,88f23d3d-5839-474b-be08-7afbad5d984a,1789774288.000,9,0
1789774290.784,5,c8fc52cc-0259-4099-b786-f41fa739fd39,1789774289.000,19,0
1789774290.784,5,312126f0-10bb-4b0d-84c4-dd2058a2d864,1789774290.000,1,0
1789774290.784,20,5b6981ee-6bfc-48b6-9b07-fcb4c3c78a0d,,11,0
1789774290.784,20,a742dbd6-39ab-4025-a538-9f0765283794,1789774288.000,4,0
1789774290.784,20,88f23d3d-5839-474b-be08-7afbad5d984a,1789774288.000,9,0
1789774290.784,20,c8fc52cc-0259-4099-b786-f41fa739fd39,1789774289.000,19,0
1789774290.784,20,312126f0-10bb-4b0d-84c4-dd2058a2d864,1789774290.000,1,0
1789774290.900,6,5b6981ee-6bfc-48b6-9b07-fcb4c3c78a0d,1789774287.000,11,0
1789774290.900,6,a742dbd6-39ab-4025-a538-9f0765283794,1789774288.000,4,0
1789774290.900,6,88f23d3d-5839-474b-be08-7afbad5d984a,1789774288.000,9,0
1789774290.900,6,c8fc52cc-0259-4099-b786-f41fa739fd39,1789774289.000,19,0
1789774290.900,6,312126f0-10bb-4b0d-84c4-dd2058a2d864,1789774290.000,1,0
1789774291.069,21,5b6981ee-6bfc-48b6-9b07-fcb4c3c78a0d,1789774287.000,11,0
1789774291.069,21,a742dbd6-39ab-4025-a538-9f0765283794,1789774288.000,4,0
1789774291.069,21,88f23d3d-5839-474b-be08-7afbad5d984a,1789774288.000,9,0
1789774291.069,21,c8fc52cc-0259-4099-b786-f41fa739fd39,1789774289.000,19,0
1789774291.069,21,312126f0-10bb-4b0d-84c4-dd2058a2d864,1789774290.000,1,0
1789774291.185,7,5b6981ee-6bfc-48b6-9b07-fcb4c3c78a0d,1789774287.000,11,0
1789774291.185,7,a742dbd6-39ab-4025-a538-9f0765283794,1789774288.000,4,0
1789774291.185,7,88f23d3d-5839-474b-be08-7afbad5d984a,1789774288.000,9,0
1789774291.185,7,c8fc52cc-0259-4099-b786-f41fa739fd39,1789774289.000,19,0
1789774291.185,7,312126f0-10bb-4b0d-84c4-dd2058a2d864,1789774290.000,1,0
1789774291.253,22,5b6981ee-6bfc-48b6-9b07-fcb4c3c78a0d,1789774287.000,11,0
1789774291.253,22,a742dbd6-39ab-4025-a538-9f0765283794,1789774288.000,4,0
1789774291.253,22,88f23d3d-5839-474b-be08-7afbad5d984a,1789774288.000,9,0
1789774291.253,22,c8fc52cc-0259-4099-b786-f41fa739fd39,1789774289.000,19,0
1789774291.253,22,312126f0-10bb-4b0d-84c4-dd2058a2d864,1789774290.000,1,0
1789774291.349,8,5b6981ee-6bfc-48b6-9b07-fcb4c3c78a0d,1789774287.000,11,0
1789774291.349,8,a742dbd6-39ab-4025-a538-9f0765283794,1789774288.000,4,0
1789774291.349,8,88f23d3d-5839-474b-be08-7afbad5d984a,1789774288.000,9,0
1789774291.349,8,c8fc52cc-0259-4099-b786-f41fa739fd39,1789774289.000,19,0
1789774291.349,8,312126f0-10bb-4b0d-84c4-dd2058a2d864,1789774290.000,1,0
1789774291.445,23,5b6981ee-6bfc-48b6-9b07-fcb4c3c78a0d,1789774287.000,11,0
1789774291.445,23,a742dbd6-39ab-4025-a538-9f0765283794,1789774288.000,4,0
1789774291.445,23,88f23d3d-5839-474b-be08-7afbad5d984a,1789774288.000,9,0
1789774291.445,23,c8fc52cc-0259-4099-b786-f41fa739fd39,1789774289.000,19,0
1789774291.445,23,312126f0-10bb-4b0d-84c4-dd2058a2d864,1789774290.000,1,0
1789774291.541,9,5b6981ee-6bfc-48b6-9b07-fcb4c3c78a0d,1789774287.000,11,0
1789774291.541,9,a742dbd6-39ab-4025-a538-9f0765283794,1789774288.000,4,0
1789774291.541,9,c8fc52cc-0259-4099-b786-f41fa739fd39,1789774289.000,19,0
1789774291.541,9,312126f0-10bb-4b0d-84c4-dd2058a2d864,1789774290.000,1,0
1789774291.685,19,5b6981ee-6bfc-48b6-9b07-fcb4c3c78a0d,1789774287.000,11,0
1789774291.685,19,a742dbd6-39ab-4025-a538-9f0765283794,1789774288.000,4,0
1789774291.685,19,88f23d3d-5839-474b-be08-7afbad5d984a,1789774288.000,9,0
1789774291.685,19,312126f0-10bb-4b0d-84c4-dd2058a2d864,1789774290.000,1,0
1789774291.713,24,5b6981ee-6bfc-48b6-9b07-fcb4c3c78a0d,1789774287.000,11,0
1789774291.713,24,a742dbd6-39ab-4025-a538-9f0765283794,1789774288.000,4,0
1789774291.713,24,88f23d3d-5839-474b-be08-7afbad5d984a,1789774288.000,9,0
1789774291.713,24,c8fc52cc-0259-4099-b786-f41fa739fd39,1789774289.000,19,0
1789774291.713,24,312126f0-10bb-4b0d-84c4-dd2058a2d864,1789774290.000,1,0
1789774291.790,10,5b6981ee-6bfc-48b6-9b07-fcb4c3c78a0d,1789774287.000,11,0
1789774291.790,10,a742dbd6-39ab-4025-a538-9f0765283794,1789774288.000,4,0
1789774291.790,10,88f23d3d-5839-474b-be08-7afbad5d984a,1789774288.000,9,0
1789774291.790,10,c8fc52cc-0259-4099-b786-f41fa739fd39,1789774289.000,19,0
1789774291.790,10,312126f0-10bb-4b0d-84c4-dd2058a2d864,1789774290.000,1,0
1789774291.910,11,a742dbd6-39ab-4025-a538-9f0765283794,1789774288.000,4,0
1789774291.910,11,88f23d3d-5839-474b-be08-7afbad5d984a,1789774288.000,9,0
1789774291.910,11,c8fc52cc-0259-4099-b786-f41fa739fd39,1789774289.000,19,0
1789774291.910,11,312126f0-10bb-4b0d-84c4-dd2058a2d864,1789774290.000,1,0
1789774292.261,12,5b6981ee-6bfc-48b6-9b07-fcb4c3c78a0d,1789774287.000,11,0
1789774292.261,12,a742dbd6-39ab-4025-a538-9f0765283794,1789774288.000,4,0
1789774292.261,12,88f23d3d-5839-474b-be08-7afbad5d984a,1789774288.000,9,0
1789774292.261,12,c8fc52cc-0259-4099-b786-f41fa739fd39,1789774289.000,19,0
1789774292.261,12,312126f0-10bb-4b0d-84c4-dd2058a2d864,1789774290.000,1,0
1789774292.357,13,5b6981ee-6bfc-48b6-9b07-fcb4c3c78a0d,1789774287.000,11,0
1789774292.357,13,a742dbd6-39ab-4025-a538-9f0765283794,1789774288.000,4,0
1789774292.357,13,88f23d3d-5839-474b-be08-7afbad5d984a,1789774288.000,9,0
1789774292.357,13,c8fc52cc-0259-4099-b786-f41fa739fd39,1789774289.000,19,0
1789774292.357,13,312126f0-10bb-4b0d-84c4-dd2058a2d864,1789774290.000,1,0
1789774292.685,14,5b6981ee-6bfc-48b6-9b07-fcb4c3c78a0d,1789774287.000,11,0
1789774292.685,14,a742dbd6-39ab-4025-a538-9f0765283794,1789774288.000,4,0
1789774292.685,14,88f23d3d-5839-474b-be08-7afbad5d984a,1789774288.000,9,0
1789774292.685,14,c8fc52cc-0259-4099-b786-f41fa739fd39,1789774289.000,19,0
1789774292.685,14,312126f0-10bb-4b0d-84c4-dd2058a2d864,1789774290.000,1,0
1789774292.793,0,5b6981ee-6bfc-48b6-9b07-fcb4c3c78a0d,1789774287.000,11,0
1789774292.793,0,a742dbd6-39ab-4025-a538-9f0765283794,1789774288.000,4,0
1789774292.793,15,5b6981ee-6bfc-48b6-9b07-fcb4c3c78a0d,1789774287.000,11,0
1789774292.793,15,a742dbd6-39ab-4025-a538-9f0765283794,1789774288.000,4,0
1789774292.793,15,88f23d3d-5839-474b-be08-7afbad5d984a,1789774288.000,9,0
1789774292.793,15,c8fc52cc-0259-4099-b786-f41fa739fd39,1789774289.000,19,0
1789774292.793,15,312126f0-10bb-4b0d-84c4-dd2058a2d864,1789774290.000,1,0
1789774292.793,0,88f23d3d-5839-474b-be08-7afbad5d984a,1789774288.000,9,0
1789774292.793,0,c8fc52cc-0259-4099-b786-f41fa739fd39,1789774289.000,19,0
1789774292.793,0,312126f0-10bb-4b0d-84c4-dd2058a2d864,1789774290.000,1,0
1789774292.919,1,5b6981ee-6bfc-48b6-9b07-fcb4c3c78a0d,1789774287.000,11,0
1789774292.919,1,a742dbd6-39ab-4025-a538-9f0765283794,1789774288.000,4,0
1789774292.919,1,88f23d3d-5839-474b-be08-7afbad5d984a,1789774288.000,9,0
1789774292.919,1,c8fc52cc-0259-4099-b786-f41fa739fd39,1789774289.000,19,0
1789774293.077,16,5b6981ee-6bfc-48b6-9b07-fcb4c3c78a0d,1789774287.000,11,0
1789774293.077,16,a742dbd6-39ab-4025-a538-9f0765283794,1789774288.000,4,0
1789774293.077,16,88f23d3d-5839-474b-be08-7afbad5d984a,1789774288.000,9,0
1789774293.077,16,c8fc52cc-0259-4099-b786-f41fa739fd39,1789774289.000,19,0
1789774293.077,16,312126f0-10bb-4b0d-84c4-dd2058a2d864,1789774290.000,1,0
1789774293.195,2,5b6981ee-6bfc-48b6-9b07-fcb4c3c78a0d,1789774287.000,11,0
1789774293.195,2,a742dbd6-39ab-4025-a538-9f0765283794,1789774288.000,4,0
1789774293.195,2,88f23d3d-5839-474b-be08-7afbad5d984a,1789774288.000,9,0
1789774293.195,2,c8fc52cc-0259-4099-b786-f41fa739fd39,1789774289.000,19,0
1789774293.195,2,312126f0-10bb-4b0d-84c4-dd2058a2d864,1789774290.000,1,0
1789774293.268,17,5b6981ee-6bfc-48b6-9b07-fcb4c3c78a0d,1789774287.000,11,0
1789774293.268,17,a742dbd6-39ab-4025-a538-9f0765283794,1789774288.000,4,0
1789774293.268,17,88f23d3d-5839-474b-be08-7afbad5d984a,1789774288.000,9,0
1789774293.268,17,c8fc52cc-0259-4099-b786-f41fa739fd39,1789774289.000,19,0
1789774293.268,17,312126f0-10bb-4b0d-84c4-dd2058a2d864,1789774290.000,1,0
1789774293.365,3,5b6981ee-6bfc-48b6-9b07-fcb4c3c78a0d,1789774287.000,11,0
1789774293.365,3,a742dbd6-39ab-4025-a538-9f0765283794,1789774288.000,4,0
1789774293.365,3,88f23d3d-5839-474b-be08-7afbad5d984a,1789774288.000,9,0
1789774293.365,3,c8fc52cc-0259-4099-b786-f41fa739fd39,1789774289.000,19,0
1789774293.365,3,312126f0-10bb-4b0d-84c4-dd2058a2d864,1789774290.000,1,0
1789774293.365,18,5b6981ee-6bfc-48b6-9b07-fcb4c3c78a0d,1789774287.000,11,0
1789774293.365,18,a742dbd6-39ab-4025-a538-9f0765283794,1789774288.000,4,0
1789774293.365,18,88f23d3d-5839-474b-be08-7afbad5d984a,1789774288.000,9,0
1789774293.365,18,c8fc52cc-0259-4099-b786-f41fa739fd39,1789774289.000,19,0
1789774293.365,18,312126f0-10bb-4b0d-84c4-dd2058a2d864,1789774290.000,1,0
1789774293.556,4,5b6981ee-6bfc-48b6-9b07-fcb4c3c78a0d,1789774287.000,11,0
1789774293.556,4,88f23d3d-5839-474b-be08-7afbad5d984a,1789774288.000,9,0
1789774293.556,4,c8fc52cc-0259-4099-b786-f41fa739fd39,1789774289.000,19,0
1789774293.556,4,312126f0-10bb-4b0d-84c4-dd2058a2d864,1789774290.000,1,0
1789774293.801,5,90cf9cec-d564-45b3-a12e-df0170fc004b,1789774291.000,22,0
1789774293.801,5,070cf35d-612d-499c-8047-0d27aa2a66f6,1789774292.000,23,0
1789774293.801,5,c9f11a1e-3a2b-4c0a-b7cc-d57bee55fa7a,1789774292.000,17,0
1789774293.801,20,90cf9cec-d564-45b3-a12e-df0170fc004b,1789774291.000,22,0
1789774293.801,20,070cf35d-612d-499c-8047-0d27aa2a66f6,1789774292.000,23,0
1789774293.801,20,c9f11a1e-3a2b-4c0a-b7cc-d57bee55fa7a,1789774292.000,17,0
1789774293.929,6,90cf9cec-d564-45b3-a12e-df0170fc004b,1789774291.000,22,0
1789774293.929,6,070cf35d-612d-499c-8047-0d27aa2a66f6,1789774292.000,23,0
1789774293.929,6,c9f11a1e-3a2b-4c0a-b7cc-d57bee55fa7a,1789774292.000,17,0
1789774294.087,21,90cf9cec-d564-45b3-a12e-df0170fc004b,1789774291.000,22,0
1789774294.087,21,070cf35d-612d-499c-8047-0d27aa2a66f6,1789774292.000,23,0
1789774294.087,21,c9f11a1e-3a2b-4c0a-b7cc-d57bee55fa7a,1789774292.000,17,0
1789774294.203,7,90cf9cec-d564-45b3-a12e-df0170fc004b,1789774291.000,22,0
1789774294.203,7,070cf35d-612d-499c-8047-0d27aa2a66f6,1789774292.000,23,0
1789774294.203,7,c9f11a1e-3a2b-4c0a-b7cc-d57bee55fa7a,1789774292.000,17,0
1789774294.272,22,070cf35d-612d-499c-8047-0d27aa2a66f6,1789774292.000,23,0
1789774294.272,22,c9f11a1e-3a2b-4c0a-b7cc-d57bee55fa7a,1789774292.000,17,0
1789774294.371,8,90cf9cec-d564-45b3-a12e-df0170fc004b,1789774291.000,22,0
1789774294.371,8,070cf35d-612d-499c-8047-0d27aa2a66f6,1789774292.000,23,0
1789774294.371,8,c9f11a1e-3a2b-4c0a-b7cc-d57bee55fa7a,1789774292.000,17,0
1789774294.460,23,90cf9cec-d564-45b3-a12e-df0170fc004b,1789774291.000,22,0
1789774294.460,23,c9f11a1e-3a2b-4c0a-b7cc-d57bee55fa7a,1789774292.000,17,0
1789774294.566,9,90cf9cec-d564-45b3-a12e-df0170fc004b,1789774291.000,22,0
1789774294.566,9,070cf35d-612d-499c-8047-0d27aa2a66f6,1789774292.000,23,0
1789774294.566,9,c9f11a1e-3a2b-4c0a-b7cc-d57bee55fa7a,1789774292.000,17,0
1789774294.690,19,90cf9cec-d564-45b3-a12e-df0170fc004b,1789774291.000,22,0
1789774294.690,19,070cf35d-612d-499c-8047-0d27aa2a66f6,1789774292.000,23,0
1789774294.690,19,c9f11a1e-3a2b-4c0a-b7cc-d57bee55fa7a,1789774292.000,17,0
1789774294.730,24,90cf9cec-d564-45b3-a12e-df0170fc004b,1789774291.000,22,0
1789774294.730,24,070cf35d-612d-499c-8047-0d27aa2a66f6,1789774292.000,23,0
1789774294.730,24,c9f11a1e-3a2b-4c0a-b7cc-d57bee55fa7a,1789774292.000,17,0
1789774294.807,10,90cf9cec-d564-45b3-a12e-df0170fc004b,1789774291.000,22,0
1789774294.807,10,070cf35d-612d-499c-8047-0d27aa2a66f6,1789774292.000,23,0
1789774294.807,10,c9f11a1e-3a2b-4c0a-b7cc-d57bee55fa7a,1789774292.000,17,0
1789774294.935,11,90cf9cec-d564-45b3-a12e-df0170fc004b,1789774291.000,22,0
1789774294.935,11,070cf35d-612d-499c-8047-0d27aa2a66f6,1789774292.000,23,0
1789774294.935,11,c9f11a1e-3a2b-4c0a-b7cc-d57bee55fa7a,1789774292.000,17,0
1789774295.273,12,90cf9cec-d564-45b3-a12e-df0170fc004b,1789774291.000,22,0
1789774295.273,12,070cf35d-612d-499c-8047-0d27aa2a66f6,1789774292.000,23,0
1789774295.273,12,c9f11a1e-3a2b-4c0a-b7cc-d57bee55fa7a,1789774292.000,17,0
1789774295.381,13,90cf9cec-d564-45b3-a12e-df0170fc004b,1789774291.000,22,0
1789774295.381,13,070cf35d-612d-499c-8047-0d27aa2a66f6,1789774292.000,23,0
1789774295.381,13,c9f11a1e-3a2b-4c0a-b7cc-d57bee55fa7a,1789774292.000,17,0
1789774295.692,14,90cf9cec-d564-45b3-a12e-df0170fc004b,1789774291.000,22,0
1789774295.692,14,070cf35d-612d-499c-8047-0d27aa2a66f6,1789774292.000,23,0
1789774295.692,14,c9f11a1e-3a2b-4c0a-b7cc-d57bee55fa7a,1789774292.000,17,0
1789774295.814,15,90cf9cec-d564-45b3-a12e-df0170fc004b,1789774291.000,22,0
1789774295.814,0,90cf9cec-d564-45b3-a12e-df0170fc004b,,22,0
1789774295.814,0,070cf35d-612d-499c-8047-0d27aa2a66f6,1789774292.000,23,0
1789774295.814,0,c9f11a1e-3a2b-4c0a-b7cc-d57bee55fa7a,1789774292.000,17,0
1789774295.814,15,070cf35d-612d-499c-8047-0d27aa2a66f6,1789774292.000,23,0
1789774295.814,15,c9f11a1e-3a2b-4c0a-b7cc-d57bee55fa7a,1789774292.000,17,0
1789774295.940,1,90cf9cec-d564-45b3-a12e-df0170fc004b,1789774291.000,22,0
1789774295.940,1,070cf35d-612d-499c-8047-0d27aa2a66f6,1789774292.000,23,0
1789774295.940,1,c9f11a1e-3a2b-4c0a-b7cc-d57bee55fa7a,1789774292.000,17,0
1789774296.098,16,90cf9cec-d564-45b3-a12e-df0170fc004b,1789774291.000,22,0
1789774296.098,16,070cf35d-612d-499c-8047-0d27aa2a66f6,1789774292.000,23,0
1789774296.098,16,c9f11a1e-3a2b-4c0a-b7cc-d57bee55fa7a,1789774292.000,17,0
1789774296.219,2,90cf9cec-d564-45b3-a12e-df0170fc004b,1789774291.000,22,0
1789774296.219,2,070cf35d-612d-499c-8047-0d27aa2a66f6,1789774292.000,23,0
1789774296.219,2,c9f11a1e-3a2b-4c0a-b7cc-d57bee55fa7a,1789774292.000,17,0
1789774296.277,17,90cf9cec-d564-45b3-a12e-df0170fc004b,1789774291.000,22,0
1789774296.277,17,070cf35d-612d-499c-8047-0d27aa2a66f6,1789774292.000,23,0
1789774296.391,18,90cf9cec-d564-45b3-a12e-df0170fc004b,1789774291.000,22,0
1789774296.391,18,070cf35d-612d-499c-8047-0d27aa2a66f6,1789774292.000,23,0
1789774296.391,18,c9f11a1e-3a2b-4c0a-b7cc-d57bee55fa7a,1789774292.000,17,0
1789774296.391,3,90cf9cec-d564-45b3-a12e-df0170fc004b,1789774291.000,22,0
1789774296.391,3,070cf35d-612d-499c-8047-0d27aa2a66f6,1789774292.000,23,0
1789774296.391,3,c9f11a1e-3a2b-4c0a-b7cc-d57bee55fa7a,1789774292.000,17,0
1789774296.573,4,90cf9cec-d564-45b3-a12e-df0170fc004b,1789774291.000,22,0
1789774296.573,4,070cf35d-612d-499c-8047-0d27aa2a66f6,1789774292.000,23,0
1789774296.573,4,c9f11a1e-3a2b-4c0a-b7cc-d57bee55fa7a,1789774292.000,17,0
1789774296.822,5,726937f7-5e3b-4ab9-ad8b-4d95c9fbe4fe,1789774294.000,18,0
1789774296.822,5,e385abee-2b1f-43cb-9adf-cf90c897e3b5,1789774294.000,12,0
1789774296.822,5,7dd97ca8-6c59-4ecd-85ba-450335f45384,1789774295.000,2,0
1789774296.822,20,726937f7-5e3b-4ab9-ad8b-4d95c9fbe4fe,1789774294.000,18,0
1789774296.822,20,e385abee-2b1f-43cb-9adf-cf90c897e3b5,1789774294.000,12,0
1789774296.822,20,7dd97ca8-6c59-4ecd-85ba-450335f45384,1789774295.000,2,0
1789774296.950,6,726937f7-5e3b-4ab9-ad8b-4d95c9fbe4fe,1789774294.000,18,0
1789774296.950,6,e385abee-2b1f-43cb-9adf-cf90c897e3b5,1789774294.000,12,0
1789774296.950,6,7dd97ca8-6c59-4ecd-85ba-450335f45384,1789774295.000,2,0
1789774297.106,21,726937f7-5e3b-4ab9-ad8b-4d95c9fbe4fe,1789774294.000,18,0
1789774297.106,21,e385abee-2b1f-43cb-9adf-cf90c897e3b5,1789774294.000,12,0
1789774297.106,21,7dd97ca8-6c59-4ecd-85ba-450335f45384,1789774295.000,2,0
1789774297.228,7,726937f7-5e3b-4ab9-ad8b-4d95c9fbe4fe,1789774294.000,18,0
1789774297.228,7,e385abee-2b1f-43cb-9adf-cf90c897e3b5,1789774294.000,12,0
1789774297.228,7,7dd97ca8-6c59-4ecd-85ba-450335f45384,1789774295.000,2,0
1789774297.285,22,726937f7-5e3b-4ab9-ad8b-4d95c9fbe4fe,1789774294.000,18,0
1789774297.285,22,e385abee-2b1f-43cb-9adf-cf90c897e3b5,1789774294.000,12,0
1789774297.285,22,7dd97ca8-6c59-4ecd-85ba-450335f45384,1789774295.000,2,0
1789774297.394,8,726937f7-5e3b-4ab9-ad8b-4d95c9fbe4fe,1789774294.000,18,0
1789774297.394,8,e385abee-2b1f-43cb-9adf-cf90c897e3b5,1789774294.000,12,0
1789774297.394,8,7dd97ca8-6c59-4ecd-85ba-450335f45384,1789774295.000,2,0
1789774297.470,23,726937f7-5e3b-4ab9-ad8b-4d95c9fbe4fe,1789774294.000,18,0
1789774297.470,23,e385abee-2b1f-43cb-9adf-cf90c897e3b5,1789774294.000,12,0
1789774297.470,23,7dd97ca8-6c59-4ecd-85ba-450335f45384,1789774295.000,2,0
1789774297.574,9,726937f7-5e3b-4ab9-ad8b-4d95c9fbe4fe,1789774294.000,18,0
1789774297.574,9,e385abee-2b1f-43cb-9adf-cf90c897e3b5,1789774294.000,12,0
1789774297.574,9,7dd97ca8-6c59-4ecd-85ba-450335f45384,1789774295.000,2,0
1789774297.702,19,726937f7-5e3b-4ab9-ad8b-4d95c9fbe4fe,1789774294.000,18,0
1789774297.702,19,e385abee-2b1f-43cb-9adf-cf90c897e3b5,1789774294.000,12,0
1789774297.702,19,7dd97ca8-6c59-4ecd-85ba-450335f45384,1789774295.000,2,0
1789774297.753,24,726937f7-5e3b-4ab9-ad8b-4d95c9fbe4fe,1789774294.000,18,0
1789774297.753,24,e385abee-2b1f-43cb-9adf-cf90c897e3b5,1789774294.000,12,0
1789774297.753,24,7dd97ca8-6c59-4ecd-85ba-450335f45384,1789774295.000,2,0
1789774297.827,10,726937f7-5e3b-4ab9-ad8b-4d95c9fbe4fe,1789774294.000,18,0
1789774297.827,10,e385abee-2b1f-43cb-9adf-cf90c897e3b5,1789774294.000,12,0
1789774297.827,10,7dd97ca8-6c59-4ecd-85ba-450335f45384,1789774295.000,2,0
1789774297.957,11,726937f7-5e3b-4ab9-ad8b-4d95c9fbe4fe,1789774294.000,18,0
1789774297.957,11,e385abee-2b1f-43cb-9adf-cf90c897e3b5,1789774294.000,12,0
1789774297.957,11,7dd97ca8-6c59-4ecd-85ba-450335f45384,1789774295.000,2,0
1789774298.286,12,726937f7-5e3b-4ab9-ad8b-4d95c9fbe4fe,1789774294.000,18,0
1789774298.286,12,7dd97ca8-6c59-4ecd-85ba-450335f45384,1789774295.000,2,0
1789774298.403,13,726937f7-5e3b-4ab9-ad8b-4d95c9fbe4fe,1789774294.000,18,0
1789774298.403,13,e385abee-2b1f-43cb-9adf-cf90c897e3b5,1789774294.000,12,0
1789774298.403,13,7dd97ca8-6c59-4ecd-85ba-450335f45384,1789774295.000,2,0
1789774298.702,14,726937f7-5e3b-4ab9-ad8b-4d95c9fbe4fe,1789774294.000,18,0
1789774298.702,14,e385abee-2b1f-43cb-9adf-cf90c897e3b5,1789774294.000,12,0
1789774298.702,14,7dd97ca8-6c59-4ecd-85ba-450335f45384,1789774295.000,2,0
1789774298.836,15,726937f7-5e3b-4ab9-ad8b-4d95c9fbe4fe,1790235094.000,18,0
1789774298.836,0,726937f7-5e3b-4ab9-ad8b-4d95c9fbe4fe,,18,0
1789774298.836,0,e385abee-2b1f-43cb-9adf-cf90c897e3b5,1789774294.000,12,0
1789774298.836,0,7dd97ca8-6c59-4ecd-85ba-450335f45384,1789774295.000,2,0
1789774298.836,15,e385abee-2b1f-43cb-9adf-cf90c897e3b5,1789774294.000,12,0
1789774298.836,15,7dd97ca8-6c59-4ecd-85ba-450335f45384,1789774295.000,2,0
1789774298.966,1,726937f7-5e3b-4ab9-ad8b-4d95c9fbe4fe,1789774294.000,18,0
1789774298.966,1,e385abee-2b1f-43cb-9adf-cf90c897e3b5,1789774294.000,12,0
1789774298.966,1,7dd97ca8-6c59-4ecd-85ba-450335f45384,1789774295.000,2,0
1789774299.125,16,726937f7-5e3b-4ab9-ad8b-4d95c9fbe4fe,1789774294.000,18,0
1789774299.125,16,e385abee-2b1f-43cb-9adf-cf90c897e3b5,1789774294.000,12,0
1789774299.125,16,7dd97ca8-6c59-4ecd-85ba-450335f45384,1789774295.000,2,0
1789774299.242,2,726937f7-5e3b-4ab9-ad8b-4d95c9fbe4fe,1789774294.000,18,0
1789774299.242,2,e385abee-2b1f-43cb-9adf-cf90c897e3b5,1789774294.000,12,0
1789774299.295,17,726937f7-5e3b-4ab9-ad8b-4d95c9fbe4fe,1789774294.000,18,0
1789774299.295,17,e385abee-2b1f-43cb-9adf-cf90c897e3b5,1789774294.000,12,0
1789774299.295,17,7dd97ca8-6c59-4ecd-85ba-450335f45384,1789774295.000,2,0
1789774299.407,18,e385abee-2b1f-43cb-9adf-cf90c897e3b5,1789774294.000,12,0
1789774299.407,18,7dd97ca8-6c59-4ecd-85ba-450335f45384,1789774295.000,2,0
1789774299.407,3,726937f7-5e3b-4ab9-ad8b-4d95c9fbe4fe,,18,0
1789774299.407,3,e385abee-2b1f-43cb-9adf-cf90c897e3b5,1789774294.000,12,0
1789774299.407,3,7dd97ca8-6c59-4ecd-85ba-450335f45384,1789774295.000,2,0
1789774299.587,4,726937f7-5e3b-4ab9-ad8b-4d95c9fbe4fe,1789774294.000,18,0
1789774299.587,4,e385abee-2b1f-43cb-9adf-cf90c897e3b5,1789774294.000,12,0
1789774299.587,4,7dd97ca8-6c59-4ecd-85ba-450335f45384,1789774295.000,2,0
1789774299.842,20,90e59481-5694-4081-901b-9e082683eef4,1790235518.000,13,0
1789774299.842,20,f70bb13b-461a-4821-aa26-5efc60b74916,1789774298.000,3,0
1789774299.842,5,90e59481-5694-4081-901b-9e082683eef4,,13,0
1789774299.842,5,f70bb13b-461a-4821-aa26-5efc60b74916,1789774298.000,3,0
1789774299.976,6,90e59481-5694-4081-901b-9e082683eef4,1789774298.000,13,0
1789774299.976,6,f70bb13b-461a-4821-aa26-5efc60b74916,1789774298.000,3,0
1789774300.135,21,90e59481-5694-4081-901b-9e082683eef4,1789774298.000,13,0
1789774300.135,21,f70bb13b-461a-4821-aa26-5efc60b74916,1789774298.000,3,0
1789774300.251,7,90e59481-5694-4081-901b-9e082683eef4,1789774298.000,13,0
1789774300.251,7,f70bb13b-461a-4821-aa26-5efc60b74916,1789774298.000,3,0
1789774300.304,22,90e59481-5694-4081-901b-9e082683eef4,1789774298.000,13,0
1789774300.304,22,f70bb13b-461a-4821-aa26-5efc60b74916,1789774298.000,3,0
1789774300.412,8,90e59481-5694-4081-901b-9e082683eef4,1789774298.000,13,0
1789774300.412,8,f70bb13b-461a-4821-aa26-5efc60b74916,1789774298.000,3,0
1789774300.479,23,90e59481-5694-4081-901b-9e082683eef4,1789774298.000,13,0
1789774300.479,23,f70bb13b-461a-4821-aa26-5efc60b74916,1789774298.000,3,0
1789774300.597,9,90e59481-5694-4081-901b-9e082683eef4,1789774298.000,13,0
1789774300.597,9,f70bb13b-461a-4821-aa26-5efc60b74916,1789774298.000,3,0
1789774300.710,19,90e59481-5694-4081-901b-9e082683eef4,1789774298.000,13,0
1789774300.710,19,f70bb13b-461a-4821-aa26-5efc60b74916,1789774298.000,3,0
1789774300.776,24,90e59481-5694-4081-901b-9e082683eef4,1789774298.000,13,0
1789774300.776,24,f70bb13b-461a-4821-aa26-5efc60b74916,1789774298.000,3,0
1789774300.849,10,90e59481-5694-4081-901b-9e082683eef4,1789774298.000,13,0
1789774300.849,10,f70bb13b-461a-4821-aa26-5efc60b74916,1789774298.000,3,0
1789774300.977,11,90e59481-5694-4081-901b-9e082683eef4,1789774298.000,13,0
1789774300.977,11,f70bb13b-461a-4821-aa26-5efc60b74916,1789774298.000,3,0
1789774301.310,12,90e59481-5694-4081-901b-9e082683eef4,1789774298.000,13,0
1789774301.310,12,f70bb13b-461a-4821-aa26-5efc60b74916,1789774298.000,3,0
1789774301.422,13,f70bb13b-461a-4821-aa26-5efc60b74916,1789774298.000,3,0
1789774301.710,14,90e59481-5694-4081-901b-9e082683eef4,1789774298.000,13,0
1789774301.710,14,f70bb13b-461a-4821-aa26-5efc60b74916,1789774298.000,3,0
1789774301.853,0,90e59481-5694-4081-901b-9e082683eef4,1789774298.000,13,0
1789774301.853,15,90e59481-5694-4081-901b-9e082683eef4,,13,0
1789774301.853,0,f70bb13b-461a-4821-aa26-5efc60b74916,1789774298.000,3,0
1789774301.853,15,f70bb13b-461a-4821-aa26-5efc60b74916,1789774298.000,3,0
1789774301.979,1,90e59481-5694-4081-901b-9e082683eef4,1789774298.000,13,0
1789774301.979,1,f70bb13b-461a-4821-aa26-5efc60b74916,1789774298.000,3,0
1789774302.148,16,90e59481-5694-4081-901b-9e082683eef4,1789774298.000,13,0
1789774302.148,16,f70bb13b-461a-4821-aa26-5efc60b74916,1789774298.000,3,0
1789774302.267,2,90e59481-5694-4081-901b-9e082683eef4,1789774298.000,13,0
1789774302.267,2,f70bb13b-461a-4821-aa26-5efc60b74916,1789774298.000,3,0
1789774302.310,17,90e59481-5694-4081-901b-9e082683eef4,1789774298.000,13,0
1789774302.310,17,f70bb13b-461a-4821-aa26-5efc60b74916,1789774298.000,3,0
1789774302.432,3,90e59481-5694-4081-901b-9e082683eef4,-61860760102.000,13,0
1789774302.432,18,90e59481-5694-4081-901b-9e082683eef4,,13,0
1789774302.432,18,f70bb13b-461a-4821-aa26-5efc60b74916,1789774298.000,3,0
1789774302.598,4,90e59481-5694-4081-901b-9e082683eef4,1789774298.000,13,0
1789774302.598,4,f70bb13b-461a-4821-aa26-5efc60b74916,1789774298.000,3,0
1789774302.854,5,c94c8276-3420-4e66-96c5-7b91e45348ae,1789773820.000,21,0
1789774302.854,20,c94c8276-3420-4e66-96c5-7b91e45348ae,,21,0
1789774302.854,5,09d7e618-703c-4747-a1e9-dcaf80fb476e,1789774302.000,15,0
1789774302.854,20,09d7e618-703c-4747-a1e9-dcaf80fb476e,1789774302.000,15,0
1789774302.986,6,c94c8276-3420-4e66-96c5-7b91e45348ae,1789774300.000,21,0
1789774302.986,6,09d7e618-703c-4747-a1e9-dcaf80fb476e,1789774302.000,15,0
1789774303.151,21,09d7e618-703c-4747-a1e9-dcaf80fb476e,1789774302.000,15,0
1789774303.270,7,c94c8276-3420-4e66-96c5-7b91e45348ae,1789774300.000,21,0
1789774303.270,7,09d7e618-703c-4747-a1e9-dcaf80fb476e,1789774302.000,15,0
1789774303.319,22,c94c8276-3420-4e66-96c5-7b91e45348ae,1789774300.000,21,0
1789774303.319,22,09d7e618-703c-4747-a1e9-dcaf80fb476e,1789774302.000,15,0
1789774303.436,8,c94c8276-3420-4e66-96c5-7b91e45348ae,1789774300.000,21,0
1789774303.436,8,09d7e618-703c-4747-a1e9-dcaf80fb476e,1789774302.000,15,0
1789774303.493,23,c94c8276-3420-4e66-96c5-7b91e45348ae,1789774300.000,21,0
1789774303.493,23,09d7e618-703c-4747-a1e9-dcaf80fb476e,1789774302.000,15,0
1789774303.606,9,c94c8276-3420-4e66-96c5-7b91e45348ae,1789774300.000,21,0
1789774303.606,9,09d7e618-703c-4747-a1e9-dcaf80fb476e,1789774302.000,15,0
1789774303.715,19,c94c8276-3420-4e66-96c5-7b91e45348ae,1789774300.000,21,0
1789774303.715,19,09d7e618-703c-4747-a1e9-dcaf80fb476e,1789774302.000,15,0
1789774303.797,24,c94c8276-3420-4e66-96c5-7b91e45348ae,1789774300.000,21,0
1789774303.797,24,09d7e618-703c-4747-a1e9-dcaf80fb476e,1789774302.000,15,0
1789774303.855,10,c94c8276-3420-4e66-96c5-7b91e45348ae,1789774300.000,21,0
1789774303.855,10,09d7e618-703c-4747-a1e9-dcaf80fb476e,1789774302.000,15,0
1789774303.996,11,c94c8276-3420-4e66-96c5-7b91e45348ae,1789774300.000,21,0
1789774303.996,11,09d7e618-703c-4747-a1e9-dcaf80fb476e,1789774302.000,15,0
1789774304.323,12,c94c8276-3420-4e66-96c5-7b91e45348ae,1789774300.000,21,0
1789774304.323,12,09d7e618-703c-4747-a1e9-dcaf80fb476e,1789774302.000,15,0
1789774304.446,13,c94c8276-3420-4e66-96c5-7b91e45348ae,1789774300.000,21,0
1789774304.446,13,09d7e618-703c-4747-a1e9-dcaf80fb476e,1789774302.000,15,0
1789774304.717,14,c94c8276-3420-4e66-96c5-7b91e45348ae,1789774300.000,21,0
1789774304.717,14,09d7e618-703c-4747-a1e9-dcaf80fb476e,1789774302.000,15,0
1789774304.857,0,c94c8276-3420-4e66-96c5-7b91e45348ae,1789774300.000,21,0
1789774304.857,15,c94c8276-3420-4e66-96c5-7b91e45348ae,1789774300.000,21,0
1789774304.857,0,09d7e618-703c-4747-a1e9-dcaf80fb476e,1789774302.000,15,0
1789774305.006,1,c94c8276-3420-4e66-96c5-7b91e45348ae,1789774300.000,21,0
1789774305.006,1,09d7e618-703c-4747-a1e9-dcaf80fb476e,1789774302.000,15,0
1789774305.164,16,c94c8276-3420-4e66-96c5-7b91e45348ae,1789774300.000,21,0
1789774305.164,16,09d7e618-703c-4747-a1e9-dcaf80fb476e,1789774302.000,15,0
1789774305.285,2,c94c8276-3420-4e66-96c5-7b91e45348ae,1789774300.000,21,0
1789774305.285,2,09d7e618-703c-4747-a1e9-dcaf80fb476e,1789774302.000,15,0
1789774305.333,17,c94c8276-3420-4e66-96c5-7b91e45348ae,1789774300.000,21,0
1789774305.333,17,09d7e618-703c-4747-a1e9-dcaf80fb476e,1789774302.000,15,0
1789774305.448,18,c94c8276-3420-4e66-96c5-7b91e45348ae,,21,0
1789774305.448,3,c94c8276-3420-4e66-96c5-7b91e45348ae,-61836740900.000,21,0
1789774305.448,18,09d7e618-703c-4747-a1e9-dcaf80fb476e,1789774302.000,15,0
1789774305.448,3,09d7e618-703c-4747-a1e9-dcaf80fb476e,1789774302.000,15,0
1789774305.622,4,c94c8276-3420-4e66-96c5-7b91e45348ae,1789774300.000,21,0
1789774305.622,4,09d7e618-703c-4747-a1e9-dcaf80fb476e,1789774302.000,15,0
1789774305.860,20,c0ef2312-de13-4ef1-ad57-9d32012d7c71,1792020704.000,0,0
1789774305.860,5,c0ef2312-de13-4ef1-ad57-9d32012d7c71,,0,0
1789774305.860,20,edf77c0e-1e22-412e-a905-3077e284a835,1789774305.000,16,0
1789774305.860,5,edf77c0e-1e22-412e-a905-3077e284a835,1789774305.000,16,0
1789774306.008,6,c0ef2312-de13-4ef1-ad57-9d32012d7c71,1789774304.000,0,0
1789774306.008,6,edf77c0e-1e22-412e-a905-3077e284a835,1789774305.000,16,0
1789774306.169,21,c0ef2312-de13-4ef1-ad57-9d32012d7c71,1789774304.000,0,0
1789774306.169,21,edf77c0e-1e22-412e-a905-3077e284a835,1789774305.000,16,0
1789774306.285,7,c0ef2312-de13-4ef1-ad57-9d32012d7c71,1789774304.000,0,0
1789774306.285,7,edf77c0e-1e22-412e-a905-3077e284a835,1789774305.000,16,0
1789774306.339,22,c0ef2312-de13-4ef1-ad57-9d32012d7c71,1789774304.000,0,0
1789774306.339,22,edf77c0e-1e22-412e-a905-3077e284a835,1789774305.000,16,0
1789774306.453,8,c0ef2312-de13-4ef1-ad57-9d32012d7c71,1789774304.000,0,0
1789774306.453,8,edf77c0e-1e22-412e-a905-3077e284a835,1789774305.000,16,0
1789774306.506,23,c0ef2312-de13-4ef1-ad57-9d32012d7c71,1789774304.000,0,0
1789774306.506,23,edf77c0e-1e22-412e-a905-3077e284a835,1789774305.000,16,0
1789774306.627,9,c0ef2312-de13-4ef1-ad57-9d32012d7c71,1789774304.000,0,0
1789774306.627,9,edf77c0e-1e22-412e-a905-3077e284a835,1789774305.000,16,0
1789774306.727,19,c0ef2312-de13-4ef1-ad57-9d32012d7c71,1789774304.000,0,0
1789774306.727,19,edf77c0e-1e22-412e-a905-3077e284a835,1789774305.000,16,0
1789774306.816,24,c0ef2312-de13-4ef1-ad57-9d32012d7c71,1789774304.000,0,0
1789774306.816,24,edf77c0e-1e22-412e-a905-3077e284a835,1789774305.000,16,0
1789774306.870,10,c0ef2312-de13-4ef1-ad57-9d32012d7c71,1789774304.000,0,0
1789774306.870,10,edf77c0e-1e22-412e-a905-3077e284a835,1789774305.000,16,0
1789774307.009,11,c0ef2312-de13-4ef1-ad57-9d32012d7c71,1789774304.000,0,0
1789774307.009,11,edf77c0e-1e22-412e-a905-3077e284a835,1789774305.000,16,0
1789774307.348,12,c0ef2312-de13-4ef1-ad57-9d32012d7c71,1789774304.000,0,0
1789774307.348,12,edf77c0e-1e22-412e-a905-3077e284a835,1789774305.000,16,0
1789774307.457,13,c0ef2312-de13-4ef1-ad57-9d32012d7c71,1789774304.000,0,0
1789774307.457,13,edf77c0e-1e22-412e-a905-3077e284a835,1789774305.000,16,0
1789774307.732,14,c0ef2312-de13-4ef1-ad57-9d32012d7c71,1789774304.000,0,0
1789774307.732,14,edf77c0e-1e22-412e-a905-3077e284a835,1789774305.000,16,0
1789774307.871,0,edf77c0e-1e22-412e-a905-3077e284a835,1789774305.000,16,0
1789774307.871,15,c0ef2312-de13-4ef1-ad57-9d32012d7c71,1789774304.000,0,0
1789774307.871,15,edf77c0e-1e22-412e-a905-3077e284a835,1789774305.000,16,0
1789774308.015,1,c0ef2312-de13-4ef1-ad57-9d32012d7c71,1789774304.000,0,0
1789774308.015,1,edf77c0e-1e22-412e-a905-3077e284a835,1789774305.000,16,0
1789774308.182,16,c0ef2312-de13-4ef1-ad57-9d32012d7c71,1789774304.000,0,0
1789774308.300,2,c0ef2312-de13-4ef1-ad57-9d32012d7c71,1789774304.000,0,0
1789774308.300,2,edf77c0e-1e22-412e-a905-3077e284a835,1789774305.000,16,0
1789774308.357,17,c0ef2312-de13-4ef1-ad57-9d32012d7c71,1789774304.000,0,0
1789774308.357,17,edf77c0e-1e22-412e-a905-3077e284a835,1789774305.000,16,0
1789774308.467,3,c0ef2312-de13-4ef1-ad57-9d32012d7c71,1789774304.000,0,0
1789774308.467,18,c0ef2312-de13-4ef1-ad57-9d32012d7c71,,0,0
1789774308.467,18,edf77c0e-1e22-412e-a905-3077e284a835,1789774305.000,16,0
1789774308.467,3,edf77c0e-1e22-412e-a905-3077e284a835,,16,0
1789774308.643,4,c0ef2312-de13-4ef1-ad57-9d32012d7c71,1789774304.000,0,0
1789774308.643,4,edf77c0e-1e22-412e-a905-3077e284a835,1789774305.000,16,0
1789774308.877,5,1b93da06-156f-4c4f-9594-655aec5cacf0,1788996706.000,10,0
1789774308.877,20,1b93da06-156f-4c4f-9594-655aec5cacf0,,10,0
1789774308.877,20,1bce597e-7937-4ad6-8c8b-b837e36f05fa,1789774307.000,14,0
1789774308.877,5,1bce597e-7937-4ad6-8c8b-b837e36f05fa,1789774307.000,14,0
1789774309.018,6,1b93da06-156f-4c4f-9594-655aec5cacf0,1789774306.000,10,0
1789774309.018,6,1bce597e-7937-4ad6-8c8b-b837e36f05fa,1789774307.000,14,0
1789774309.191,21,1b93da06-156f-4c4f-9594-655aec5cacf0,1789774306.000,10,0
1789774309.191,21,1bce597e-7937-4ad6-8c8b-b837e36f05fa,1789774307.000,14,0
1789774309.307,7,1b93da06-156f-4c4f-9594-655aec5cacf0,1789774306.000,10,0
1789774309.307,7,1bce597e-7937-4ad6-8c8b-b837e36f05fa,1789774307.000,14,0
1789774309.367,22,1b93da06-156f-4c4f-9594-655aec5cacf0,1789774306.000,10,0
1789774309.367,22,1bce597e-7937-4ad6-8c8b-b837e36f05fa,1789774307.000,14,0
1789774309.467,8,1b93da06-156f-4c4f-9594-655aec5cacf0,1789774306.000,10,0
1789774309.467,8,1bce597e-7937-4ad6-8c8b-b837e36f05fa,1789774307.000,14,0
1789774309.520,23,1b93da06-156f-4c4f-9594-655aec5cacf0,1789774306.000,10,0
1789774309.520,23,1bce597e-7937-4ad6-8c8b-b837e36f05fa,1789774307.000,14,0
1789774309.651,9,1b93da06-156f-4c4f-9594-655aec5cacf0,1789774306.000,10,0
1789774309.651,9,1bce597e-7937-4ad6-8c8b-b837e36f05fa,1789774307.000,14,0
1789774309.744,19,1b93da06-156f-4c4f-9594-655aec5cacf0,1789774306.000,10,0
1789774309.744,19,1bce597e-7937-4ad6-8c8b-b837e36f05fa,1789774307.000,14,0
1789774309.841,24,1b93da06-156f-4c4f-9594-655aec5cacf0,1789774306.000,10,0
1789774309.841,24,1bce597e-7937-4ad6-8c8b-b837e36f05fa,1789774307.000,14,0
1789774309.882,10,1bce597e-7937-4ad6-8c8b-b837e36f05fa,1789774307.000,14,0
1789774310.027,11,1b93da06-156f-4c4f-9594-655aec5cacf0,1789774306.000,10,0
1789774310.027,11,1bce597e-7937-4ad6-8c8b-b837e36f05fa,1789774307.000,14,0
1789774310.372,12,1b93da06-156f-4c4f-9594-655aec5cacf0,1789774306.000,10,0
1789774310.372,12,1bce597e-7937-4ad6-8c8b-b837e36f05fa,1789774307.000,14,0
1789774310.469,13,1b93da06-156f-4c4f-9594-655aec5cacf0,1789774306.000,10,0
1789774310.469,13,1bce597e-7937-4ad6-8c8b-b837e36f05fa,1789774307.000,14,0
1789774310.753,14,1b93da06-156f-4c4f-9594-655aec5cacf0,1789774306.000,10,0
1789774310.887,0,1b93da06-156f-4c4f-9594-655aec5cacf0,1789756283.000,10,0
1789774310.887,15,1b93da06-156f-4c4f-9594-655aec5cacf0,,10,0
1789774310.887,0,1bce597e-7937-4ad6-8c8b-b837e36f05fa,1789772958.000,14,0
1789774310.887,15,1bce597e-7937-4ad6-8c8b-b837e36f05fa,,14,0
1789774311.036,1,1b93da06-156f-4c4f-9594-655aec5cacf0,1789774306.000,10,0
1789774311.036,1,1bce597e-7937-4ad6-8c8b-b837e36f05fa,1789774307.000,14,0
1789774311.205,16,1b93da06-156f-4c4f-9594-655aec5cacf0,1789774306.000,10,0
1789774311.205,16,1bce597e-7937-4ad6-8c8b-b837e36f05fa,1789774307.000,14,0
1789774311.317,2,1b93da06-156f-4c4f-9594-655aec5cacf0,1789774306.000,10,0
1789774311.317,2,1bce597e-7937-4ad6-8c8b-b837e36f05fa,1789774307.000,14,0
1789774311.372,17,1b93da06-156f-4c4f-9594-655aec5cacf0,1789774306.000,10,0
1789774311.372,17,1bce597e-7937-4ad6-8c8b-b837e36f05fa,1789774307.000,14,0
1789774311.470,3,1b93da06-156f-4c4f-9594-655aec5cacf0,2005804006.000,10,0
1789774311.470,18,1b93da06-156f-4c4f-9594-655aec5cacf0,,10,0
1789774311.470,3,1bce597e-7937-4ad6-8c8b-b837e36f05fa,1789774307.000,14,0
1789774311.470,18,1bce597e-7937-4ad6-8c8b-b837e36f05fa,1789774307.000,14,0
1789774311.652,4,1b93da06-156f-4c4f-9594-655aec5cacf0,1789774306.000,10,0
1789774311.652,4,1bce597e-7937-4ad6-8c8b-b837e36f05fa,1789774307.000,14,0
1789774311.894,20,b22d8370-159d-4f7b-a1c1-faeec15470f9,1789774309.000,8,0
1789774311.894,5,b22d8370-159d-4f7b-a1c1-faeec15470f9,,8,0
1789774312.039,6,b22d8370-159d-4f7b-a1c1-faeec15470f9,1789774309.000,8,0
1789774312.213,21,b22d8370-159d-4f7b-a1c1-faeec15470f9,1789774309.000,8,0
1789774312.318,7,b22d8370-159d-4f7b-a1c1-faeec15470f9,1789774309.000,8,0
1789774312.379,22,b22d8370-159d-4f7b-a1c1-faeec15470f9,1789774309.000,8,0
1789774312.537,23,b22d8370-159d-4f7b-a1c1-faeec15470f9,1789774309.000,8,0
1789774312.654,9,b22d8370-159d-4f7b-a1c1-faeec15470f9,1789774309.000,8,0
1789774312.769,19,b22d8370-159d-4f7b-a1c1-faeec15470f9,1789774309.000,8,0
1789774312.868,24,b22d8370-159d-4f7b-a1c1-faeec15470f9,1789774309.000,8,0
1789774312.897,10,b22d8370-159d-4f7b-a1c1-faeec15470f9,1789774309.000,8,0
1789774313.044,11,b22d8370-159d-4f7b-a1c1-faeec15470f9,1789774309.000,8,0
1789774313.382,12,b22d8370-159d-4f7b-a1c1-faeec15470f9,1789774309.000,8,0
1789774313.479,13,b22d8370-159d-4f7b-a1c1-faeec15470f9,1789774309.000,8,0
1789774313.774,14,b22d8370-159d-4f7b-a1c1-faeec15470f9,1789774309.000,8,0
1789774313.902,0,b22d8370-159d-4f7b-a1c1-faeec15470f9,-60598456091.000,8,0
1789774313.902,15,b22d8370-159d-4f7b-a1c1-faeec15470f9,,8,0
1789774314.049,1,b22d8370-159d-4f7b-a1c1-faeec15470f9,1789774309.000,8,0
1789774314.233,16,b22d8370-159d-4f7b-a1c1-faeec15470f9,1789774309.000,8,0
1789774314.327,2,b22d8370-159d-4f7b-a1c1-faeec15470f9,1789774309.000,8,0
1789774314.382,17,b22d8370-159d-4f7b-a1c1-faeec15470f9,1789774309.000,8,0
1789774314.487,18,b22d8370-159d-4f7b-a1c1-faeec15470f9,1789774309.000,8,0
1789774314.487,3,b22d8370-159d-4f7b-a1c1-faeec15470f9,1789774309.000,8,0
1789774314.664,4,b22d8370-159d-4f7b-a1c1-faeec15470f9,1789774309.000,8,0
1789774314.784,19,fed88e69-f6b7-4519-abba-08d6098b395b,1789774311.000,7,0
1789774314.784,19,1988564e-f230-438c-b561-2cffd69bd0d4,1789774312.000,5,0
1789774314.784,19,fee43c78-15f3-4cb9-9664-c11250649a34,1789774313.000,6,0
1789774314.908,5,fed88e69-f6b7-4519-abba-08d6098b395b,1789875111.000,7,0
1789774314.908,20,fed88e69-f6b7-4519-abba-08d6098b395b,1789875111.000,7,0
1789774314.908,5,fee43c78-15f3-4cb9-9664-c11250649a34,1789774313.000,6,0
1789774314.908,20,1988564e-f230-438c-b561-2cffd69bd0d4,1789774312.000,5,0
1789774314.908,20,fee43c78-15f3-4cb9-9664-c11250649a34,1789774313.000,6,0
1789774315.056,6,fed88e69-f6b7-4519-abba-08d6098b395b,1789774311.000,7,0
1789774315.056,6,1988564e-f230-438c-b561-2cffd69bd0d4,1789774312.000,5,0
1789774315.241,21,fed88e69-f6b7-4519-abba-08d6098b395b,1789774311.000,7,0
1789774315.241,21,1988564e-f230-438c-b561-2cffd69bd0d4,1789774312.000,5,0
1789774315.241,21,fee43c78-15f3-4cb9-9664-c11250649a34,1789774313.000,6,0
1789774315.334,7,1988564e-f230-438c-b561-2cffd69bd0d4,1789774312.000,5,0
1789774315.334,7,fee43c78-15f3-4cb9-9664-c11250649a34,1789774313.000,6,0
1789774315.386,22,fed88e69-f6b7-4519-abba-08d6098b395b,1789774311.000,7,0
1789774315.386,22,1988564e-f230-438c-b561-2cffd69bd0d4,1789774312.000,5,0
1789774315.386,22,fee43c78-15f3-4cb9-9664-c11250649a34,1789774313.000,6,0
1789774315.489,8,fed88e69-f6b7-4519-abba-08d6098b395b,1789774311.000,7,0
1789774315.489,8,1988564e-f230-438c-b561-2cffd69bd0d4,1789774312.000,5,0
1789774315.489,8,fee43c78-15f3-4cb9-9664-c11250649a34,1789774313.000,6,0
1789774315.550,23,fed88e69-f6b7-4519-abba-08d6098b395b,1789774311.000,7,0
1789774315.550,23,1988564e-f230-438c-b561-2cffd69bd0d4,1789774312.000,5,0
1789774315.550,23,fee43c78-15f3-4cb9-9664-c11250649a34,1789774313.000,6,0
1789774315.665,9,fed88e69-f6b7-4519-abba-08d6098b395b,1789774311.000,7,0
1789774315.665,9,1988564e-f230-438c-b561-2cffd69bd0d4,1789774312.000,5,0
1789774315.665,9,fee43c78-15f3-4cb9-9664-c11250649a34,1789774313.000,6,0
1789774315.886,24,fed88e69-f6b7-4519-abba-08d6098b395b,1789774311.000,7,0
1789774315.886,24,1988564e-f230-438c-b561-2cffd69bd0d4,1789774312.000,5,0
1789774315.886,24,fee43c78-15f3-4cb9-9664-c11250649a34,1789774313.000,6,0
1789774315.915,10,fed88e69-f6b7-4519-abba-08d6098b395b,1789774311.000,7,0
1789774315.915,10,1988564e-f230-438c-b561-2cffd69bd0d4,1789774312.000,5,0
1789774315.915,10,fee43c78-15f3-4cb9-9664-c11250649a34,1789774313.000,6,0
1789774316.065,11,fed88e69-f6b7-4519-abba-08d6098b395b,1789774311.000,7,0
1789774316.065,11,1988564e-f230-438c-b561-2cffd69bd0d4,1789774312.000,5,0
1789774316.065,11,fee43c78-15f3-4cb9-9664-c11250649a34,1789774313.000,6,0
1789774316.393,12,fed88e69-f6b7-4519-abba-08d6098b395b,1789774311.000,7,0
1789774316.393,12,1988564e-f230-438c-b561-2cffd69bd0d4,1789774312.000,5,0
1789774316.393,12,fee43c78-15f3-4cb9-9664-c11250649a34,1789774313.000,6,0
1789774316.490,13,fed88e69-f6b7-4519-abba-08d6098b395b,1789774311.000,7,0
1789774316.490,13,1988564e-f230-438c-b561-2cffd69bd0d4,1789774312.000,5,0
1789774316.490,13,fee43c78-15f3-4cb9-9664-c11250649a34,1789774313.000,6,0
1789774316.798,14,fed88e69-f6b7-4519-abba-08d6098b395b,1789774311.000,7,0
1789774316.798,14,1988564e-f230-438c-b561-2cffd69bd0d4,1789774312.000,5,0
1789774316.798,14,fee43c78-15f3-4cb9-9664-c11250649a34,1789774313.000,6,0
1789774316.925,0,fed88e69-f6b7-4519-abba-08d6098b395b,1789774311.000,7,0
1789774316.925,0,1988564e-f230-438c-b561-2cffd69bd0d4,1789774311.000,5,0
1789774316.925,15,fed88e69-f6b7-4519-abba-08d6098b395b,1789774311.000,7,0
1789774316.925,0,fee43c78-15f3-4cb9-9664-c11250649a34,1789774313.000,6,0
1789774316.925,15,1988564e-f230-438c-b561-2cffd69bd0d4,1789774312.000,5,0
1789774316.925,15,fee43c78-15f3-4cb9-9664-c11250649a34,1789774313.000,6,0
1789774317.073,1,fed88e69-f6b7-4519-abba-08d6098b395b,1789774311.000,7,0
1789774317.073,1,1988564e-f230-438c-b561-2cffd69bd0d4,1789774312.000,5,0
1789774317.073,1,fee43c78-15f3-4cb9-9664-c11250649a34,1789774313.000,6,0
1789774317.252,16,fed88e69-f6b7-4519-abba-08d6098b395b,1789774311.000,7,0
1789774317.252,16,1988564e-f230-438c-b561-2cffd69bd0d4,1789774312.000,5,0
1789774317.252,16,fee43c78-15f3-4cb9-9664-c11250649a34,1789774313.000,6,0
1789774317.345,2,fed88e69-f6b7-4519-abba-08d6098b395b,1789774311.000,7,0
1789774317.345,2,1988564e-f230-438c-b561-2cffd69bd0d4,1789774312.000,5,0
1789774317.345,2,fee43c78-15f3-4cb9-9664-c11250649a34,1789774313.000,6,0
1789774317.396,17,fed88e69-f6b7-4519-abba-08d6098b395b,1789774311.000,7,0
1789774317.396,17,1988564e-f230-438c-b561-2cffd69bd0d4,1789774312.000,5,0
1789774317.396,17,fee43c78-15f3-4cb9-9664-c11250649a34,1789774313.000,6,0
1789774317.494,18,fed88e69-f6b7-4519-abba-08d6098b395b,1789723103.000,7,0
1789774317.494,3,fed88e69-f6b7-4519-abba-08d6098b395b,,7,0
1789774317.494,18,1988564e-f230-438c-b561-2cffd69bd0d4,1789774312.000,5,0
1789774317.494,3,1988564e-f230-438c-b561-2cffd69bd0d4,1789774312.000,5,0
1789774317.494,18,fee43c78-15f3-4cb9-9664-c11250649a34,1789774313.000,6,0
1789774317.494,3,fee43c78-15f3-4cb9-9664-c11250649a34,1789774313.000,6,0
1789774317.678,4,fed88e69-f6b7-4519-abba-08d6098b395b,1789774311.000,7,0
1789774317.678,4,1988564e-f230-438c-b561-2cffd69bd0d4,1789774312.000,5,0
1789774317.678,4,fee43c78-15f3-4cb9-9664-c11250649a34,1789774313.000,6,0
1789774317.929,20,5d8f5b66-0f0e-4c71-ba6c-e93982be96c2,1789772996.000,24,0
1789774317.929,5,a57f3b0c-233e-4dc7-8e35-4136cdb7e875,,20,0
1789774317.929,5,5d8f5b66-0f0e-4c71-ba6c-e93982be96c2,1789774316.000,24,0
1789774318.080,6,a57f3b0c-233e-4dc7-8e35-4136cdb7e875,1789774315.000,20,0
1789774318.080,6,5d8f5b66-0f0e-4c71-ba6c-e93982be96c2,1789774316.000,24,0
1789774318.261,21,a57f3b0c-233e-4dc7-8e35-4136cdb7e875,1789774315.000,20,0
1789774318.261,21,5d8f5b66-0f0e-4c71-ba6c-e93982be96c2,1789774316.000,24,0
1789774318.354,7,a57f3b0c-233e-4dc7-8e35-4136cdb7e875,1789774315.000,20,0
1789774318.354,7,5d8f5b66-0f0e-4c71-ba6c-e93982be96c2,1789774316.000,24,0
1789774318.403,22,a57f3b0c-233e-4dc7-8e35-4136cdb7e875,1789774315.000,20,0
1789774318.403,22,5d8f5b66-0f0e-4c71-ba6c-e93982be96c2,1789774316.000,24,0
1789774318.495,8,a57f3b0c-233e-4dc7-8e35-4136cdb7e875,1789774315.000,20,0
1789774318.495,8,5d8f5b66-0f0e-4c71-ba6c-e93982be96c2,1789774316.000,24,0
1789774318.570,23,a57f3b0c-233e-4dc7-8e35-4136cdb7e875,1789774315.000,20,0
1789774318.570,23,5d8f5b66-0f0e-4c71-ba6c-e93982be96c2,1789774316.000,24,0
1789774318.681,9,a57f3b0c-233e-4dc7-8e35-4136cdb7e875,1789774315.000,20,0
1789774318.681,9,5d8f5b66-0f0e-4c71-ba6c-e93982be96c2,1789774316.000,24,0
1789774318.802,19,a57f3b0c-233e-4dc7-8e35-4136cdb7e875,1789774315.000,20,0
1789774318.802,19,5d8f5b66-0f0e-4c71-ba6c-e93982be96c2,1789774316.000,24,0
1789774318.902,24,a57f3b0c-233e-4dc7-8e35-4136cdb7e875,1789774315.000,20,0
1789774318.931,10,a57f3b0c-233e-4dc7-8e35-4136cdb7e875,1789774315.000,20,0
1789774318.931,10,5d8f5b66-0f0e-4c71-ba6c-e93982be96c2,1789774316.000,24,0
1789774319.090,11,a57f3b0c-233e-4dc7-8e35-4136cdb7e875,1789774315.000,20,0
1789774319.090,11,5d8f5b66-0f0e-4c71-ba6c-e93982be96c2,1789774316.000,24,0
1789774319.410,12,a57f3b0c-233e-4dc7-8e35-4136cdb7e875,1789774315.000,20,0
1789774319.410,12,5d8f5b66-0f0e-4c71-ba6c-e93982be96c2,1789774316.000,24,0
1789774319.496,13,a57f3b0c-233e-4dc7-8e35-4136cdb7e875,1789774315.000,20,0
1789774319.496,13,5d8f5b66-0f0e-4c71-ba6c-e93982be96c2,1789774316.000,24,0
1789774319.809,14,a57f3b0c-233e-4dc7-8e35-4136cdb7e875,1789774315.000,20,0
1789774319.809,14,5d8f5b66-0f0e-4c71-ba6c-e93982be96c2,1789774316.000,24,0
1789774319.939,15,a57f3b0c-233e-4dc7-8e35-4136cdb7e875,1789774315.000,20,0
1789774319.939,15,5d8f5b66-0f0e-4c71-ba6c-e93982be96c2,1789774316.000,24,0
1789774319.939,0,a57f3b0c-233e-4dc7-8e35-4136cdb7e875,-62144756885.000,20,0
1789774319.939,0,5d8f5b66-0f0e-4c71-ba6c-e93982be96c2,1789774316.000,24,0
1789774320.094,1,a57f3b0c-233e-4dc7-8e35-4136cdb7e875,1789774315.000,20,0
1789774320.094,1,5d8f5b66-0f0e-4c71-ba6c-e93982be96c2,1789774316.000,24,0
1789774320.272,16,a57f3b0c-233e-4dc7-8e35-4136cdb7e875,1789774315.000,20,0
1789774320.272,16,5d8f5b66-0f0e-4c71-ba6c-e93982be96c2,1789774316.000,24,0
1789774320.372,2,a57f3b0c-233e-4dc7-8e35-4136cdb7e875,1789774315.000,20,0
1789774320.372,2,5d8f5b66-0f0e-4c71-ba6c-e93982be96c2,1789774316.000,24,0
1789774320.420,17,a57f3b0c-233e-4dc7-8e35-4136cdb7e875,1789774315.000,20,0
1789774320.420,17,5d8f5b66-0f0e-4c71-ba6c-e93982be96c2,1789774316.000,24,0
1789774320.496,3,a57f3b0c-233e-4dc7-8e35-4136cdb7e875,1945726291.000,20,0
1789774320.496,18,a57f3b0c-233e-4dc7-8e35-4136cdb7e875,,20,0
1789774320.496,3,5d8f5b66-0f0e-4c71-ba6c-e93982be96c2,1789774316.000,24,0
1789774320.496,18,5d8f5b66-0f0e-4c71-ba6c-e93982be96c2,1789774316.000,24,0
1789774320.687,4,a57f3b0c-233e-4dc7-8e35-4136cdb7e875,1789774315.000,20,0
1789774320.687,4,5d8f5b66-0f0e-4c71-ba6c-e93982be96c2,1789774316.000,24,0
1789774320.815,19,fbde86af-b383-4885-8889-05bd24cafa5c,1789774317.000,11,0
1789774320.815,19,6c7f1f87-1132-49b6-b63a-60d350daa917,1789774318.000,9,0
1789774320.815,19,1c489c69-a531-42f9-82b8-412e994078e9,1789774318.000,4,0
1789774320.815,19,c5dd2768-52b1-4669-886a-bc9b7768f339,1789774320.000,1,0
1789774320.943,20,fbde86af-b383-4885-8889-05bd24cafa5c,2026769491.000,11,0
1789774320.943,20,6c7f1f87-1132-49b6-b63a-60d350daa917,1789774318.000,9,0
1789774320.943,20,1c489c69-a531-42f9-82b8-412e994078e9,1789774318.000,4,0
1789774320.943,20,1e5d2c47-c315-4712-96c4-c6727e5d3f4e,1789774319.000,19,0
1789774320.943,20,c5dd2768-52b1-4669-886a-bc9b7768f339,1789774320.000,1,0
1789774320.943,5,fbde86af-b383-4885-8889-05bd24cafa5c,,11,0
1789774320.943,5,6c7f1f87-1132-49b6-b63a-60d350daa917,1789774318.000,9,0
1789774320.943,5,1c489c69-a531-42f9-82b8-412e994078e9,1789774318.000,4,0
1789774320.943,5,1e5d2c47-c315-4712-96c4-c6727e5d3f4e,1789774319.000,19,0
1789774320.943,5,c5dd2768-52b1-4669-886a-bc9b7768f339,1789774320.000,1,0
1789774321.096,6,fbde86af-b383-4885-8889-05bd24cafa5c,1789774317.000,11,0
1789774321.096,6,6c7f1f87-1132-49b6-b63a-60d350daa917,1789774318.000,9,0
1789774321.096,6,1c489c69-a531-42f9-82b8-412e994078e9,1789774318.000,4,0
1789774321.096,6,1e5d2c47-c315-4712-96c4-c6727e5d3f4e,1789774319.000,19,0
1789774321.096,6,c5dd2768-52b1-4669-886a-bc9b7768f339,1789774320.000,1,0
1789774321.277,21,fbde86af-b383-4885-8889-05bd24cafa5c,1789774317.000,11,0
1789774321.277,21,6c7f1f87-1132-49b6-b63a-60d350daa917,1789774318.000,9,0
1789774321.277,21,1c489c69-a531-42f9-82b8-412e994078e9,1789774318.000,4,0
1789774321.277,21,1e5d2c47-c315-4712-96c4-c6727e5d3f4e,1789774319.000,19,0
1789774321.277,21,c5dd2768-52b1-4669-886a-bc9b7768f339,1789774320.000,1,0
1789774321.379,7,fbde86af-b383-4885-8889-05bd24cafa5c,1789774317.000,11,0
1789774321.379,7,6c7f1f87-1132-49b6-b63a-60d350daa917,1789774318.000,9,0
1789774321.379,7,1c489c69-a531-42f9-82b8-412e994078e9,1789774318.000,4,0
1789774321.379,7,1e5d2c47-c315-4712-96c4-c6727e5d3f4e,1789774319.000,19,0
1789774321.379,7,c5dd2768-52b1-4669-886a-bc9b7768f339,1789774320.000,1,0
1789774321.427,22,fbde86af-b383-4885-8889-05bd24cafa5c,1789774317.000,11,0
1789774321.427,22,6c7f1f87-1132-49b6-b63a-60d350daa917,1789774318.000,9,0
1789774321.427,22,1c489c69-a531-42f9-82b8-412e994078e9,1789774318.000,4,0
1789774321.427,22,1e5d2c47-c315-4712-96c4-c6727e5d3f4e,1789774319.000,19,0
1789774321.427,22,c5dd2768-52b1-4669-886a-bc9b7768f339,1789774320.000,1,0
1789774321.498,8,fbde86af-b383-4885-8889-05bd24cafa5c,1789774317.000,11,0
1789774321.498,8,6c7f1f87-1132-49b6-b63a-60d350daa917,1789774318.000,9,0
1789774321.498,8,1c489c69-a531-42f9-82b8-412e994078e9,1789774318.000,4,0
1789774321.498,8,1e5d2c47-c315-4712-96c4-c6727e5d3f4e,1789774319.000,19,0
1789774321.498,8,c5dd2768-52b1-4669-886a-bc9b7768f339,1789774320.000,1,0
1789774321.587,23,fbde86af-b383-4885-8889-05bd24cafa5c,1789774317.000,11,0
1789774321.587,23,6c7f1f87-1132-49b6-b63a-60d350daa917,1789774318.000,9,0
1789774321.587,23,1c489c69-a531-42f9-82b8-412e994078e9,1789774318.000,4,0
1789774321.587,23,1e5d2c47-c315-4712-96c4-c6727e5d3f4e,1789774319.000,19,0
1789774321.587,23,c5dd2768-52b1-4669-886a-bc9b7768f339,1789774320.000,1,0
1789774321.693,9,fbde86af-b383-4885-8889-05bd24cafa5c,1789774317.000,11,0
1789774321.693,9,1c489c69-a531-42f9-82b8-412e994078e9,1789774318.000,4,0
1789774321.693,9,1e5d2c47-c315-4712-96c4-c6727e5d3f4e,1789774319.000,19,0
1789774321.693,9,c5dd2768-52b1-4669-886a-bc9b7768f339,1789774320.000,1,0
1789774321.924,24,fbde86af-b383-4885-8889-05bd24cafa5c,1789774317.000,11,0
1789774321.924,24,6c7f1f87-1132-49b6-b63a-60d350daa917,1789774318.000,9,0
1789774321.924,24,1c489c69-a531-42f9-82b8-412e994078e9,1789774318.000,4,0
1789774321.924,24,1e5d2c47-c315-4712-96c4-c6727e5d3f4e,1789774319.000,19,0
1789774321.924,24,c5dd2768-52b1-4669-886a-bc9b7768f339,1789774320.000,1,0
1789774321.946,10,fbde86af-b383-4885-8889-05bd24cafa5c,1789774317.000,11,0
1789774321.946,10,6c7f1f87-1132-49b6-b63a-60d350daa917,1789774318.000,9,0
1789774321.946,10,1c489c69-a531-42f9-82b8-412e994078e9,1789774318.000,4,0
1789774321.946,10,1e5d2c47-c315-4712-96c4-c6727e5d3f4e,1789774319.000,19,0
1789774321.946,10,c5dd2768-52b1-4669-886a-bc9b7768f339,1789774320.000,1,0
1789774322.104,11,6c7f1f87-1132-49b6-b63a-60d350daa917,1789774318.000,9,0
1789774322.104,11,1c489c69-a531-42f9-82b8-412e994078e9,1789774318.000,4,0
1789774322.104,11,1e5d2c47-c315-4712-96c4-c6727e5d3f4e,1789774319.000,19,0
1789774322.104,11,c5dd2768-52b1-4669-886a-bc9b7768f339,1789774320.000,1,0
1789774322.437,12,fbde86af-b383-4885-8889-05bd24cafa5c,1789774317.000,11,0
1789774322.437,12,6c7f1f87-1132-49b6-b63a-60d350daa917,1789774318.000,9,0
1789774322.437,12,1c489c69-a531-42f9-82b8-412e994078e9,1789774318.000,4,0
1789774322.437,12,1e5d2c47-c315-4712-96c4-c6727e5d3f4e,1789774319.000,19,0
1789774322.437,12,c5dd2768-52b1-4669-886a-bc9b7768f339,1789774320.000,1,0
1789774322.500,13,fbde86af-b383-4885-8889-05bd24cafa5c,1789774317.000,11,0
1789774322.500,13,6c7f1f87-1132-49b6-b63a-60d350daa917,1789774318.000,9,0
1789774322.500,13,1c489c69-a531-42f9-82b8-412e994078e9,1789774318.000,4,0
1789774322.500,13,1e5d2c47-c315-4712-96c4-c6727e5d3f4e,1789774319.000,19,0
1789774322.500,13,c5dd2768-52b1-4669-886a-bc9b7768f339,1789774320.000,1,0
1789774322.833,14,fbde86af-b383-4885-8889-05bd24cafa5c,1789774317.000,11,0
1789774322.833,14,6c7f1f87-1132-49b6-b63a-60d350daa917,1789774318.000,9,0
1789774322.833,14,1c489c69-a531-42f9-82b8-412e994078e9,1789774318.000,4,0
1789774322.833,14,1e5d2c47-c315-4712-96c4-c6727e5d3f4e,1789774319.000,19,0
1789774322.833,14,c5dd2768-52b1-4669-886a-bc9b7768f339,1789774320.000,1,0
1789774322.954,15,fbde86af-b383-4885-8889-05bd24cafa5c,1789774317.000,11,0
1789774322.954,0,fbde86af-b383-4885-8889-05bd24cafa5c,1789774317.000,11,0
1789774322.954,15,6c7f1f87-1132-49b6-b63a-60d350daa917,1789774318.000,9,0
1789774322.954,0,6c7f1f87-1132-49b6-b63a-60d350daa917,1789774318.000,9,0
1789774322.954,15,1c489c69-a531-42f9-82b8-412e994078e9,1789774318.000,4,0
1789774322.954,0,1c489c69-a531-42f9-82b8-412e994078e9,1789774318.000,4,0
1789774322.954,15,1e5d2c47-c315-4712-96c4-c6727e5d3f4e,1789774319.000,19,0
1789774322.954,0,1e5d2c47-c315-4712-96c4-c6727e5d3f4e,1789774319.000,19,0
1789774322.954,15,c5dd2768-52b1-4669-886a-bc9b7768f339,1789774320.000,1,0
1789774322.954,0,c5dd2768-52b1-4669-886a-bc9b7768f339,1789774320.000,1,0
1789774323.106,1,fbde86af-b383-4885-8889-05bd24cafa5c,1789774317.000,11,0
1789774323.106,1,6c7f1f87-1132-49b6-b63a-60d350daa917,1789774318.000,9,0
1789774323.106,1,1c489c69-a531-42f9-82b8-412e994078e9,1789774318.000,4,0
1789774323.106,1,1e5d2c47-c315-4712-96c4-c6727e5d3f4e,1789774319.000,19,0
1789774323.287,16,fbde86af-b383-4885-8889-05bd24cafa5c,1789774317.000,11,0
1789774323.287,16,6c7f1f87-1132-49b6-b63a-60d350daa917,1789774318.000,9,0
1789774323.287,16,1c489c69-a531-42f9-82b8-412e994078e9,1789774318.000,4,0
1789774323.287,16,1e5d2c47-c315-4712-96c4-c6727e5d3f4e,1789774319.000,19,0
1789774323.287,16,c5dd2768-52b1-4669-886a-bc9b7768f339,1789774320.000,1,0
1789774323.388,2,fbde86af-b383-4885-8889-05bd24cafa5c,1789774317.000,11,0
1789774323.388,2,6c7f1f87-1132-49b6-b63a-60d350daa917,1789774318.000,9,0
1789774323.388,2,1c489c69-a531-42f9-82b8-412e994078e9,1789774318.000,4,0
1789774323.388,2,1e5d2c47-c315-4712-96c4-c6727e5d3f4e,1789774319.000,19,0
1789774323.388,2,c5dd2768-52b1-4669-886a-bc9b7768f339,1789774320.000,1,0
1789774323.445,17,fbde86af-b383-4885-8889-05bd24cafa5c,1789774317.000,11,0
1789774323.445,17,6c7f1f87-1132-49b6-b63a-60d350daa917,1789774318.000,9,0
1789774323.445,17,1c489c69-a531-42f9-82b8-412e994078e9,1789774318.000,4,0
1789774323.445,17,1e5d2c47-c315-4712-96c4-c6727e5d3f4e,1789774319.000,19,0
1789774323.445,17,c5dd2768-52b1-4669-886a-bc9b7768f339,1789774320.000,1,0
1789774323.504,18,fbde86af-b383-4885-8889-05bd24cafa5c,1789774291.000,11,0
1789774323.504,18,6c7f1f87-1132-49b6-b63a-60d350daa917,1789774318.000,9,0
1789774323.504,18,1c489c69-a531-42f9-82b8-412e994078e9,1789774318.000,4,0
1789774323.504,3,fbde86af-b383-4885-8889-05bd24cafa5c,,11,0
1789774323.504,18,1e5d2c47-c315-4712-96c4-c6727e5d3f4e,1789774319.000,19,0
1789774323.504,3,6c7f1f87-1132-49b6-b63a-60d350daa917,1789774318.000,9,0
1789774323.504,18,c5dd2768-52b1-4669-886a-bc9b7768f339,1789774320.000,1,0
1789774323.504,3,1c489c69-a531-42f9-82b8-412e994078e9,1789774318.000,4,0
1789774323.504,3,1e5d2c47-c315-4712-96c4-c6727e5d3f4e,1789774319.000,19,0
1789774323.504,3,c5dd2768-52b1-4669-886a-bc9b7768f339,1789774320.000,1,0
1789774323.700,4,fbde86af-b383-4885-8889-05bd24cafa5c,1789774317.000,11,0
1789774323.700,4,6c7f1f87-1132-49b6-b63a-60d350daa917,1789774318.000,9,0
1789774323.700,4,1e5d2c47-c315-4712-96c4-c6727e5d3f4e,1789774319.000,19,0
1789774323.700,4,c5dd2768-52b1-4669-886a-bc9b7768f339,1789774320.000,1,0
1789774323.833,19,d684d35c-00a7-43b8-a4f2-63cb12e6ea4a,1789774321.000,22,0
1789774323.833,19,8212abcb-b4c7-43b7-a925-bb9736b7da4a,1789774322.000,23,0
1789774323.833,19,d6e6aaf6-4b69-495b-9915-be5fb92f6da6,1789774322.000,17,0
1789774323.955,5,d684d35c-00a7-43b8-a4f2-63cb12e6ea4a,1789774321.000,22,0
1789774323.955,5,8212abcb-b4c7-43b7-a925-bb9736b7da4a,1789774322.000,23,0
1789774323.955,20,d684d35c-00a7-43b8-a4f2-63cb12e6ea4a,1789774321.000,22,0
1789774323.955,5,d6e6aaf6-4b69-495b-9915-be5fb92f6da6,1789774322.000,17,0
1789774323.955,20,8212abcb-b4c7-43b7-a925-bb9736b7da4a,1789774322.000,23,0
1789774323.955,20,d6e6aaf6-4b69-495b-9915-be5fb92f6da6,1789774322.000,17,0
1789774324.106,6,d684d35c-00a7-43b8-a4f2-63cb12e6ea4a,1789774321.000,22,0
1789774324.106,6,8212abcb-b4c7-43b7-a925-bb9736b7da4a,1789774322.000,23,0
1789774324.106,6,d6e6aaf6-4b69-495b-9915-be5fb92f6da6,1789774322.000,17,0
1789774324.291,21,d684d35c-00a7-43b8-a4f2-63cb12e6ea4a,1789774321.000,22,0
1789774324.291,21,8212abcb-b4c7-43b7-a925-bb9736b7da4a,1789774322.000,23,0
1789774324.291,21,d6e6aaf6-4b69-495b-9915-be5fb92f6da6,1789774322.000,17,0
1789774324.393,7,d684d35c-00a7-43b8-a4f2-63cb12e6ea4a,1789774321.000,22,0
1789774324.393,7,8212abcb-b4c7-43b7-a925-bb9736b7da4a,1789774322.000,23,0
1789774324.393,7,d6e6aaf6-4b69-495b-9915-be5fb92f6da6,1789774322.000,17,0
1789774324.450,22,8212abcb-b4c7-43b7-a925-bb9736b7da4a,1789774322.000,23,0
1789774324.450,22,d6e6aaf6-4b69-495b-9915-be5fb92f6da6,1789774322.000,17,0
1789774324.509,8,d684d35c-00a7-43b8-a4f2-63cb12e6ea4a,1789774321.000,22,0
1789774324.509,8,8212abcb-b4c7-43b7-a925-bb9736b7da4a,1789774322.000,23,0
1789774324.509,8,d6e6aaf6-4b69-495b-9915-be5fb92f6da6,1789774322.000,17,0
1789774324.612,23,d684d35c-00a7-43b8-a4f2-63cb12e6ea4a,1789774321.000,22,0
1789774324.612,23,d6e6aaf6-4b69-495b-9915-be5fb92f6da6,1789774322.000,17,0
1789774324.702,9,d684d35c-00a7-43b8-a4f2-63cb12e6ea4a,1789774321.000,22,0
1789774324.702,9,8212abcb-b4c7-43b7-a925-bb9736b7da4a,1789774322.000,23,0
1789774324.702,9,d6e6aaf6-4b69-495b-9915-be5fb92f6da6,1789774322.000,17,0
1789774324.938,24,d684d35c-00a7-43b8-a4f2-63cb12e6ea4a,1789774321.000,22,0
1789774324.938,24,8212abcb-b4c7-43b7-a925-bb9736b7da4a,1789774322.000,23,0
1789774324.938,24,d6e6aaf6-4b69-495b-9915-be5fb92f6da6,1789774322.000,17,0
1789774324.960,10,d684d35c-00a7-43b8-a4f2-63cb12e6ea4a,1789774321.000,22,0
1789774324.960,10,8212abcb-b4c7-43b7-a925-bb9736b7da4a,1789774322.000,23,0
1789774324.960,10,d6e6aaf6-4b69-495b-9915-be5fb92f6da6,1789774322.000,17,0
1789774325.116,11,d684d35c-00a7-43b8-a4f2-63cb12e6ea4a,1789774321.000,22,0
1789774325.116,11,8212abcb-b4c7-43b7-a925-bb9736b7da4a,1789774322.000,23,0
1789774325.116,11,d6e6aaf6-4b69-495b-9915-be5fb92f6da6,1789774322.000,17,0
1789774325.460,12,d684d35c-00a7-43b8-a4f2-63cb12e6ea4a,1789774321.000,22,0
1789774325.460,12,8212abcb-b4c7-43b7-a925-bb9736b7da4a,1789774322.000,23,0
1789774325.460,12,d6e6aaf6-4b69-495b-9915-be5fb92f6da6,1789774322.000,17,0
1789774325.513,13,d684d35c-00a7-43b8-a4f2-63cb12e6ea4a,1789774321.000,22,0
1789774325.513,13,8212abcb-b4c7-43b7-a925-bb9736b7da4a,1789774322.000,23,0
1789774325.513,13,d6e6aaf6-4b69-495b-9915-be5fb92f6da6,1789774322.000,17,0
1789774325.842,14,d684d35c-00a7-43b8-a4f2-63cb12e6ea4a,1789774321.000,22,0
1789774325.842,14,8212abcb-b4c7-43b7-a925-bb9736b7da4a,1789774322.000,23,0
1789774325.842,14,d6e6aaf6-4b69-495b-9915-be5fb92f6da6,1789774322.000,17,0
1789774325.961,0,d684d35c-00a7-43b8-a4f2-63cb12e6ea4a,1789773812.000,22,0
1789774325.961,0,8212abcb-b4c7-43b7-a925-bb9736b7da4a,1789774322.000,23,0
1789774325.961,0,d6e6aaf6-4b69-495b-9915-be5fb92f6da6,1789774322.000,17,0
1789774325.961,15,d684d35c-00a7-43b8-a4f2-63cb12e6ea4a,,22,0
1789774325.961,15,8212abcb-b4c7-43b7-a925-bb9736b7da4a,1789774322.000,23,0
1789774325.961,15,d6e6aaf6-4b69-495b-9915-be5fb92f6da6,1789774322.000,17,0
1789774326.122,1,d684d35c-00a7-43b8-a4f2-63cb12e6ea4a,1789774321.000,22,0
1789774326.122,1,8212abcb-b4c7-43b7-a925-bb9736b7da4a,1789774322.000,23,0
1789774326.122,1,d6e6aaf6-4b69-495b-9915-be5fb92f6da6,1789774322.000,17,0
1789774326.295,16,d684d35c-00a7-43b8-a4f2-63cb12e6ea4a,1789774321.000,22,0
1789774326.295,16,8212abcb-b4c7-43b7-a925-bb9736b7da4a,1789774322.000,23,0
1789774326.295,16,d6e6aaf6-4b69-495b-9915-be5fb92f6da6,1789774322.000,17,0
1789774326.404,2,d684d35c-00a7-43b8-a4f2-63cb12e6ea4a,1789774321.000,22,0
1789774326.404,2,8212abcb-b4c7-43b7-a925-bb9736b7da4a,1789774322.000,23,0
1789774326.404,2,d6e6aaf6-4b69-495b-9915-be5fb92f6da6,1789774322.000,17,0
1789774326.469,17,d684d35c-00a7-43b8-a4f2-63cb12e6ea4a,1789774321.000,22,0
1789774326.469,17,8212abcb-b4c7-43b7-a925-bb9736b7da4a,1789774322.000,23,0
1789774326.514,3,d684d35c-00a7-43b8-a4f2-63cb12e6ea4a,-61860760079.000,22,0
1789774326.514,18,d684d35c-00a7-43b8-a4f2-63cb12e6ea4a,,22,0
1789774326.514,3,8212abcb-b4c7-43b7-a925-bb9736b7da4a,1789774322.000,23,0
1789774326.514,18,8212abcb-b4c7-43b7-a925-bb9736b7da4a,1789774322.000,23,0
1789774326.514,3,d6e6aaf6-4b69-495b-9915-be5fb92f6da6,1789774322.000,17,0
1789774326.514,18,d6e6aaf6-4b69-495b-9915-be5fb92f6da6,1789774322.000,17,0
1789774326.711,4,d684d35c-00a7-43b8-a4f2-63cb12e6ea4a,1789774321.000,22,0
1789774326.711,4,8212abcb-b4c7-43b7-a925-bb9736b7da4a,1789774322.000,23,0
1789774326.711,4,d6e6aaf6-4b69-495b-9915-be5fb92f6da6,1789774322.000,17,0
1789774326.848,19,c599bd27-4ba3-43c7-8b09-9167269ddfb3,1789774324.000,18,0
1789774326.848,19,df3d516c-de87-4a9b-a568-f2f6d9637aa6,1789774324.000,12,0
1789774326.848,19,071f648d-d735-49aa-adf0-0efa56d47134,1789774325.000,2,0
1789774326.966,5,c599bd27-4ba3-43c7-8b09-9167269ddfb3,1788996724.000,18,0
1789774326.966,5,df3d516c-de87-4a9b-a568-f2f6d9637aa6,1789774324.000,12,0
1789774326.966,5,071f648d-d735-49aa-adf0-0efa56d47134,1789774325.000,2,0
1789774326.966,20,c599bd27-4ba3-43c7-8b09-9167269ddfb3,,18,0
1789774326.966,20,df3d516c-de87-4a9b-a568-f2f6d9637aa6,1789774324.000,12,0
1789774326.966,20,071f648d-d735-49aa-adf0-0efa56d47134,1789774325.000,2,0
1789774327.124,6,c599bd27-4ba3-43c7-8b09-9167269ddfb3,1789774324.000,18,0
1789774327.124,6,df3d516c-de87-4a9b-a568-f2f6d9637aa6,1789774324.000,12,0
1789774327.124,6,071f648d-d735-49aa-adf0-0efa56d47134,1789774325.000,2,0
1789774327.304,21,c599bd27-4ba3-43c7-8b09-9167269ddfb3,1789774324.000,18,0
1789774327.304,21,df3d516c-de87-4a9b-a568-f2f6d9637aa6,1789774324.000,12,0
1789774327.304,21,071f648d-d735-49aa-adf0-0efa56d47134,1789774325.000,2,0
1789774327.413,7,c599bd27-4ba3-43c7-8b09-9167269ddfb3,1789774324.000,18,0
1789774327.413,7,df3d516c-de87-4a9b-a568-f2f6d9637aa6,1789774324.000,12,0
1789774327.413,7,071f648d-d735-49aa-adf0-0efa56d47134,1789774325.000,2,0
1789774327.476,22,c599bd27-4ba3-43c7-8b09-9167269ddfb3,1789774324.000,18,0
1789774327.476,22,df3d516c-de87-4a9b-a568-f2f6d9637aa6,1789774324.000,12,0
1789774327.476,22,071f648d-d735-49aa-adf0-0efa56d47134,1789774325.000,2,0
1789774327.519,8,c599bd27-4ba3-43c7-8b09-9167269ddfb3,1789774324.000,18,0
1789774327.519,8,df3d516c-de87-4a9b-a568-f2f6d9637aa6,1789774324.000,12,0
1789774327.519,8,071f648d-d735-49aa-adf0-0efa56d47134,1789774325.000,2,0
1789774327.627,23,c599bd27-4ba3-43c7-8b09-9167269ddfb3,1789774324.000,18,0
1789774327.627,23,df3d516c-de87-4a9b-a568-f2f6d9637aa6,1789774324.000,12,0
1789774327.627,23,071f648d-d735-49aa-adf0-0efa56d47134,1789774325.000,2,0
1789774327.714,9,c599bd27-4ba3-43c7-8b09-9167269ddfb3,1789774324.000,18,0
1789774327.714,9,df3d516c-de87-4a9b-a568-f2f6d9637aa6,1789774324.000,12,0
1789774327.714,9,071f648d-d735-49aa-adf0-0efa56d47134,1789774325.000,2,0
1789774327.948,24,c599bd27-4ba3-43c7-8b09-9167269ddfb3,1789774324.000,18,0
1789774327.948,24,df3d516c-de87-4a9b-a568-f2f6d9637aa6,1789774324.000,12,0
1789774327.948,24,071f648d-d735-49aa-adf0-0efa56d47134,1789774325.000,2,0
1789774327.970,10,c599bd27-4ba3-43c7-8b09-9167269ddfb3,1789774324.000,18,0
1789774327.970,10,df3d516c-de87-4a9b-a568-f2f6d9637aa6,1789774324.000,12,0
1789774327.970,10,071f648d-d735-49aa-adf0-0efa56d47134,1789774325.000,2,0
1789774328.127,11,c599bd27-4ba3-43c7-8b09-9167269ddfb3,1789774324.000,18,0
1789774328.127,11,df3d516c-de87-4a9b-a568-f2f6d9637aa6,1789774324.000,12,0
1789774328.127,11,071f648d-d735-49aa-adf0-0efa56d47134,1789774325.000,2,0
1789774328.482,12,c599bd27-4ba3-43c7-8b09-9167269ddfb3,1789774324.000,18,0
1789774328.482,12,071f648d-d735-49aa-adf0-0efa56d47134,1789774325.000,2,0
1789774328.522,13,c599bd27-4ba3-43c7-8b09-9167269ddfb3,1789774324.000,18,0
1789774328.522,13,df3d516c-de87-4a9b-a568-f2f6d9637aa6,1789774324.000,12,0
1789774328.522,13,071f648d-d735-49aa-adf0-0efa56d47134,1789774325.000,2,0
1789774328.866,14,c599bd27-4ba3-43c7-8b09-9167269ddfb3,1789774324.000,18,0
1789774328.866,14,df3d516c-de87-4a9b-a568-f2f6d9637aa6,1789774324.000,12,0
1789774328.866,14,071f648d-d735-49aa-adf0-0efa56d47134,1789774325.000,2,0
1789774328.975,0,c599bd27-4ba3-43c7-8b09-9167269ddfb3,1789774338.000,18,0
1789774328.975,0,df3d516c-de87-4a9b-a568-f2f6d9637aa6,1789774324.000,12,0
1789774328.975,0,071f648d-d735-49aa-adf0-0efa56d47134,1789774325.000,2,0
1789774328.975,15,c599bd27-4ba3-43c7-8b09-9167269ddfb3,,18,0
1789774328.975,15,df3d516c-de87-4a9b-a568-f2f6d9637aa6,1789774324.000,12,0
1789774328.975,15,071f648d-d735-49aa-adf0-0efa56d47134,1789774325.000,2,0
1789774329.130,1,c599bd27-4ba3-43c7-8b09-9167269ddfb3,1789774324.000,18,0
1789774329.130,1,df3d516c-de87-4a9b-a568-f2f6d9637aa6,1789774324.000,12,0
1789774329.130,1,071f648d-d735-49aa-adf0-0efa56d47134,1789774325.000,2,0
1789774329.318,16,c599bd27-4ba3-43c7-8b09-9167269ddfb3,1789774324.000,18,0
1789774329.318,16,df3d516c-de87-4a9b-a568-f2f6d9637aa6,1789774324.000,12,0
1789774329.318,16,071f648d-d735-49aa-adf0-0efa56d47134,1789774325.000,2,0
1789774329.428,2,c599bd27-4ba3-43c7-8b09-9167269ddfb3,1789774324.000,18,0
1789774329.428,2,df3d516c-de87-4a9b-a568-f2f6d9637aa6,1789774324.000,12,0
1789774329.487,17,c599bd27-4ba3-43c7-8b09-9167269ddfb3,1789774324.000,18,0
1789774329.487,17,df3d516c-de87-4a9b-a568-f2f6d9637aa6,1789774324.000,12,0
1789774329.487,17,071f648d-d735-49aa-adf0-0efa56d47134,1789774325.000,2,0
1789774329.522,18,df3d516c-de87-4a9b-a568-f2f6d9637aa6,-61589982476.000,12,0
1789774329.522,18,071f648d-d735-49aa-adf0-0efa56d47134,1789774325.000,2,0
1789774329.522,3,c599bd27-4ba3-43c7-8b09-9167269ddfb3,-61589982476.000,18,0
1789774329.522,3,df3d516c-de87-4a9b-a568-f2f6d9637aa6,1789774324.000,12,0
1789774329.522,3,071f648d-d735-49aa-adf0-0efa56d47134,1789774325.000,2,0
1789774329.722,4,c599bd27-4ba3-43c7-8b09-9167269ddfb3,1789774324.000,18,0
1789774329.722,4,df3d516c-de87-4a9b-a568-f2f6d9637aa6,1789774324.000,12,0
1789774329.722,4,071f648d-d735-49aa-adf0-0efa56d47134,1789774325.000,2,0
1789774329.870,19,0a1ad79b-adb9-43ce-8c76-6c9f09f5353e,1789774328.000,13,0
1789774329.870,19,71e914aa-0e32-42b3-b4ee-e4b89d18dfbe,1789774328.000,3,0
1789774329.981,20,0a1ad79b-adb9-43ce-8c76-6c9f09f5353e,1789774328.000,13,0
1789774329.981,5,0a1ad79b-adb9-43ce-8c76-6c9f09f5353e,,13,0
1789774329.981,20,71e914aa-0e32-42b3-b4ee-e4b89d18dfbe,1789774328.000,3,0
1789774329.981,5,71e914aa-0e32-42b3-b4ee-e4b89d18dfbe,1789774328.000,3,0
1789774330.132,6,0a1ad79b-adb9-43ce-8c76-6c9f09f5353e,1789774328.000,13,0
1789774330.132,6,71e914aa-0e32-42b3-b4ee-e4b89d18dfbe,1789774328.000,3,0
1789774330.318,21,0a1ad79b-adb9-43ce-8c76-6c9f09f5353e,1789774328.000,13,0
1789774330.318,21,71e914aa-0e32-42b3-b4ee-e4b89d18dfbe,1789774328.000,3,0
1789774330.432,7,0a1ad79b-adb9-43ce-8c76-6c9f09f5353e,1789774328.000,13,0
1789774330.432,7,71e914aa-0e32-42b3-b4ee-e4b89d18dfbe,1789774328.000,3,0
1789774330.496,22,0a1ad79b-adb9-43ce-8c76-6c9f09f5353e,1789774328.000,13,0
1789774330.496,22,71e914aa-0e32-42b3-b4ee-e4b89d18dfbe,1789774328.000,3,0
1789774330.526,8,0a1ad79b-adb9-43ce-8c76-6c9f09f5353e,1789774328.000,13,0
1789774330.526,8,71e914aa-0e32-42b3-b4ee-e4b89d18dfbe,1789774328.000,3,0
1789774330.649,23,0a1ad79b-adb9-43ce-8c76-6c9f09f5353e,1789774328.000,13,0
1789774330.649,23,71e914aa-0e32-42b3-b4ee-e4b89d18dfbe,1789774328.000,3,0
1789774330.732,9,0a1ad79b-adb9-43ce-8c76-6c9f09f5353e,1789774328.000,13,0
1789774330.732,9,71e914aa-0e32-42b3-b4ee-e4b89d18dfbe,1789774328.000,3,0
1789774330.961,24,0a1ad79b-adb9-43ce-8c76-6c9f09f5353e,1789774328.000,13,0
1789774330.961,24,71e914aa-0e32-42b3-b4ee-e4b89d18dfbe,1789774328.000,3,0
1789774330.990,10,0a1ad79b-adb9-43ce-8c76-6c9f09f5353e,1789774328.000,13,0
1789774330.990,10,71e914aa-0e32-42b3-b4ee-e4b89d18dfbe,1789774328.000,3,0
1789774331.136,11,0a1ad79b-adb9-43ce-8c76-6c9f09f5353e,1789774328.000,13,0
1789774331.136,11,71e914aa-0e32-42b3-b4ee-e4b89d18dfbe,1789774328.000,3,0
1789774331.503,12,0a1ad79b-adb9-43ce-8c76-6c9f09f5353e,1789774328.000,13,0
1789774331.503,12,71e914aa-0e32-42b3-b4ee-e4b89d18dfbe,1789774328.000,3,0
1789774331.531,13,71e914aa-0e32-42b3-b4ee-e4b89d18dfbe,1789774328.000,3,0
1789774331.882,14,0a1ad79b-adb9-43ce-8c76-6c9f09f5353e,1789774328.000,13,0
1789774331.882,14,71e914aa-0e32-42b3-b4ee-e4b89d18dfbe,1789774328.000,3,0
1789774331.998,15,0a1ad79b-adb9-43ce-8c76-6c9f09f5353e,1789774338.000,13,0
1789774331.998,0,0a1ad79b-adb9-43ce-8c76-6c9f09f5353e,,13,0
1789774331.998,15,71e914aa-0e32-42b3-b4ee-e4b89d18dfbe,1789774328.000,3,0
1789774331.998,0,71e914aa-0e32-42b3-b4ee-e4b89d18dfbe,1789774328.000,3,0
1789774332.137,1,0a1ad79b-adb9-43ce-8c76-6c9f09f5353e,1789774328.000,13,0
1789774332.137,1,71e914aa-0e32-42b3-b4ee-e4b89d18dfbe,1789774328.000,3,0
1789774332.326,16,0a1ad79b-adb9-43ce-8c76-6c9f09f5353e,1789774328.000,13,0
1789774332.326,16,71e914aa-0e32-42b3-b4ee-e4b89d18dfbe,1789774328.000,3,0
1789774332.441,2,0a1ad79b-adb9-43ce-8c76-6c9f09f5353e,1789774328.000,13,0
1789774332.441,2,71e914aa-0e32-42b3-b4ee-e4b89d18dfbe,1789774328.000,3,0
1789774332.507,17,0a1ad79b-adb9-43ce-8c76-6c9f09f5353e,1789774328.000,13,0
1789774332.507,17,71e914aa-0e32-42b3-b4ee-e4b89d18dfbe,1789774328.000,3,0
1789774332.532,18,0a1ad79b-adb9-43ce-8c76-6c9f09f5353e,651042520328.000,13,0
1789774332.532,3,0a1ad79b-adb9-43ce-8c76-6c9f09f5353e,,13,0
1789774332.532,18,71e914aa-0e32-42b3-b4ee-e4b89d18dfbe,1789774328.000,3,0
1789774332.735,4,0a1ad79b-adb9-43ce-8c76-6c9f09f5353e,1789774328.000,13,0
1789774332.735,4,71e914aa-0e32-42b3-b4ee-e4b89d18dfbe,1789774328.000,3,0
1789774332.889,19,ae3ab6a2-7d85-4f22-af61-6e3d808b1d4b,1789774330.000,21,0
1789774332.889,19,bba87725-49bd-4523-b48f-f33601335ca6,1789774332.000,15,0
1789774333.008,20,ae3ab6a2-7d85-4f22-af61-6e3d808b1d4b,1789774330.000,21,0
1789774333.008,5,ae3ab6a2-7d85-4f22-af61-6e3d808b1d4b,,21,0
1789774333.008,20,bba87725-49bd-4523-b48f-f33601335ca6,1789774332.000,15,0
1789774333.008,5,bba87725-49bd-4523-b48f-f33601335ca6,1789774332.000,15,0
1789774333.140,6,ae3ab6a2-7d85-4f22-af61-6e3d808b1d4b,1789774330.000,21,0
1789774333.140,6,bba87725-49bd-4523-b48f-f33601335ca6,1789774332.000,15,0
1789774333.326,21,bba87725-49bd-4523-b48f-f33601335ca6,1789774332.000,15,0
1789774333.449,7,ae3ab6a2-7d85-4f22-af61-6e3d808b1d4b,1789774330.000,21,0
1789774333.449,7,bba87725-49bd-4523-b48f-f33601335ca6,1789774332.000,15,0
1789774333.515,22,ae3ab6a2-7d85-4f22-af61-6e3d808b1d4b,1789774330.000,21,0
1789774333.515,22,bba87725-49bd-4523-b48f-f33601335ca6,1789774332.000,15,0
1789774333.533,8,ae3ab6a2-7d85-4f22-af61-6e3d808b1d4b,1789774330.000,21,0
1789774333.533,8,bba87725-49bd-4523-b48f-f33601335ca6,1789774332.000,15,0
1789774333.674,23,ae3ab6a2-7d85-4f22-af61-6e3d808b1d4b,1789774330.000,21,0
1789774333.674,23,bba87725-49bd-4523-b48f-f33601335ca6,1789774332.000,15,0
1789774333.739,9,ae3ab6a2-7d85-4f22-af61-6e3d808b1d4b,1789774330.000,21,0
1789774333.739,9,bba87725-49bd-4523-b48f-f33601335ca6,1789774332.000,15,0
1789774333.975,24,ae3ab6a2-7d85-4f22-af61-6e3d808b1d4b,1789774330.000,21,0
1789774333.975,24,bba87725-49bd-4523-b48f-f33601335ca6,1789774332.000,15,0
1789774334.009,10,ae3ab6a2-7d85-4f22-af61-6e3d808b1d4b,1789774330.000,21,0
1789774334.009,10,bba87725-49bd-4523-b48f-f33601335ca6,1789774332.000,15,0
1789774334.146,11,ae3ab6a2-7d85-4f22-af61-6e3d808b1d4b,1789774330.000,21,0
1789774334.146,11,bba87725-49bd-4523-b48f-f33601335ca6,1789774332.000,15,0
1789774334.517,12,ae3ab6a2-7d85-4f22-af61-6e3d808b1d4b,1789774330.000,21,0
1789774334.517,12,bba87725-49bd-4523-b48f-f33601335ca6,1789774332.000,15,0
1789774334.539,13,ae3ab6a2-7d85-4f22-af61-6e3d808b1d4b,1789774330.000,21,0
1789774334.539,13,bba87725-49bd-4523-b48f-f33601335ca6,1789774332.000,15,0
1789774334.906,14,ae3ab6a2-7d85-4f22-af61-6e3d808b1d4b,1789774330.000,21,0
1789774334.906,14,bba87725-49bd-4523-b48f-f33601335ca6,1789774332.000,15,0
1789774335.014,0,ae3ab6a2-7d85-4f22-af61-6e3d808b1d4b,1789776652.000,21,0
1789774335.014,15,ae3ab6a2-7d85-4f22-af61-6e3d808b1d4b,,21,0
1789774335.014,0,bba87725-49bd-4523-b48f-f33601335ca6,1789774332.000,15,0
1789774335.149,1,ae3ab6a2-7d85-4f22-af61-6e3d808b1d4b,1789774330.000,21,0
1789774335.149,1,bba87725-49bd-4523-b48f-f33601335ca6,1789774332.000,15,0
1789774335.339,16,ae3ab6a2-7d85-4f22-af61-6e3d808b1d4b,1789774330.000,21,0
1789774335.339,16,bba87725-49bd-4523-b48f-f33601335ca6,1789774332.000,15,0
1789774335.465,2,ae3ab6a2-7d85-4f22-af61-6e3d808b1d4b,1789774330.000,21,0
1789774335.465,2,bba87725-49bd-4523-b48f-f33601335ca6,1789774332.000,15,0
1789774335.522,17,ae3ab6a2-7d85-4f22-af61-6e3d808b1d4b,1789774330.000,21,0
1789774335.522,17,bba87725-49bd-4523-b48f-f33601335ca6,1789774332.000,15,0
1789774335.544,3,ae3ab6a2-7d85-4f22-af61-6e3d808b1d4b,1789774330.000,21,0
1789774335.544,18,ae3ab6a2-7d85-4f22-af61-6e3d808b1d4b,1789774330.000,21,0
1789774335.544,3,bba87725-49bd-4523-b48f-f33601335ca6,1789774332.000,15,0
1789774335.544,18,bba87725-49bd-4523-b48f-f33601335ca6,1789774332.000,15,0
1789774335.751,4,ae3ab6a2-7d85-4f22-af61-6e3d808b1d4b,1789774330.000,21,0
1789774335.751,4,bba87725-49bd-4523-b48f-f33601335ca6,1789774332.000,15,0
1789774335.907,19,08fd747b-7558-4541-b0ec-59497e815e61,1789774334.000,0,0
1789774335.907,19,69769d5b-5422-4550-a191-4adbe552baf2,1789774335.000,16,0
1789774336.017,5,08fd747b-7558-4541-b0ec-59497e815e61,1789774334.000,0,0
1789774336.017,5,69769d5b-5422-4550-a191-4adbe552baf2,1789774335.000,16,0
1789774336.017,20,08fd747b-7558-4541-b0ec-59497e815e61,1789774334.000,0,0
1789774336.017,20,69769d5b-5422-4550-a191-4adbe552baf2,1789774335.000,16,0
1789774336.150,6,08fd747b-7558-4541-b0ec-59497e815e61,1789774334.000,0,0
1789774336.150,6,69769d5b-5422-4550-a191-4adbe552baf2,1789774335.000,16,0
1789774336.341,21,08fd747b-7558-4541-b0ec-59497e815e61,1789774334.000,0,0
1789774336.341,21,69769d5b-5422-4550-a191-4adbe552baf2,1789774335.000,16,0
1789774336.466,7,08fd747b-7558-4541-b0ec-59497e815e61,1789774334.000,0,0
1789774336.466,7,69769d5b-5422-4550-a191-4adbe552baf2,1789774335.000,16,0
1789774336.528,22,08fd747b-7558-4541-b0ec-59497e815e61,1789774334.000,0,0
1789774336.528,22,69769d5b-5422-4550-a191-4adbe552baf2,1789774335.000,16,0
1789774336.549,8,08fd747b-7558-4541-b0ec-59497e815e61,1789774334.000,0,0
1789774336.549,8,69769d5b-5422-4550-a191-4adbe552baf2,1789774335.000,16,0
1789774336.694,23,08fd747b-7558-4541-b0ec-59497e815e61,1789774334.000,0,0
1789774336.694,23,69769d5b-5422-4550-a191-4adbe552baf2,1789774335.000,16,0
1789774336.760,9,08fd747b-7558-4541-b0ec-59497e815e61,1789774334.000,0,0
1789774336.760,9,69769d5b-5422-4550-a191-4adbe552baf2,1789774335.000,16,0
1789774336.992,24,08fd747b-7558-4541-b0ec-59497e815e61,1789774334.000,0,0
1789774336.992,24,69769d5b-5422-4550-a191-4adbe552baf2,1789774335.000,16,0
1789774337.023,10,08fd747b-7558-4541-b0ec-59497e815e61,1789774334.000,0,0
1789774337.023,10,69769d5b-5422-4550-a191-4adbe552baf2,1789774335.000,16,0
1789774337.157,11,08fd747b-7558-4541-b0ec-59497e815e61,1789774334.000,0,0
1789774337.157,11,69769d5b-5422-4550-a191-4adbe552baf2,1789774335.000,16,0
1789774337.531,12,08fd747b-7558-4541-b0ec-59497e815e61,1789774334.000,0,0
1789774337.531,12,69769d5b-5422-4550-a191-4adbe552baf2,1789774335.000,16,0
1789774337.557,13,08fd747b-7558-4541-b0ec-59497e815e61,1789774334.000,0,0
1789774337.557,13,69769d5b-5422-4550-a191-4adbe552baf2,1789774335.000,16,0
1789774337.919,14,08fd747b-7558-4541-b0ec-59497e815e61,1789774334.000,0,0
1789774337.919,14,69769d5b-5422-4550-a191-4adbe552baf2,1789774335.000,16,0
1789774338.031,0,69769d5b-5422-4550-a191-4adbe552baf2,1910388735.000,16,0
1789774338.031,15,08fd747b-7558-4541-b0ec-59497e815e61,1910388735.000,0,0
1789774338.031,15,69769d5b-5422-4550-a191-4adbe552baf2,1789774335.000,16,0
1789774338.162,1,08fd747b-7558-4541-b0ec-59497e815e61,1789774334.000,0,0
1789774338.162,1,69769d5b-5422-4550-a191-4adbe552baf2,1789774335.000,16,0
1789774338.345,16,08fd747b-7558-4541-b0ec-59497e815e61,1789774334.000,0,0
1789774338.483,2,08fd747b-7558-4541-b0ec-59497e815e61,1789774334.000,0,0
1789774338.483,2,69769d5b-5422-4550-a191-4adbe552baf2,1789774335.000,16,0
1789774338.533,17,08fd747b-7558-4541-b0ec-59497e815e61,1789774334.000,0,0
1789774338.533,17,69769d5b-5422-4550-a191-4adbe552baf2,1789774335.000,16,0
1789774338.567,3,08fd747b-7558-4541-b0ec-59497e815e61,1789774334.000,0,0
1789774338.567,3,69769d5b-5422-4550-a191-4adbe552baf2,1789774335.000,16,0
1789774338.567,18,08fd747b-7558-4541-b0ec-59497e815e61,1789774334.000,0,0
1789774338.567,18,69769d5b-5422-4550-a191-4adbe552baf2,1789774335.000,16,0
1789774338.763,4,08fd747b-7558-4541-b0ec-59497e815e61,1789774334.000,0,0
1789774338.763,4,69769d5b-5422-4550-a191-4adbe552baf2,1789774335.000,16,0
1789774338.920,19,b60e504c-1442-40ea-9ba1-a90983fac367,1789774336.000,10,0
1789774338.920,19,821c206b-dde9-417c-a769-4922b4792d37,1789774337.000,14,0
1789774339.034,5,b60e504c-1442-40ea-9ba1-a90983fac367,1788996196.000,10,0
1789774339.034,20,b60e504c-1442-40ea-9ba1-a90983fac367,,10,0
1789774339.034,5,821c206b-dde9-417c-a769-4922b4792d37,1789774337.000,14,0
1789774339.034,20,821c206b-dde9-417c-a769-4922b4792d37,1789774337.000,14,0
1789774339.169,6,b60e504c-1442-40ea-9ba1-a90983fac367,1789774336.000,10,0
1789774339.169,6,821c206b-dde9-417c-a769-4922b4792d37,1789774337.000,14,0
1789774339.351,21,b60e504c-1442-40ea-9ba1-a90983fac367,1789774336.000,10,0
1789774339.351,21,821c206b-dde9-417c-a769-4922b4792d37,1789774337.000,14,0
1789774339.493,7,b60e504c-1442-40ea-9ba1-a90983fac367,1789774336.000,10,0
1789774339.493,7,821c206b-dde9-417c-a769-4922b4792d37,1789774337.000,14,0
1789774339.541,22,b60e504c-1442-40ea-9ba1-a90983fac367,1789774336.000,10,0
1789774339.541,22,821c206b-dde9-417c-a769-4922b4792d37,1789774337.000,14,0
1789774339.574,8,b60e504c-1442-40ea-9ba1-a90983fac367,1789774336.000,10,0
1789774339.574,8,821c206b-dde9-417c-a769-4922b4792d37,1789774337.000,14,0
1789774339.703,23,b60e504c-1442-40ea-9ba1-a90983fac367,1789774336.000,10,0
1789774339.703,23,821c206b-dde9-417c-a769-4922b4792d37,1789774337.000,14,0
1789774339.770,9,b60e504c-1442-40ea-9ba1-a90983fac367,1789774336.000,10,0
1789774339.770,9,821c206b-dde9-417c-a769-4922b4792d37,1789774337.000,14,0
1789774340.014,24,b60e504c-1442-40ea-9ba1-a90983fac367,1789774336.000,10,0
1789774340.014,24,821c206b-dde9-417c-a769-4922b4792d37,1789774337.000,14,0
1789774340.040,10,821c206b-dde9-417c-a769-4922b4792d37,1789774337.000,14,0
1789774340.172,11,b60e504c-1442-40ea-9ba1-a90983fac367,1789774336.000,10,0
1789774340.172,11,821c206b-dde9-417c-a769-4922b4792d37,1789774337.000,14,0
1789774340.551,12,b60e504c-1442-40ea-9ba1-a90983fac367,1789774336.000,10,0
1789774340.551,12,821c206b-dde9-417c-a769-4922b4792d37,1789774337.000,14,0
1789774340.583,13,b60e504c-1442-40ea-9ba1-a90983fac367,1789774336.000,10,0
1789774340.583,13,821c206b-dde9-417c-a769-4922b4792d37,1789774337.000,14,0
1789774340.931,14,b60e504c-1442-40ea-9ba1-a90983fac367,1789774336.000,10,0
1789774341.049,0,b60e504c-1442-40ea-9ba1-a90983fac367,1789774336.000,10,0
1789774341.049,15,b60e504c-1442-40ea-9ba1-a90983fac367,1789774336.000,10,0
1789774341.049,0,821c206b-dde9-417c-a769-4922b4792d37,1789774337.000,14,0
1789774341.049,15,821c206b-dde9-417c-a769-4922b4792d37,1789774337.000,14,0
1789774341.174,1,b60e504c-1442-40ea-9ba1-a90983fac367,1789774336.000,10,0
1789774341.174,1,821c206b-dde9-417c-a769-4922b4792d37,1789774337.000,14,0
1789774341.361,16,b60e504c-1442-40ea-9ba1-a90983fac367,1789774336.000,10,0
1789774341.361,16,821c206b-dde9-417c-a769-4922b4792d37,1789774337.000,14,0
1789774341.509,2,b60e504c-1442-40ea-9ba1-a90983fac367,1789774336.000,10,0
1789774341.509,2,821c206b-dde9-417c-a769-4922b4792d37,1789774337.000,14,0
1789774341.554,17,b60e504c-1442-40ea-9ba1-a90983fac367,1789774336.000,10,0
1789774341.554,17,821c206b-dde9-417c-a769-4922b4792d37,1789774337.000,14,0
1789774341.590,18,b60e504c-1442-40ea-9ba1-a90983fac367,1789774329.000,10,0
1789774341.590,3,b60e504c-1442-40ea-9ba1-a90983fac367,,10,0
1789774341.590,18,821c206b-dde9-417c-a769-4922b4792d37,1789774337.000,14,0
1789774341.590,3,821c206b-dde9-417c-a769-4922b4792d37,1789774337.000,14,0
1789774341.780,4,b60e504c-1442-40ea-9ba1-a90983fac367,1789774336.000,10,0
1789774341.780,4,821c206b-dde9-417c-a769-4922b4792d37,1789774337.000,14,0
1789774341.937,19,243362ed-3a1d-4161-9377-8713fd27d280,1789774339.000,8,0
1789774342.051,5,243362ed-3a1d-4161-9377-8713fd27d280,1789774339.000,8,0
1789774342.051,20,243362ed-3a1d-4161-9377-8713fd27d280,1789774339.000,8,0
1789774342.179,6,243362ed-3a1d-4161-9377-8713fd27d280,1789774339.000,8,0
1789774342.371,21,243362ed-3a1d-4161-9377-8713fd27d280,1789774339.000,8,0
1789774342.515,7,243362ed-3a1d-4161-9377-8713fd27d280,1789774339.000,8,0
1789774342.555,22,243362ed-3a1d-4161-9377-8713fd27d280,1789774339.000,8,0
1789774342.709,23,243362ed-3a1d-4161-9377-8713fd27d280,1789774339.000,8,0
1789774342.787,9,243362ed-3a1d-4161-9377-8713fd27d280,1789774339.000,8,0
1789774343.030,24,243362ed-3a1d-4161-9377-8713fd27d280,1789774339.000,8,0
1789774343.057,10,243362ed-3a1d-4161-9377-8713fd27d280,1789774339.000,8,0
1789774343.183,11,243362ed-3a1d-4161-9377-8713fd27d280,1789774339.000,8,0
1789774343.562,12,243362ed-3a1d-4161-9377-8713fd27d280,1789774339.000,8,0
1789774343.599,13,243362ed-3a1d-4161-9377-8713fd27d280,1789774339.000,8,0
1789774343.948,14,243362ed-3a1d-4161-9377-8713fd27d280,1789774339.000,8,0
1789774344.065,0,243362ed-3a1d-4161-9377-8713fd27d280,1788996738.000,8,0
1789774344.065,15,243362ed-3a1d-4161-9377-8713fd27d280,,8,0
1789774344.188,1,243362ed-3a1d-4161-9377-8713fd27d280,1789774339.000,8,0
1789774344.381,16,243362ed-3a1d-4161-9377-8713fd27d280,1789774339.000,8,0
1789774344.529,2,243362ed-3a1d-4161-9377-8713fd27d280,1789774339.000,8,0
1789774344.569,17,243362ed-3a1d-4161-9377-8713fd27d280,1789774339.000,8,0
1789774344.605,18,243362ed-3a1d-4161-9377-8713fd27d280,1789723943.000,8,0
1789774344.605,3,243362ed-3a1d-4161-9377-8713fd27d280,,8,0
1789774344.807,4,243362ed-3a1d-4161-9377-8713fd27d280,1789774339.000,8,0
1789774344.958,19,3a3d0d65-64b3-4936-b5fb-d8d4a2ff567a,1789774341.000,7,0
1789774344.958,19,5642c35a-fd63-492b-8a3e-873daf871a17,1789774342.000,5,0
1789774344.958,19,df6dd72c-50d5-4d47-93d3-401011cd3c4e,1789774343.000,6,0
1789774345.069,20,3a3d0d65-64b3-4936-b5fb-d8d4a2ff567a,,7,0
1789774345.069,5,3a3d0d65-64b3-4936-b5fb-d8d4a2ff567a,-61823953659.000,7,0
1789774345.069,20,5642c35a-fd63-492b-8a3e-873daf871a17,1789774342.000,5,0
1789774345.069,5,df6dd72c-50d5-4d47-93d3-401011cd3c4e,1789774343.000,6,0
1789774345.069,20,df6dd72c-50d5-4d47-93d3-401011cd3c4e,1789774343.000,6,0
1789774345.194,6,3a3d0d65-64b3-4936-b5fb-d8d4a2ff567a,1789774341.000,7,0
1789774345.194,6,5642c35a-fd63-492b-8a3e-873daf871a17,1789774342.000,5,0
1789774345.389,21,3a3d0d65-64b3-4936-b5fb-d8d4a2ff567a,1789774341.000,7,0
1789774345.389,21,5642c35a-fd63-492b-8a3e-873daf871a17,1789774342.000,5,0
1789774345.389,21,df6dd72c-50d5-4d47-93d3-401011cd3c4e,1789774343.000,6,0
1789774345.537,7,5642c35a-fd63-492b-8a3e-873daf871a17,1789774342.000,5,0
1789774345.537,7,df6dd72c-50d5-4d47-93d3-401011cd3c4e,1789774343.000,6,0
1789774345.573,22,3a3d0d65-64b3-4936-b5fb-d8d4a2ff567a,1789774341.000,7,0
1789774345.573,22,5642c35a-fd63-492b-8a3e-873daf871a17,1789774342.000,5,0
1789774345.573,22,df6dd72c-50d5-4d47-93d3-401011cd3c4e,1789774343.000,6,0
1789774345.610,8,3a3d0d65-64b3-4936-b5fb-d8d4a2ff567a,1789774341.000,7,0
1789774345.610,8,5642c35a-fd63-492b-8a3e-873daf871a17,1789774342.000,5,0
1789774345.610,8,df6dd72c-50d5-4d47-93d3-401011cd3c4e,1789774343.000,6,0
1789774345.716,23,3a3d0d65-64b3-4936-b5fb-d8d4a2ff567a,1789774341.000,7,0
1789774345.716,23,5642c35a-fd63-492b-8a3e-873daf871a17,1789774342.000,5,0
1789774345.716,23,df6dd72c-50d5-4d47-93d3-401011cd3c4e,1789774343.000,6,0
1789774345.816,9,3a3d0d65-64b3-4936-b5fb-d8d4a2ff567a,1789774341.000,7,0
1789774345.816,9,5642c35a-fd63-492b-8a3e-873daf871a17,1789774342.000,5,0
1789774345.816,9,df6dd72c-50d5-4d47-93d3-401011cd3c4e,1789774343.000,6,0
1789774346.044,24,3a3d0d65-64b3-4936-b5fb-d8d4a2ff567a,1789774341.000,7,0
1789774346.044,24,5642c35a-fd63-492b-8a3e-873daf871a17,1789774342.000,5,0
1789774346.044,24,df6dd72c-50d5-4d47-93d3-401011cd3c4e,1789774343.000,6,0
1789774346.071,10,3a3d0d65-64b3-4936-b5fb-d8d4a2ff567a,1789774341.000,7,0
1789774346.071,10,5642c35a-fd63-492b-8a3e-873daf871a17,1789774342.000,5,0
1789774346.071,10,df6dd72c-50d5-4d47-93d3-401011cd3c4e,1789774343.000,6,0
1789774346.202,11,3a3d0d65-64b3-4936-b5fb-d8d4a2ff567a,1789774341.000,7,0
1789774346.202,11,5642c35a-fd63-492b-8a3e-873daf871a17,1789774342.000,5,0
1789774346.202,11,df6dd72c-50d5-4d47-93d3-401011cd3c4e,1789774343.000,6,0
1789774346.574,12,3a3d0d65-64b3-4936-b5fb-d8d4a2ff567a,1789774341.000,7,0
1789774346.574,12,5642c35a-fd63-492b-8a3e-873daf871a17,1789774342.000,5,0
1789774346.574,12,df6dd72c-50d5-4d47-93d3-401011cd3c4e,1789774343.000,6,0
1789774346.619,13,3a3d0d65-64b3-4936-b5fb-d8d4a2ff567a,1789774341.000,7,0
1789774346.619,13,5642c35a-fd63-492b-8a3e-873daf871a17,1789774342.000,5,0
1789774346.619,13,df6dd72c-50d5-4d47-93d3-401011cd3c4e,1789774343.000,6,0
1789774346.974,14,3a3d0d65-64b3-4936-b5fb-d8d4a2ff567a,1789774341.000,7,0
1789774346.974,14,5642c35a-fd63-492b-8a3e-873daf871a17,1789774342.000,5,0
1789774346.974,14,df6dd72c-50d5-4d47-93d3-401011cd3c4e,1789774343.000,6,0
1789774347.079,0,3a3d0d65-64b3-4936-b5fb-d8d4a2ff567a,1790206341.000,7,0
1789774347.079,0,5642c35a-fd63-492b-8a3e-873daf871a17,1789774342.000,5,0
1789774347.079,15,3a3d0d65-64b3-4936-b5fb-d8d4a2ff567a,,7,0
1789774347.079,0,df6dd72c-50d5-4d47-93d3-401011cd3c4e,1789774343.000,6,0
1789774347.079,15,5642c35a-fd63-492b-8a3e-873daf871a17,1789774342.000,5,0
1789774347.079,15,df6dd72c-50d5-4d47-93d3-401011cd3c4e,1789774343.000,6,0
1789774347.207,1,3a3d0d65-64b3-4936-b5fb-d8d4a2ff567a,1789774341.000,7,0
1789774347.207,1,5642c35a-fd63-492b-8a3e-873daf871a17,1789774342.000,5,0
1789774347.207,1,df6dd72c-50d5-4d47-93d3-401011cd3c4e,1789774343.000,6,0
1789774347.402,16,3a3d0d65-64b3-4936-b5fb-d8d4a2ff567a,1789774341.000,7,0
1789774347.402,16,5642c35a-fd63-492b-8a3e-873daf871a17,1789774342.000,5,0
1789774347.402,16,df6dd72c-50d5-4d47-93d3-401011cd3c4e,1789774343.000,6,0
1789774347.544,2,3a3d0d65-64b3-4936-b5fb-d8d4a2ff567a,1789774341.000,7,0
1789774347.544,2,5642c35a-fd63-492b-8a3e-873daf871a17,1789774342.000,5,0
1789774347.544,2,df6dd72c-50d5-4d47-93d3-401011cd3c4e,1789774343.000,6,0
1789774347.582,17,3a3d0d65-64b3-4936-b5fb-d8d4a2ff567a,1789774341.000,7,0
1789774347.582,17,5642c35a-fd63-492b-8a3e-873daf871a17,1789774342.000,5,0
1789774347.582,17,df6dd72c-50d5-4d47-93d3-401011cd3c4e,1789774343.000,6,0
1789774347.626,18,3a3d0d65-64b3-4936-b5fb-d8d4a2ff567a,1789774341.000,7,0
1789774347.627,3,3a3d0d65-64b3-4936-b5fb-d8d4a2ff567a,1789774341.000,7,0
1789774347.626,18,5642c35a-fd63-492b-8a3e-873daf871a17,1789774342.000,5,0
1789774347.627,3,5642c35a-fd63-492b-8a3e-873daf871a17,1789774342.000,5,0
1789774347.626,18,df6dd72c-50d5-4d47-93d3-401011cd3c4e,1789774343.000,6,0
1789774347.627,3,df6dd72c-50d5-4d47-93d3-401011cd3c4e,1789774343.000,6,0
1789774347.826,4,3a3d0d65-64b3-4936-b5fb-d8d4a2ff567a,1789774341.000,7,0
1789774347.826,4,5642c35a-fd63-492b-8a3e-873daf871a17,1789774342.000,5,0
1789774347.826,4,df6dd72c-50d5-4d47-93d3-401011cd3c4e,1789774343.000,6,0
1789774347.982,19,40745069-bc88-42ed-b527-73470d43d78f,1789774345.000,20,0
1789774347.982,19,a410699a-5521-4a07-8978-4f4265e657c8,1789774346.000,24,0
1789774348.088,5,40745069-bc88-42ed-b527-73470d43d78f,1789774345.000,20,0
1789774348.088,20,a410699a-5521-4a07-8978-4f4265e657c8,,24,0
1789774348.088,5,a410699a-5521-4a07-8978-4f4265e657c8,1789774346.000,24,0
1789774348.215,6,40745069-bc88-42ed-b527-73470d43d78f,1789774345.000,20,0
1789774348.215,6,a410699a-5521-4a07-8978-4f4265e657c8,1789774346.000,24,0
1789774348.412,21,40745069-bc88-42ed-b527-73470d43d78f,1789774345.000,20,0
1789774348.412,21,a410699a-5521-4a07-8978-4f4265e657c8,1789774346.000,24,0
1789774348.552,7,40745069-bc88-42ed-b527-73470d43d78f,1789774345.000,20,0
1789774348.552,7,a410699a-5521-4a07-8978-4f4265e657c8,1789774346.000,24,0
1789774348.590,22,40745069-bc88-42ed-b527-73470d43d78f,1789774345.000,20,0
1789774348.590,22,a410699a-5521-4a07-8978-4f4265e657c8,1789774346.000,24,0
1789774348.635,8,40745069-bc88-42ed-b527-73470d43d78f,1789774345.000,20,0
1789774348.635,8,a410699a-5521-4a07-8978-4f4265e657c8,1789774346.000,24,0
1789774348.730,23,40745069-bc88-42ed-b527-73470d43d78f,1789774345.000,20,0
1789774348.730,23,a410699a-5521-4a07-8978-4f4265e657c8,1789774346.000,24,0
1789774348.830,9,40745069-bc88-42ed-b527-73470d43d78f,1789774345.000,20,0
1789774348.830,9,a410699a-5521-4a07-8978-4f4265e657c8,1789774346.000,24,0
1789774349.053,24,40745069-bc88-42ed-b527-73470d43d78f,1789774345.000,20,0
1789774349.094,10,40745069-bc88-42ed-b527-73470d43d78f,1789774345.000,20,0
1789774349.094,10,a410699a-5521-4a07-8978-4f4265e657c8,1789774346.000,24,0
1789774349.223,11,40745069-bc88-42ed-b527-73470d43d78f,1789774345.000,20,0
1789774349.223,11,a410699a-5521-4a07-8978-4f4265e657c8,1789774346.000,24,0
1789774349.597,12,40745069-bc88-42ed-b527-73470d43d78f,1789774345.000,20,0
1789774349.597,12,a410699a-5521-4a07-8978-4f4265e657c8,1789774346.000,24,0
1789774349.644,13,40745069-bc88-42ed-b527-73470d43d78f,1789774345.000,20,0
1789774349.644,13,a410699a-5521-4a07-8978-4f4265e657c8,1789774346.000,24,0
1789774349.995,14,40745069-bc88-42ed-b527-73470d43d78f,1789774345.000,20,0
1789774349.995,14,a410699a-5521-4a07-8978-4f4265e657c8,1789774346.000,24,0
1789774350.104,15,40745069-bc88-42ed-b527-73470d43d78f,1789774345.000,20,0
1789774350.104,0,40745069-bc88-42ed-b527-73470d43d78f,1789774345.000,20,0
1789774350.104,15,a410699a-5521-4a07-8978-4f4265e657c8,1789774346.000,24,0
1789774350.104,0,a410699a-5521-4a07-8978-4f4265e657c8,1789774346.000,24,0
1789774350.224,1,40745069-bc88-42ed-b527-73470d43d78f,1789774345.000,20,0
1789774350.224,1,a410699a-5521-4a07-8978-4f4265e657c8,1789774346.000,24,0
1789774350.432,16,40745069-bc88-42ed-b527-73470d43d78f,1789774345.000,20,0
1789774350.432,16,a410699a-5521-4a07-8978-4f4265e657c8,1789774346.000,24,0
1789774350.558,2,40745069-bc88-42ed-b527-73470d43d78f,1789774345.000,20,0
1789774350.558,2,a410699a-5521-4a07-8978-4f4265e657c8,1789774346.000,24,0
1789774350.602,17,40745069-bc88-42ed-b527-73470d43d78f,1789774345.000,20,0
1789774350.602,17,a410699a-5521-4a07-8978-4f4265e657c8,1789774346.000,24,0
1789774350.649,18,40745069-bc88-42ed-b527-73470d43d78f,,20,0
1789774350.649,3,40745069-bc88-42ed-b527-73470d43d78f,,20,0
1789774350.649,18,a410699a-5521-4a07-8978-4f4265e657c8,1789774346.000,24,0
1789774350.649,3,a410699a-5521-4a07-8978-4f4265e657c8,1789774346.000,24,0
1789774350.845,4,40745069-bc88-42ed-b527-73470d43d78f,1789774345.000,20,0
1789774350.845,4,a410699a-5521-4a07-8978-4f4265e657c8,1789774346.000,24,0
1789774350.996,19,517f0454-abe9-40ed-a0d6-779d1e6af31a,1789774348.000,9,0
1789774350.996,19,b195650c-c963-40ec-8943-a71e0efcbd6c,1789774348.000,4,0
1789774350.996,19,081e1cb7-872a-409e-980a-ea49a617afff,1789774348.000,11,0
1789774350.996,19,bf4bcc4a-c6fd-4b59-99a2-082bb3ce97b0,1789774350.000,1,0
1789774351.109,20,517f0454-abe9-40ed-a0d6-779d1e6af31a,1789774348.000,9,0
1789774351.109,5,517f0454-abe9-40ed-a0d6-779d1e6af31a,1789774348.000,9,0
1789774351.109,20,b195650c-c963-40ec-8943-a71e0efcbd6c,1789774348.000,4,0
1789774351.109,5,b195650c-c963-40ec-8943-a71e0efcbd6c,1789774348.000,4,0
1789774351.109,20,081e1cb7-872a-409e-980a-ea49a617afff,1789774348.000,11,0
1789774351.109,5,081e1cb7-872a-409e-980a-ea49a617afff,1789774348.000,11,0
1789774351.109,20,336dcc58-fcc1-4baa-9b08-9614a09ec598,1789774349.000,19,0
1789774351.109,5,336dcc58-fcc1-4baa-9b08-9614a09ec598,1789774349.000,19,0
1789774351.109,20,bf4bcc4a-c6fd-4b59-99a2-082bb3ce97b0,1789774350.000,1,0
1789774351.109,5,bf4bcc4a-c6fd-4b59-99a2-082bb3ce97b0,1789774350.000,1,0
1789774351.224,6,517f0454-abe9-40ed-a0d6-779d1e6af31a,1789774348.000,9,0
1789774351.224,6,b195650c-c963-40ec-8943-a71e0efcbd6c,1789774348.000,4,0
1789774351.224,6,081e1cb7-872a-409e-980a-ea49a617afff,1789774348.000,11,0
1789774351.224,6,336dcc58-fcc1-4baa-9b08-9614a09ec598,1789774349.000,19,0
1789774351.224,6,bf4bcc4a-c6fd-4b59-99a2-082bb3ce97b0,1789774350.000,1,0
1789774351.440,21,517f0454-abe9-40ed-a0d6-779d1e6af31a,1789774348.000,9,0
1789774351.440,21,b195650c-c963-40ec-8943-a71e0efcbd6c,1789774348.000,4,0
1789774351.440,21,081e1cb7-872a-409e-980a-ea49a617afff,1789774348.000,11,0
1789774351.440,21,336dcc58-fcc1-4baa-9b08-9614a09ec598,1789774349.000,19,0
1789774351.440,21,bf4bcc4a-c6fd-4b59-99a2-082bb3ce97b0,1789774350.000,1,0
1789774351.561,7,517f0454-abe9-40ed-a0d6-779d1e6af31a,1789774348.000,9,0
1789774351.561,7,b195650c-c963-40ec-8943-a71e0efcbd6c,1789774348.000,4,0
1789774351.561,7,081e1cb7-872a-409e-980a-ea49a617afff,1789774348.000,11,0
1789774351.561,7,336dcc58-fcc1-4baa-9b08-9614a09ec598,1789774349.000,19,0
1789774351.561,7,bf4bcc4a-c6fd-4b59-99a2-082bb3ce97b0,1789774350.000,1,0
1789774351.604,22,517f0454-abe9-40ed-a0d6-779d1e6af31a,1789774348.000,9,0
1789774351.604,22,b195650c-c963-40ec-8943-a71e0efcbd6c,1789774348.000,4,0
1789774351.604,22,081e1cb7-872a-409e-980a-ea49a617afff,1789774348.000,11,0
1789774351.604,22,336dcc58-fcc1-4baa-9b08-9614a09ec598,1789774349.000,19,0
1789774351.604,22,bf4bcc4a-c6fd-4b59-99a2-082bb3ce97b0,1789774350.000,1,0
1789774351.656,8,517f0454-abe9-40ed-a0d6-779d1e6af31a,1789774348.000,9,0
1789774351.656,8,b195650c-c963-40ec-8943-a71e0efcbd6c,1789774348.000,4,0
1789774351.656,8,081e1cb7-872a-409e-980a-ea49a617afff,1789774348.000,11,0
1789774351.656,8,336dcc58-fcc1-4baa-9b08-9614a09ec598,1789774349.000,19,0
1789774351.656,8,bf4bcc4a-c6fd-4b59-99a2-082bb3ce97b0,1789774350.000,1,0
1789774351.742,23,517f0454-abe9-40ed-a0d6-779d1e6af31a,1789774348.000,9,0
1789774351.742,23,b195650c-c963-40ec-8943-a71e0efcbd6c,1789774348.000,4,0
1789774351.742,23,081e1cb7-872a-409e-980a-ea49a617afff,1789774348.000,11,0
1789774351.742,23,336dcc58-fcc1-4baa-9b08-9614a09ec598,1789774349.000,19,0
1789774351.742,23,bf4bcc4a-c6fd-4b59-99a2-082bb3ce97b0,1789774350.000,1,0
1789774351.853,9,b195650c-c963-40ec-8943-a71e0efcbd6c,1789774348.000,4,0
1789774351.853,9,081e1cb7-872a-409e-980a-ea49a617afff,1789774348.000,11,0
1789774351.853,9,336dcc58-fcc1-4baa-9b08-9614a09ec598,1789774349.000,19,0
1789774351.853,9,bf4bcc4a-c6fd-4b59-99a2-082bb3ce97b0,1789774350.000,1,0
1789774352.080,24,517f0454-abe9-40ed-a0d6-779d1e6af31a,1789774348.000,9,0
1789774352.080,24,b195650c-c963-40ec-8943-a71e0efcbd6c,1789774348.000,4,0
1789774352.080,24,081e1cb7-872a-409e-980a-ea49a617afff,1789774348.000,11,0
1789774352.080,24,336dcc58-fcc1-4baa-9b08-9614a09ec598,1789774349.000,19,0
1789774352.080,24,bf4bcc4a-c6fd-4b59-99a2-082bb3ce97b0,1789774350.000,1,0
1789774352.109,10,517f0454-abe9-40ed-a0d6-779d1e6af31a,1789774348.000,9,0
1789774352.109,10,b195650c-c963-40ec-8943-a71e0efcbd6c,1789774348.000,4,0
1789774352.109,10,081e1cb7-872a-409e-980a-ea49a617afff,1789774348.000,11,0
1789774352.109,10,336dcc58-fcc1-4baa-9b08-9614a09ec598,1789774349.000,19,0
1789774352.109,10,bf4bcc4a-c6fd-4b59-99a2-082bb3ce97b0,1789774350.000,1,0
1789774352.232,11,517f0454-abe9-40ed-a0d6-779d1e6af31a,1789774348.000,9,0
1789774352.232,11,b195650c-c963-40ec-8943-a71e0efcbd6c,1789774348.000,4,0
1789774352.232,11,336dcc58-fcc1-4baa-9b08-9614a09ec598,1789774349.000,19,0
1789774352.232,11,bf4bcc4a-c6fd-4b59-99a2-082bb3ce97b0,1789774350.000,1,0
1789774352.611,12,517f0454-abe9-40ed-a0d6-779d1e6af31a,1789774348.000,9,0
1789774352.611,12,b195650c-c963-40ec-8943-a71e0efcbd6c,1789774348.000,4,0
1789774352.611,12,081e1cb7-872a-409e-980a-ea49a617afff,1789774348.000,11,0
1789774352.611,12,336dcc58-fcc1-4baa-9b08-9614a09ec598,1789774349.000,19,0
1789774352.611,12,bf4bcc4a-c6fd-4b59-99a2-082bb3ce97b0,1789774350.000,1,0
1789774352.662,13,517f0454-abe9-40ed-a0d6-779d1e6af31a,1789774348.000,9,0
1789774352.662,13,b195650c-c963-40ec-8943-a71e0efcbd6c,1789774348.000,4,0
1789774352.662,13,081e1cb7-872a-409e-980a-ea49a617afff,1789774348.000,11,0
1789774352.662,13,336dcc58-fcc1-4baa-9b08-9614a09ec598,1789774349.000,19,0
1789774352.662,13,bf4bcc4a-c6fd-4b59-99a2-082bb3ce97b0,1789774350.000,1,0
1789774353.004,14,517f0454-abe9-40ed-a0d6-779d1e6af31a,1789774348.000,9,0
1789774353.004,14,b195650c-c963-40ec-8943-a71e0efcbd6c,1789774348.000,4,0
1789774353.004,14,081e1cb7-872a-409e-980a-ea49a617afff,1789774348.000,11,0
1789774353.004,14,336dcc58-fcc1-4baa-9b08-9614a09ec598,1789774349.000,19,0
1789774353.004,14,bf4bcc4a-c6fd-4b59-99a2-082bb3ce97b0,1789774350.000,1,0
1789774353.116,0,517f0454-abe9-40ed-a0d6-779d1e6af31a,1789774348.000,9,0
1789774353.116,0,b195650c-c963-40ec-8943-a71e0efcbd6c,1789774348.000,4,0
1789774353.116,0,081e1cb7-872a-409e-980a-ea49a617afff,1789774348.000,11,0
1789774353.116,0,336dcc58-fcc1-4baa-9b08-9614a09ec598,1789774349.000,19,0
1789774353.116,0,bf4bcc4a-c6fd-4b59-99a2-082bb3ce97b0,1789774350.000,1,0
1789774353.116,15,517f0454-abe9-40ed-a0d6-779d1e6af31a,,9,0
1789774353.116,15,b195650c-c963-40ec-8943-a71e0efcbd6c,1789774348.000,4,0
1789774353.116,15,081e1cb7-872a-409e-980a-ea49a617afff,1789774348.000,11,0
1789774353.116,15,336dcc58-fcc1-4baa-9b08-9614a09ec598,1789774349.000,19,0
1789774353.116,15,bf4bcc4a-c6fd-4b59-99a2-082bb3ce97b0,1789774350.000,1,0
1789774353.235,1,517f0454-abe9-40ed-a0d6-779d1e6af31a,1789774348.000,9,0
1789774353.235,1,b195650c-c963-40ec-8943-a71e0efcbd6c,1789774348.000,4,0
1789774353.235,1,081e1cb7-872a-409e-980a-ea49a617afff,1789774348.000,11,0
1789774353.235,1,336dcc58-fcc1-4baa-9b08-9614a09ec598,1789774349.000,19,0
1789774353.454,16,517f0454-abe9-40ed-a0d6-779d1e6af31a,1789774348.000,9,0
1789774353.454,16,b195650c-c963-40ec-8943-a71e0efcbd6c,1789774348.000,4,0
1789774353.454,16,081e1cb7-872a-409e-980a-ea49a617afff,1789774348.000,11,0
1789774353.454,16,336dcc58-fcc1-4baa-9b08-9614a09ec598,1789774349.000,19,0
1789774353.454,16,bf4bcc4a-c6fd-4b59-99a2-082bb3ce97b0,1789774350.000,1,0
1789774353.566,2,517f0454-abe9-40ed-a0d6-779d1e6af31a,1789774348.000,9,0
1789774353.566,2,b195650c-c963-40ec-8943-a71e0efcbd6c,1789774348.000,4,0
1789774353.566,2,081e1cb7-872a-409e-980a-ea49a617afff,1789774348.000,11,0
1789774353.566,2,336dcc58-fcc1-4baa-9b08-9614a09ec598,1789774349.000,19,0
1789774353.566,2,bf4bcc4a-c6fd-4b59-99a2-082bb3ce97b0,1789774350.000,1,0
1789774353.620,17,517f0454-abe9-40ed-a0d6-779d1e6af31a,1789774348.000,9,0
1789774353.620,17,b195650c-c963-40ec-8943-a71e0efcbd6c,1789774348.000,4,0
1789774353.620,17,081e1cb7-872a-409e-980a-ea49a617afff,1789774348.000,11,0
1789774353.620,17,336dcc58-fcc1-4baa-9b08-9614a09ec598,1789774349.000,19,0
1789774353.620,17,bf4bcc4a-c6fd-4b59-99a2-082bb3ce97b0,1789774350.000,1,0
1789774353.669,18,517f0454-abe9-40ed-a0d6-779d1e6af31a,1790018612.000,9,0
1789774353.669,3,517f0454-abe9-40ed-a0d6-779d1e6af31a,,9,0
1789774353.669,18,b195650c-c963-40ec-8943-a71e0efcbd6c,1789774348.000,4,0
1789774353.669,3,b195650c-c963-40ec-8943-a71e0efcbd6c,1789774348.000,4,0
1789774353.669,18,081e1cb7-872a-409e-980a-ea49a617afff,1789774348.000,11,0
1789774353.669,3,081e1cb7-872a-409e-980a-ea49a617afff,1789774348.000,11,0
1789774353.669,18,336dcc58-fcc1-4baa-9b08-9614a09ec598,1789774349.000,19,0
1789774353.669,3,336dcc58-fcc1-4baa-9b08-9614a09ec598,1789774349.000,19,0
1789774353.669,18,bf4bcc4a-c6fd-4b59-99a2-082bb3ce97b0,1789774350.000,1,0
1789774353.669,3,bf4bcc4a-c6fd-4b59-99a2-082bb3ce97b0,1789774350.000,1,0
1789774353.870,4,517f0454-abe9-40ed-a0d6-779d1e6af31a,1789774348.000,9,0
1789774353.870,4,081e1cb7-872a-409e-980a-ea49a617afff,1789774348.000,11,0
1789774353.870,4,336dcc58-fcc1-4baa-9b08-9614a09ec598,1789774349.000,19,0
1789774353.870,4,bf4bcc4a-c6fd-4b59-99a2-082bb3ce97b0,1789774350.000,1,0
1789774354.005,19,7a60378c-e273-4d2e-9850-2d3a3ced10c3,1789774351.000,22,0
1789774354.005,19,8fedd40d-3e17-4d83-85b5-d0ccfe66c7cc,1789774352.000,23,0
1789774354.005,19,dd8db6be-3cd5-46aa-8348-c38348ec3478,1789774352.000,17,0
1789774354.124,5,7a60378c-e273-4d2e-9850-2d3a3ced10c3,1789723103.000,22,0
1789774354.124,20,7a60378c-e273-4d2e-9850-2d3a3ced10c3,,22,0
1789774354.124,5,8fedd40d-3e17-4d83-85b5-d0ccfe66c7cc,1789774352.000,23,0
1789774354.124,20,8fedd40d-3e17-4d83-85b5-d0ccfe66c7cc,1789774352.000,23,0
1789774354.124,5,dd8db6be-3cd5-46aa-8348-c38348ec3478,1789774352.000,17,0
1789774354.124,20,dd8db6be-3cd5-46aa-8348-c38348ec3478,1789774352.000,17,0
1789774354.240,6,7a60378c-e273-4d2e-9850-2d3a3ced10c3,1789774351.000,22,0
1789774354.240,6,8fedd40d-3e17-4d83-85b5-d0ccfe66c7cc,1789774352.000,23,0
1789774354.240,6,dd8db6be-3cd5-46aa-8348-c38348ec3478,1789774352.000,17,0
1789774354.463,21,7a60378c-e273-4d2e-9850-2d3a3ced10c3,1789774351.000,22,0
1789774354.463,21,8fedd40d-3e17-4d83-85b5-d0ccfe66c7cc,1789774352.000,23,0
1789774354.463,21,dd8db6be-3cd5-46aa-8348-c38348ec3478,1789774352.000,17,0
1789774354.571,7,7a60378c-e273-4d2e-9850-2d3a3ced10c3,1789774351.000,22,0
1789774354.571,7,8fedd40d-3e17-4d83-85b5-d0ccfe66c7cc,1789774352.000,23,0
1789774354.571,7,dd8db6be-3cd5-46aa-8348-c38348ec3478,1789774352.000,17,0
1789774354.624,22,8fedd40d-3e17-4d83-85b5-d0ccfe66c7cc,1789774352.000,23,0
1789774354.624,22,dd8db6be-3cd5-46aa-8348-c38348ec3478,1789774352.000,17,0
1789774354.671,8,7a60378c-e273-4d2e-9850-2d3a3ced10c3,1789774351.000,22,0
1789774354.671,8,8fedd40d-3e17-4d83-85b5-d0ccfe66c7cc,1789774352.000,23,0
1789774354.671,8,dd8db6be-3cd5-46aa-8348-c38348ec3478,1789774352.000,17,0
1789774354.757,23,7a60378c-e273-4d2e-9850-2d3a3ced10c3,1789774351.000,22,0
1789774354.757,23,dd8db6be-3cd5-46aa-8348-c38348ec3478,1789774352.000,17,0
1789774354.875,9,7a60378c-e273-4d2e-9850-2d3a3ced10c3,1789774351.000,22,0
1789774354.875,9,8fedd40d-3e17-4d83-85b5-d0ccfe66c7cc,1789774352.000,23,0
1789774354.875,9,dd8db6be-3cd5-46aa-8348-c38348ec3478,1789774352.000,17,0
1789774355.095,24,7a60378c-e273-4d2e-9850-2d3a3ced10c3,1789774351.000,22,0
1789774355.095,24,8fedd40d-3e17-4d83-85b5-d0ccfe66c7cc,1789774352.000,23,0
1789774355.095,24,dd8db6be-3cd5-46aa-8348-c38348ec3478,1789774352.000,17,0
1789774355.130,10,7a60378c-e273-4d2e-9850-2d3a3ced10c3,1789774351.000,22,0
1789774355.130,10,8fedd40d-3e17-4d83-85b5-d0ccfe66c7cc,1789774352.000,23,0
1789774355.130,10,dd8db6be-3cd5-46aa-8348-c38348ec3478,1789774352.000,17,0
1789774355.240,11,7a60378c-e273-4d2e-9850-2d3a3ced10c3,1789774351.000,22,0
1789774355.240,11,8fedd40d-3e17-4d83-85b5-d0ccfe66c7cc,1789774352.000,23,0
1789774355.240,11,dd8db6be-3cd5-46aa-8348-c38348ec3478,1789774352.000,17,0
1789774355.634,12,7a60378c-e273-4d2e-9850-2d3a3ced10c3,1789774351.000,22,0
1789774355.634,12,8fedd40d-3e17-4d83-85b5-d0ccfe66c7cc,1789774352.000,23,0
1789774355.634,12,dd8db6be-3cd5-46aa-8348-c38348ec3478,1789774352.000,17,0
1789774355.679,13,7a60378c-e273-4d2e-9850-2d3a3ced10c3,1789774351.000,22,0
1789774355.679,13,8fedd40d-3e17-4d83-85b5-d0ccfe66c7cc,1789774352.000,23,0
1789774355.679,13,dd8db6be-3cd5-46aa-8348-c38348ec3478,1789774352.000,17,0
1789774356.013,14,7a60378c-e273-4d2e-9850-2d3a3ced10c3,1789774351.000,22,0
1789774356.013,14,8fedd40d-3e17-4d83-85b5-d0ccfe66c7cc,1789774352.000,23,0
1789774356.013,14,dd8db6be-3cd5-46aa-8348-c38348ec3478,1789774352.000,17,0
1789774356.137,15,7a60378c-e273-4d2e-9850-2d3a3ced10c3,1789773811.000,22,0
1789774356.137,0,7a60378c-e273-4d2e-9850-2d3a3ced10c3,,22,0
1789774356.137,15,8fedd40d-3e17-4d83-85b5-d0ccfe66c7cc,1789774352.000,23,0
1789774356.137,15,dd8db6be-3cd5-46aa-8348-c38348ec3478,1789774352.000,17,0
1789774356.137,0,8fedd40d-3e17-4d83-85b5-d0ccfe66c7cc,1789774352.000,23,0
1789774356.137,0,dd8db6be-3cd5-46aa-8348-c38348ec3478,1789774352.000,17,0
1789774356.248,1,7a60378c-e273-4d2e-9850-2d3a3ced10c3,1789774351.000,22,0
1789774356.248,1,8fedd40d-3e17-4d83-85b5-d0ccfe66c7cc,1789774352.000,23,0
1789774356.248,1,dd8db6be-3cd5-46aa-8348-c38348ec3478,1789774352.000,17,0
1789774356.476,16,7a60378c-e273-4d2e-9850-2d3a3ced10c3,1789774351.000,22,0
1789774356.476,16,8fedd40d-3e17-4d83-85b5-d0ccfe66c7cc,1789774352.000,23,0
1789774356.476,16,dd8db6be-3cd5-46aa-8348-c38348ec3478,1789774352.000,17,0
1789774356.581,2,7a60378c-e273-4d2e-9850-2d3a3ced10c3,1789774351.000,22,0
1789774356.581,2,8fedd40d-3e17-4d83-85b5-d0ccfe66c7cc,1789774352.000,23,0
1789774356.581,2,dd8db6be-3cd5-46aa-8348-c38348ec3478,1789774352.000,17,0
1789774356.644,17,7a60378c-e273-4d2e-9850-2d3a3ced10c3,1789774351.000,22,0
1789774356.644,17,8fedd40d-3e17-4d83-85b5-d0ccfe66c7cc,1789774352.000,23,0
1789774356.681,18,7a60378c-e273-4d2e-9850-2d3a3ced10c3,1789774351.000,22,0
1789774356.681,3,7a60378c-e273-4d2e-9850-2d3a3ced10c3,1789774351.000,22,0
1789774356.681,18,8fedd40d-3e17-4d83-85b5-d0ccfe66c7cc,1789774352.000,23,0
1789774356.681,3,8fedd40d-3e17-4d83-85b5-d0ccfe66c7cc,1789774352.000,23,0
1789774356.681,3,dd8db6be-3cd5-46aa-8348-c38348ec3478,1789774352.000,17,0
1789774356.681,18,dd8db6be-3cd5-46aa-8348-c38348ec3478,1789774352.000,17,0
1789774356.887,4,7a60378c-e273-4d2e-9850-2d3a3ced10c3,1789774351.000,22,0
1789774356.887,4,8fedd40d-3e17-4d83-85b5-d0ccfe66c7cc,1789774352.000,23,0
1789774356.887,4,dd8db6be-3cd5-46aa-8348-c38348ec3478,1789774352.000,17,0
1789774357.022,19,b74fe184-f4f9-45bd-8d28-d8807010d42e,1789774354.000,18,0
1789774357.022,19,b2c20638-4673-495e-ad8a-e7bec56a64ca,1789774354.000,12,0
1789774357.022,19,c70245b8-9f9a-4591-abf2-5322db5ff4c0,1789774355.000,2,0
1789774357.145,5,b74fe184-f4f9-45bd-8d28-d8807010d42e,1789773514.000,18,0
1789774357.145,20,b74fe184-f4f9-45bd-8d28-d8807010d42e,,18,0
1789774357.145,5,b2c20638-4673-495e-ad8a-e7bec56a64ca,1789774354.000,12,0
1789774357.145,20,b2c20638-4673-495e-ad8a-e7bec56a64ca,1789774354.000,12,0
1789774357.145,5,c70245b8-9f9a-4591-abf2-5322db5ff4c0,1789774355.000,2,0
1789774357.145,20,c70245b8-9f9a-4591-abf2-5322db5ff4c0,1789774355.000,2,0
1789774357.255,6,b74fe184-f4f9-45bd-8d28-d8807010d42e,1789774354.000,18,0
1789774357.255,6,b2c20638-4673-495e-ad8a-e7bec56a64ca,1789774354.000,12,0
1789774357.255,6,c70245b8-9f9a-4591-abf2-5322db5ff4c0,1789774355.000,2,0
1789774357.486,21,b74fe184-f4f9-45bd-8d28-d8807010d42e,1789774354.000,18,0
1789774357.486,21,b2c20638-4673-495e-ad8a-e7bec56a64ca,1789774354.000,12,0
1789774357.486,21,c70245b8-9f9a-4591-abf2-5322db5ff4c0,1789774355.000,2,0
1789774357.581,7,b74fe184-f4f9-45bd-8d28-d8807010d42e,1789774354.000,18,0
1789774357.581,7,b2c20638-4673-495e-ad8a-e7bec56a64ca,1789774354.000,12,0
1789774357.581,7,c70245b8-9f9a-4591-abf2-5322db5ff4c0,1789774355.000,2,0
1789774357.650,22,b74fe184-f4f9-45bd-8d28-d8807010d42e,1789774354.000,18,0
1789774357.650,22,b2c20638-4673-495e-ad8a-e7bec56a64ca,1789774354.000,12,0
1789774357.650,22,c70245b8-9f9a-4591-abf2-5322db5ff4c0,1789774355.000,2,0
1789774357.684,8,b74fe184-f4f9-45bd-8d28-d8807010d42e,1789774354.000,18,0
1789774357.684,8,b2c20638-4673-495e-ad8a-e7bec56a64ca,1789774354.000,12,0
1789774357.684,8,c70245b8-9f9a-4591-abf2-5322db5ff4c0,1789774355.000,2,0
1789774357.770,23,b74fe184-f4f9-45bd-8d28-d8807010d42e,1789774354.000,18,0
1789774357.770,23,b2c20638-4673-495e-ad8a-e7bec56a64ca,1789774354.000,12,0
1789774357.770,23,c70245b8-9f9a-4591-abf2-5322db5ff4c0,1789774355.000,2,0
1789774357.896,9,b74fe184-f4f9-45bd-8d28-d8807010d42e,1789774354.000,18,0
1789774357.896,9,b2c20638-4673-495e-ad8a-e7bec56a64ca,1789774354.000,12,0
1789774357.896,9,c70245b8-9f9a-4591-abf2-5322db5ff4c0,1789774355.000,2,0
1789774358.118,24,b74fe184-f4f9-45bd-8d28-d8807010d42e,1789774354.000,18,0
1789774358.118,24,b2c20638-4673-495e-ad8a-e7bec56a64ca,1789774354.000,12,0
1789774358.118,24,c70245b8-9f9a-4591-abf2-5322db5ff4c0,1789774355.000,2,0
1789774358.154,10,b74fe184-f4f9-45bd-8d28-d8807010d42e,1789774354.000,18,0
1789774358.154,10,b2c20638-4673-495e-ad8a-e7bec56a64ca,1789774354.000,12,0
1789774358.154,10,c70245b8-9f9a-4591-abf2-5322db5ff4c0,1789774355.000,2,0
1789774358.256,11,b74fe184-f4f9-45bd-8d28-d8807010d42e,1789774354.000,18,0
1789774358.256,11,b2c20638-4673-495e-ad8a-e7bec56a64ca,1789774354.000,12,0
1789774358.256,11,c70245b8-9f9a-4591-abf2-5322db5ff4c0,1789774355.000,2,0
1789774358.650,12,b74fe184-f4f9-45bd-8d28-d8807010d42e,1789774354.000,18,0
1789774358.650,12,c70245b8-9f9a-4591-abf2-5322db5ff4c0,1789774355.000,2,0
1789774358.692,13,b74fe184-f4f9-45bd-8d28-d8807010d42e,1789774354.000,18,0
1789774358.692,13,b2c20638-4673-495e-ad8a-e7bec56a64ca,1789774354.000,12,0
1789774358.692,13,c70245b8-9f9a-4591-abf2-5322db5ff4c0,1789774355.000,2,0
1789774359.038,14,b74fe184-f4f9-45bd-8d28-d8807010d42e,1789774354.000,18,0
1789774359.038,14,b2c20638-4673-495e-ad8a-e7bec56a64ca,1789774354.000,12,0
1789774359.038,14,c70245b8-9f9a-4591-abf2-5322db5ff4c0,1789774355.000,2,0
1789774359.159,0,b74fe184-f4f9-45bd-8d28-d8807010d42e,1789774354.000,18,0
1789774359.159,15,b74fe184-f4f9-45bd-8d28-d8807010d42e,1789774354.000,18,0
1789774359.159,0,b2c20638-4673-495e-ad8a-e7bec56a64ca,1789774354.000,12,0
1789774359.159,15,b2c20638-4673-495e-ad8a-e7bec56a64ca,1789774354.000,12,0
1789774359.159,0,c70245b8-9f9a-4591-abf2-5322db5ff4c0,1789774355.000,2,0
1789774359.159,15,c70245b8-9f9a-4591-abf2-5322db5ff4c0,1789774355.000,2,0
1789774359.266,1,b74fe184-f4f9-45bd-8d28-d8807010d42e,1789774354.000,18,0
1789774359.266,1,b2c20638-4673-495e-ad8a-e7bec56a64ca,1789774354.000,12,0
1789774359.266,1,c70245b8-9f9a-4591-abf2-5322db5ff4c0,1789774355.000,2,0
1789774359.503,16,b74fe184-f4f9-45bd-8d28-d8807010d42e,1789774354.000,18,0
1789774359.503,16,b2c20638-4673-495e-ad8a-e7bec56a64ca,1789774354.000,12,0
1789774359.503,16,c70245b8-9f9a-4591-abf2-5322db5ff4c0,1789774355.000,2,0
1789774359.592,2,b74fe184-f4f9-45bd-8d28-d8807010d42e,1789774354.000,18,0
1789774359.592,2,b2c20638-4673-495e-ad8a-e7bec56a64ca,1789774354.000,12,0
1789774359.659,17,b74fe184-f4f9-45bd-8d28-d8807010d42e,1789774354.000,18,0
1789774359.659,17,b2c20638-4673-495e-ad8a-e7bec56a64ca,1789774354.000,12,0
1789774359.659,17,c70245b8-9f9a-4591-abf2-5322db5ff4c0,1789774355.000,2,0
1789774359.702,3,b74fe184-f4f9-45bd-8d28-d8807010d42e,,18,0
1789774359.702,18,b2c20638-4673-495e-ad8a-e7bec56a64ca,-61576298726.000,12,0
1789774359.702,3,b2c20638-4673-495e-ad8a-e7bec56a64ca,1789774354.000,12,0
1789774359.702,18,c70245b8-9f9a-4591-abf2-5322db5ff4c0,1789774355.000,2,0
1789774359.702,3,c70245b8-9f9a-4591-abf2-5322db5ff4c0,1789774355.000,2,0
1789774359.915,4,b74fe184-f4f9-45bd-8d28-d8807010d42e,1789774354.000,18,0
1789774359.915,4,b2c20638-4673-495e-ad8a-e7bec56a64ca,1789774354.000,12,0
1789774359.915,4,c70245b8-9f9a-4591-abf2-5322db5ff4c0,1789774355.000,2,0
1789774360.044,19,108b4432-a63f-45ed-bd3a-09d79c98d0f8,1789774358.000,13,0
1789774360.044,19,1dce37c2-883e-465f-a1a0-9f80f2517a9f,1789774358.000,3,0
1789774360.165,5,108b4432-a63f-45ed-bd3a-09d79c98d0f8,1789774358.000,13,0
1789774360.165,20,108b4432-a63f-45ed-bd3a-09d79c98d0f8,1789774358.000,13,0
1789774360.165,5,1dce37c2-883e-465f-a1a0-9f80f2517a9f,1789774358.000,3,0
1789774360.165,20,1dce37c2-883e-465f-a1a0-9f80f2517a9f,1789774358.000,3,0
1789774360.267,6,108b4432-a63f-45ed-bd3a-09d79c98d0f8,1789774358.000,13,0
1789774360.267,6,1dce37c2-883e-465f-a1a0-9f80f2517a9f,1789774358.000,3,0
1789774360.512,21,108b4432-a63f-45ed-bd3a-09d79c98d0f8,1789774358.000,13,0
1789774360.512,21,1dce37c2-883e-465f-a1a0-9f80f2517a9f,1789774358.000,3,0
1789774360.592,7,108b4432-a63f-45ed-bd3a-09d79c98d0f8,1789774358.000,13,0
1789774360.592,7,1dce37c2-883e-465f-a1a0-9f80f2517a9f,1789774358.000,3,0
1789774360.665,22,108b4432-a63f-45ed-bd3a-09d79c98d0f8,1789774358.000,13,0
1789774360.665,22,1dce37c2-883e-465f-a1a0-9f80f2517a9f,1789774358.000,3,0
1789774360.705,8,108b4432-a63f-45ed-bd3a-09d79c98d0f8,1789774358.000,13,0
1789774360.705,8,1dce37c2-883e-465f-a1a0-9f80f2517a9f,1789774358.000,3,0
1789774360.783,23,108b4432-a63f-45ed-bd3a-09d79c98d0f8,1789774358.000,13,0
1789774360.783,23,1dce37c2-883e-465f-a1a0-9f80f2517a9f,1789774358.000,3,0
1789774360.923,9,108b4432-a63f-45ed-bd3a-09d79c98d0f8,1789774358.000,13,0
1789774360.923,9,1dce37c2-883e-465f-a1a0-9f80f2517a9f,1789774358.000,3,0
1789774361.139,24,108b4432-a63f-45ed-bd3a-09d79c98d0f8,1789774358.000,13,0
1789774361.139,24,1dce37c2-883e-465f-a1a0-9f80f2517a9f,1789774358.000,3,0
1789774361.171,10,108b4432-a63f-45ed-bd3a-09d79c98d0f8,1789774358.000,13,0
1789774361.171,10,1dce37c2-883e-465f-a1a0-9f80f2517a9f,1789774358.000,3,0
1789774361.270,11,108b4432-a63f-45ed-bd3a-09d79c98d0f8,1789774358.000,13,0
1789774361.270,11,1dce37c2-883e-465f-a1a0-9f80f2517a9f,1789774358.000,3,0
1789774361.665,12,108b4432-a63f-45ed-bd3a-09d79c98d0f8,1789774358.000,13,0
1789774361.665,12,1dce37c2-883e-465f-a1a0-9f80f2517a9f,1789774358.000,3,0
1789774361.714,13,1dce37c2-883e-465f-a1a0-9f80f2517a9f,1789774358.000,3,0
1789774362.050,14,108b4432-a63f-45ed-bd3a-09d79c98d0f8,1789774358.000,13,0
1789774362.050,14,1dce37c2-883e-465f-a1a0-9f80f2517a9f,1789774358.000,3,0
1789774362.175,15,108b4432-a63f-45ed-bd3a-09d79c98d0f8,1789774358.000,13,0
1789774362.175,15,1dce37c2-883e-465f-a1a0-9f80f2517a9f,1789774358.000,3,0
1789774362.175,0,108b4432-a63f-45ed-bd3a-09d79c98d0f8,,13,0
1789774362.175,0,1dce37c2-883e-465f-a1a0-9f80f2517a9f,1789774358.000,3,0
1789774362.275,1,108b4432-a63f-45ed-bd3a-09d79c98d0f8,1789774358.000,13,0
1789774362.275,1,1dce37c2-883e-465f-a1a0-9f80f2517a9f,1789774358.000,3,0
1789774362.528,16,108b4432-a63f-45ed-bd3a-09d79c98d0f8,1789774358.000,13,0
1789774362.528,16,1dce37c2-883e-465f-a1a0-9f80f2517a9f,1789774358.000,3,0
1789774362.599,2,108b4432-a63f-45ed-bd3a-09d79c98d0f8,1789774358.000,13,0
1789774362.599,2,1dce37c2-883e-465f-a1a0-9f80f2517a9f,1789774358.000,3,0
1789774362.672,17,108b4432-a63f-45ed-bd3a-09d79c98d0f8,1789774358.000,13,0
1789774362.672,17,1dce37c2-883e-465f-a1a0-9f80f2517a9f,1789774358.000,3,0
1789774362.723,3,108b4432-a63f-45ed-bd3a-09d79c98d0f8,1789774358.000,13,0
1789774362.723,18,108b4432-a63f-45ed-bd3a-09d79c98d0f8,1789774358.000,13,0
1789774362.723,18,1dce37c2-883e-465f-a1a0-9f80f2517a9f,1789774358.000,3,0
1789774362.938,4,108b4432-a63f-45ed-bd3a-09d79c98d0f8,1789774358.000,13,0
1789774362.938,4,1dce37c2-883e-465f-a1a0-9f80f2517a9f,1789774358.000,3,0
1789774363.059,19,3138751d-8a6a-40b4-ad76-c5d858754d2b,1789774360.000,21,0
1789774363.059,19,e3e27e85-b3d2-404e-8351-c9420eb2b409,1789774362.000,15,0
1789774363.184,5,3138751d-8a6a-40b4-ad76-c5d858754d2b,-61837172840.000,21,0
1789774363.184,20,3138751d-8a6a-40b4-ad76-c5d858754d2b,,21,0
1789774363.184,5,e3e27e85-b3d2-404e-8351-c9420eb2b409,1789774362.000,15,0
1789774363.184,20,e3e27e85-b3d2-404e-8351-c9420eb2b409,1789774362.000,15,0
1789774363.276,6,3138751d-8a6a-40b4-ad76-c5d858754d2b,1789774360.000,21,0
1789774363.276,6,e3e27e85-b3d2-404e-8351-c9420eb2b409,1789774362.000,15,0
1789774363.537,21,e3e27e85-b3d2-404e-8351-c9420eb2b409,1789774362.000,15,0
1789774363.601,7,3138751d-8a6a-40b4-ad76-c5d858754d2b,1789774360.000,21,0
1789774363.601,7,e3e27e85-b3d2-404e-8351-c9420eb2b409,1789774362.000,15,0
1789774363.679,22,3138751d-8a6a-40b4-ad76-c5d858754d2b,1789774360.000,21,0
1789774363.679,22,e3e27e85-b3d2-404e-8351-c9420eb2b409,1789774362.000,15,0
1789774363.733,8,3138751d-8a6a-40b4-ad76-c5d858754d2b,1789774360.000,21,0
1789774363.733,8,e3e27e85-b3d2-404e-8351-c9420eb2b409,1789774362.000,15,0
1789774363.797,23,3138751d-8a6a-40b4-ad76-c5d858754d2b,1789774360.000,21,0
1789774363.797,23,e3e27e85-b3d2-404e-8351-c9420eb2b409,1789774362.000,15,0
1789774363.945,9,3138751d-8a6a-40b4-ad76-c5d858754d2b,1789774360.000,21,0
1789774363.945,9,e3e27e85-b3d2-404e-8351-c9420eb2b409,1789774362.000,15,0
1789774364.157,24,3138751d-8a6a-40b4-ad76-c5d858754d2b,1789774360.000,21,0
1789774364.157,24,e3e27e85-b3d2-404e-8351-c9420eb2b409,1789774362.000,15,0
1789774364.188,10,3138751d-8a6a-40b4-ad76-c5d858754d2b,1789774360.000,21,0
1789774364.188,10,e3e27e85-b3d2-404e-8351-c9420eb2b409,1789774362.000,15,0
1789774364.280,11,3138751d-8a6a-40b4-ad76-c5d858754d2b,1789774360.000,21,0
1789774364.280,11,e3e27e85-b3d2-404e-8351-c9420eb2b409,1789774362.000,15,0
1789774364.681,12,3138751d-8a6a-40b4-ad76-c5d858754d2b,1789774360.000,21,0
1789774364.681,12,e3e27e85-b3d2-404e-8351-c9420eb2b409,1789774362.000,15,0
1789774364.743,13,3138751d-8a6a-40b4-ad76-c5d858754d2b,1789774360.000,21,0
1789774364.743,13,e3e27e85-b3d2-404e-8351-c9420eb2b409,1789774362.000,15,0
1789774365.064,14,3138751d-8a6a-40b4-ad76-c5d858754d2b,1789774360.000,21,0
1789774365.064,14,e3e27e85-b3d2-404e-8351-c9420eb2b409,1789774362.000,15,0
1789774365.193,0,3138751d-8a6a-40b4-ad76-c5d858754d2b,1789774338.000,21,0
1789774365.193,0,e3e27e85-b3d2-404e-8351-c9420eb2b409,1789774362.000,15,0
1789774365.193,15,3138751d-8a6a-40b4-ad76-c5d858754d2b,,21,0
1789774365.284,1,3138751d-8a6a-40b4-ad76-c5d858754d2b,1789774360.000,21,0
1789774365.284,1,e3e27e85-b3d2-404e-8351-c9420eb2b409,1789774362.000,15,0
1789774365.556,16,3138751d-8a6a-40b4-ad76-c5d858754d2b,1789774360.000,21,0
1789774365.556,16,e3e27e85-b3d2-404e-8351-c9420eb2b409,1789774362.000,15,0
1789774365.608,2,3138751d-8a6a-40b4-ad76-c5d858754d2b,1789774360.000,21,0
1789774365.608,2,e3e27e85-b3d2-404e-8351-c9420eb2b409,1789774362.000,15,0
1789774365.691,17,3138751d-8a6a-40b4-ad76-c5d858754d2b,1789774360.000,21,0
1789774365.691,17,e3e27e85-b3d2-404e-8351-c9420eb2b409,1789774362.000,15,0
1789774365.750,3,3138751d-8a6a-40b4-ad76-c5d858754d2b,1789774360.000,21,0
1789774365.750,3,e3e27e85-b3d2-404e-8351-c9420eb2b409,1789774362.000,15,0
1789774365.750,18,3138751d-8a6a-40b4-ad76-c5d858754d2b,,21,0
1789774365.750,18,e3e27e85-b3d2-404e-8351-c9420eb2b409,1789774362.000,15,0
1789774365.953,4,3138751d-8a6a-40b4-ad76-c5d858754d2b,1789774360.000,21,0
1789774365.953,4,e3e27e85-b3d2-404e-8351-c9420eb2b409,1789774362.000,15,0
1789774366.074,19,de353045-83aa-4fb2-b045-6b7fea0567c9,1789774364.000,0,0
1789774366.074,19,e10f2cce-1515-4bde-8fbe-042a5fa960c9,1789774365.000,16,0
1789774366.200,20,de353045-83aa-4fb2-b045-6b7fea0567c9,1789774364.000,0,0
1789774366.200,5,de353045-83aa-4fb2-b045-6b7fea0567c9,1789774364.000,0,0
1789774366.200,20,e10f2cce-1515-4bde-8fbe-042a5fa960c9,1789774365.000,16,0
1789774366.200,5,e10f2cce-1515-4bde-8fbe-042a5fa960c9,1789774365.000,16,0
1789774366.285,6,de353045-83aa-4fb2-b045-6b7fea0567c9,1789774364.000,0,0
1789774366.285,6,e10f2cce-1515-4bde-8fbe-042a5fa960c9,1789774365.000,16,0
1789774366.556,21,de353045-83aa-4fb2-b045-6b7fea0567c9,1789774364.000,0,0
1789774366.556,21,e10f2cce-1515-4bde-8fbe-042a5fa960c9,1789774365.000,16,0
1789774366.610,7,de353045-83aa-4fb2-b045-6b7fea0567c9,1789774364.000,0,0
1789774366.610,7,e10f2cce-1515-4bde-8fbe-042a5fa960c9,1789774365.000,16,0
1789774366.701,22,de353045-83aa-4fb2-b045-6b7fea0567c9,1789774364.000,0,0
1789774366.701,22,e10f2cce-1515-4bde-8fbe-042a5fa960c9,1789774365.000,16,0
1789774366.758,8,de353045-83aa-4fb2-b045-6b7fea0567c9,1789774364.000,0,0
1789774366.758,8,e10f2cce-1515-4bde-8fbe-042a5fa960c9,1789774365.000,16,0
1789774366.807,23,de353045-83aa-4fb2-b045-6b7fea0567c9,1789774364.000,0,0
1789774366.807,23,e10f2cce-1515-4bde-8fbe-042a5fa960c9,1789774365.000,16,0
1789774366.957,9,de353045-83aa-4fb2-b045-6b7fea0567c9,1789774364.000,0,0
1789774366.957,9,e10f2cce-1515-4bde-8fbe-042a5fa960c9,1789774365.000,16,0
1789774367.172,24,de353045-83aa-4fb2-b045-6b7fea0567c9,1789774364.000,0,0
1789774367.172,24,e10f2cce-1515-4bde-8fbe-042a5fa960c9,1789774365.000,16,0
1789774367.202,10,de353045-83aa-4fb2-b045-6b7fea0567c9,1789774364.000,0,0
1789774367.202,10,e10f2cce-1515-4bde-8fbe-042a5fa960c9,1789774365.000,16,0
1789774367.293,11,de353045-83aa-4fb2-b045-6b7fea0567c9,1789774364.000,0,0
1789774367.293,11,e10f2cce-1515-4bde-8fbe-042a5fa960c9,1789774365.000,16,0
1789774367.710,12,de353045-83aa-4fb2-b045-6b7fea0567c9,1789774364.000,0,0
1789774367.710,12,e10f2cce-1515-4bde-8fbe-042a5fa960c9,1789774365.000,16,0
1789774367.767,13,de353045-83aa-4fb2-b045-6b7fea0567c9,1789774364.000,0,0
1789774367.767,13,e10f2cce-1515-4bde-8fbe-042a5fa960c9,1789774365.000,16,0
1789774368.094,14,de353045-83aa-4fb2-b045-6b7fea0567c9,1789774364.000,0,0
1789774368.094,14,e10f2cce-1515-4bde-8fbe-042a5fa960c9,1789774365.000,16,0
1789774368.206,0,e10f2cce-1515-4bde-8fbe-042a5fa960c9,1789776652.000,16,0
1789774368.206,15,de353045-83aa-4fb2-b045-6b7fea0567c9,,0,0
1789774368.206,15,e10f2cce-1515-4bde-8fbe-042a5fa960c9,1789774365.000,16,0
1789774368.295,1,de353045-83aa-4fb2-b045-6b7fea0567c9,1789774364.000,0,0
1789774368.295,1,e10f2cce-1515-4bde-8fbe-042a5fa960c9,1789774365.000,16,0
1789774368.574,16,de353045-83aa-4fb2-b045-6b7fea0567c9,1789774364.000,0,0
1789774368.624,2,de353045-83aa-4fb2-b045-6b7fea0567c9,1789774364.000,0,0
1789774368.624,2,e10f2cce-1515-4bde-8fbe-042a5fa960c9,1789774365.000,16,0
1789774368.720,17,de353045-83aa-4fb2-b045-6b7fea0567c9,1789774364.000,0,0
1789774368.720,17,e10f2cce-1515-4bde-8fbe-042a5fa960c9,1789774365.000,16,0
1789774368.772,3,de353045-83aa-4fb2-b045-6b7fea0567c9,1788996764.000,0,0
1789774368.772,3,e10f2cce-1515-4bde-8fbe-042a5fa960c9,1789774365.000,16,0
1789774368.772,18,de353045-83aa-4fb2-b045-6b7fea0567c9,,0,0
1789774368.772,18,e10f2cce-1515-4bde-8fbe-042a5fa960c9,1789774365.000,16,0
1789774368.970,4,de353045-83aa-4fb2-b045-6b7fea0567c9,1789774364.000,0,0
1789774368.970,4,e10f2cce-1515-4bde-8fbe-042a5fa960c9,1789774365.000,16,0
1789774369.095,19,caa317ac-210c-42cb-ad17-2e1b5ef0eaa9,1789774366.000,10,0
1789774369.095,19,63a31276-ce1e-4a18-a419-5c756c24af1f,1789774367.000,14,0
1789774369.213,20,caa317ac-210c-42cb-ad17-2e1b5ef0eaa9,1789774366.000,10,0
1789774369.213,5,caa317ac-210c-42cb-ad17-2e1b5ef0eaa9,1789774366.000,10,0
1789774369.213,20,63a31276-ce1e-4a18-a419-5c756c24af1f,1789774367.000,14,0
1789774369.213,5,63a31276-ce1e-4a18-a419-5c756c24af1f,1789774367.000,14,0
1789774369.298,6,caa317ac-210c-42cb-ad17-2e1b5ef0eaa9,1789774366.000,10,0
1789774369.298,6,63a31276-ce1e-4a18-a419-5c756c24af1f,1789774367.000,14,0
1789774369.581,21,caa317ac-210c-42cb-ad17-2e1b5ef0eaa9,1789774366.000,10,0
1789774369.581,21,63a31276-ce1e-4a18-a419-5c756c24af1f,1789774367.000,14,0
1789774369.624,7,caa317ac-210c-42cb-ad17-2e1b5ef0eaa9,1789774366.000,10,0
1789774369.624,7,63a31276-ce1e-4a18-a419-5c756c24af1f,1789774367.000,14,0
1789774369.729,22,caa317ac-210c-42cb-ad17-2e1b5ef0eaa9,1789774366.000,10,0
1789774369.729,22,63a31276-ce1e-4a18-a419-5c756c24af1f,1789774367.000,14,0
1789774369.774,8,caa317ac-210c-42cb-ad17-2e1b5ef0eaa9,1789774366.000,10,0
1789774369.774,8,63a31276-ce1e-4a18-a419-5c756c24af1f,1789774367.000,14,0
1789774369.829,23,caa317ac-210c-42cb-ad17-2e1b5ef0eaa9,1789774366.000,10,0
1789774369.829,23,63a31276-ce1e-4a18-a419-5c756c24af1f,1789774367.000,14,0
1789774369.971,9,caa317ac-210c-42cb-ad17-2e1b5ef0eaa9,1789774366.000,10,0
1789774369.971,9,63a31276-ce1e-4a18-a419-5c756c24af1f,1789774367.000,14,0
1789774370.199,24,caa317ac-210c-42cb-ad17-2e1b5ef0eaa9,1789774366.000,10,0
1789774370.199,24,63a31276-ce1e-4a18-a419-5c756c24af1f,1789774367.000,14,0
1789774370.215,10,63a31276-ce1e-4a18-a419-5c756c24af1f,1789774367.000,14,0
1789774370.307,11,caa317ac-210c-42cb-ad17-2e1b5ef0eaa9,1789774366.000,10,0
1789774370.307,11,63a31276-ce1e-4a18-a419-5c756c24af1f,1789774367.000,14,0
1789774370.737,12,caa317ac-210c-42cb-ad17-2e1b5ef0eaa9,1789774366.000,10,0
1789774370.737,12,63a31276-ce1e-4a18-a419-5c756c24af1f,1789774367.000,14,0
1789774370.774,13,caa317ac-210c-42cb-ad17-2e1b5ef0eaa9,1789774366.000,10,0
1789774370.774,13,63a31276-ce1e-4a18-a419-5c756c24af1f,1789774367.000,14,0
1789774371.112,14,caa317ac-210c-42cb-ad17-2e1b5ef0eaa9,1789774366.000,10,0
1789774371.219,0,caa317ac-210c-42cb-ad17-2e1b5ef0eaa9,1789774343.000,10,0
1789774371.219,15,caa317ac-210c-42cb-ad17-2e1b5ef0eaa9,,10,0
1789774371.219,0,63a31276-ce1e-4a18-a419-5c756c24af1f,1789774367.000,14,0
1789774371.219,15,63a31276-ce1e-4a18-a419-5c756c24af1f,1789774367.000,14,0
1789774371.317,1,caa317ac-210c-42cb-ad17-2e1b5ef0eaa9,1789774366.000,10,0
1789774371.317,1,63a31276-ce1e-4a18-a419-5c756c24af1f,1789774367.000,14,0
1789774371.591,16,caa317ac-210c-42cb-ad17-2e1b5ef0eaa9,1789774366.000,10,0
1789774371.591,16,63a31276-ce1e-4a18-a419-5c756c24af1f,1789774367.000,14,0
1789774371.644,2,caa317ac-210c-42cb-ad17-2e1b5ef0eaa9,1789774366.000,10,0
1789774371.644,2,63a31276-ce1e-4a18-a419-5c756c24af1f,1789774367.000,14,0
1789774371.740,17,caa317ac-210c-42cb-ad17-2e1b5ef0eaa9,1789774366.000,10,0
1789774371.740,17,63a31276-ce1e-4a18-a419-5c756c24af1f,1789774367.000,14,0
1789774371.783,18,caa317ac-210c-42cb-ad17-2e1b5ef0eaa9,-61576763234.000,10,0
1789774371.783,3,caa317ac-210c-42cb-ad17-2e1b5ef0eaa9,,10,0
1789774371.783,18,63a31276-ce1e-4a18-a419-5c756c24af1f,1789774367.000,14,0
1789774371.783,3,63a31276-ce1e-4a18-a419-5c756c24af1f,1789774367.000,14,0
1789774371.979,4,caa317ac-210c-42cb-ad17-2e1b5ef0eaa9,1789774366.000,10,0
1789774371.979,4,63a31276-ce1e-4a18-a419-5c756c24af1f,1789774367.000,14,0
1789774372.115,19,a7153169-6978-4896-a245-bbc75390a851,1789774369.000,8,0
1789774372.222,5,a7153169-6978-4896-a245-bbc75390a851,1788996212.000,8,0
1789774372.222,20,a7153169-6978-4896-a245-bbc75390a851,,8,0
1789774372.326,6,a7153169-6978-4896-a245-bbc75390a851,1789774369.000,8,0
1789774372.598,21,a7153169-6978-4896-a245-bbc75390a851,1789774369.000,8,0
1789774372.653,7,a7153169-6978-4896-a245-bbc75390a851,1789774369.000,8,0
1789774372.744,22,a7153169-6978-4896-a245-bbc75390a851,1789774369.000,8,0
1789774372.839,23,a7153169-6978-4896-a245-bbc75390a851,1789774369.000,8,0
1789774372.987,9,a7153169-6978-4896-a245-bbc75390a851,1789774369.000,8,0
1789774373.219,24,a7153169-6978-4896-a245-bbc75390a851,1789774369.000,8,0
1789774373.224,10,a7153169-6978-4896-a245-bbc75390a851,1789774369.000,8,0
1789774373.336,11,a7153169-6978-4896-a245-bbc75390a851,1789774369.000,8,0
1789774373.754,12,a7153169-6978-4896-a245-bbc75390a851,1789774369.000,8,0
1789774373.788,13,a7153169-6978-4896-a245-bbc75390a851,1789774369.000,8,0
1789774374.130,14,a7153169-6978-4896-a245-bbc75390a851,1789774369.000,8,0
1789774374.225,0,a7153169-6978-4896-a245-bbc75390a851,-60598456031.000,8,0
1789774374.225,15,a7153169-6978-4896-a245-bbc75390a851,-60598499231.000,8,0
1789774374.346,1,a7153169-6978-4896-a245-bbc75390a851,1789774369.000,8,0
1789774374.612,16,a7153169-6978-4896-a245-bbc75390a851,1789774369.000,8,0
1789774374.660,2,a7153169-6978-4896-a245-bbc75390a851,1789774369.000,8,0
1789774374.763,17,a7153169-6978-4896-a245-bbc75390a851,1789774369.000,8,0
1789774374.791,18,a7153169-6978-4896-a245-bbc75390a851,1789772958.000,8,0
1789774374.791,3,a7153169-6978-4896-a245-bbc75390a851,,8,0
1789774374.988,4,a7153169-6978-4896-a245-bbc75390a851,1789774369.000,8,0
1789774375.140,19,63c10c86-c154-4f18-99e6-20dea4a221c4,1789774372.000,5,0
1789774375.140,19,895dd9d1-6610-432d-b963-34f47880bf1d,1789774372.000,7,0
1789774375.140,19,d7f9932c-fde3-485d-bf36-337032034888,1789774373.000,6,0
1789774375.226,5,895dd9d1-6610-432d-b963-34f47880bf1d,1788996752.000,7,0
1789774375.226,20,63c10c86-c154-4f18-99e6-20dea4a221c4,,5,0
1789774375.226,5,d7f9932c-fde3-485d-bf36-337032034888,1789774373.000,6,0
1789774375.226,20,895dd9d1-6610-432d-b963-34f47880bf1d,1789774372.000,7,0
1789774375.226,20,d7f9932c-fde3-485d-bf36-337032034888,1789774373.000,6,0
1789774375.354,6,63c10c86-c154-4f18-99e6-20dea4a221c4,1789774372.000,5,0
1789774375.354,6,895dd9d1-6610-432d-b963-34f47880bf1d,1789774372.000,7,0
1789774375.614,21,63c10c86-c154-4f18-99e6-20dea4a221c4,1789774372.000,5,0
1789774375.614,21,895dd9d1-6610-432d-b963-34f47880bf1d,1789774372.000,7,0
1789774375.614,21,d7f9932c-fde3-485d-bf36-337032034888,1789774373.000,6,0
1789774375.670,7,63c10c86-c154-4f18-99e6-20dea4a221c4,1789774372.000,5,0
1789774375.670,7,d7f9932c-fde3-485d-bf36-337032034888,1789774373.000,6,0
1789774375.770,22,63c10c86-c154-4f18-99e6-20dea4a221c4,1789774372.000,5,0
1789774375.770,22,895dd9d1-6610-432d-b963-34f47880bf1d,1789774372.000,7,0
1789774375.770,22,d7f9932c-fde3-485d-bf36-337032034888,1789774373.000,6,0
1789774375.796,8,63c10c86-c154-4f18-99e6-20dea4a221c4,1789774372.000,5,0
1789774375.796,8,895dd9d1-6610-432d-b963-34f47880bf1d,1789774372.000,7,0
1789774375.796,8,d7f9932c-fde3-485d-bf36-337032034888,1789774373.000,6,0
1789774375.858,23,63c10c86-c154-4f18-99e6-20dea4a221c4,1789774372.000,5,0
1789774375.858,23,895dd9d1-6610-432d-b963-34f47880bf1d,1789774372.000,7,0
1789774375.858,23,d7f9932c-fde3-485d-bf36-337032034888,1789774373.000,6,0
1789774375.992,9,63c10c86-c154-4f18-99e6-20dea4a221c4,1789774372.000,5,0
1789774375.992,9,895dd9d1-6610-432d-b963-34f47880bf1d,1789774372.000,7,0
1789774375.992,9,d7f9932c-fde3-485d-bf36-337032034888,1789774373.000,6,0
1789774376.227,24,63c10c86-c154-4f18-99e6-20dea4a221c4,639345637294372.000,5,0
1789774376.227,10,63c10c86-c154-4f18-99e6-20dea4a221c4,,5,0
1789774376.227,24,895dd9d1-6610-432d-b963-34f47880bf1d,1789774372.000,7,0
1789774376.227,10,895dd9d1-6610-432d-b963-34f47880bf1d,1789774372.000,7,0
1789774376.227,24,d7f9932c-fde3-485d-bf36-337032034888,1789774373.000,6,0
1789774376.227,10,d7f9932c-fde3-485d-bf36-337032034888,1789774373.000,6,0
1789774376.361,11,63c10c86-c154-4f18-99e6-20dea4a221c4,1789774372.000,5,0
1789774376.361,11,895dd9d1-6610-432d-b963-34f47880bf1d,1789774372.000,7,0
1789774376.361,11,d7f9932c-fde3-485d-bf36-337032034888,1789774373.000,6,0
1789774376.774,12,63c10c86-c154-4f18-99e6-20dea4a221c4,1789774372.000,5,0
1789774376.774,12,895dd9d1-6610-432d-b963-34f47880bf1d,1789774372.000,7,0
1789774376.774,12,d7f9932c-fde3-485d-bf36-337032034888,1789774373.000,6,0
1789774376.805,13,63c10c86-c154-4f18-99e6-20dea4a221c4,1789774372.000,5,0
1789774376.805,13,895dd9d1-6610-432d-b963-34f47880bf1d,1789774372.000,7,0
1789774376.805,13,d7f9932c-fde3-485d-bf36-337032034888,1789774373.000,6,0
1789774377.149,14,63c10c86-c154-4f18-99e6-20dea4a221c4,1789774372.000,5,0
1789774377.149,14,895dd9d1-6610-432d-b963-34f47880bf1d,1789774372.000,7,0
1789774377.149,14,d7f9932c-fde3-485d-bf36-337032034888,1789774373.000,6,0
1789774377.230,15,63c10c86-c154-4f18-99e6-20dea4a221c4,1789755812.000,5,0
1789774377.230,15,895dd9d1-6610-432d-b963-34f47880bf1d,1789774372.000,7,0
1789774377.230,15,d7f9932c-fde3-485d-bf36-337032034888,1789774373.000,6,0
1789774377.230,0,63c10c86-c154-4f18-99e6-20dea4a221c4,,5,0
1789774377.230,0,895dd9d1-6610-432d-b963-34f47880bf1d,1789774372.000,7,0
1789774377.230,0,d7f9932c-fde3-485d-bf36-337032034888,1789774373.000,6,0
1789774377.371,1,63c10c86-c154-4f18-99e6-20dea4a221c4,1789774372.000,5,0
1789774377.371,1,895dd9d1-6610-432d-b963-34f47880bf1d,1789774372.000,7,0
1789774377.371,1,d7f9932c-fde3-485d-bf36-337032034888,1789774373.000,6,0
1789774377.617,16,63c10c86-c154-4f18-99e6-20dea4a221c4,1789774372.000,5,0
1789774377.617,16,895dd9d1-6610-432d-b963-34f47880bf1d,1789774372.000,7,0
1789774377.617,16,d7f9932c-fde3-485d-bf36-337032034888,1789774373.000,6,0
1789774377.679,2,63c10c86-c154-4f18-99e6-20dea4a221c4,1789774372.000,5,0
1789774377.679,2,895dd9d1-6610-432d-b963-34f47880bf1d,1789774372.000,7,0
1789774377.679,2,d7f9932c-fde3-485d-bf36-337032034888,1789774373.000,6,0
1789774377.781,17,63c10c86-c154-4f18-99e6-20dea4a221c4,1789774372.000,5,0
1789774377.781,17,895dd9d1-6610-432d-b963-34f47880bf1d,1789774372.000,7,0
1789774377.781,17,d7f9932c-fde3-485d-bf36-337032034888,1789774373.000,6,0
1789774377.815,18,63c10c86-c154-4f18-99e6-20dea4a221c4,,5,0
1789774377.815,3,63c10c86-c154-4f18-99e6-20dea4a221c4,-61860760028.000,5,0
1789774377.815,18,895dd9d1-6610-432d-b963-34f47880bf1d,1789774372.000,7,0
1789774377.815,3,895dd9d1-6610-432d-b963-34f47880bf1d,1789774372.000,7,0
1789774377.815,18,d7f9932c-fde3-485d-bf36-337032034888,1789774373.000,6,0
1789774377.815,3,d7f9932c-fde3-485d-bf36-337032034888,1789774373.000,6,0
1789774377.994,4,63c10c86-c154-4f18-99e6-20dea4a221c4,1789774372.000,5,0
1789774377.994,4,895dd9d1-6610-432d-b963-34f47880bf1d,1789774372.000,7,0
1789774377.994,4,d7f9932c-fde3-485d-bf36-337032034888,1789774373.000,6,0
1789774378.159,19,42219819-d4e1-4328-b24e-7f7ded3d9dff,1789774376.000,24,0
1789774378.159,19,c300f101-ed1e-42cb-9b43-60dddd33aa45,1789774376.000,20,0
1789774378.230,20,42219819-d4e1-4328-b24e-7f7ded3d9dff,1789775816.000,24,0
1789774378.230,5,42219819-d4e1-4328-b24e-7f7ded3d9dff,,24,0
1789774378.230,5,c300f101-ed1e-42cb-9b43-60dddd33aa45,1789774376.000,20,0
1789774378.371,6,42219819-d4e1-4328-b24e-7f7ded3d9dff,1789774376.000,24,0
1789774378.371,6,c300f101-ed1e-42cb-9b43-60dddd33aa45,1789774376.000,20,0
1789774378.618,21,42219819-d4e1-4328-b24e-7f7ded3d9dff,1789774376.000,24,0
1789774378.618,21,c300f101-ed1e-42cb-9b43-60dddd33aa45,1789774376.000,20,0
1789774378.689,7,42219819-d4e1-4328-b24e-7f7ded3d9dff,1789774376.000,24,0
1789774378.689,7,c300f101-ed1e-42cb-9b43-60dddd33aa45,1789774376.000,20,0
1789774378.784,22,42219819-d4e1-4328-b24e-7f7ded3d9dff,1789774376.000,24,0
1789774378.784,22,c300f101-ed1e-42cb-9b43-60dddd33aa45,1789774376.000,20,0
1789774378.821,8,42219819-d4e1-4328-b24e-7f7ded3d9dff,1789774376.000,24,0
1789774378.821,8,c300f101-ed1e-42cb-9b43-60dddd33aa45,1789774376.000,20,0
1789774378.886,23,42219819-d4e1-4328-b24e-7f7ded3d9dff,1789774376.000,24,0
1789774378.886,23,c300f101-ed1e-42cb-9b43-60dddd33aa45,1789774376.000,20,0
1789774378.995,9,42219819-d4e1-4328-b24e-7f7ded3d9dff,1789774376.000,24,0
1789774378.995,9,c300f101-ed1e-42cb-9b43-60dddd33aa45,1789774376.000,20,0
1789774379.241,24,c300f101-ed1e-42cb-9b43-60dddd33aa45,1789774376.000,20,0
1789774379.241,10,42219819-d4e1-4328-b24e-7f7ded3d9dff,,24,0
1789774379.241,10,c300f101-ed1e-42cb-9b43-60dddd33aa45,1789774376.000,20,0
1789774379.380,11,42219819-d4e1-4328-b24e-7f7ded3d9dff,1789774376.000,24,0
1789774379.380,11,c300f101-ed1e-42cb-9b43-60dddd33aa45,1789774376.000,20,0
1789774379.787,12,42219819-d4e1-4328-b24e-7f7ded3d9dff,1789774376.000,24,0
1789774379.787,12,c300f101-ed1e-42cb-9b43-60dddd33aa45,1789774376.000,20,0
1789774379.828,13,42219819-d4e1-4328-b24e-7f7ded3d9dff,1789774376.000,24,0
1789774379.828,13,c300f101-ed1e-42cb-9b43-60dddd33aa45,1789774376.000,20,0
1789774380.168,14,42219819-d4e1-4328-b24e-7f7ded3d9dff,1789774376.000,24,0
1789774380.168,14,c300f101-ed1e-42cb-9b43-60dddd33aa45,1789774376.000,20,0
1789774380.246,15,42219819-d4e1-4328-b24e-7f7ded3d9dff,6332114302376.000,24,0
1789774380.246,15,c300f101-ed1e-42cb-9b43-60dddd33aa45,1789774376.000,20,0
1789774380.246,0,42219819-d4e1-4328-b24e-7f7ded3d9dff,,24,0
1789774380.246,0,c300f101-ed1e-42cb-9b43-60dddd33aa45,1789774376.000,20,0
1789774380.382,1,42219819-d4e1-4328-b24e-7f7ded3d9dff,1789774376.000,24,0
1789774380.382,1,c300f101-ed1e-42cb-9b43-60dddd33aa45,1789774376.000,20,0
1789774380.624,16,42219819-d4e1-4328-b24e-7f7ded3d9dff,1789774376.000,24,0
1789774380.624,16,c300f101-ed1e-42cb-9b43-60dddd33aa45,1789774376.000,20,0
1789774380.706,2,42219819-d4e1-4328-b24e-7f7ded3d9dff,1789774376.000,24,0
1789774380.706,2,c300f101-ed1e-42cb-9b43-60dddd33aa45,1789774376.000,20,0
1789774380.788,17,42219819-d4e1-4328-b24e-7f7ded3d9dff,1789774376.000,24,0
1789774380.788,17,c300f101-ed1e-42cb-9b43-60dddd33aa45,1789774376.000,20,0
1789774380.832,18,42219819-d4e1-4328-b24e-7f7ded3d9dff,-61860760024.000,24,0
1789774380.832,3,42219819-d4e1-4328-b24e-7f7ded3d9dff,-61860760024.000,24,0
1789774380.832,18,c300f101-ed1e-42cb-9b43-60dddd33aa45,1789774376.000,20,0
1789774380.832,3,c300f101-ed1e-42cb-9b43-60dddd33aa45,1789774376.000,20,0
1789774381.003,4,42219819-d4e1-4328-b24e-7f7ded3d9dff,1789774376.000,24,0
1789774381.003,4,c300f101-ed1e-42cb-9b43-60dddd33aa45,1789774376.000,20,0
1789774381.178,19,77604007-23af-4ead-8611-bcdc22cf1b62,1789774378.000,11,0
1789774381.178,19,02b294d0-e03e-43a4-ab31-ac9065a48814,1789774379.000,9,0
1789774381.178,19,0659ffd0-62ac-41fe-92c0-067c6bec4644,1789774379.000,4,0
1789774381.178,19,f0c5d84b-031c-4fca-9ce2-6bf83f1c61e6,1789774380.000,1,0
1789774381.246,20,77604007-23af-4ead-8611-bcdc22cf1b62,-61356184022.000,11,0
1789774381.246,5,77604007-23af-4ead-8611-bcdc22cf1b62,-61356184022.000,11,0
1789774381.246,20,444ca3be-e053-4379-abbf-e1da2551f726,1789774379.000,19,0
1789774381.246,5,444ca3be-e053-4379-abbf-e1da2551f726,1789774379.000,19,0
1789774381.246,20,02b294d0-e03e-43a4-ab31-ac9065a48814,1789774379.000,9,0
1789774381.246,5,02b294d0-e03e-43a4-ab31-ac9065a48814,1789774379.000,9,0
1789774381.246,20,0659ffd0-62ac-41fe-92c0-067c6bec4644,1789774379.000,4,0
1789774381.246,5,0659ffd0-62ac-41fe-92c0-067c6bec4644,1789774379.000,4,0
1789774381.246,20,f0c5d84b-031c-4fca-9ce2-6bf83f1c61e6,1789774380.000,1,0
1789774381.246,5,f0c5d84b-031c-4fca-9ce2-6bf83f1c61e6,1789774380.000,1,0
1789774381.392,6,77604007-23af-4ead-8611-bcdc22cf1b62,1789774378.000,11,0
1789774381.392,6,444ca3be-e053-4379-abbf-e1da2551f726,1789774379.000,19,0
1789774381.392,6,02b294d0-e03e-43a4-ab31-ac9065a48814,1789774379.000,9,0
1789774381.392,6,0659ffd0-62ac-41fe-92c0-067c6bec4644,1789774379.000,4,0
1789774381.392,6,f0c5d84b-031c-4fca-9ce2-6bf83f1c61e6,1789774380.000,1,0
1789774381.625,21,77604007-23af-4ead-8611-bcdc22cf1b62,1789774378.000,11,0
1789774381.625,21,444ca3be-e053-4379-abbf-e1da2551f726,1789774379.000,19,0
1789774381.625,21,02b294d0-e03e-43a4-ab31-ac9065a48814,1789774379.000,9,0
1789774381.625,21,0659ffd0-62ac-41fe-92c0-067c6bec4644,1789774379.000,4,0
1789774381.625,21,f0c5d84b-031c-4fca-9ce2-6bf83f1c61e6,1789774380.000,1,0
1789774381.709,7,77604007-23af-4ead-8611-bcdc22cf1b62,1789774378.000,11,0
1789774381.709,7,444ca3be-e053-4379-abbf-e1da2551f726,1789774379.000,19,0
1789774381.709,7,02b294d0-e03e-43a4-ab31-ac9065a48814,1789774379.000,9,0
1789774381.709,7,0659ffd0-62ac-41fe-92c0-067c6bec4644,1789774379.000,4,0
1789774381.709,7,f0c5d84b-031c-4fca-9ce2-6bf83f1c61e6,1789774380.000,1,0
1789774381.793,22,77604007-23af-4ead-8611-bcdc22cf1b62,1789774378.000,11,0
1789774381.793,22,444ca3be-e053-4379-abbf-e1da2551f726,1789774379.000,19,0
1789774381.793,22,02b294d0-e03e-43a4-ab31-ac9065a48814,1789774379.000,9,0
1789774381.793,22,0659ffd0-62ac-41fe-92c0-067c6bec4644,1789774379.000,4,0
1789774381.793,22,f0c5d84b-031c-4fca-9ce2-6bf83f1c61e6,1789774380.000,1,0
1789774381.840,8,77604007-23af-4ead-8611-bcdc22cf1b62,1789774378.000,11,0
1789774381.840,8,444ca3be-e053-4379-abbf-e1da2551f726,1789774379.000,19,0
1789774381.840,8,02b294d0-e03e-43a4-ab31-ac9065a48814,1789774379.000,9,0
1789774381.840,8,0659ffd0-62ac-41fe-92c0-067c6bec4644,1789774379.000,4,0
1789774381.840,8,f0c5d84b-031c-4fca-9ce2-6bf83f1c61e6,1789774380.000,1,0
1789774381.898,23,77604007-23af-4ead-8611-bcdc22cf1b62,1789774378.000,11,0
1789774381.898,23,444ca3be-e053-4379-abbf-e1da2551f726,1789774379.000,19,0
1789774381.898,23,02b294d0-e03e-43a4-ab31-ac9065a48814,1789774379.000,9,0
1789774381.898,23,0659ffd0-62ac-41fe-92c0-067c6bec4644,1789774379.000,4,0
1789774381.898,23,f0c5d84b-031c-4fca-9ce2-6bf83f1c61e6,1789774380.000,1,0
1789774382.012,9,77604007-23af-4ead-8611-bcdc22cf1b62,1789774378.000,11,0
1789774382.012,9,444ca3be-e053-4379-abbf-e1da2551f726,1789774379.000,19,0
1789774382.012,9,0659ffd0-62ac-41fe-92c0-067c6bec4644,1789774379.000,4,0
1789774382.012,9,f0c5d84b-031c-4fca-9ce2-6bf83f1c61e6,1789774380.000,1,0
1789774382.255,24,77604007-23af-4ead-8611-bcdc22cf1b62,-62144756822.000,11,0
1789774382.255,10,77604007-23af-4ead-8611-bcdc22cf1b62,-62144756822.000,11,0
1789774382.255,24,444ca3be-e053-4379-abbf-e1da2551f726,1789774379.000,19,0
1789774382.255,10,444ca3be-e053-4379-abbf-e1da2551f726,1789774379.000,19,0
1789774382.255,10,02b294d0-e03e-43a4-ab31-ac9065a48814,1789774379.000,9,0
1789774382.255,10,0659ffd0-62ac-41fe-92c0-067c6bec4644,1789774379.000,4,0
1789774382.255,10,f0c5d84b-031c-4fca-9ce2-6bf83f1c61e6,1789774380.000,1,0
1789774382.255,24,02b294d0-e03e-43a4-ab31-ac9065a48814,1789774379.000,9,0
1789774382.255,24,0659ffd0-62ac-41fe-92c0-067c6bec4644,1789774379.000,4,0
1789774382.255,24,f0c5d84b-031c-4fca-9ce2-6bf83f1c61e6,1789774380.000,1,0
1789774382.394,11,444ca3be-e053-4379-abbf-e1da2551f726,1789774379.000,19,0
1789774382.394,11,02b294d0-e03e-43a4-ab31-ac9065a48814,1789774379.000,9,0
1789774382.394,11,0659ffd0-62ac-41fe-92c0-067c6bec4644,1789774379.000,4,0
1789774382.394,11,f0c5d84b-031c-4fca-9ce2-6bf83f1c61e6,1789774380.000,1,0
1789774382.796,12,77604007-23af-4ead-8611-bcdc22cf1b62,1789774378.000,11,0
1789774382.796,12,444ca3be-e053-4379-abbf-e1da2551f726,1789774379.000,19,0
1789774382.796,12,02b294d0-e03e-43a4-ab31-ac9065a48814,1789774379.000,9,0
1789774382.796,12,0659ffd0-62ac-41fe-92c0-067c6bec4644,1789774379.000,4,0
1789774382.796,12,f0c5d84b-031c-4fca-9ce2-6bf83f1c61e6,1789774380.000,1,0
1789774382.847,13,77604007-23af-4ead-8611-bcdc22cf1b62,1789774378.000,11,0
1789774382.847,13,444ca3be-e053-4379-abbf-e1da2551f726,1789774379.000,19,0
1789774382.847,13,02b294d0-e03e-43a4-ab31-ac9065a48814,1789774379.000,9,0
1789774382.847,13,0659ffd0-62ac-41fe-92c0-067c6bec4644,1789774379.000,4,0
1789774382.847,13,f0c5d84b-031c-4fca-9ce2-6bf83f1c61e6,1789774380.000,1,0
1789774383.189,14,77604007-23af-4ead-8611-bcdc22cf1b62,1789774378.000,11,0
1789774383.189,14,444ca3be-e053-4379-abbf-e1da2551f726,1789774379.000,19,0
1789774383.189,14,02b294d0-e03e-43a4-ab31-ac9065a48814,1789774379.000,9,0
1789774383.189,14,0659ffd0-62ac-41fe-92c0-067c6bec4644,1789774379.000,4,0
1789774383.189,14,f0c5d84b-031c-4fca-9ce2-6bf83f1c61e6,1789774380.000,1,0
1789774383.263,0,77604007-23af-4ead-8611-bcdc22cf1b62,1789774378.000,11,0
1789774383.263,15,77604007-23af-4ead-8611-bcdc22cf1b62,1789774378.000,11,0
1789774383.263,0,444ca3be-e053-4379-abbf-e1da2551f726,1789774379.000,19,0
1789774383.263,15,444ca3be-e053-4379-abbf-e1da2551f726,1789774379.000,19,0
1789774383.263,0,02b294d0-e03e-43a4-ab31-ac9065a48814,1789774379.000,9,0
1789774383.263,15,02b294d0-e03e-43a4-ab31-ac9065a48814,1789774379.000,9,0
1789774383.263,0,0659ffd0-62ac-41fe-92c0-067c6bec4644,1789774379.000,4,0
1789774383.263,15,0659ffd0-62ac-41fe-92c0-067c6bec4644,1789774379.000,4,0
1789774383.263,0,f0c5d84b-031c-4fca-9ce2-6bf83f1c61e6,1789774380.000,1,0
1789774383.263,15,f0c5d84b-031c-4fca-9ce2-6bf83f1c61e6,1789774380.000,1,0
1789774383.402,1,77604007-23af-4ead-8611-bcdc22cf1b62,1789774378.000,11,0
1789774383.402,1,444ca3be-e053-4379-abbf-e1da2551f726,1789774379.000,19,0
1789774383.402,1,02b294d0-e03e-43a4-ab31-ac9065a48814,1789774379.000,9,0
1789774383.402,1,0659ffd0-62ac-41fe-92c0-067c6bec4644,1789774379.000,4,0
1789774383.634,16,77604007-23af-4ead-8611-bcdc22cf1b62,1789774378.000,11,0
1789774383.634,16,444ca3be-e053-4379-abbf-e1da2551f726,1789774379.000,19,0
1789774383.634,16,02b294d0-e03e-43a4-ab31-ac9065a48814,1789774379.000,9,0
1789774383.634,16,0659ffd0-62ac-41fe-92c0-067c6bec4644,1789774379.000,4,0
1789774383.634,16,f0c5d84b-031c-4fca-9ce2-6bf83f1c61e6,1789774380.000,1,0
1789774383.710,2,77604007-23af-4ead-8611-bcdc22cf1b62,1789774378.000,11,0
1789774383.710,2,444ca3be-e053-4379-abbf-e1da2551f726,1789774379.000,19,0
1789774383.710,2,02b294d0-e03e-43a4-ab31-ac9065a48814,1789774379.000,9,0
1789774383.710,2,0659ffd0-62ac-41fe-92c0-067c6bec4644,1789774379.000,4,0
1789774383.710,2,f0c5d84b-031c-4fca-9ce2-6bf83f1c61e6,1789774380.000,1,0
1789774383.801,17,77604007-23af-4ead-8611-bcdc22cf1b62,1789774378.000,11,0
1789774383.801,17,444ca3be-e053-4379-abbf-e1da2551f726,1789774379.000,19,0
1789774383.801,17,02b294d0-e03e-43a4-ab31-ac9065a48814,1789774379.000,9,0
1789774383.801,17,0659ffd0-62ac-41fe-92c0-067c6bec4644,1789774379.000,4,0
1789774383.801,17,f0c5d84b-031c-4fca-9ce2-6bf83f1c61e6,1789774380.000,1,0
1789774383.863,18,77604007-23af-4ead-8611-bcdc22cf1b62,1789755812.000,11,0
1789774383.863,18,444ca3be-e053-4379-abbf-e1da2551f726,1789774379.000,19,0
1789774383.863,18,02b294d0-e03e-43a4-ab31-ac9065a48814,1789774379.000,9,0
1789774383.863,3,77604007-23af-4ead-8611-bcdc22cf1b62,,11,0
1789774383.863,18,0659ffd0-62ac-41fe-92c0-067c6bec4644,1789774379.000,4,0
1789774383.863,18,f0c5d84b-031c-4fca-9ce2-6bf83f1c61e6,1789774380.000,1,0
1789774383.863,3,444ca3be-e053-4379-abbf-e1da2551f726,1789774379.000,19,0
1789774383.863,3,02b294d0-e03e-43a4-ab31-ac9065a48814,1789774379.000,9,0
1789774383.863,3,0659ffd0-62ac-41fe-92c0-067c6bec4644,1789774379.000,4,0
1789774383.863,3,f0c5d84b-031c-4fca-9ce2-6bf83f1c61e6,1789774380.000,1,0
1789774384.022,4,77604007-23af-4ead-8611-bcdc22cf1b62,1789774378.000,11,0
1789774384.022,4,444ca3be-e053-4379-abbf-e1da2551f726,1789774379.000,19,0
1789774384.022,4,02b294d0-e03e-43a4-ab31-ac9065a48814,1789774379.000,9,0
1789774384.022,4,f0c5d84b-031c-4fca-9ce2-6bf83f1c61e6,1789774380.000,1,0
1789774384.197,19,3e2c0e97-33a9-40c5-b63e-bd1b516c17a9,1789774381.000,22,0
1789774384.197,19,d049f2be-6436-4e2e-aa3c-9b231faf4f2a,1789774382.000,23,0
1789774384.197,19,c78382b0-676e-46be-93cc-d499ae9e7695,1789774382.000,17,0
1789774384.267,5,3e2c0e97-33a9-40c5-b63e-bd1b516c17a9,1789774381.000,22,0
1789774384.267,5,d049f2be-6436-4e2e-aa3c-9b231faf4f2a,1789774382.000,23,0
1789774384.267,5,c78382b0-676e-46be-93cc-d499ae9e7695,1789774382.000,17,0
1789774384.267,20,3e2c0e97-33a9-40c5-b63e-bd1b516c17a9,,22,0
1789774384.267,20,d049f2be-6436-4e2e-aa3c-9b231faf4f2a,1789774382.000,23,0
1789774384.267,20,c78382b0-676e-46be-93cc-d499ae9e7695,1789774382.000,17,0
1789774384.404,6,3e2c0e97-33a9-40c5-b63e-bd1b516c17a9,1789774381.000,22,0
1789774384.404,6,d049f2be-6436-4e2e-aa3c-9b231faf4f2a,1789774382.000,23,0
1789774384.404,6,c78382b0-676e-46be-93cc-d499ae9e7695,1789774382.000,17,0
1789774384.635,21,3e2c0e97-33a9-40c5-b63e-bd1b516c17a9,1789774381.000,22,0
1789774384.635,21,d049f2be-6436-4e2e-aa3c-9b231faf4f2a,1789774382.000,23,0
1789774384.635,21,c78382b0-676e-46be-93cc-d499ae9e7695,1789774382.000,17,0
1789774384.718,7,3e2c0e97-33a9-40c5-b63e-bd1b516c17a9,1789774381.000,22,0
1789774384.718,7,d049f2be-6436-4e2e-aa3c-9b231faf4f2a,1789774382.000,23,0
1789774384.718,7,c78382b0-676e-46be-93cc-d499ae9e7695,1789774382.000,17,0
1789774384.801,22,d049f2be-6436-4e2e-aa3c-9b231faf4f2a,1789774382.000,23,0
1789774384.801,22,c78382b0-676e-46be-93cc-d499ae9e7695,1789774382.000,17,0
1789774384.871,8,3e2c0e97-33a9-40c5-b63e-bd1b516c17a9,1789774381.000,22,0
1789774384.871,8,d049f2be-6436-4e2e-aa3c-9b231faf4f2a,1789774382.000,23,0
1789774384.871,8,c78382b0-676e-46be-93cc-d499ae9e7695,1789774382.000,17,0
1789774384.915,23,3e2c0e97-33a9-40c5-b63e-bd1b516c17a9,1789774381.000,22,0
1789774384.915,23,c78382b0-676e-46be-93cc-d499ae9e7695,1789774382.000,17,0
1789774385.032,9,3e2c0e97-33a9-40c5-b63e-bd1b516c17a9,1789774381.000,22,0
1789774385.032,9,d049f2be-6436-4e2e-aa3c-9b231faf4f2a,1789774382.000,23,0
1789774385.032,9,c78382b0-676e-46be-93cc-d499ae9e7695,1789774382.000,17,0
1789774385.277,10,3e2c0e97-33a9-40c5-b63e-bd1b516c17a9,1789774381.000,22,0
1789774385.277,24,3e2c0e97-33a9-40c5-b63e-bd1b516c17a9,1789774381.000,22,0
1789774385.277,10,d049f2be-6436-4e2e-aa3c-9b231faf4f2a,1789774382.000,23,0
1789774385.277,24,d049f2be-6436-4e2e-aa3c-9b231faf4f2a,1789774382.000,23,0
1789774385.277,10,c78382b0-676e-46be-93cc-d499ae9e7695,1789774382.000,17,0
1789774385.277,24,c78382b0-676e-46be-93cc-d499ae9e7695,1789774382.000,17,0
1789774385.414,11,3e2c0e97-33a9-40c5-b63e-bd1b516c17a9,1789774381.000,22,0
1789774385.414,11,d049f2be-6436-4e2e-aa3c-9b231faf4f2a,1789774382.000,23,0
1789774385.414,11,c78382b0-676e-46be-93cc-d499ae9e7695,1789774382.000,17,0
1789774385.803,12,3e2c0e97-33a9-40c5-b63e-bd1b516c17a9,1789774381.000,22,0
1789774385.803,12,d049f2be-6436-4e2e-aa3c-9b231faf4f2a,1789774382.000,23,0
1789774385.803,12,c78382b0-676e-46be-93cc-d499ae9e7695,1789774382.000,17,0
1789774385.881,13,3e2c0e97-33a9-40c5-b63e-bd1b516c17a9,1789774381.000,22,0
1789774385.881,13,d049f2be-6436-4e2e-aa3c-9b231faf4f2a,1789774382.000,23,0
1789774385.881,13,c78382b0-676e-46be-93cc-d499ae9e7695,1789774382.000,17,0
1789774386.213,14,3e2c0e97-33a9-40c5-b63e-bd1b516c17a9,1789774381.000,22,0
1789774386.213,14,d049f2be-6436-4e2e-aa3c-9b231faf4f2a,1789774382.000,23,0
1789774386.213,14,c78382b0-676e-46be-93cc-d499ae9e7695,1789774382.000,17,0
1789774386.280,0,3e2c0e97-33a9-40c5-b63e-bd1b516c17a9,1789774381.000,22,0
1789774386.280,0,d049f2be-6436-4e2e-aa3c-9b231faf4f2a,1789774382.000,23,0
1789774386.280,15,3e2c0e97-33a9-40c5-b63e-bd1b516c17a9,,22,0
1789774386.280,0,c78382b0-676e-46be-93cc-d499ae9e7695,1789774382.000,17,0
1789774386.280,15,d049f2be-6436-4e2e-aa3c-9b231faf4f2a,1789774382.000,23,0
1789774386.280,15,c78382b0-676e-46be-93cc-d499ae9e7695,1789774382.000,17,0
1789774386.415,1,3e2c0e97-33a9-40c5-b63e-bd1b516c17a9,1789774381.000,22,0
1789774386.415,1,d049f2be-6436-4e2e-aa3c-9b231faf4f2a,1789774382.000,23,0
1789774386.415,1,c78382b0-676e-46be-93cc-d499ae9e7695,1789774382.000,17,0
1789774386.644,16,3e2c0e97-33a9-40c5-b63e-bd1b516c17a9,1789774381.000,22,0
1789774386.644,16,d049f2be-6436-4e2e-aa3c-9b231faf4f2a,1789774382.000,23,0
1789774386.644,16,c78382b0-676e-46be-93cc-d499ae9e7695,1789774382.000,17,0
1789774386.721,2,3e2c0e97-33a9-40c5-b63e-bd1b516c17a9,1789774381.000,22,0
1789774386.721,2,d049f2be-6436-4e2e-aa3c-9b231faf4f2a,1789774382.000,23,0
1789774386.721,2,c78382b0-676e-46be-93cc-d499ae9e7695,1789774382.000,17,0
1789774386.810,17,3e2c0e97-33a9-40c5-b63e-bd1b516c17a9,1789774381.000,22,0
1789774386.810,17,d049f2be-6436-4e2e-aa3c-9b231faf4f2a,1789774382.000,23,0
1789774386.887,18,3e2c0e97-33a9-40c5-b63e-bd1b516c17a9,,22,0
1789774386.887,3,3e2c0e97-33a9-40c5-b63e-bd1b516c17a9,-61860760019.000,22,0
1789774386.887,3,d049f2be-6436-4e2e-aa3c-9b231faf4f2a,1789774382.000,23,0
1789774386.887,18,d049f2be-6436-4e2e-aa3c-9b231faf4f2a,1789774382.000,23,0
1789774386.887,3,c78382b0-676e-46be-93cc-d499ae9e7695,1789774382.000,17,0
1789774386.887,18,c78382b0-676e-46be-93cc-d499ae9e7695,1789774382.000,17,0
1789774387.048,4,3e2c0e97-33a9-40c5-b63e-bd1b516c17a9,1789774381.000,22,0
1789774387.048,4,d049f2be-6436-4e2e-aa3c-9b231faf4f2a,1789774382.000,23,0
1789774387.048,4,c78382b0-676e-46be-93cc-d499ae9e7695,1789774382.000,17,0
1789774387.221,19,6e20f090-f31b-44b0-aa31-411de3d2f0b5,1789774384.000,18,0
1789774387.221,19,01927219-9d60-4e7c-9cc7-a7de55c9b830,1789774384.000,12,0
1789774387.221,19,3952f9bb-54e3-467d-8140-c2038ba61e8e,1789774385.000,2,0
1789774387.286,5,6e20f090-f31b-44b0-aa31-411de3d2f0b5,-61577972816.000,18,0
1789774387.286,20,6e20f090-f31b-44b0-aa31-411de3d2f0b5,,18,0
1789774387.286,5,01927219-9d60-4e7c-9cc7-a7de55c9b830,1789774384.000,12,0
1789774387.286,20,01927219-9d60-4e7c-9cc7-a7de55c9b830,1789774384.000,12,0
1789774387.286,5,3952f9bb-54e3-467d-8140-c2038ba61e8e,1789774385.000,2,0
1789774387.286,20,3952f9bb-54e3-467d-8140-c2038ba61e8e,1789774385.000,2,0
1789774387.426,6,6e20f090-f31b-44b0-aa31-411de3d2f0b5,1789774384.000,18,0
1789774387.426,6,01927219-9d60-4e7c-9cc7-a7de55c9b830,1789774384.000,12,0
1789774387.426,6,3952f9bb-54e3-467d-8140-c2038ba61e8e,1789774385.000,2,0
1789774387.645,21,6e20f090-f31b-44b0-aa31-411de3d2f0b5,1789774384.000,18,0
1789774387.645,21,01927219-9d60-4e7c-9cc7-a7de55c9b830,1789774384.000,12,0
1789774387.645,21,3952f9bb-54e3-467d-8140-c2038ba61e8e,1789774385.000,2,0
1789774387.730,7,6e20f090-f31b-44b0-aa31-411de3d2f0b5,1789774384.000,18,0
1789774387.730,7,01927219-9d60-4e7c-9cc7-a7de55c9b830,1789774384.000,12,0
1789774387.730,7,3952f9bb-54e3-467d-8140-c2038ba61e8e,1789774385.000,2,0
1789774387.812,22,6e20f090-f31b-44b0-aa31-411de3d2f0b5,1789774384.000,18,0
1789774387.812,22,01927219-9d60-4e7c-9cc7-a7de55c9b830,1789774384.000,12,0
1789774387.812,22,3952f9bb-54e3-467d-8140-c2038ba61e8e,1789774385.000,2,0
1789774387.897,8,6e20f090-f31b-44b0-aa31-411de3d2f0b5,1789774384.000,18,0
1789774387.897,8,01927219-9d60-4e7c-9cc7-a7de55c9b830,1789774384.000,12,0
1789774387.897,8,3952f9bb-54e3-467d-8140-c2038ba61e8e,1789774385.000,2,0
1789774387.936,23,6e20f090-f31b-44b0-aa31-411de3d2f0b5,1789774384.000,18,0
1789774387.936,23,01927219-9d60-4e7c-9cc7-a7de55c9b830,1789774384.000,12,0
1789774387.936,23,3952f9bb-54e3-467d-8140-c2038ba61e8e,1789774385.000,2,0
1789774388.048,9,6e20f090-f31b-44b0-aa31-411de3d2f0b5,1789774384.000,18,0
1789774388.048,9,01927219-9d60-4e7c-9cc7-a7de55c9b830,1789774384.000,12,0
1789774388.048,9,3952f9bb-54e3-467d-8140-c2038ba61e8e,1789774385.000,2,0
1789774388.295,10,6e20f090-f31b-44b0-aa31-411de3d2f0b5,1796218384.000,18,0
1789774388.295,24,6e20f090-f31b-44b0-aa31-411de3d2f0b5,,18,0
1789774388.295,10,01927219-9d60-4e7c-9cc7-a7de55c9b830,1789774384.000,12,0
1789774388.295,24,01927219-9d60-4e7c-9cc7-a7de55c9b830,1789774384.000,12,0
1789774388.295,10,3952f9bb-54e3-467d-8140-c2038ba61e8e,1789774398.000,2,0
1789774388.295,24,3952f9bb-54e3-467d-8140-c2038ba61e8e,,2,0
1789774388.436,11,6e20f090-f31b-44b0-aa31-411de3d2f0b5,1789774384.000,18,0
1789774388.436,11,01927219-9d60-4e7c-9cc7-a7de55c9b830,1789774384.000,12,0
1789774388.436,11,3952f9bb-54e3-467d-8140-c2038ba61e8e,1789774385.000,2,0
1789774388.817,12,6e20f090-f31b-44b0-aa31-411de3d2f0b5,1789774384.000,18,0
1789774388.817,12,3952f9bb-54e3-467d-8140-c2038ba61e8e,1789774385.000,2,0
1789774388.899,13,6e20f090-f31b-44b0-aa31-411de3d2f0b5,1789774384.000,18,0
1789774388.899,13,01927219-9d60-4e7c-9cc7-a7de55c9b830,1789774384.000,12,0
1789774388.899,13,3952f9bb-54e3-467d-8140-c2038ba61e8e,1789774385.000,2,0
1789774389.229,14,6e20f090-f31b-44b0-aa31-411de3d2f0b5,1789774384.000,18,0
1789774389.229,14,01927219-9d60-4e7c-9cc7-a7de55c9b830,1789774384.000,12,0
1789774389.229,14,3952f9bb-54e3-467d-8140-c2038ba61e8e,1789774385.000,2,0
1789774389.305,15,6e20f090-f31b-44b0-aa31-411de3d2f0b5,1789774384.000,18,0
1789774389.305,0,6e20f090-f31b-44b0-aa31-411de3d2f0b5,,18,0
1789774389.305,0,01927219-9d60-4e7c-9cc7-a7de55c9b830,1789774384.000,12,0
1789774389.305,15,01927219-9d60-4e7c-9cc7-a7de55c9b830,1789774384.000,12,0
1789774389.305,0,3952f9bb-54e3-467d-8140-c2038ba61e8e,1789774385.000,2,0
1789774389.305,15,3952f9bb-54e3-467d-8140-c2038ba61e8e,1789774385.000,2,0
1789774389.441,1,6e20f090-f31b-44b0-aa31-411de3d2f0b5,1789774384.000,18,0
1789774389.441,1,01927219-9d60-4e7c-9cc7-a7de55c9b830,1789774384.000,12,0
1789774389.441,1,3952f9bb-54e3-467d-8140-c2038ba61e8e,1789774385.000,2,0
1789774389.650,16,6e20f090-f31b-44b0-aa31-411de3d2f0b5,1789774384.000,18,0
1789774389.650,16,01927219-9d60-4e7c-9cc7-a7de55c9b830,1789774384.000,12,0
1789774389.650,16,3952f9bb-54e3-467d-8140-c2038ba61e8e,1789774385.000,2,0
1789774389.747,2,6e20f090-f31b-44b0-aa31-411de3d2f0b5,1789774384.000,18,0
1789774389.747,2,01927219-9d60-4e7c-9cc7-a7de55c9b830,1789774384.000,12,0
1789774389.827,17,6e20f090-f31b-44b0-aa31-411de3d2f0b5,1789774384.000,18,0
1789774389.827,17,01927219-9d60-4e7c-9cc7-a7de55c9b830,1789774384.000,12,0
1789774389.827,17,3952f9bb-54e3-467d-8140-c2038ba61e8e,1789774385.000,2,0
1789774389.907,3,6e20f090-f31b-44b0-aa31-411de3d2f0b5,-61860760016.000,18,0
1789774389.907,18,01927219-9d60-4e7c-9cc7-a7de55c9b830,,12,0
1789774389.907,3,01927219-9d60-4e7c-9cc7-a7de55c9b830,1789774384.000,12,0
1789774389.907,18,3952f9bb-54e3-467d-8140-c2038ba61e8e,1789774385.000,2,0
1789774389.907,3,3952f9bb-54e3-467d-8140-c2038ba61e8e,1789774385.000,2,0
1789774390.056,4,6e20f090-f31b-44b0-aa31-411de3d2f0b5,1789774384.000,18,0
1789774390.056,4,01927219-9d60-4e7c-9cc7-a7de55c9b830,1789774384.000,12,0
1789774390.056,4,3952f9bb-54e3-467d-8140-c2038ba61e8e,1789774385.000,2,0
1789774390.237,19,929a18ff-24d4-436a-95b9-b19744189b6e,1789774388.000,13,0
1789774390.237,19,74d1ef99-88e6-468e-87ed-08081489c403,1789774388.000,3,0
1789774390.307,5,929a18ff-24d4-436a-95b9-b19744189b6e,1789774388.000,13,0
1789774390.308,20,929a18ff-24d4-436a-95b9-b19744189b6e,1789774388.000,13,0
1789774390.307,5,74d1ef99-88e6-468e-87ed-08081489c403,1789774388.000,3,0
1789774390.308,20,74d1ef99-88e6-468e-87ed-08081489c403,1789774388.000,3,0
1789774390.442,6,929a18ff-24d4-436a-95b9-b19744189b6e,1789774388.000,13,0
1789774390.442,6,74d1ef99-88e6-468e-87ed-08081489c403,1789774388.000,3,0
1789774390.652,21,929a18ff-24d4-436a-95b9-b19744189b6e,1789774388.000,13,0
1789774390.652,21,74d1ef99-88e6-468e-87ed-08081489c403,1789774388.000,3,0
1789774390.755,7,929a18ff-24d4-436a-95b9-b19744189b6e,1789774388.000,13,0
1789774390.755,7,74d1ef99-88e6-468e-87ed-08081489c403,1789774388.000,3,0
1789774390.831,22,929a18ff-24d4-436a-95b9-b19744189b6e,1789774388.000,13,0
1789774390.831,22,74d1ef99-88e6-468e-87ed-08081489c403,1789774388.000,3,0
1789774390.915,8,929a18ff-24d4-436a-95b9-b19744189b6e,1789774388.000,13,0
1789774390.915,8,74d1ef99-88e6-468e-87ed-08081489c403,1789774388.000,3,0
1789774390.951,23,929a18ff-24d4-436a-95b9-b19744189b6e,1789774388.000,13,0
1789774390.951,23,74d1ef99-88e6-468e-87ed-08081489c403,1789774388.000,3,0
1789774391.057,9,929a18ff-24d4-436a-95b9-b19744189b6e,1789774388.000,13,0
1789774391.057,9,74d1ef99-88e6-468e-87ed-08081489c403,1789774388.000,3,0
1789774391.317,24,929a18ff-24d4-436a-95b9-b19744189b6e,1789774388.000,13,0
1789774391.317,10,929a18ff-24d4-436a-95b9-b19744189b6e,,13,0
1789774391.317,24,74d1ef99-88e6-468e-87ed-08081489c403,1789774388.000,3,0
1789774391.317,10,74d1ef99-88e6-468e-87ed-08081489c403,1789774388.000,3,0
1789774391.452,11,929a18ff-24d4-436a-95b9-b19744189b6e,1789774388.000,13,0
1789774391.452,11,74d1ef99-88e6-468e-87ed-08081489c403,1789774388.000,3,0
1789774391.840,12,929a18ff-24d4-436a-95b9-b19744189b6e,1789774388.000,13,0
1789774391.840,12,74d1ef99-88e6-468e-87ed-08081489c403,1789774388.000,3,0
1789774391.921,13,74d1ef99-88e6-468e-87ed-08081489c403,1789774388.000,3,0
1789774392.242,14,929a18ff-24d4-436a-95b9-b19744189b6e,1789774388.000,13,0
1789774392.242,14,74d1ef99-88e6-468e-87ed-08081489c403,1789774388.000,3,0
1789774392.327,0,929a18ff-24d4-436a-95b9-b19744189b6e,1788978213.000,13,0
1789774392.327,15,929a18ff-24d4-436a-95b9-b19744189b6e,,13,0
1789774392.327,0,74d1ef99-88e6-468e-87ed-08081489c403,1789774388.000,3,0
1789774392.327,15,74d1ef99-88e6-468e-87ed-08081489c403,1789774388.000,3,0
1789774392.457,1,929a18ff-24d4-436a-95b9-b19744189b6e,1789774388.000,13,0
1789774392.457,1,74d1ef99-88e6-468e-87ed-08081489c403,1789774388.000,3,0
1789774392.656,16,929a18ff-24d4-436a-95b9-b19744189b6e,1789774388.000,13,0
1789774392.656,16,74d1ef99-88e6-468e-87ed-08081489c403,1789774388.000,3,0
1789774392.772,2,929a18ff-24d4-436a-95b9-b19744189b6e,1789774388.000,13,0
1789774392.772,2,74d1ef99-88e6-468e-87ed-08081489c403,1789774388.000,3,0
1789774392.844,17,929a18ff-24d4-436a-95b9-b19744189b6e,1789774388.000,13,0
1789774392.844,17,74d1ef99-88e6-468e-87ed-08081489c403,1789774388.000,3,0
1789774392.923,18,929a18ff-24d4-436a-95b9-b19744189b6e,1790240888.000,13,0
1789774392.923,3,929a18ff-24d4-436a-95b9-b19744189b6e,1790240888.000,13,0
1789774392.923,18,74d1ef99-88e6-468e-87ed-08081489c403,1789774388.000,3,0
1789774393.061,4,929a18ff-24d4-436a-95b9-b19744189b6e,1789774388.000,13,0
1789774393.061,4,74d1ef99-88e6-468e-87ed-08081489c403,1789774388.000,3,0
1789774393.251,19,02c003c4-4d45-4662-a969-101f939438c6,1789774390.000,21,0
1789774393.251,19,998cad89-13dc-4915-ba29-6ca5506493b8,1789774392.000,15,0
1789774393.332,20,02c003c4-4d45-4662-a969-101f939438c6,1789774390.000,21,0
1789774393.332,20,998cad89-13dc-4915-ba29-6ca5506493b8,1789774392.000,15,0
1789774393.332,5,02c003c4-4d45-4662-a969-101f939438c6,1789774390.000,21,0
1789774393.332,5,998cad89-13dc-4915-ba29-6ca5506493b8,1789774392.000,15,0
1789774393.463,6,02c003c4-4d45-4662-a969-101f939438c6,1789774390.000,21,0
1789774393.463,6,998cad89-13dc-4915-ba29-6ca5506493b8,1789774392.000,15,0
1789774393.657,21,998cad89-13dc-4915-ba29-6ca5506493b8,1789774392.000,15,0
1789774393.782,7,02c003c4-4d45-4662-a969-101f939438c6,1789774390.000,21,0
1789774393.782,7,998cad89-13dc-4915-ba29-6ca5506493b8,1789774392.000,15,0
1789774393.854,22,02c003c4-4d45-4662-a969-101f939438c6,1789774390.000,21,0
1789774393.854,22,998cad89-13dc-4915-ba29-6ca5506493b8,1789774392.000,15,0
1789774393.933,8,02c003c4-4d45-4662-a969-101f939438c6,1789774390.000,21,0
1789774393.933,8,998cad89-13dc-4915-ba29-6ca5506493b8,1789774392.000,15,0
1789774393.971,23,02c003c4-4d45-4662-a969-101f939438c6,1789774390.000,21,0
1789774393.971,23,998cad89-13dc-4915-ba29-6ca5506493b8,1789774392.000,15,0
1789774394.062,9,02c003c4-4d45-4662-a969-101f939438c6,1789774390.000,21,0
1789774394.062,9,998cad89-13dc-4915-ba29-6ca5506493b8,1789774392.000,15,0
1789774394.335,10,02c003c4-4d45-4662-a969-101f939438c6,-61884433610.000,21,0
1789774394.335,24,02c003c4-4d45-4662-a969-101f939438c6,-61884433610.000,21,0
1789774394.335,10,998cad89-13dc-4915-ba29-6ca5506493b8,1789774392.000,15,0
1789774394.335,24,998cad89-13dc-4915-ba29-6ca5506493b8,1789774392.000,15,0
1789774394.473,11,02c003c4-4d45-4662-a969-101f939438c6,1789774390.000,21,0
1789774394.473,11,998cad89-13dc-4915-ba29-6ca5506493b8,1789774392.000,15,0
1789774394.864,12,02c003c4-4d45-4662-a969-101f939438c6,1789774390.000,21,0
1789774394.864,12,998cad89-13dc-4915-ba29-6ca5506493b8,1789774392.000,15,0
1789774394.941,13,02c003c4-4d45-4662-a969-101f939438c6,1789774390.000,21,0
1789774394.941,13,998cad89-13dc-4915-ba29-6ca5506493b8,1789774392.000,15,0
1789774395.257,14,02c003c4-4d45-4662-a969-101f939438c6,1789774390.000,21,0
1789774395.257,14,998cad89-13dc-4915-ba29-6ca5506493b8,1789774392.000,15,0
1789774395.338,0,02c003c4-4d45-4662-a969-101f939438c6,-61860806810.000,21,0
1789774395.338,15,02c003c4-4d45-4662-a969-101f939438c6,,21,0
1789774395.338,0,998cad89-13dc-4915-ba29-6ca5506493b8,1789774392.000,15,0
1789774395.483,1,02c003c4-4d45-4662-a969-101f939438c6,1789774390.000,21,0
1789774395.483,1,998cad89-13dc-4915-ba29-6ca5506493b8,1789774392.000,15,0
1789774395.669,16,02c003c4-4d45-4662-a969-101f939438c6,1789774390.000,21,0
1789774395.669,16,998cad89-13dc-4915-ba29-6ca5506493b8,1789774392.000,15,0
1789774395.795,2,02c003c4-4d45-4662-a969-101f939438c6,1789774390.000,21,0
1789774395.795,2,998cad89-13dc-4915-ba29-6ca5506493b8,1789774392.000,15,0
1789774395.870,17,02c003c4-4d45-4662-a969-101f939438c6,1789774390.000,21,0
1789774395.870,17,998cad89-13dc-4915-ba29-6ca5506493b8,1789774392.000,15,0
1789774395.941,3,02c003c4-4d45-4662-a969-101f939438c6,1789774390.000,21,0
1789774395.941,18,02c003c4-4d45-4662-a969-101f939438c6,1789774390.000,21,0
1789774395.941,3,998cad89-13dc-4915-ba29-6ca5506493b8,1789774392.000,15,0
1789774395.941,18,998cad89-13dc-4915-ba29-6ca5506493b8,1789774392.000,15,0
1789774396.079,4,02c003c4-4d45-4662-a969-101f939438c6,1789774390.000,21,0
1789774396.079,4,998cad89-13dc-4915-ba29-6ca5506493b8,1789774392.000,15,0
1789774396.260,19,85619e96-20b4-41cd-8894-3abbb6009b52,1789774394.000,0,0
1789774396.260,19,d21bb8b1-15b9-4ab9-b539-9be84096ef9f,1789774395.000,16,0
1789774396.340,20,85619e96-20b4-41cd-8894-3abbb6009b52,,0,0
1789774396.340,5,85619e96-20b4-41cd-8894-3abbb6009b52,,0,0
1789774396.340,20,d21bb8b1-15b9-4ab9-b539-9be84096ef9f,1789774395.000,16,0
1789774396.340,5,d21bb8b1-15b9-4ab9-b539-9be84096ef9f,1789774395.000,16,0
1789774396.490,6,85619e96-20b4-41cd-8894-3abbb6009b52,1789774394.000,0,0
1789774396.490,6,d21bb8b1-15b9-4ab9-b539-9be84096ef9f,1789774395.000,16,0
1789774396.673,21,85619e96-20b4-41cd-8894-3abbb6009b52,1789774394.000,0,0
1789774396.673,21,d21bb8b1-15b9-4ab9-b539-9be84096ef9f,1789774395.000,16,0
1789774396.799,7,85619e96-20b4-41cd-8894-3abbb6009b52,1789774394.000,0,0
1789774396.799,7,d21bb8b1-15b9-4ab9-b539-9be84096ef9f,1789774395.000,16,0
1789774396.873,22,85619e96-20b4-41cd-8894-3abbb6009b52,1789774394.000,0,0
1789774396.873,22,d21bb8b1-15b9-4ab9-b539-9be84096ef9f,1789774395.000,16,0
1789774396.942,8,85619e96-20b4-41cd-8894-3abbb6009b52,1789774394.000,0,0
1789774396.942,8,d21bb8b1-15b9-4ab9-b539-9be84096ef9f,1789774395.000,16,0
1789774396.998,23,85619e96-20b4-41cd-8894-3abbb6009b52,1789774394.000,0,0
1789774396.998,23,d21bb8b1-15b9-4ab9-b539-9be84096ef9f,1789774395.000,16,0
1789774397.084,9,85619e96-20b4-41cd-8894-3abbb6009b52,1789774394.000,0,0
1789774397.084,9,d21bb8b1-15b9-4ab9-b539-9be84096ef9f,1789774395.000,16,0
1789774397.340,24,85619e96-20b4-41cd-8894-3abbb6009b52,1789774394.000,0,0
1789774397.340,10,85619e96-20b4-41cd-8894-3abbb6009b52,1789774394.000,0,0
1789774397.340,24,d21bb8b1-15b9-4ab9-b539-9be84096ef9f,1789774395.000,16,0
1789774397.340,10,d21bb8b1-15b9-4ab9-b539-9be84096ef9f,1789774395.000,16,0
1789774397.494,11,85619e96-20b4-41cd-8894-3abbb6009b52,1789774394.000,0,0
1789774397.494,11,d21bb8b1-15b9-4ab9-b539-9be84096ef9f,1789774395.000,16,0
1789774397.882,12,85619e96-20b4-41cd-8894-3abbb6009b52,1789774394.000,0,0
1789774397.882,12,d21bb8b1-15b9-4ab9-b539-9be84096ef9f,1789774395.000,16,0
1789774397.946,13,85619e96-20b4-41cd-8894-3abbb6009b52,1789774394.000,0,0
1789774397.946,13,d21bb8b1-15b9-4ab9-b539-9be84096ef9f,1789774395.000,16,0
1789774398.271,14,85619e96-20b4-41cd-8894-3abbb6009b52,1789774394.000,0,0
1789774398.271,14,d21bb8b1-15b9-4ab9-b539-9be84096ef9f,1789774395.000,16,0
1789774398.347,15,85619e96-20b4-41cd-8894-3abbb6009b52,1789755813.000,0,0
1789774398.347,0,d21bb8b1-15b9-4ab9-b539-9be84096ef9f,,16,0
1789774398.347,15,d21bb8b1-15b9-4ab9-b539-9be84096ef9f,1789774395.000,16,0
1789774398.504,1,85619e96-20b4-41cd-8894-3abbb6009b52,1789774394.000,0,0
1789774398.504,1,d21bb8b1-15b9-4ab9-b539-9be84096ef9f,1789774395.000,16,0
1789774398.676,16,85619e96-20b4-41cd-8894-3abbb6009b52,1789774394.000,0,0
1789774398.813,2,85619e96-20b4-41cd-8894-3abbb6009b52,1789774394.000,0,0
1789774398.813,2,d21bb8b1-15b9-4ab9-b539-9be84096ef9f,1789774395.000,16,0
1789774398.884,17,85619e96-20b4-41cd-8894-3abbb6009b52,1789774394.000,0,0
1789774398.884,17,d21bb8b1-15b9-4ab9-b539-9be84096ef9f,1789774395.000,16,0
1789774398.952,18,85619e96-20b4-41cd-8894-3abbb6009b52,-59236068346.000,0,0
1789774398.952,3,85619e96-20b4-41cd-8894-3abbb6009b52,1789774395.000,0,0
1789774398.952,18,d21bb8b1-15b9-4ab9-b539-9be84096ef9f,1789774395.000,16,0
1789774398.952,3,d21bb8b1-15b9-4ab9-b539-9be84096ef9f,1789774395.000,16,0
1789774399.093,4,85619e96-20b4-41cd-8894-3abbb6009b52,1789774394.000,0,0
1789774399.093,4,d21bb8b1-15b9-4ab9-b539-9be84096ef9f,1789774395.000,16,0
1789774399.274,19,e56c0db8-b4ea-4642-bf36-d561177cb904,1789774396.000,10,0
1789774399.274,19,318c13d9-fbdf-4134-8fcb-afd871684695,1789774397.000,14,0
1789774399.349,20,e56c0db8-b4ea-4642-bf36-d561177cb904,1789774396.000,10,0
1789774399.349,5,e56c0db8-b4ea-4642-bf36-d561177cb904,,10,0
1789774399.349,20,318c13d9-fbdf-4134-8fcb-afd871684695,1789774397.000,14,0
1789774399.349,5,318c13d9-fbdf-4134-8fcb-afd871684695,1789774397.000,14,0
1789774399.510,6,e56c0db8-b4ea-4642-bf36-d561177cb904,1789774396.000,10,0
1789774399.510,6,318c13d9-fbdf-4134-8fcb-afd871684695,1789774397.000,14,0
1789774399.676,21,e56c0db8-b4ea-4642-bf36-d561177cb904,1789774396.000,10,0
1789774399.676,21,318c13d9-fbdf-4134-8fcb-afd871684695,1789774397.000,14,0
1789774399.822,7,e56c0db8-b4ea-4642-bf36-d561177cb904,1789774396.000,10,0
1789774399.822,7,318c13d9-fbdf-4134-8fcb-afd871684695,1789774397.000,14,0
1789774399.893,22,e56c0db8-b4ea-4642-bf36-d561177cb904,1789774396.000,10,0
1789774399.893,22,318c13d9-fbdf-4134-8fcb-afd871684695,1789774397.000,14,0
1789774399.961,8,e56c0db8-b4ea-4642-bf36-d561177cb904,1789774396.000,10,0
1789774399.961,8,318c13d9-fbdf-4134-8fcb-afd871684695,1789774397.000,14,0
1789774400.026,23,e56c0db8-b4ea-4642-bf36-d561177cb904,1789774396.000,10,0
1789774400.026,23,318c13d9-fbdf-4134-8fcb-afd871684695,1789774397.000,14,0
1789774400.102,9,e56c0db8-b4ea-4642-bf36-d561177cb904,1789774396.000,10,0
1789774400.102,9,318c13d9-fbdf-4134-8fcb-afd871684695,1789774397.000,14,0
1789774400.351,10,318c13d9-fbdf-4134-8fcb-afd871684695,1789774397.000,14,0
1789774400.351,24,e56c0db8-b4ea-4642-bf36-d561177cb904,,10,0
1789774400.351,24,318c13d9-fbdf-4134-8fcb-afd871684695,1789774397.000,14,0
1789774400.520,11,e56c0db8-b4ea-4642-bf36-d561177cb904,1789774396.000,10,0
1789774400.520,11,318c13d9-fbdf-4134-8fcb-afd871684695,1789774397.000,14,0
1789774400.903,12,e56c0db8-b4ea-4642-bf36-d561177cb904,1789774396.000,10,0
1789774400.903,12,318c13d9-fbdf-4134-8fcb-afd871684695,1789774397.000,14,0
1789774400.966,13,e56c0db8-b4ea-4642-bf36-d561177cb904,1789774396.000,10,0
1789774400.966,13,318c13d9-fbdf-4134-8fcb-afd871684695,1789774397.000,14,0
1789774401.286,14,e56c0db8-b4ea-4642-bf36-d561177cb904,1789774396.000,10,0
1789774401.360,0,e56c0db8-b4ea-4642-bf36-d561177cb904,1789774403.000,10,0
1789774401.360,15,e56c0db8-b4ea-4642-bf36-d561177cb904,,10,0
1789774401.360,15,318c13d9-fbdf-4134-8fcb-afd871684695,1789774397.000,14,0
1789774401.360,0,318c13d9-fbdf-4134-8fcb-afd871684695,1789774397.000,14,0
1789774401.528,1,e56c0db8-b4ea-4642-bf36-d561177cb904,1789774396.000,10,0
1789774401.528,1,318c13d9-fbdf-4134-8fcb-afd871684695,1789774397.000,14,0
1789774401.682,16,e56c0db8-b4ea-4642-bf36-d561177cb904,1789774396.000,10,0
1789774401.682,16,318c13d9-fbdf-4134-8fcb-afd871684695,1789774397.000,14,0
1789774401.826,2,e56c0db8-b4ea-4642-bf36-d561177cb904,1789774396.000,10,0
1789774401.826,2,318c13d9-fbdf-4134-8fcb-afd871684695,1789774397.000,14,0
1789774401.904,17,e56c0db8-b4ea-4642-bf36-d561177cb904,1789774396.000,10,0
1789774401.904,17,318c13d9-fbdf-4134-8fcb-afd871684695,1789774397.000,14,0
1789774401.976,3,e56c0db8-b4ea-4642-bf36-d561177cb904,1789774396.000,10,0
1789774401.976,18,e56c0db8-b4ea-4642-bf36-d561177cb904,1789774396.000,10,0
1789774401.976,3,318c13d9-fbdf-4134-8fcb-afd871684695,1789774397.000,14,0
1789774401.976,18,318c13d9-fbdf-4134-8fcb-afd871684695,1789774397.000,14,0
1789774402.109,4,e56c0db8-b4ea-4642-bf36-d561177cb904,1789774396.000,10,0
1789774402.109,4,318c13d9-fbdf-4134-8fcb-afd871684695,1789774397.000,14,0
1789774402.287,19,25585df8-4694-4431-b632-96a8535e2556,1789774399.000,8,0
1789774402.364,5,25585df8-4694-4431-b632-96a8535e2556,1789774399.000,8,0
1789774402.364,20,25585df8-4694-4431-b632-96a8535e2556,1789774399.000,8,0
1789774402.538,6,25585df8-4694-4431-b632-96a8535e2556,1789774399.000,8,0
1789774402.683,21,25585df8-4694-4431-b632-96a8535e2556,1789774399.000,8,0
1789774402.835,7,25585df8-4694-4431-b632-96a8535e2556,1789774399.000,8,0
1789774402.906,22,25585df8-4694-4431-b632-96a8535e2556,1789774399.000,8,0
1789774403.041,23,25585df8-4694-4431-b632-96a8535e2556,1789774399.000,8,0
1789774403.116,9,25585df8-4694-4431-b632-96a8535e2556,1789774399.000,8,0
1789774403.371,10,25585df8-4694-4431-b632-96a8535e2556,1789774399.000,8,0
1789774403.371,24,25585df8-4694-4431-b632-96a8535e2556,1789774399.000,8,0
1789774403.542,11,25585df8-4694-4431-b632-96a8535e2556,1789774399.000,8,0
1789774403.913,12,25585df8-4694-4431-b632-96a8535e2556,1789774399.000,8,0
1789774403.992,13,25585df8-4694-4431-b632-96a8535e2556,1789774399.000,8,0
1789774404.304,14,25585df8-4694-4431-b632-96a8535e2556,1789774399.000,8,0
1789774404.377,15,25585df8-4694-4431-b632-96a8535e2556,1789774399.000,8,0
1789774404.377,0,25585df8-4694-4431-b632-96a8535e2556,1789774399.000,8,0
1789774404.543,1,25585df8-4694-4431-b632-96a8535e2556,1789774399.000,8,0
1789774404.689,16,25585df8-4694-4431-b632-96a8535e2556,1789774399.000,8,0
1789774404.854,2,25585df8-4694-4431-b632-96a8535e2556,1789774399.000,8,0
1789774404.922,17,25585df8-4694-4431-b632-96a8535e2556,1789774399.000,8,0
1789774404.998,18,25585df8-4694-4431-b632-96a8535e2556,1789774399.000,8,0
1789774404.998,3,25585df8-4694-4431-b632-96a8535e2556,,8,0
1789774405.118,4,25585df8-4694-4431-b632-96a8535e2556,1789774399.000,8,0
1789774405.312,19,d5bdd8fb-2597-498c-adf9-31b20b6579b6,1789774402.000,5,0
1789774405.312,19,303734bc-0384-472a-b89c-5702fd776152,1789774402.000,7,0
1789774405.312,19,df41410f-85c7-47c9-b91f-95cfe5c7bb53,1789774403.000,6,0
1789774405.386,20,d5bdd8fb-2597-498c-adf9-31b20b6579b6,1788978803.000,5,0
1789774405.386,20,303734bc-0384-472a-b89c-5702fd776152,1789774402.000,7,0
1789774405.386,5,303734bc-0384-472a-b89c-5702fd776152,,7,0
1789774405.386,20,df41410f-85c7-47c9-b91f-95cfe5c7bb53,1789774403.000,6,0
1789774405.386,5,df41410f-85c7-47c9-b91f-95cfe5c7bb53,1789774403.000,6,0
1789774405.545,6,d5bdd8fb-2597-498c-adf9-31b20b6579b6,1789774402.000,5,0
1789774405.545,6,303734bc-0384-472a-b89c-5702fd776152,1789774402.000,7,0
1789774405.699,21,d5bdd8fb-2597-498c-adf9-31b20b6579b6,1789774402.000,5,0
1789774405.699,21,303734bc-0384-472a-b89c-5702fd776152,1789774402.000,7,0
1789774405.699,21,df41410f-85c7-47c9-b91f-95cfe5c7bb53,1789774403.000,6,0
1789774405.859,7,d5bdd8fb-2597-498c-adf9-31b20b6579b6,1789774402.000,5,0
1789774405.859,7,df41410f-85c7-47c9-b91f-95cfe5c7bb53,1789774403.000,6,0
1789774405.928,22,d5bdd8fb-2597-498c-adf9-31b20b6579b6,1789774402.000,5,0
1789774405.928,22,303734bc-0384-472a-b89c-5702fd776152,1789774402.000,7,0
1789774405.928,22,df41410f-85c7-47c9-b91f-95cfe5c7bb53,1789774403.000,6,0
1789774406.004,8,d5bdd8fb-2597-498c-adf9-31b20b6579b6,1789774402.000,5,0
1789774406.004,8,303734bc-0384-472a-b89c-5702fd776152,1789774402.000,7,0
1789774406.004,8,df41410f-85c7-47c9-b91f-95cfe5c7bb53,1789774403.000,6,0
1789774406.057,23,d5bdd8fb-2597-498c-adf9-31b20b6579b6,1789774402.000,5,0
1789774406.057,23,303734bc-0384-472a-b89c-5702fd776152,1789774402.000,7,0
1789774406.057,23,df41410f-85c7-47c9-b91f-95cfe5c7bb53,1789774403.000,6,0
1789774406.127,9,d5bdd8fb-2597-498c-adf9-31b20b6579b6,1789774402.000,5,0
1789774406.127,9,303734bc-0384-472a-b89c-5702fd776152,1789774402.000,7,0
1789774406.127,9,df41410f-85c7-47c9-b91f-95cfe5c7bb53,1789774403.000,6,0
1789774406.396,24,d5bdd8fb-2597-498c-adf9-31b20b6579b6,1789774402.000,5,0
1789774406.396,10,d5bdd8fb-2597-498c-adf9-31b20b6579b6,,5,0
1789774406.396,24,303734bc-0384-472a-b89c-5702fd776152,1789774402.000,7,0
1789774406.396,10,303734bc-0384-472a-b89c-5702fd776152,1789774402.000,7,0
1789774406.396,24,df41410f-85c7-47c9-b91f-95cfe5c7bb53,1789774403.000,6,0
1789774406.396,10,df41410f-85c7-47c9-b91f-95cfe5c7bb53,1789774403.000,6,0
1789774406.553,11,d5bdd8fb-2597-498c-adf9-31b20b6579b6,1789774402.000,5,0
1789774406.553,11,303734bc-0384-472a-b89c-5702fd776152,1789774402.000,7,0
1789774406.553,11,df41410f-85c7-47c9-b91f-95cfe5c7bb53,1789774403.000,6,0
1789774406.928,12,d5bdd8fb-2597-498c-adf9-31b20b6579b6,1789774402.000,5,0
1789774406.928,12,303734bc-0384-472a-b89c-5702fd776152,1789774402.000,7,0
1789774406.928,12,df41410f-85c7-47c9-b91f-95cfe5c7bb53,1789774403.000,6,0
1789774407.012,13,d5bdd8fb-2597-498c-adf9-31b20b6579b6,1789774402.000,5,0
1789774407.012,13,303734bc-0384-472a-b89c-5702fd776152,1789774402.000,7,0
1789774407.012,13,df41410f-85c7-47c9-b91f-95cfe5c7bb53,1789774403.000,6,0
1789774407.329,14,d5bdd8fb-2597-498c-adf9-31b20b6579b6,1789774402.000,5,0
1789774407.329,14,303734bc-0384-472a-b89c-5702fd776152,1789774402.000,7,0
1789774407.329,14,df41410f-85c7-47c9-b91f-95cfe5c7bb53,1789774403.000,6,0
1789774407.406,0,d5bdd8fb-2597-498c-adf9-31b20b6579b6,,5,0
1789774407.406,0,303734bc-0384-472a-b89c-5702fd776152,1789774402.000,7,0
1789774407.406,0,df41410f-85c7-47c9-b91f-95cfe5c7bb53,1789774403.000,6,0
1789774407.406,15,d5bdd8fb-2597-498c-adf9-31b20b6579b6,1789774403.000,5,0
1789774407.406,15,303734bc-0384-472a-b89c-5702fd776152,1789774402.000,7,0
1789774407.406,15,df41410f-85c7-47c9-b91f-95cfe5c7bb53,1789774403.000,6,0
1789774407.559,1,d5bdd8fb-2597-498c-adf9-31b20b6579b6,1789774402.000,5,0
1789774407.559,1,303734bc-0384-472a-b89c-5702fd776152,1789774402.000,7,0
1789774407.559,1,df41410f-85c7-47c9-b91f-95cfe5c7bb53,1789774403.000,6,0
1789774407.703,16,d5bdd8fb-2597-498c-adf9-31b20b6579b6,1789774402.000,5,0
1789774407.703,16,303734bc-0384-472a-b89c-5702fd776152,1789774402.000,7,0
1789774407.703,16,df41410f-85c7-47c9-b91f-95cfe5c7bb53,1789774403.000,6,0
1789774407.869,2,d5bdd8fb-2597-498c-adf9-31b20b6579b6,1789774402.000,5,0
1789774407.869,2,303734bc-0384-472a-b89c-5702fd776152,1789774402.000,7,0
1789774407.869,2,df41410f-85c7-47c9-b91f-95cfe5c7bb53,1789774403.000,6,0
1789774407.935,17,d5bdd8fb-2597-498c-adf9-31b20b6579b6,1789774402.000,5,0
1789774407.935,17,303734bc-0384-472a-b89c-5702fd776152,1789774402.000,7,0
1789774407.935,17,df41410f-85c7-47c9-b91f-95cfe5c7bb53,1789774403.000,6,0
1789774408.021,3,d5bdd8fb-2597-498c-adf9-31b20b6579b6,1789774402.000,5,0
1789774408.021,3,303734bc-0384-472a-b89c-5702fd776152,1789774402.000,7,0
1789774408.021,3,df41410f-85c7-47c9-b91f-95cfe5c7bb53,1789774403.000,6,0
1789774408.021,18,d5bdd8fb-2597-498c-adf9-31b20b6579b6,,5,0
1789774408.021,18,303734bc-0384-472a-b89c-5702fd776152,1789774402.000,7,0
1789774408.021,18,df41410f-85c7-47c9-b91f-95cfe5c7bb53,1789774403.000,6,0
1789774408.136,4,d5bdd8fb-2597-498c-adf9-31b20b6579b6,1789774402.000,5,0
1789774408.136,4,303734bc-0384-472a-b89c-5702fd776152,1789774402.000,7,0
1789774408.136,4,df41410f-85c7-47c9-b91f-95cfe5c7bb53,1789774403.000,6,0
1789774408.336,19,5d65a844-247f-4464-bc06-b0f2e89ea7cf,1789774406.000,24,0
1789774408.336,19,ae8d429f-61da-4531-a75e-db395f84141f,1789774406.000,20,0
1789774408.411,20,5d65a844-247f-4464-bc06-b0f2e89ea7cf,1789774406.000,24,0
1789774408.411,5,5d65a844-247f-4464-bc06-b0f2e89ea7cf,,24,0
1789774408.411,5,ae8d429f-61da-4531-a75e-db395f84141f,1789774406.000,20,0
1789774408.566,6,5d65a844-247f-4464-bc06-b0f2e89ea7cf,1789774406.000,24,0
1789774408.566,6,ae8d429f-61da-4531-a75e-db395f84141f,1789774406.000,20,0
1789774408.711,21,5d65a844-247f-4464-bc06-b0f2e89ea7cf,1789774406.000,24,0
1789774408.711,21,ae8d429f-61da-4531-a75e-db395f84141f,1789774406.000,20,0
1789774408.876,7,5d65a844-247f-4464-bc06-b0f2e89ea7cf,1789774406.000,24,0
1789774408.876,7,ae8d429f-61da-4531-a75e-db395f84141f,1789774406.000,20,0
1789774408.941,22,5d65a844-247f-4464-bc06-b0f2e89ea7cf,1789774406.000,24,0
1789774408.941,22,ae8d429f-61da-4531-a75e-db395f84141f,1789774406.000,20,0
1789774409.029,8,5d65a844-247f-4464-bc06-b0f2e89ea7cf,1789774406.000,24,0
1789774409.029,8,ae8d429f-61da-4531-a75e-db395f84141f,1789774406.000,20,0
1789774409.078,23,5d65a844-247f-4464-bc06-b0f2e89ea7cf,1789774406.000,24,0
1789774409.078,23,ae8d429f-61da-4531-a75e-db395f84141f,1789774406.000,20,0
1789774409.146,9,5d65a844-247f-4464-bc06-b0f2e89ea7cf,1789774406.000,24,0
1789774409.146,9,ae8d429f-61da-4531-a75e-db395f84141f,1789774406.000,20,0
1789774409.419,10,5d65a844-247f-4464-bc06-b0f2e89ea7cf,1789774413.000,24,0
1789774409.419,24,ae8d429f-61da-4531-a75e-db395f84141f,,20,0
1789774409.419,10,ae8d429f-61da-4531-a75e-db395f84141f,1789774406.000,20,0
1789774409.572,11,5d65a844-247f-4464-bc06-b0f2e89ea7cf,1789774406.000,24,0
1789774409.572,11,ae8d429f-61da-4531-a75e-db395f84141f,1789774406.000,20,0
1789774409.946,12,5d65a844-247f-4464-bc06-b0f2e89ea7cf,1789774406.000,24,0
1789774409.946,12,ae8d429f-61da-4531-a75e-db395f84141f,1789774406.000,20,0
1789774410.036,13,5d65a844-247f-4464-bc06-b0f2e89ea7cf,1789774406.000,24,0
1789774410.036,13,ae8d429f-61da-4531-a75e-db395f84141f,1789774406.000,20,0
1789774410.347,14,5d65a844-247f-4464-bc06-b0f2e89ea7cf,1789774406.000,24,0
1789774410.347,14,ae8d429f-61da-4531-a75e-db395f84141f,1789774406.000,20,0
1789774410.425,0,5d65a844-247f-4464-bc06-b0f2e89ea7cf,1789776998.000,24,0
1789774410.425,0,ae8d429f-61da-4531-a75e-db395f84141f,1789774406.000,20,0
1789774410.425,15,5d65a844-247f-4464-bc06-b0f2e89ea7cf,,24,0
1789774410.425,15,ae8d429f-61da-4531-a75e-db395f84141f,1789774406.000,20,0
1789774410.579,1,5d65a844-247f-4464-bc06-b0f2e89ea7cf,1789774406.000,24,0
1789774410.579,1,ae8d429f-61da-4531-a75e-db395f84141f,1789774406.000,20,0
1789774410.719,16,5d65a844-247f-4464-bc06-b0f2e89ea7cf,1789774406.000,24,0
1789774410.719,16,ae8d429f-61da-4531-a75e-db395f84141f,1789774406.000,20,0
1789774410.895,2,5d65a844-247f-4464-bc06-b0f2e89ea7cf,1789774406.000,24,0
1789774410.895,2,ae8d429f-61da-4531-a75e-db395f84141f,1789774406.000,20,0
1789774410.953,17,5d65a844-247f-4464-bc06-b0f2e89ea7cf,1789774406.000,24,0
1789774410.953,17,ae8d429f-61da-4531-a75e-db395f84141f,1789774406.000,20,0
1789774411.043,18,5d65a844-247f-4464-bc06-b0f2e89ea7cf,1789774406.000,24,0
1789774411.043,18,ae8d429f-61da-4531-a75e-db395f84141f,1789774406.000,20,0
1789774411.043,3,5d65a844-247f-4464-bc06-b0f2e89ea7cf,,24,0
1789774411.043,3,ae8d429f-61da-4531-a75e-db395f84141f,1789774406.000,20,0
1789774411.157,4,5d65a844-247f-4464-bc06-b0f2e89ea7cf,1789774406.000,24,0
1789774411.157,4,ae8d429f-61da-4531-a75e-db395f84141f,1789774406.000,20,0
1789774411.353,19,1f40080d-5c14-4698-9bd6-2d6b052a6927,1789774408.000,11,0
1789774411.353,19,e94ff5b5-2bd4-41a2-b945-52596f4361ea,1789774409.000,9,0
1789774411.353,19,a2c0174c-da26-4c9b-8e9f-a0f816f28df3,1789774409.000,4,0
1789774411.353,19,5bc893ad-aa75-4779-bea5-78a79ccdc77d,1789774410.000,1,0
1789774411.430,5,1f40080d-5c14-4698-9bd6-2d6b052a6927,,11,0
1789774411.430,20,1f40080d-5c14-4698-9bd6-2d6b052a6927,-61418996792.000,11,0
1789774411.430,5,0b98198d-468d-4ca3-8a76-8b1bab0def7b,1789774409.000,19,0
1789774411.430,20,0b98198d-468d-4ca3-8a76-8b1bab0def7b,1789774409.000,19,0
1789774411.430,5,e94ff5b5-2bd4-41a2-b945-52596f4361ea,1789774409.000,9,0
1789774411.430,20,e94ff5b5-2bd4-41a2-b945-52596f4361ea,1789774409.000,9,0
1789774411.430,5,a2c0174c-da26-4c9b-8e9f-a0f816f28df3,1789774409.000,4,0
1789774411.430,20,a2c0174c-da26-4c9b-8e9f-a0f816f28df3,1789774409.000,4,0
1789774411.430,5,5bc893ad-aa75-4779-bea5-78a79ccdc77d,1789774410.000,1,0
1789774411.430,20,5bc893ad-aa75-4779-bea5-78a79ccdc77d,1789774410.000,1,0
1789774411.586,6,1f40080d-5c14-4698-9bd6-2d6b052a6927,1789774408.000,11,0
1789774411.586,6,0b98198d-468d-4ca3-8a76-8b1bab0def7b,1789774409.000,19,0
1789774411.586,6,e94ff5b5-2bd4-41a2-b945-52596f4361ea,1789774409.000,9,0
1789774411.586,6,a2c0174c-da26-4c9b-8e9f-a0f816f28df3,1789774409.000,4,0
1789774411.586,6,5bc893ad-aa75-4779-bea5-78a79ccdc77d,1789774410.000,1,0
1789774411.726,21,1f40080d-5c14-4698-9bd6-2d6b052a6927,1789774408.000,11,0
1789774411.726,21,0b98198d-468d-4ca3-8a76-8b1bab0def7b,1789774409.000,19,0
1789774411.726,21,e94ff5b5-2bd4-41a2-b945-52596f4361ea,1789774409.000,9,0
1789774411.726,21,a2c0174c-da26-4c9b-8e9f-a0f816f28df3,1789774409.000,4,0
1789774411.726,21,5bc893ad-aa75-4779-bea5-78a79ccdc77d,1789774410.000,1,0
1789774411.903,7,1f40080d-5c14-4698-9bd6-2d6b052a6927,1789774408.000,11,0
1789774411.903,7,0b98198d-468d-4ca3-8a76-8b1bab0def7b,1789774409.000,19,0
1789774411.903,7,e94ff5b5-2bd4-41a2-b945-52596f4361ea,1789774409.000,9,0
1789774411.903,7,a2c0174c-da26-4c9b-8e9f-a0f816f28df3,1789774409.000,4,0
1789774411.903,7,5bc893ad-aa75-4779-bea5-78a79ccdc77d,1789774410.000,1,0
1789774411.961,22,1f40080d-5c14-4698-9bd6-2d6b052a6927,1789774408.000,11,0
1789774411.961,22,0b98198d-468d-4ca3-8a76-8b1bab0def7b,1789774409.000,19,0
1789774411.961,22,e94ff5b5-2bd4-41a2-b945-52596f4361ea,1789774409.000,9,0
1789774411.961,22,a2c0174c-da26-4c9b-8e9f-a0f816f28df3,1789774409.000,4,0
1789774411.961,22,5bc893ad-aa75-4779-bea5-78a79ccdc77d,1789774410.000,1,0
1789774412.045,8,1f40080d-5c14-4698-9bd6-2d6b052a6927,1789774408.000,11,0
1789774412.045,8,0b98198d-468d-4ca3-8a76-8b1bab0def7b,1789774409.000,19,0
1789774412.045,8,e94ff5b5-2bd4-41a2-b945-52596f4361ea,1789774409.000,9,0
1789774412.045,8,a2c0174c-da26-4c9b-8e9f-a0f816f28df3,1789774409.000,4,0
1789774412.045,8,5bc893ad-aa75-4779-bea5-78a79ccdc77d,1789774410.000,1,0
1789774412.096,23,1f40080d-5c14-4698-9bd6-2d6b052a6927,1789774408.000,11,0
1789774412.096,23,0b98198d-468d-4ca3-8a76-8b1bab0def7b,1789774409.000,19,0
1789774412.096,23,e94ff5b5-2bd4-41a2-b945-52596f4361ea,1789774409.000,9,0
1789774412.096,23,a2c0174c-da26-4c9b-8e9f-a0f816f28df3,1789774409.000,4,0
1789774412.096,23,5bc893ad-aa75-4779-bea5-78a79ccdc77d,1789774410.000,1,0
1789774412.165,9,1f40080d-5c14-4698-9bd6-2d6b052a6927,1789774408.000,11,0
1789774412.165,9,0b98198d-468d-4ca3-8a76-8b1bab0def7b,1789774409.000,19,0
1789774412.165,9,a2c0174c-da26-4c9b-8e9f-a0f816f28df3,1789774409.000,4,0
1789774412.165,9,5bc893ad-aa75-4779-bea5-78a79ccdc77d,1789774410.000,1,0
1789774412.440,24,1f40080d-5c14-4698-9bd6-2d6b052a6927,1789774408.000,11,0
1789774412.440,10,1f40080d-5c14-4698-9bd6-2d6b052a6927,1789774408.000,11,0
1789774412.440,24,0b98198d-468d-4ca3-8a76-8b1bab0def7b,1789774409.000,19,0
1789774412.440,10,0b98198d-468d-4ca3-8a76-8b1bab0def7b,1789774409.000,19,0
1789774412.440,24,e94ff5b5-2bd4-41a2-b945-52596f4361ea,1789774409.000,9,0
1789774412.440,10,e94ff5b5-2bd4-41a2-b945-52596f4361ea,1789774409.000,9,0
1789774412.440,24,a2c0174c-da26-4c9b-8e9f-a0f816f28df3,1789774409.000,4,0
1789774412.440,10,a2c0174c-da26-4c9b-8e9f-a0f816f28df3,1789774409.000,4,0
1789774412.440,24,5bc893ad-aa75-4779-bea5-78a79ccdc77d,1789774410.000,1,0
1789774412.440,10,5bc893ad-aa75-4779-bea5-78a79ccdc77d,1789774410.000,1,0
1789774412.586,11,0b98198d-468d-4ca3-8a76-8b1bab0def7b,1789774409.000,19,0
1789774412.586,11,e94ff5b5-2bd4-41a2-b945-52596f4361ea,1789774409.000,9,0
1789774412.586,11,a2c0174c-da26-4c9b-8e9f-a0f816f28df3,1789774409.000,4,0
1789774412.586,11,5bc893ad-aa75-4779-bea5-78a79ccdc77d,1789774410.000,1,0
1789774412.971,12,1f40080d-5c14-4698-9bd6-2d6b052a6927,1789774408.000,11,0
1789774412.971,12,0b98198d-468d-4ca3-8a76-8b1bab0def7b,1789774409.000,19,0
1789774412.971,12,e94ff5b5-2bd4-41a2-b945-52596f4361ea,1789774409.000,9,0
1789774412.971,12,a2c0174c-da26-4c9b-8e9f-a0f816f28df3,1789774409.000,4,0
1789774412.971,12,5bc893ad-aa75-4779-bea5-78a79ccdc77d,1789774410.000,1,0
1789774413.053,13,1f40080d-5c14-4698-9bd6-2d6b052a6927,1789774408.000,11,0
1789774413.053,13,0b98198d-468d-4ca3-8a76-8b1bab0def7b,1789774409.000,19,0
1789774413.053,13,e94ff5b5-2bd4-41a2-b945-52596f4361ea,1789774409.000,9,0
1789774413.053,13,a2c0174c-da26-4c9b-8e9f-a0f816f28df3,1789774409.000,4,0
1789774413.053,13,5bc893ad-aa75-4779-bea5-78a79ccdc77d,1789774410.000,1,0
1789774413.357,14,1f40080d-5c14-4698-9bd6-2d6b052a6927,1789774408.000,11,0
1789774413.357,14,0b98198d-468d-4ca3-8a76-8b1bab0def7b,1789774409.000,19,0
1789774413.357,14,e94ff5b5-2bd4-41a2-b945-52596f4361ea,1789774409.000,9,0
1789774413.357,14,a2c0174c-da26-4c9b-8e9f-a0f816f28df3,1789774409.000,4,0
1789774413.357,14,5bc893ad-aa75-4779-bea5-78a79ccdc77d,1789774410.000,1,0
1789774413.450,0,1f40080d-5c14-4698-9bd6-2d6b052a6927,-61837172792.000,11,0
1789774413.450,15,1f40080d-5c14-4698-9bd6-2d6b052a6927,,11,0
1789774413.450,0,0b98198d-468d-4ca3-8a76-8b1bab0def7b,1789774409.000,19,0
1789774413.450,15,0b98198d-468d-4ca3-8a76-8b1bab0def7b,1789774409.000,19,0
1789774413.450,0,e94ff5b5-2bd4-41a2-b945-52596f4361ea,1789774409.000,9,0
1789774413.450,15,e94ff5b5-2bd4-41a2-b945-52596f4361ea,1789774409.000,9,0
1789774413.450,0,a2c0174c-da26-4c9b-8e9f-a0f816f28df3,1789774409.000,4,0
1789774413.450,15,a2c0174c-da26-4c9b-8e9f-a0f816f28df3,1789774409.000,4,0
1789774413.450,0,5bc893ad-aa75-4779-bea5-78a79ccdc77d,1789774410.000,1,0
1789774413.450,15,5bc893ad-aa75-4779-bea5-78a79ccdc77d,1789774410.000,1,0
1789774413.592,1,1f40080d-5c14-4698-9bd6-2d6b052a6927,1789774408.000,11,0
1789774413.592,1,0b98198d-468d-4ca3-8a76-8b1bab0def7b,1789774409.000,19,0
1789774413.592,1,e94ff5b5-2bd4-41a2-b945-52596f4361ea,1789774409.000,9,0
1789774413.592,1,a2c0174c-da26-4c9b-8e9f-a0f816f28df3,1789774409.000,4,0
1789774413.739,16,1f40080d-5c14-4698-9bd6-2d6b052a6927,1789774408.000,11,0
1789774413.739,16,0b98198d-468d-4ca3-8a76-8b1bab0def7b,1789774409.000,19,0
1789774413.739,16,e94ff5b5-2bd4-41a2-b945-52596f4361ea,1789774409.000,9,0
1789774413.739,16,a2c0174c-da26-4c9b-8e9f-a0f816f28df3,1789774409.000,4,0
1789774413.739,16,5bc893ad-aa75-4779-bea5-78a79ccdc77d,1789774410.000,1,0
1789774413.914,2,1f40080d-5c14-4698-9bd6-2d6b052a6927,1789774408.000,11,0
1789774413.914,2,0b98198d-468d-4ca3-8a76-8b1bab0def7b,1789774409.000,19,0
1789774413.914,2,e94ff5b5-2bd4-41a2-b945-52596f4361ea,1789774409.000,9,0
1789774413.914,2,a2c0174c-da26-4c9b-8e9f-a0f816f28df3,1789774409.000,4,0
1789774413.914,2,5bc893ad-aa75-4779-bea5-78a79ccdc77d,1789774410.000,1,0
1789774413.981,17,1f40080d-5c14-4698-9bd6-2d6b052a6927,1789774408.000,11,0
1789774413.981,17,0b98198d-468d-4ca3-8a76-8b1bab0def7b,1789774409.000,19,0
1789774413.981,17,e94ff5b5-2bd4-41a2-b945-52596f4361ea,1789774409.000,9,0
1789774413.981,17,a2c0174c-da26-4c9b-8e9f-a0f816f28df3,1789774409.000,4,0
1789774413.981,17,5bc893ad-aa75-4779-bea5-78a79ccdc77d,1789774410.000,1,0
1789774414.054,3,1f40080d-5c14-4698-9bd6-2d6b052a6927,2026541308.000,11,0
1789774414.054,18,1f40080d-5c14-4698-9bd6-2d6b052a6927,2026541308.000,11,0
1789774414.054,3,0b98198d-468d-4ca3-8a76-8b1bab0def7b,1789774409.000,19,0
1789774414.054,18,0b98198d-468d-4ca3-8a76-8b1bab0def7b,1789774409.000,19,0
1789774414.054,3,e94ff5b5-2bd4-41a2-b945-52596f4361ea,1789774409.000,9,0
1789774414.054,18,e94ff5b5-2bd4-41a2-b945-52596f4361ea,1789774409.000,9,0
1789774414.054,3,a2c0174c-da26-4c9b-8e9f-a0f816f28df3,1789774409.000,4,0
1789774414.054,18,a2c0174c-da26-4c9b-8e9f-a0f816f28df3,1789774409.000,4,0
1789774414.054,3,5bc893ad-aa75-4779-bea5-78a79ccdc77d,1789774410.000,1,0
1789774414.054,18,5bc893ad-aa75-4779-bea5-78a79ccdc77d,1789774410.000,1,0
1789774414.177,4,1f40080d-5c14-4698-9bd6-2d6b052a6927,1789774408.000,11,0
1789774414.177,4,0b98198d-468d-4ca3-8a76-8b1bab0def7b,1789774409.000,19,0
1789774414.177,4,e94ff5b5-2bd4-41a2-b945-52596f4361ea,1789774409.000,9,0
1789774414.177,4,5bc893ad-aa75-4779-bea5-78a79ccdc77d,1789774410.000,1,0
1789774414.365,19,b994b1a6-a6ad-4acc-8fd9-b41609278040,1789774412.000,23,0
1789774414.365,19,064ecf35-657c-40f6-b95a-6bb5a3702a63,1789774412.000,17,0
1789774414.365,19,1275a67d-3fe7-4512-a9cb-63f23c4c1411,1789774412.000,22,0
1789774414.453,20,b994b1a6-a6ad-4acc-8fd9-b41609278040,-61836740788.000,23,0
1789774414.453,5,b994b1a6-a6ad-4acc-8fd9-b41609278040,,23,0
1789774414.453,20,064ecf35-657c-40f6-b95a-6bb5a3702a63,1789774412.000,17,0
1789774414.453,5,064ecf35-657c-40f6-b95a-6bb5a3702a63,1789774412.000,17,0
1789774414.453,20,1275a67d-3fe7-4512-a9cb-63f23c4c1411,1789774412.000,22,0
1789774414.453,5,1275a67d-3fe7-4512-a9cb-63f23c4c1411,1789774412.000,22,0
1789774414.600,6,b994b1a6-a6ad-4acc-8fd9-b41609278040,1789774412.000,23,0
1789774414.600,6,064ecf35-657c-40f6-b95a-6bb5a3702a63,1789774412.000,17,0
1789774414.600,6,1275a67d-3fe7-4512-a9cb-63f23c4c1411,1789774412.000,22,0
1789774414.741,21,b994b1a6-a6ad-4acc-8fd9-b41609278040,1789774412.000,23,0
1789774414.741,21,064ecf35-657c-40f6-b95a-6bb5a3702a63,1789774412.000,17,0
1789774414.741,21,1275a67d-3fe7-4512-a9cb-63f23c4c1411,1789774412.000,22,0
1789774414.923,7,b994b1a6-a6ad-4acc-8fd9-b41609278040,1789774412.000,23,0
1789774414.923,7,064ecf35-657c-40f6-b95a-6bb5a3702a63,1789774412.000,17,0
1789774414.923,7,1275a67d-3fe7-4512-a9cb-63f23c4c1411,1789774412.000,22,0
1789774414.989,22,b994b1a6-a6ad-4acc-8fd9-b41609278040,1789774412.000,23,0
1789774414.989,22,064ecf35-657c-40f6-b95a-6bb5a3702a63,1789774412.000,17,0
1789774415.055,8,b994b1a6-a6ad-4acc-8fd9-b41609278040,1789774412.000,23,0
1789774415.055,8,064ecf35-657c-40f6-b95a-6bb5a3702a63,1789774412.000,17,0
1789774415.055,8,1275a67d-3fe7-4512-a9cb-63f23c4c1411,1789774412.000,22,0
1789774415.116,23,064ecf35-657c-40f6-b95a-6bb5a3702a63,1789774412.000,17,0
1789774415.116,23,1275a67d-3fe7-4512-a9cb-63f23c4c1411,1789774412.000,22,0
1789774415.178,9,b994b1a6-a6ad-4acc-8fd9-b41609278040,1789774412.000,23,0
1789774415.178,9,064ecf35-657c-40f6-b95a-6bb5a3702a63,1789774412.000,17,0
1789774415.178,9,1275a67d-3fe7-4512-a9cb-63f23c4c1411,1789774412.000,22,0
1789774415.453,24,b994b1a6-a6ad-4acc-8fd9-b41609278040,1789774412.000,23,0
1789774415.453,10,b994b1a6-a6ad-4acc-8fd9-b41609278040,,23,0
1789774415.453,24,064ecf35-657c-40f6-b95a-6bb5a3702a63,1789774412.000,17,0
1789774415.453,10,064ecf35-657c-40f6-b95a-6bb5a3702a63,1789774412.000,17,0
1789774415.453,24,1275a67d-3fe7-4512-a9cb-63f23c4c1411,1789774412.000,22,0
1789774415.453,10,1275a67d-3fe7-4512-a9cb-63f23c4c1411,1789774412.000,22,0
1789774415.609,11,b994b1a6-a6ad-4acc-8fd9-b41609278040,1789774412.000,23,0
1789774415.609,11,064ecf35-657c-40f6-b95a-6bb5a3702a63,1789774412.000,17,0
1789774415.609,11,1275a67d-3fe7-4512-a9cb-63f23c4c1411,1789774412.000,22,0
1789774415.998,12,b994b1a6-a6ad-4acc-8fd9-b41609278040,1789774412.000,23,0
1789774415.998,12,064ecf35-657c-40f6-b95a-6bb5a3702a63,1789774412.000,17,0
1789774415.998,12,1275a67d-3fe7-4512-a9cb-63f23c4c1411,1789774412.000,22,0
1789774416.064,13,b994b1a6-a6ad-4acc-8fd9-b41609278040,1789774412.000,23,0
1789774416.064,13,064ecf35-657c-40f6-b95a-6bb5a3702a63,1789774412.000,17,0
1789774416.064,13,1275a67d-3fe7-4512-a9cb-63f23c4c1411,1789774412.000,22,0
1789774416.376,14,b994b1a6-a6ad-4acc-8fd9-b41609278040,1789774412.000,23,0
1789774416.376,14,064ecf35-657c-40f6-b95a-6bb5a3702a63,1789774412.000,17,0
1789774416.376,14,1275a67d-3fe7-4512-a9cb-63f23c4c1411,1789774412.000,22,0
1789774416.461,0,b994b1a6-a6ad-4acc-8fd9-b41609278040,1789774412.000,23,0
1789774416.461,15,b994b1a6-a6ad-4acc-8fd9-b41609278040,1789774412.000,23,0
1789774416.461,0,064ecf35-657c-40f6-b95a-6bb5a3702a63,1789774412.000,17,0
1789774416.461,15,064ecf35-657c-40f6-b95a-6bb5a3702a63,1789756412.000,17,0
1789774416.461,15,1275a67d-3fe7-4512-a9cb-63f23c4c1411,1789774412.000,22,0
1789774416.461,0,1275a67d-3fe7-4512-a9cb-63f23c4c1411,,22,0
1789774416.619,1,b994b1a6-a6ad-4acc-8fd9-b41609278040,1789774412.000,23,0
1789774416.619,1,064ecf35-657c-40f6-b95a-6bb5a3702a63,1789774412.000,17,0
1789774416.619,1,1275a67d-3fe7-4512-a9cb-63f23c4c1411,1789774412.000,22,0
1789774416.759,16,b994b1a6-a6ad-4acc-8fd9-b41609278040,1789774412.000,23,0
1789774416.759,16,064ecf35-657c-40f6-b95a-6bb5a3702a63,1789774412.000,17,0
1789774416.759,16,1275a67d-3fe7-4512-a9cb-63f23c4c1411,1789774412.000,22,0
1789774416.935,2,b994b1a6-a6ad-4acc-8fd9-b41609278040,1789774412.000,23,0
1789774416.935,2,064ecf35-657c-40f6-b95a-6bb5a3702a63,1789774412.000,17,0
1789774416.935,2,1275a67d-3fe7-4512-a9cb-63f23c4c1411,1789774412.000,22,0
1789774417.003,17,b994b1a6-a6ad-4acc-8fd9-b41609278040,1789774412.000,23,0
1789774417.003,17,1275a67d-3fe7-4512-a9cb-63f23c4c1411,1789774412.000,22,0
1789774417.067,18,b994b1a6-a6ad-4acc-8fd9-b41609278040,1789774412.000,23,0
1789774417.067,3,b994b1a6-a6ad-4acc-8fd9-b41609278040,1789774412.000,23,0
1789774417.067,18,064ecf35-657c-40f6-b95a-6bb5a3702a63,1789774412.000,17,0
1789774417.067,3,064ecf35-657c-40f6-b95a-6bb5a3702a63,1789774412.000,17,0
1789774417.067,18,1275a67d-3fe7-4512-a9cb-63f23c4c1411,1789774412.000,22,0
1789774417.067,3,1275a67d-3fe7-4512-a9cb-63f23c4c1411,1789774412.000,22,0
1789774417.196,4,b994b1a6-a6ad-4acc-8fd9-b41609278040,1789774412.000,23,0
1789774417.196,4,064ecf35-657c-40f6-b95a-6bb5a3702a63,1789774412.000,17,0
1789774417.196,4,1275a67d-3fe7-4512-a9cb-63f23c4c1411,1789774412.000,22,0
1789774417.377,19,a6434bbd-28f3-474d-addc-e532e7d704e0,1789774414.000,18,0
1789774417.377,19,448cd051-c18e-4edb-92f6-65277e4a95b7,1789774414.000,12,0
1789774417.377,19,8b19a6ee-026a-45fa-adf5-f4065cd782d2,1789774415.000,2,0
1789774417.466,5,a6434bbd-28f3-474d-addc-e532e7d704e0,1789774414.000,18,0
1789774417.466,5,448cd051-c18e-4edb-92f6-65277e4a95b7,1789774414.000,12,0
1789774417.466,5,8b19a6ee-026a-45fa-adf5-f4065cd782d2,-4616353585.000,2,0
1789774417.466,20,a6434bbd-28f3-474d-addc-e532e7d704e0,,18,0
1789774417.466,20,448cd051-c18e-4edb-92f6-65277e4a95b7,1789774414.000,12,0
1789774417.466,20,8b19a6ee-026a-45fa-adf5-f4065cd782d2,1789774415.000,2,0
1789774417.623,6,a6434bbd-28f3-474d-addc-e532e7d704e0,1789774414.000,18,0
1789774417.623,6,448cd051-c18e-4edb-92f6-65277e4a95b7,1789774414.000,12,0
1789774417.623,6,8b19a6ee-026a-45fa-adf5-f4065cd782d2,1789774415.000,2,0
1789774417.766,21,a6434bbd-28f3-474d-addc-e532e7d704e0,1789774414.000,18,0
1789774417.766,21,448cd051-c18e-4edb-92f6-65277e4a95b7,1789774414.000,12,0
1789774417.766,21,8b19a6ee-026a-45fa-adf5-f4065cd782d2,1789774415.000,2,0
1789774417.945,7,a6434bbd-28f3-474d-addc-e532e7d704e0,1789774414.000,18,0
1789774417.945,7,448cd051-c18e-4edb-92f6-65277e4a95b7,1789774414.000,12,0
1789774417.945,7,8b19a6ee-026a-45fa-adf5-f4065cd782d2,1789774415.000,2,0
1789774418.011,22,a6434bbd-28f3-474d-addc-e532e7d704e0,1789774414.000,18,0
1789774418.011,22,448cd051-c18e-4edb-92f6-65277e4a95b7,1789774414.000,12,0
1789774418.011,22,8b19a6ee-026a-45fa-adf5-f4065cd782d2,1789774415.000,2,0
1789774418.077,8,a6434bbd-28f3-474d-addc-e532e7d704e0,1789774414.000,18,0
1789774418.077,8,448cd051-c18e-4edb-92f6-65277e4a95b7,1789774414.000,12,0
1789774418.077,8,8b19a6ee-026a-45fa-adf5-f4065cd782d2,1789774415.000,2,0
1789774418.126,23,a6434bbd-28f3-474d-addc-e532e7d704e0,1789774414.000,18,0
1789774418.126,23,448cd051-c18e-4edb-92f6-65277e4a95b7,1789774414.000,12,0
1789774418.126,23,8b19a6ee-026a-45fa-adf5-f4065cd782d2,1789774415.000,2,0
1789774418.205,9,a6434bbd-28f3-474d-addc-e532e7d704e0,1789774414.000,18,0
1789774418.205,9,448cd051-c18e-4edb-92f6-65277e4a95b7,1789774414.000,12,0
1789774418.205,9,8b19a6ee-026a-45fa-adf5-f4065cd782d2,1789774415.000,2,0
1789774418.468,10,a6434bbd-28f3-474d-addc-e532e7d704e0,1789756414.000,18,0
1789774418.468,24,a6434bbd-28f3-474d-addc-e532e7d704e0,-61860759986.000,18,0
1789774418.468,10,448cd051-c18e-4edb-92f6-65277e4a95b7,1789774414.000,12,0
1789774418.468,24,448cd051-c18e-4edb-92f6-65277e4a95b7,1789774414.000,12,0
1789774418.468,10,8b19a6ee-026a-45fa-adf5-f4065cd782d2,1789774415.000,2,0
1789774418.468,24,8b19a6ee-026a-45fa-adf5-f4065cd782d2,1789774415.000,2,0
1789774418.633,11,a6434bbd-28f3-474d-addc-e532e7d704e0,1789774414.000,18,0
1789774418.633,11,448cd051-c18e-4edb-92f6-65277e4a95b7,1789774414.000,12,0
1789774418.633,11,8b19a6ee-026a-45fa-adf5-f4065cd782d2,1789774415.000,2,0
1789774419.020,12,a6434bbd-28f3-474d-addc-e532e7d704e0,1789774414.000,18,0
1789774419.020,12,8b19a6ee-026a-45fa-adf5-f4065cd782d2,1789774415.000,2,0
1789774419.085,13,a6434bbd-28f3-474d-addc-e532e7d704e0,1789774414.000,18,0
1789774419.085,13,448cd051-c18e-4edb-92f6-65277e4a95b7,1789774414.000,12,0
1789774419.085,13,8b19a6ee-026a-45fa-adf5-f4065cd782d2,1789774415.000,2,0
1789774419.393,14,a6434bbd-28f3-474d-addc-e532e7d704e0,1789774414.000,18,0
1789774419.393,14,448cd051-c18e-4edb-92f6-65277e4a95b7,1789774414.000,12,0
1789774419.393,14,8b19a6ee-026a-45fa-adf5-f4065cd782d2,1789774415.000,2,0
1789774419.472,15,a6434bbd-28f3-474d-addc-e532e7d704e0,1789774562.000,18,0
1789774419.472,0,a6434bbd-28f3-474d-addc-e532e7d704e0,,18,0
1789774419.472,0,448cd051-c18e-4edb-92f6-65277e4a95b7,1789774414.000,12,0
1789774419.472,15,448cd051-c18e-4edb-92f6-65277e4a95b7,1789774414.000,12,0
1789774419.472,0,8b19a6ee-026a-45fa-adf5-f4065cd782d2,1789774415.000,2,0
1789774419.472,15,8b19a6ee-026a-45fa-adf5-f4065cd782d2,1789774415.000,2,0
1789774419.637,1,a6434bbd-28f3-474d-addc-e532e7d704e0,1789774414.000,18,0
1789774419.637,1,448cd051-c18e-4edb-92f6-65277e4a95b7,1789774414.000,12,0
1789774419.637,1,8b19a6ee-026a-45fa-adf5-f4065cd782d2,1789774415.000,2,0
1789774419.769,16,a6434bbd-28f3-474d-addc-e532e7d704e0,1789774414.000,18,0
1789774419.769,16,448cd051-c18e-4edb-92f6-65277e4a95b7,1789774414.000,12,0
1789774419.769,16,8b19a6ee-026a-45fa-adf5-f4065cd782d2,1789774415.000,2,0
1789774419.949,2,a6434bbd-28f3-474d-addc-e532e7d704e0,1789774414.000,18,0
1789774419.949,2,448cd051-c18e-4edb-92f6-65277e4a95b7,1789774414.000,12,0
1789774420.027,17,a6434bbd-28f3-474d-addc-e532e7d704e0,1789774414.000,18,0
1789774420.027,17,448cd051-c18e-4edb-92f6-65277e4a95b7,1789774414.000,12,0
1789774420.027,17,8b19a6ee-026a-45fa-adf5-f4065cd782d2,1789774415.000,2,0
1789774420.086,3,a6434bbd-28f3-474d-addc-e532e7d704e0,-61860640586.000,18,0
1789774420.086,18,448cd051-c18e-4edb-92f6-65277e4a95b7,-61860640586.000,12,0
1789774420.086,3,448cd051-c18e-4edb-92f6-65277e4a95b7,1789774414.000,12,0
1789774420.086,18,8b19a6ee-026a-45fa-adf5-f4065cd782d2,1789774415.000,2,0
1789774420.086,3,8b19a6ee-026a-45fa-adf5-f4065cd782d2,1789774415.000,2,0
1789774420.207,4,a6434bbd-28f3-474d-addc-e532e7d704e0,1789774414.000,18,0
1789774420.207,4,448cd051-c18e-4edb-92f6-65277e4a95b7,1789774414.000,12,0
1789774420.207,4,8b19a6ee-026a-45fa-adf5-f4065cd782d2,1789774415.000,2,0
1789774420.401,19,fe9746fa-8c45-46f6-967e-11c02a27fc1a,1789774418.000,3,0
1789774420.401,19,7945d71d-89e0-45a0-a698-6d116237a4ed,1789774419.000,13,0
1789774420.476,5,fe9746fa-8c45-46f6-967e-11c02a27fc1a,1789773813.000,3,0
1789774420.476,20,fe9746fa-8c45-46f6-967e-11c02a27fc1a,,3,0
1789774420.476,5,7945d71d-89e0-45a0-a698-6d116237a4ed,1789774419.000,13,0
1789774420.476,20,7945d71d-89e0-45a0-a698-6d116237a4ed,1789774419.000,13,0
1789774420.640,6,fe9746fa-8c45-46f6-967e-11c02a27fc1a,1789774418.000,3,0
1789774420.640,6,7945d71d-89e0-45a0-a698-6d116237a4ed,1789774419.000,13,0
1789774420.778,21,fe9746fa-8c45-46f6-967e-11c02a27fc1a,1789774418.000,3,0
1789774420.778,21,7945d71d-89e0-45a0-a698-6d116237a4ed,1789774419.000,13,0
1789774420.956,7,fe9746fa-8c45-46f6-967e-11c02a27fc1a,1789774418.000,3,0
1789774420.956,7,7945d71d-89e0-45a0-a698-6d116237a4ed,1789774419.000,13,0
1789774421.036,22,fe9746fa-8c45-46f6-967e-11c02a27fc1a,1789774418.000,3,0
1789774421.036,22,7945d71d-89e0-45a0-a698-6d116237a4ed,1789774419.000,13,0
1789774421.094,8,fe9746fa-8c45-46f6-967e-11c02a27fc1a,1789774418.000,3,0
1789774421.094,8,7945d71d-89e0-45a0-a698-6d116237a4ed,1789774419.000,13,0
1789774421.146,23,fe9746fa-8c45-46f6-967e-11c02a27fc1a,1789774418.000,3,0
1789774421.146,23,7945d71d-89e0-45a0-a698-6d116237a4ed,1789774419.000,13,0
1789774421.216,9,fe9746fa-8c45-46f6-967e-11c02a27fc1a,1789774418.000,3,0
1789774421.216,9,7945d71d-89e0-45a0-a698-6d116237a4ed,1789774419.000,13,0
1789774421.485,10,fe9746fa-8c45-46f6-967e-11c02a27fc1a,1789774418.000,3,0
1789774421.485,10,7945d71d-89e0-45a0-a698-6d116237a4ed,1789774419.000,13,0
1789774421.485,24,fe9746fa-8c45-46f6-967e-11c02a27fc1a,,3,0
1789774421.485,24,7945d71d-89e0-45a0-a698-6d116237a4ed,1789774419.000,13,0
1789774421.641,11,fe9746fa-8c45-46f6-967e-11c02a27fc1a,1789774418.000,3,0
1789774421.641,11,7945d71d-89e0-45a0-a698-6d116237a4ed,1789774419.000,13,0
1789774422.045,12,fe9746fa-8c45-46f6-967e-11c02a27fc1a,1789774418.000,3,0
1789774422.045,12,7945d71d-89e0-45a0-a698-6d116237a4ed,1789774419.000,13,0
1789774422.095,13,fe9746fa-8c45-46f6-967e-11c02a27fc1a,1789774418.000,3,0
1789774422.412,14,fe9746fa-8c45-46f6-967e-11c02a27fc1a,1789774418.000,3,0
1789774422.412,14,7945d71d-89e0-45a0-a698-6d116237a4ed,1789774419.000,13,0
1789774422.487,15,fe9746fa-8c45-46f6-967e-11c02a27fc1a,1789774418.000,3,0
1789774422.487,0,fe9746fa-8c45-46f6-967e-11c02a27fc1a,,3,0
1789774422.487,15,7945d71d-89e0-45a0-a698-6d116237a4ed,1789774419.000,13,0
1789774422.487,0,7945d71d-89e0-45a0-a698-6d116237a4ed,1789774419.000,13,0
1789774422.644,1,fe9746fa-8c45-46f6-967e-11c02a27fc1a,1789774418.000,3,0
1789774422.644,1,7945d71d-89e0-45a0-a698-6d116237a4ed,1789774419.000,13,0
1789774422.794,16,fe9746fa-8c45-46f6-967e-11c02a27fc1a,1789774418.000,3,0
1789774422.794,16,7945d71d-89e0-45a0-a698-6d116237a4ed,1789774419.000,13,0
1789774422.966,2,fe9746fa-8c45-46f6-967e-11c02a27fc1a,1789774418.000,3,0
1789774422.966,2,7945d71d-89e0-45a0-a698-6d116237a4ed,1789774419.000,13,0
1789774423.052,17,fe9746fa-8c45-46f6-967e-11c02a27fc1a,1789774418.000,3,0
1789774423.052,17,7945d71d-89e0-45a0-a698-6d116237a4ed,1789774419.000,13,0
1789774423.101,3,7945d71d-89e0-45a0-a698-6d116237a4ed,1789774419.000,13,0
1789774423.101,18,fe9746fa-8c45-46f6-967e-11c02a27fc1a,1789774418.000,3,0
1789774423.101,18,7945d71d-89e0-45a0-a698-6d116237a4ed,1789774419.000,13,0
1789774423.219,4,fe9746fa-8c45-46f6-967e-11c02a27fc1a,1789774418.000,3,0
1789774423.219,4,7945d71d-89e0-45a0-a698-6d116237a4ed,1789774419.000,13,0
1789774423.422,19,5456be22-b1af-4f7c-b252-3f73f2199f21,1789774420.000,21,0
1789774423.422,19,479ff536-c7e4-4f34-80d8-c9e02d2302f2,1789774422.000,15,0
1789774423.494,5,5456be22-b1af-4f7c-b252-3f73f2199f21,1789774420.000,21,0
1789774423.494,20,5456be22-b1af-4f7c-b252-3f73f2199f21,1789774420.000,21,0
1789774423.494,5,479ff536-c7e4-4f34-80d8-c9e02d2302f2,1789774422.000,15,0
1789774423.494,20,479ff536-c7e4-4f34-80d8-c9e02d2302f2,1789774422.000,15,0
1789774423.644,6,5456be22-b1af-4f7c-b252-3f73f2199f21,1789774420.000,21,0
1789774423.644,6,479ff536-c7e4-4f34-80d8-c9e02d2302f2,1789774422.000,15,0
1789774423.802,21,479ff536-c7e4-4f34-80d8-c9e02d2302f2,1789774422.000,15,0
1789774423.968,7,5456be22-b1af-4f7c-b252-3f73f2199f21,1789774420.000,21,0
1789774423.968,7,479ff536-c7e4-4f34-80d8-c9e02d2302f2,1789774422.000,15,0
1789774424.053,22,5456be22-b1af-4f7c-b252-3f73f2199f21,1789774420.000,21,0
1789774424.053,22,479ff536-c7e4-4f34-80d8-c9e02d2302f2,1789774422.000,15,0
1789774424.111,8,5456be22-b1af-4f7c-b252-3f73f2199f21,1789774420.000,21,0
1789774424.111,8,479ff536-c7e4-4f34-80d8-c9e02d2302f2,1789774422.000,15,0
1789774424.150,23,5456be22-b1af-4f7c-b252-3f73f2199f21,1789774420.000,21,0
1789774424.150,23,479ff536-c7e4-4f34-80d8-c9e02d2302f2,1789774422.000,15,0
1789774424.227,9,5456be22-b1af-4f7c-b252-3f73f2199f21,1789774420.000,21,0
1789774424.227,9,479ff536-c7e4-4f34-80d8-c9e02d2302f2,1789774422.000,15,0
1789774424.503,10,5456be22-b1af-4f7c-b252-3f73f2199f21,1789774420.000,21,0
1789774424.503,10,479ff536-c7e4-4f34-80d8-c9e02d2302f2,1789774422.000,15,0
1789774424.503,24,5456be22-b1af-4f7c-b252-3f73f2199f21,1789774422.000,21,0
1789774424.503,24,479ff536-c7e4-4f34-80d8-c9e02d2302f2,1789774422.000,15,0
1789774424.653,11,5456be22-b1af-4f7c-b252-3f73f2199f21,1789774420.000,21,0
1789774424.653,11,479ff536-c7e4-4f34-80d8-c9e02d2302f2,1789774422.000,15,0
1789774425.059,12,5456be22-b1af-4f7c-b252-3f73f2199f21,1789774420.000,21,0
1789774425.059,12,479ff536-c7e4-4f34-80d8-c9e02d2302f2,1789774422.000,15,0
1789774425.115,13,5456be22-b1af-4f7c-b252-3f73f2199f21,1789774420.000,21,0
1789774425.115,13,479ff536-c7e4-4f34-80d8-c9e02d2302f2,1789774422.000,15,0
1789774425.439,14,5456be22-b1af-4f7c-b252-3f73f2199f21,-126048961580.000,21,0
1789774425.439,14,479ff536-c7e4-4f34-80d8-c9e02d2302f2,1789774422.000,15,0
1789774425.509,0,5456be22-b1af-4f7c-b252-3f73f2199f21,1789774420.000,21,0
1789774425.509,0,479ff536-c7e4-4f34-80d8-c9e02d2302f2,1789774422.000,15,0
1789774425.509,15,5456be22-b1af-4f7c-b252-3f73f2199f21,1789774420.000,21,0
1789774425.655,1,5456be22-b1af-4f7c-b252-3f73f2199f21,1789774420.000,21,0
1789774425.655,1,479ff536-c7e4-4f34-80d8-c9e02d2302f2,1789774422.000,15,0
1789774425.811,16,5456be22-b1af-4f7c-b252-3f73f2199f21,1789774420.000,21,0
1789774425.811,16,479ff536-c7e4-4f34-80d8-c9e02d2302f2,1789774422.000,15,0
1789774425.976,2,5456be22-b1af-4f7c-b252-3f73f2199f21,1789774420.000,21,0
1789774425.976,2,479ff536-c7e4-4f34-80d8-c9e02d2302f2,1789774422.000,15,0
1789774426.068,17,5456be22-b1af-4f7c-b252-3f73f2199f21,1789774420.000,21,0
1789774426.068,17,479ff536-c7e4-4f34-80d8-c9e02d2302f2,1789774422.000,15,0
1789774426.118,3,5456be22-b1af-4f7c-b252-3f73f2199f21,1789774420.000,21,0
1789774426.118,3,479ff536-c7e4-4f34-80d8-c9e02d2302f2,1789774422.000,15,0
1789774426.119,18,5456be22-b1af-4f7c-b252-3f73f2199f21,1789774420.000,21,0
1789774426.119,18,479ff536-c7e4-4f34-80d8-c9e02d2302f2,1789774422.000,15,0
1789774426.232,4,5456be22-b1af-4f7c-b252-3f73f2199f21,1789774420.000,21,0
1789774426.232,4,479ff536-c7e4-4f34-80d8-c9e02d2302f2,1789774422.000,15,0
1789774426.446,19,2246cc76-28a6-4d36-b79d-51478384e0af,1789774424.000,0,0
1789774426.446,19,6175027b-d004-46e1-8649-936306ae18d0,1789774425.000,16,0
1789774426.512,20,2246cc76-28a6-4d36-b79d-51478384e0af,1789774424.000,0,0
1789774426.512,5,2246cc76-28a6-4d36-b79d-51478384e0af,1789774424.000,0,0
1789774426.512,20,6175027b-d004-46e1-8649-936306ae18d0,1789774425.000,16,0
1789774426.512,5,6175027b-d004-46e1-8649-936306ae18d0,1789774425.000,16,0
1789774426.664,6,2246cc76-28a6-4d36-b79d-51478384e0af,1789774424.000,0,0
1789774426.664,6,6175027b-d004-46e1-8649-936306ae18d0,1789774425.000,16,0
1789774426.820,21,2246cc76-28a6-4d36-b79d-51478384e0af,1789774424.000,0,0
1789774426.820,21,6175027b-d004-46e1-8649-936306ae18d0,1789774425.000,16,0
1789774426.986,7,2246cc76-28a6-4d36-b79d-51478384e0af,1789774424.000,0,0
1789774426.986,7,6175027b-d004-46e1-8649-936306ae18d0,1789774425.000,16,0
1789774427.078,22,2246cc76-28a6-4d36-b79d-51478384e0af,1789774424.000,0,0
1789774427.078,22,6175027b-d004-46e1-8649-936306ae18d0,1789774425.000,16,0
1789774427.119,8,2246cc76-28a6-4d36-b79d-51478384e0af,1789774424.000,0,0
1789774427.119,8,6175027b-d004-46e1-8649-936306ae18d0,1789774425.000,16,0
1789774427.171,23,2246cc76-28a6-4d36-b79d-51478384e0af,1789774424.000,0,0
1789774427.171,23,6175027b-d004-46e1-8649-936306ae18d0,1789774425.000,16,0
1789774427.236,9,2246cc76-28a6-4d36-b79d-51478384e0af,1789774424.000,0,0
1789774427.236,9,6175027b-d004-46e1-8649-936306ae18d0,1789774425.000,16,0
1789774427.519,24,2246cc76-28a6-4d36-b79d-51478384e0af,1788978824.000,0,0
1789774427.519,10,2246cc76-28a6-4d36-b79d-51478384e0af,,0,0
1789774427.519,24,6175027b-d004-46e1-8649-936306ae18d0,1789774425.000,16,0
1789774427.519,10,6175027b-d004-46e1-8649-936306ae18d0,1789774425.000,16,0
1789774427.674,11,2246cc76-28a6-4d36-b79d-51478384e0af,1789774424.000,0,0
1789774427.674,11,6175027b-d004-46e1-8649-936306ae18d0,1789774425.000,16,0
1789774428.087,12,2246cc76-28a6-4d36-b79d-51478384e0af,1789774424.000,0,0
1789774428.087,12,6175027b-d004-46e1-8649-936306ae18d0,1789774425.000,16,0
1789774428.122,13,2246cc76-28a6-4d36-b79d-51478384e0af,1789774424.000,0,0
1789774428.122,13,6175027b-d004-46e1-8649-936306ae18d0,1789774425.000,16,0
1789774428.453,14,2246cc76-28a6-4d36-b79d-51478384e0af,1789774424.000,0,0
1789774428.453,14,6175027b-d004-46e1-8649-936306ae18d0,1789774425.000,16,0
1789774428.527,15,2246cc76-28a6-4d36-b79d-51478384e0af,1789756403.000,0,0
1789774428.527,0,6175027b-d004-46e1-8649-936306ae18d0,,16,0
1789774428.527,15,6175027b-d004-46e1-8649-936306ae18d0,1789774425.000,16,0
1789774428.680,1,2246cc76-28a6-4d36-b79d-51478384e0af,1789774424.000,0,0
1789774428.680,1,6175027b-d004-46e1-8649-936306ae18d0,1789774425.000,16,0
1789774428.834,16,2246cc76-28a6-4d36-b79d-51478384e0af,1789774424.000,0,0
1789774428.998,2,2246cc76-28a6-4d36-b79d-51478384e0af,1789774424.000,0,0
1789774428.998,2,6175027b-d004-46e1-8649-936306ae18d0,1789774425.000,16,0
1789774429.090,17,2246cc76-28a6-4d36-b79d-51478384e0af,1789774424.000,0,0
1789774429.090,17,6175027b-d004-46e1-8649-936306ae18d0,1789774425.000,16,0
1789774429.130,3,2246cc76-28a6-4d36-b79d-51478384e0af,1789773824.000,0,0
1789774429.130,18,2246cc76-28a6-4d36-b79d-51478384e0af,,0,0
1789774429.130,3,6175027b-d004-46e1-8649-936306ae18d0,1789774425.000,16,0
1789774429.130,18,6175027b-d004-46e1-8649-936306ae18d0,1789774425.000,16,0
1789774429.253,4,2246cc76-28a6-4d36-b79d-51478384e0af,1789774424.000,0,0
1789774429.253,4,6175027b-d004-46e1-8649-936306ae18d0,1789774425.000,16,0
1789774429.462,19,dab35c8d-4f27-49dd-96e3-b62323d491ff,1789774426.000,10,0
1789774429.462,19,005a9bef-bc00-4f7b-a0b4-2139741bbec2,1789774427.000,14,0
1789774429.531,20,dab35c8d-4f27-49dd-96e3-b62323d491ff,-61418996774.000,10,0
1789774429.531,5,dab35c8d-4f27-49dd-96e3-b62323d491ff,,10,0
1789774429.531,20,005a9bef-bc00-4f7b-a0b4-2139741bbec2,1789774427.000,14,0
1789774429.531,5,005a9bef-bc00-4f7b-a0b4-2139741bbec2,1789774427.000,14,0
1789774429.683,6,dab35c8d-4f27-49dd-96e3-b62323d491ff,1789774426.000,10,0
1789774429.683,6,005a9bef-bc00-4f7b-a0b4-2139741bbec2,1789774427.000,14,0
1789774429.843,21,dab35c8d-4f27-49dd-96e3-b62323d491ff,1789774426.000,10,0
1789774429.843,21,005a9bef-bc00-4f7b-a0b4-2139741bbec2,1789774427.000,14,0
1789774430.004,7,dab35c8d-4f27-49dd-96e3-b62323d491ff,1789774426.000,10,0
1789774430.004,7,005a9bef-bc00-4f7b-a0b4-2139741bbec2,1789774427.000,14,0
1789774430.098,22,dab35c8d-4f27-49dd-96e3-b62323d491ff,1789774426.000,10,0
1789774430.098,22,005a9bef-bc00-4f7b-a0b4-2139741bbec2,1789774427.000,14,0
1789774430.132,8,dab35c8d-4f27-49dd-96e3-b62323d491ff,1789774426.000,10,0
1789774430.132,8,005a9bef-bc00-4f7b-a0b4-2139741bbec2,1789774427.000,14,0
1789774430.189,23,dab35c8d-4f27-49dd-96e3-b62323d491ff,1789774426.000,10,0
1789774430.189,23,005a9bef-bc00-4f7b-a0b4-2139741bbec2,1789774427.000,14,0
1789774430.256,9,dab35c8d-4f27-49dd-96e3-b62323d491ff,1789774426.000,10,0
1789774430.256,9,005a9bef-bc00-4f7b-a0b4-2139741bbec2,1789774427.000,14,0
1789774430.536,24,dab35c8d-4f27-49dd-96e3-b62323d491ff,1789774426.000,10,0
1789774430.536,10,005a9bef-bc00-4f7b-a0b4-2139741bbec2,1789774427.000,14,0
1789774430.536,24,005a9bef-bc00-4f7b-a0b4-2139741bbec2,1789774427.000,14,0
1789774430.693,11,dab35c8d-4f27-49dd-96e3-b62323d491ff,1789774426.000,10,0
1789774430.693,11,005a9bef-bc00-4f7b-a0b4-2139741bbec2,1789774427.000,14,0
1789774431.106,12,dab35c8d-4f27-49dd-96e3-b62323d491ff,1789774426.000,10,0
1789774431.106,12,005a9bef-bc00-4f7b-a0b4-2139741bbec2,1789774427.000,14,0
1789774431.136,13,dab35c8d-4f27-49dd-96e3-b62323d491ff,1789774426.000,10,0
1789774431.136,13,005a9bef-bc00-4f7b-a0b4-2139741bbec2,1789774427.000,14,0
1789774431.469,14,dab35c8d-4f27-49dd-96e3-b62323d491ff,1789774426.000,10,0
1789774431.546,15,dab35c8d-4f27-49dd-96e3-b62323d491ff,1789775206.000,10,0
1789774431.546,0,dab35c8d-4f27-49dd-96e3-b62323d491ff,,10,0
1789774431.546,15,005a9bef-bc00-4f7b-a0b4-2139741bbec2,1789774427.000,14,0
1789774431.546,0,005a9bef-bc00-4f7b-a0b4-2139741bbec2,1789774427.000,14,0
1789774431.701,1,dab35c8d-4f27-49dd-96e3-b62323d491ff,1789774426.000,10,0
1789774431.701,1,005a9bef-bc00-4f7b-a0b4-2139741bbec2,1789774427.000,14,0
1789774431.859,16,dab35c8d-4f27-49dd-96e3-b62323d491ff,1789774426.000,10,0
1789774431.859,16,005a9bef-bc00-4f7b-a0b4-2139741bbec2,1789774427.000,14,0
1789774432.020,2,dab35c8d-4f27-49dd-96e3-b62323d491ff,1789774426.000,10,0
1789774432.020,2,005a9bef-bc00-4f7b-a0b4-2139741bbec2,1789774427.000,14,0
1789774432.114,17,dab35c8d-4f27-49dd-96e3-b62323d491ff,1789774426.000,10,0
1789774432.114,17,005a9bef-bc00-4f7b-a0b4-2139741bbec2,1789774427.000,14,0
1789774432.144,18,dab35c8d-4f27-49dd-96e3-b62323d491ff,1789881826.000,10,0
1789774432.144,3,dab35c8d-4f27-49dd-96e3-b62323d491ff,,10,0
1789774432.144,18,005a9bef-bc00-4f7b-a0b4-2139741bbec2,1789774427.000,14,0
1789774432.144,3,005a9bef-bc00-4f7b-a0b4-2139741bbec2,1789774427.000,14,0
1789774432.275,4,dab35c8d-4f27-49dd-96e3-b62323d491ff,1789774426.000,10,0
1789774432.275,4,005a9bef-bc00-4f7b-a0b4-2139741bbec2,1789774427.000,14,0
1789774432.475,19,e4f367e3-6ab9-4921-826b-3d8d69b0eb77,1789774429.000,8,0
1789774432.548,20,e4f367e3-6ab9-4921-826b-3d8d69b0eb77,1789774429.000,8,0
1789774432.548,5,e4f367e3-6ab9-4921-826b-3d8d69b0eb77,1789774429.000,8,0
1789774432.708,6,e4f367e3-6ab9-4921-826b-3d8d69b0eb77,1789774429.000,8,0
1789774432.868,21,e4f367e3-6ab9-4921-826b-3d8d69b0eb77,1789774429.000,8,0
1789774433.030,7,e4f367e3-6ab9-4921-826b-3d8d69b0eb77,1789774429.000,8,0
1789774433.124,22,e4f367e3-6ab9-4921-826b-3d8d69b0eb77,1789774429.000,8,0
1789774433.204,23,e4f367e3-6ab9-4921-826b-3d8d69b0eb77,1789774429.000,8,0
1789774433.280,9,e4f367e3-6ab9-4921-826b-3d8d69b0eb77,1789774429.000,8,0
1789774433.549,10,e4f367e3-6ab9-4921-826b-3d8d69b0eb77,1789774429.000,8,0
1789774433.549,24,e4f367e3-6ab9-4921-826b-3d8d69b0eb77,-62144756771.000,8,0
1789774433.718,11,e4f367e3-6ab9-4921-826b-3d8d69b0eb77,1789774429.000,8,0
1789774434.125,12,e4f367e3-6ab9-4921-826b-3d8d69b0eb77,1789774429.000,8,0
1789774434.160,13,e4f367e3-6ab9-4921-826b-3d8d69b0eb77,1789774429.000,8,0
1789774434.488,14,e4f367e3-6ab9-4921-826b-3d8d69b0eb77,1789774429.000,8,0
1789774434.556,15,e4f367e3-6ab9-4921-826b-3d8d69b0eb77,1789774429.000,8,0
1789774434.556,0,e4f367e3-6ab9-4921-826b-3d8d69b0eb77,1789774429.000,8,0
1789774434.728,1,e4f367e3-6ab9-4921-826b-3d8d69b0eb77,1789774429.000,8,0
1789774434.883,16,e4f367e3-6ab9-4921-826b-3d8d69b0eb77,1789774429.000,8,0
1789774435.047,2,e4f367e3-6ab9-4921-826b-3d8d69b0eb77,1789774429.000,8,0
1789774435.134,17,e4f367e3-6ab9-4921-826b-3d8d69b0eb77,1789774429.000,8,0
1789774435.161,3,e4f367e3-6ab9-4921-826b-3d8d69b0eb77,1789774429.000,8,0
1789774435.161,18,e4f367e3-6ab9-4921-826b-3d8d69b0eb77,,8,0
1789774435.290,4,e4f367e3-6ab9-4921-826b-3d8d69b0eb77,1789774429.000,8,0
1789774435.495,19,41ee51af-b50f-4347-93fb-7bab3df8a763,1789774432.000,5,0
1789774435.495,19,3e4d17ce-17b7-402c-80b6-2462334877be,1789774432.000,7,0
1789774435.495,19,cacdd0dc-cf0d-441f-b3e1-cb8957523e7e,1789774433.000,6,0
1789774435.564,20,41ee51af-b50f-4347-93fb-7bab3df8a763,1789810432.000,5,0
1789774435.564,5,3e4d17ce-17b7-402c-80b6-2462334877be,,7,0
1789774435.564,20,3e4d17ce-17b7-402c-80b6-2462334877be,1789774432.000,7,0
1789774435.564,5,cacdd0dc-cf0d-441f-b3e1-cb8957523e7e,1789774433.000,6,0
1789774435.564,20,cacdd0dc-cf0d-441f-b3e1-cb8957523e7e,1789774433.000,6,0
1789774435.737,6,41ee51af-b50f-4347-93fb-7bab3df8a763,1789774432.000,5,0
1789774435.737,6,3e4d17ce-17b7-402c-80b6-2462334877be,1789774432.000,7,0
1789774435.888,21,41ee51af-b50f-4347-93fb-7bab3df8a763,1789774432.000,5,0
1789774435.888,21,3e4d17ce-17b7-402c-80b6-2462334877be,1789774432.000,7,0
1789774435.888,21,cacdd0dc-cf0d-441f-b3e1-cb8957523e7e,1789774433.000,6,0
1789774436.054,7,41ee51af-b50f-4347-93fb-7bab3df8a763,1789774432.000,5,0
1789774436.054,7,cacdd0dc-cf0d-441f-b3e1-cb8957523e7e,1789774433.000,6,0
1789774436.135,22,41ee51af-b50f-4347-93fb-7bab3df8a763,1789774432.000,5,0
1789774436.135,22,3e4d17ce-17b7-402c-80b6-2462334877be,1789774432.000,7,0
1789774436.135,22,cacdd0dc-cf0d-441f-b3e1-cb8957523e7e,1789774433.000,6,0
1789774436.165,8,41ee51af-b50f-4347-93fb-7bab3df8a763,1789774432.000,5,0
1789774436.165,8,3e4d17ce-17b7-402c-80b6-2462334877be,1789774432.000,7,0
1789774436.165,8,cacdd0dc-cf0d-441f-b3e1-cb8957523e7e,1789774433.000,6,0
1789774436.228,23,41ee51af-b50f-4347-93fb-7bab3df8a763,1789774432.000,5,0
1789774436.228,23,3e4d17ce-17b7-402c-80b6-2462334877be,1789774432.000,7,0
1789774436.228,23,cacdd0dc-cf0d-441f-b3e1-cb8957523e7e,1789774433.000,6,0
1789774436.299,9,41ee51af-b50f-4347-93fb-7bab3df8a763,1789774432.000,5,0
1789774436.299,9,3e4d17ce-17b7-402c-80b6-2462334877be,1789774432.000,7,0
1789774436.299,9,cacdd0dc-cf0d-441f-b3e1-cb8957523e7e,1789774433.000,6,0
1789774436.566,10,41ee51af-b50f-4347-93fb-7bab3df8a763,1789774432.000,5,0
1789774436.566,24,41ee51af-b50f-4347-93fb-7bab3df8a763,1789774432.000,5,0
1789774436.566,10,3e4d17ce-17b7-402c-80b6-2462334877be,1789774432.000,7,0
1789774436.566,24,3e4d17ce-17b7-402c-80b6-2462334877be,1789774432.000,7,0
1789774436.566,10,cacdd0dc-cf0d-441f-b3e1-cb8957523e7e,1789774433.000,6,0
1789774436.566,24,cacdd0dc-cf0d-441f-b3e1-cb8957523e7e,1789774433.000,6,0
1789774436.737,11,41ee51af-b50f-4347-93fb-7bab3df8a763,1789774432.000,5,0
1789774436.737,11,3e4d17ce-17b7-402c-80b6-2462334877be,1789774432.000,7,0
1789774436.737,11,cacdd0dc-cf0d-441f-b3e1-cb8957523e7e,1789774433.000,6,0
1789774437.138,12,41ee51af-b50f-4347-93fb-7bab3df8a763,1789774432.000,5,0
1789774437.138,12,3e4d17ce-17b7-402c-80b6-2462334877be,1789774432.000,7,0
1789774437.138,12,cacdd0dc-cf0d-441f-b3e1-cb8957523e7e,1789774433.000,6,0
1789774437.166,13,41ee51af-b50f-4347-93fb-7bab3df8a763,1789774432.000,5,0
1789774437.166,13,3e4d17ce-17b7-402c-80b6-2462334877be,1789774432.000,7,0
1789774437.166,13,cacdd0dc-cf0d-441f-b3e1-cb8957523e7e,1789774433.000,6,0
1789774437.503,14,41ee51af-b50f-4347-93fb-7bab3df8a763,1789774432.000,5,0
1789774437.503,14,3e4d17ce-17b7-402c-80b6-2462334877be,1789774432.000,7,0
1789774437.503,14,cacdd0dc-cf0d-441f-b3e1-cb8957523e7e,1789774433.000,6,0
1789774437.571,15,41ee51af-b50f-4347-93fb-7bab3df8a763,1789774432.000,5,0
1789774437.571,0,41ee51af-b50f-4347-93fb-7bab3df8a763,1789774432.000,5,0
1789774437.571,15,3e4d17ce-17b7-402c-80b6-2462334877be,1789774432.000,7,0
1789774437.571,0,3e4d17ce-17b7-402c-80b6-2462334877be,1789774432.000,7,0
1789774437.571,0,cacdd0dc-cf0d-441f-b3e1-cb8957523e7e,1789774433.000,6,0
1789774437.571,15,cacdd0dc-cf0d-441f-b3e1-cb8957523e7e,,6,0
1789774437.741,1,41ee51af-b50f-4347-93fb-7bab3df8a763,1789774432.000,5,0
1789774437.741,1,3e4d17ce-17b7-402c-80b6-2462334877be,1789774432.000,7,0
1789774437.741,1,cacdd0dc-cf0d-441f-b3e1-cb8957523e7e,1789774433.000,6,0
1789774437.900,16,41ee51af-b50f-4347-93fb-7bab3df8a763,1789774432.000,5,0
1789774437.900,16,3e4d17ce-17b7-402c-80b6-2462334877be,1789774432.000,7,0
1789774437.900,16,cacdd0dc-cf0d-441f-b3e1-cb8957523e7e,1789774433.000,6,0
1789774438.066,2,41ee51af-b50f-4347-93fb-7bab3df8a763,1789774432.000,5,0
1789774438.066,2,3e4d17ce-17b7-402c-80b6-2462334877be,1789774432.000,7,0
1789774438.066,2,cacdd0dc-cf0d-441f-b3e1-cb8957523e7e,1789774433.000,6,0
1789774438.140,17,41ee51af-b50f-4347-93fb-7bab3df8a763,1789774432.000,5,0
1789774438.140,17,3e4d17ce-17b7-402c-80b6-2462334877be,1789774432.000,7,0
1789774438.140,17,cacdd0dc-cf0d-441f-b3e1-cb8957523e7e,1789774433.000,6,0
1789774438.173,3,41ee51af-b50f-4347-93fb-7bab3df8a763,1789774432.000,5,0
1789774438.173,3,3e4d17ce-17b7-402c-80b6-2462334877be,1789774432.000,7,0
1789774438.173,3,cacdd0dc-cf0d-441f-b3e1-cb8957523e7e,1789774433.000,6,0
1789774438.173,18,41ee51af-b50f-4347-93fb-7bab3df8a763,1789774432.000,5,0
1789774438.173,18,3e4d17ce-17b7-402c-80b6-2462334877be,1789774432.000,7,0
1789774438.173,18,cacdd0dc-cf0d-441f-b3e1-cb8957523e7e,1789774433.000,6,0
1789774438.311,4,41ee51af-b50f-4347-93fb-7bab3df8a763,1789774432.000,5,0
1789774438.311,4,3e4d17ce-17b7-402c-80b6-2462334877be,1789774432.000,7,0
1789774438.311,4,cacdd0dc-cf0d-441f-b3e1-cb8957523e7e,1789774433.000,6,0
1789774438.512,19,0e82162f-0a2d-4b3d-8a5e-aafe4a81705b,1789774436.000,24,0
1789774438.512,19,d5575bcb-0987-4fb9-83e4-03f398662f7a,1789774436.000,20,0
1789774438.580,5,0e82162f-0a2d-4b3d-8a5e-aafe4a81705b,-61373636764.000,24,0
1789774438.580,5,d5575bcb-0987-4fb9-83e4-03f398662f7a,1789774436.000,20,0
1789774438.580,20,0e82162f-0a2d-4b3d-8a5e-aafe4a81705b,1789774436.000,24,0
1789774438.742,6,0e82162f-0a2d-4b3d-8a5e-aafe4a81705b,1789774436.000,24,0
1789774438.742,6,d5575bcb-0987-4fb9-83e4-03f398662f7a,1789774436.000,20,0
1789774438.904,21,0e82162f-0a2d-4b3d-8a5e-aafe4a81705b,1789774436.000,24,0
1789774438.904,21,d5575bcb-0987-4fb9-83e4-03f398662f7a,1789774436.000,20,0
1789774439.070,7,0e82162f-0a2d-4b3d-8a5e-aafe4a81705b,1789774436.000,24,0
1789774439.070,7,d5575bcb-0987-4fb9-83e4-03f398662f7a,1789774436.000,20,0
1789774439.140,22,0e82162f-0a2d-4b3d-8a5e-aafe4a81705b,1789774436.000,24,0
1789774439.140,22,d5575bcb-0987-4fb9-83e4-03f398662f7a,1789774436.000,20,0
1789774439.181,8,0e82162f-0a2d-4b3d-8a5e-aafe4a81705b,1789774436.000,24,0
1789774439.181,8,d5575bcb-0987-4fb9-83e4-03f398662f7a,1789774436.000,20,0
1789774439.253,23,0e82162f-0a2d-4b3d-8a5e-aafe4a81705b,1789774436.000,24,0
1789774439.253,23,d5575bcb-0987-4fb9-83e4-03f398662f7a,1789774436.000,20,0
1789774439.318,9,0e82162f-0a2d-4b3d-8a5e-aafe4a81705b,1789774436.000,24,0
1789774439.318,9,d5575bcb-0987-4fb9-83e4-03f398662f7a,1789774436.000,20,0
1789774439.586,10,0e82162f-0a2d-4b3d-8a5e-aafe4a81705b,1789773813.000,24,0
1789774439.586,10,d5575bcb-0987-4fb9-83e4-03f398662f7a,1789774436.000,20,0
1789774439.586,24,d5575bcb-0987-4fb9-83e4-03f398662f7a,,20,0
1789774439.744,11,0e82162f-0a2d-4b3d-8a5e-aafe4a81705b,1789774436.000,24,0
1789774439.744,11,d5575bcb-0987-4fb9-83e4-03f398662f7a,1789774436.000,20,0
1789774440.140,12,0e82162f-0a2d-4b3d-8a5e-aafe4a81705b,1789774436.000,24,0
1789774440.140,12,d5575bcb-0987-4fb9-83e4-03f398662f7a,1789774436.000,20,0
1789774440.184,13,0e82162f-0a2d-4b3d-8a5e-aafe4a81705b,1789774436.000,24,0
1789774440.184,13,d5575bcb-0987-4fb9-83e4-03f398662f7a,1789774436.000,20,0
1789774440.513,14,0e82162f-0a2d-4b3d-8a5e-aafe4a81705b,1789774436.000,24,0
1789774440.513,14,d5575bcb-0987-4fb9-83e4-03f398662f7a,1789774436.000,20,0
1789774440.594,15,0e82162f-0a2d-4b3d-8a5e-aafe4a81705b,1789774436.000,24,0
1789774440.594,0,0e82162f-0a2d-4b3d-8a5e-aafe4a81705b,,24,0
1789774440.594,15,d5575bcb-0987-4fb9-83e4-03f398662f7a,1789774436.000,20,0
1789774440.594,0,d5575bcb-0987-4fb9-83e4-03f398662f7a,1789774436.000,20,0
1789774440.745,1,0e82162f-0a2d-4b3d-8a5e-aafe4a81705b,1789774436.000,24,0
1789774440.745,1,d5575bcb-0987-4fb9-83e4-03f398662f7a,1789774436.000,20,0
1789774440.916,16,0e82162f-0a2d-4b3d-8a5e-aafe4a81705b,1789774436.000,24,0
1789774440.916,16,d5575bcb-0987-4fb9-83e4-03f398662f7a,1789774436.000,20,0
1789774441.083,2,0e82162f-0a2d-4b3d-8a5e-aafe4a81705b,1789774436.000,24,0
1789774441.083,2,d5575bcb-0987-4fb9-83e4-03f398662f7a,1789774436.000,20,0
1789774441.150,17,0e82162f-0a2d-4b3d-8a5e-aafe4a81705b,1789774436.000,24,0
1789774441.150,17,d5575bcb-0987-4fb9-83e4-03f398662f7a,1789774436.000,20,0
1789774441.192,18,0e82162f-0a2d-4b3d-8a5e-aafe4a81705b,1789774413.000,24,0
1789774441.192,18,d5575bcb-0987-4fb9-83e4-03f398662f7a,1789774436.000,20,0
1789774441.192,3,0e82162f-0a2d-4b3d-8a5e-aafe4a81705b,,24,0
1789774441.192,3,d5575bcb-0987-4fb9-83e4-03f398662f7a,1789774436.000,20,0
1789774441.327,4,0e82162f-0a2d-4b3d-8a5e-aafe4a81705b,1789774436.000,24,0
1789774441.327,4,d5575bcb-0987-4fb9-83e4-03f398662f7a,1789774436.000,20,0
1789774441.520,19,819f1d44-8cc8-45ef-86e1-9c35c68e71c9,1789774438.000,11,0
1789774441.520,19,51b6f247-bfd7-4d9c-ac93-814188c5d3d6,1789774439.000,9,0
1789774441.520,19,da65c342-c2a3-4ac2-a487-4afd5f184e45,1789774439.000,4,0
1789774441.520,19,7621b228-d267-4d5d-8cc3-0e3990ed0bd2,1789774440.000,1,0
1789774441.604,5,819f1d44-8cc8-45ef-86e1-9c35c68e71c9,1789774438.000,11,0
1789774441.604,20,819f1d44-8cc8-45ef-86e1-9c35c68e71c9,,11,0
1789774441.604,5,a7f07d3d-346c-47df-a06b-d3d26cd95452,1789774439.000,19,0
1789774441.604,20,a7f07d3d-346c-47df-a06b-d3d26cd95452,1789774439.000,19,0
1789774441.604,5,51b6f247-bfd7-4d9c-ac93-814188c5d3d6,1789774439.000,9,0
1789774441.604,20,51b6f247-bfd7-4d9c-ac93-814188c5d3d6,1789774439.000,9,0
1789774441.604,5,da65c342-c2a3-4ac2-a487-4afd5f184e45,1789774439.000,4,0
1789774441.604,20,da65c342-c2a3-4ac2-a487-4afd5f184e45,1789774439.000,4,0
1789774441.604,5,7621b228-d267-4d5d-8cc3-0e3990ed0bd2,1789774440.000,1,0
1789774441.604,20,7621b228-d267-4d5d-8cc3-0e3990ed0bd2,1789774440.000,1,0
1789774441.747,6,819f1d44-8cc8-45ef-86e1-9c35c68e71c9,1789774438.000,11,0
1789774441.747,6,a7f07d3d-346c-47df-a06b-d3d26cd95452,1789774439.000,19,0
1789774441.747,6,51b6f247-bfd7-4d9c-ac93-814188c5d3d6,1789774439.000,9,0
1789774441.747,6,da65c342-c2a3-4ac2-a487-4afd5f184e45,1789774439.000,4,0
1789774441.747,6,7621b228-d267-4d5d-8cc3-0e3990ed0bd2,1789774440.000,1,0
1789774441.924,21,819f1d44-8cc8-45ef-86e1-9c35c68e71c9,1789774438.000,11,0
1789774441.924,21,a7f07d3d-346c-47df-a06b-d3d26cd95452,1789774439.000,19,0
1789774441.924,21,51b6f247-bfd7-4d9c-ac93-814188c5d3d6,1789774439.000,9,0
1789774441.924,21,da65c342-c2a3-4ac2-a487-4afd5f184e45,1789774439.000,4,0
1789774441.924,21,7621b228-d267-4d5d-8cc3-0e3990ed0bd2,1789774440.000,1,0
1789774442.085,7,819f1d44-8cc8-45ef-86e1-9c35c68e71c9,1789774438.000,11,0
1789774442.085,7,a7f07d3d-346c-47df-a06b-d3d26cd95452,1789774439.000,19,0
1789774442.085,7,51b6f247-bfd7-4d9c-ac93-814188c5d3d6,1789774439.000,9,0
1789774442.085,7,da65c342-c2a3-4ac2-a487-4afd5f184e45,1789774439.000,4,0
1789774442.085,7,7621b228-d267-4d5d-8cc3-0e3990ed0bd2,1789774440.000,1,0
1789774442.153,22,819f1d44-8cc8-45ef-86e1-9c35c68e71c9,1789774438.000,11,0
1789774442.153,22,a7f07d3d-346c-47df-a06b-d3d26cd95452,1789774439.000,19,0
1789774442.153,22,51b6f247-bfd7-4d9c-ac93-814188c5d3d6,1789774439.000,9,0
1789774442.153,22,da65c342-c2a3-4ac2-a487-4afd5f184e45,1789774439.000,4,0
1789774442.153,22,7621b228-d267-4d5d-8cc3-0e3990ed0bd2,1789774440.000,1,0
1789774442.193,8,819f1d44-8cc8-45ef-86e1-9c35c68e71c9,1789774438.000,11,0
1789774442.193,8,a7f07d3d-346c-47df-a06b-d3d26cd95452,1789774439.000,19,0
1789774442.193,8,51b6f247-bfd7-4d9c-ac93-814188c5d3d6,1789774439.000,9,0
1789774442.193,8,da65c342-c2a3-4ac2-a487-4afd5f184e45,1789774439.000,4,0
1789774442.193,8,7621b228-d267-4d5d-8cc3-0e3990ed0bd2,1789774440.000,1,0
1789774442.279,23,819f1d44-8cc8-45ef-86e1-9c35c68e71c9,1789774438.000,11,0
1789774442.279,23,a7f07d3d-346c-47df-a06b-d3d26cd95452,1789774439.000,19,0
1789774442.279,23,51b6f247-bfd7-4d9c-ac93-814188c5d3d6,1789774439.000,9,0
1789774442.279,23,da65c342-c2a3-4ac2-a487-4afd5f184e45,1789774439.000,4,0
1789774442.279,23,7621b228-d267-4d5d-8cc3-0e3990ed0bd2,1789774440.000,1,0
1789774442.334,9,819f1d44-8cc8-45ef-86e1-9c35c68e71c9,1789774438.000,11,0
1789774442.334,9,a7f07d3d-346c-47df-a06b-d3d26cd95452,1789774439.000,19,0
1789774442.334,9,da65c342-c2a3-4ac2-a487-4afd5f184e45,1789774439.000,4,0
1789774442.334,9,7621b228-d267-4d5d-8cc3-0e3990ed0bd2,1789774440.000,1,0
1789774442.613,10,819f1d44-8cc8-45ef-86e1-9c35c68e71c9,1789774438.000,11,0
1789774442.613,24,819f1d44-8cc8-45ef-86e1-9c35c68e71c9,1789774438.000,11,0
1789774442.613,10,a7f07d3d-346c-47df-a06b-d3d26cd95452,1789774439.000,19,0
1789774442.613,24,a7f07d3d-346c-47df-a06b-d3d26cd95452,1789774439.000,19,0
1789774442.613,10,51b6f247-bfd7-4d9c-ac93-814188c5d3d6,1789774439.000,9,0
1789774442.613,24,51b6f247-bfd7-4d9c-ac93-814188c5d3d6,1789774439.000,9,0
1789774442.613,10,da65c342-c2a3-4ac2-a487-4afd5f184e45,1789774439.000,4,0
1789774442.613,24,da65c342-c2a3-4ac2-a487-4afd5f184e45,1789774439.000,4,0
1789774442.613,24,7621b228-d267-4d5d-8cc3-0e3990ed0bd2,1789774440.000,1,0
1789774442.613,10,7621b228-d267-4d5d-8cc3-0e3990ed0bd2,1789774440.000,1,0
1789774442.748,11,a7f07d3d-346c-47df-a06b-d3d26cd95452,1789774439.000,19,0
1789774442.748,11,51b6f247-bfd7-4d9c-ac93-814188c5d3d6,1789774439.000,9,0
1789774442.748,11,da65c342-c2a3-4ac2-a487-4afd5f184e45,1789774439.000,4,0
1789774442.748,11,7621b228-d267-4d5d-8cc3-0e3990ed0bd2,1789774440.000,1,0
1789774443.154,12,819f1d44-8cc8-45ef-86e1-9c35c68e71c9,1789774438.000,11,0
1789774443.154,12,a7f07d3d-346c-47df-a06b-d3d26cd95452,1789774439.000,19,0
1789774443.154,12,51b6f247-bfd7-4d9c-ac93-814188c5d3d6,1789774439.000,9,0
1789774443.154,12,da65c342-c2a3-4ac2-a487-4afd5f184e45,1789774439.000,4,0
1789774443.154,12,7621b228-d267-4d5d-8cc3-0e3990ed0bd2,1789774440.000,1,0
1789774443.197,13,819f1d44-8cc8-45ef-86e1-9c35c68e71c9,1789774438.000,11,0
1789774443.197,13,a7f07d3d-346c-47df-a06b-d3d26cd95452,1789774439.000,19,0
1789774443.197,13,51b6f247-bfd7-4d9c-ac93-814188c5d3d6,1789774439.000,9,0
1789774443.197,13,da65c342-c2a3-4ac2-a487-4afd5f184e45,1789774439.000,4,0
1789774443.197,13,7621b228-d267-4d5d-8cc3-0e3990ed0bd2,1789774440.000,1,0
1789774443.529,14,819f1d44-8cc8-45ef-86e1-9c35c68e71c9,1789774438.000,11,0
1789774443.529,14,a7f07d3d-346c-47df-a06b-d3d26cd95452,1789774439.000,19,0
1789774443.529,14,51b6f247-bfd7-4d9c-ac93-814188c5d3d6,1789774439.000,9,0
1789774443.529,14,da65c342-c2a3-4ac2-a487-4afd5f184e45,1789774439.000,4,0
1789774443.529,14,7621b228-d267-4d5d-8cc3-0e3990ed0bd2,1789774440.000,1,0
1789774443.614,15,819f1d44-8cc8-45ef-86e1-9c35c68e71c9,1789774438.000,11,0
1789774443.614,0,819f1d44-8cc8-45ef-86e1-9c35c68e71c9,1789774438.000,11,0
1789774443.614,15,a7f07d3d-346c-47df-a06b-d3d26cd95452,1789774439.000,19,0
1789774443.614,0,a7f07d3d-346c-47df-a06b-d3d26cd95452,1789774439.000,19,0
1789774443.614,15,51b6f247-bfd7-4d9c-ac93-814188c5d3d6,1789774439.000,9,0
1789774443.614,0,51b6f247-bfd7-4d9c-ac93-814188c5d3d6,1789774439.000,9,0
1789774443.614,15,da65c342-c2a3-4ac2-a487-4afd5f184e45,1789774439.000,4,0
1789774443.614,0,da65c342-c2a3-4ac2-a487-4afd5f184e45,1789774439.000,4,0
1789774443.614,15,7621b228-d267-4d5d-8cc3-0e3990ed0bd2,1789774440.000,1,0
1789774443.614,0,7621b228-d267-4d5d-8cc3-0e3990ed0bd2,1789774440.000,1,0
1789774443.759,1,819f1d44-8cc8-45ef-86e1-9c35c68e71c9,1789774438.000,11,0
1789774443.759,1,a7f07d3d-346c-47df-a06b-d3d26cd95452,1789774439.000,19,0
1789774443.759,1,51b6f247-bfd7-4d9c-ac93-814188c5d3d6,1789774439.000,9,0
1789774443.759,1,da65c342-c2a3-4ac2-a487-4afd5f184e45,1789774439.000,4,0
1789774443.938,16,819f1d44-8cc8-45ef-86e1-9c35c68e71c9,1789774438.000,11,0
1789774443.938,16,a7f07d3d-346c-47df-a06b-d3d26cd95452,1789774439.000,19,0
1789774443.938,16,51b6f247-bfd7-4d9c-ac93-814188c5d3d6,1789774439.000,9,0
1789774443.938,16,da65c342-c2a3-4ac2-a487-4afd5f184e45,1789774439.000,4,0
1789774443.938,16,7621b228-d267-4d5d-8cc3-0e3990ed0bd2,1789774440.000,1,0
1789774444.094,2,819f1d44-8cc8-45ef-86e1-9c35c68e71c9,1789774438.000,11,0
1789774444.094,2,a7f07d3d-346c-47df-a06b-d3d26cd95452,1789774439.000,19,0
1789774444.094,2,51b6f247-bfd7-4d9c-ac93-814188c5d3d6,1789774439.000,9,0
1789774444.094,2,da65c342-c2a3-4ac2-a487-4afd5f184e45,1789774439.000,4,0
1789774444.094,2,7621b228-d267-4d5d-8cc3-0e3990ed0bd2,1789774440.000,1,0
1789774444.158,17,819f1d44-8cc8-45ef-86e1-9c35c68e71c9,1789774438.000,11,0
1789774444.158,17,a7f07d3d-346c-47df-a06b-d3d26cd95452,1789774439.000,19,0
1789774444.158,17,51b6f247-bfd7-4d9c-ac93-814188c5d3d6,1789774439.000,9,0
1789774444.158,17,da65c342-c2a3-4ac2-a487-4afd5f184e45,1789774439.000,4,0
1789774444.158,17,7621b228-d267-4d5d-8cc3-0e3990ed0bd2,1789774440.000,1,0
1789774444.201,18,819f1d44-8cc8-45ef-86e1-9c35c68e71c9,1803983638.000,11,0
1789774444.201,3,819f1d44-8cc8-45ef-86e1-9c35c68e71c9,,11,0
1789774444.201,18,a7f07d3d-346c-47df-a06b-d3d26cd95452,1789774439.000,19,0
1789774444.201,3,a7f07d3d-346c-47df-a06b-d3d26cd95452,1789774439.000,19,0
1789774444.201,18,51b6f247-bfd7-4d9c-ac93-814188c5d3d6,1789774439.000,9,0
1789774444.201,3,51b6f247-bfd7-4d9c-ac93-814188c5d3d6,1789774439.000,9,0
1789774444.201,18,da65c342-c2a3-4ac2-a487-4afd5f184e45,1789774439.000,4,0
1789774444.201,3,da65c342-c2a3-4ac2-a487-4afd5f184e45,1789774439.000,4,0
1789774444.201,18,7621b228-d267-4d5d-8cc3-0e3990ed0bd2,1789774440.000,1,0
1789774444.201,3,7621b228-d267-4d5d-8cc3-0e3990ed0bd2,1789774440.000,1,0
1789774444.344,4,819f1d44-8cc8-45ef-86e1-9c35c68e71c9,1789774438.000,11,0
1789774444.344,4,a7f07d3d-346c-47df-a06b-d3d26cd95452,1789774439.000,19,0
1789774444.344,4,51b6f247-bfd7-4d9c-ac93-814188c5d3d6,1789774439.000,9,0
1789774444.344,4,7621b228-d267-4d5d-8cc3-0e3990ed0bd2,1789774440.000,1,0
1789774444.530,19,9dc5cc5a-eeaf-4fb9-bc0d-9f9df6203267,1789774442.000,23,0
1789774444.530,19,3022fb2e-bb6c-4376-aba3-07e49ca287d7,1789774442.000,17,0
1789774444.530,19,20a279d0-6f53-41e4-b08e-6e1b4eb25b37,1789774442.000,22,0
1789774444.620,20,9dc5cc5a-eeaf-4fb9-bc0d-9f9df6203267,1789774442.000,23,0
1789774444.620,5,9dc5cc5a-eeaf-4fb9-bc0d-9f9df6203267,1789774442.000,23,0
1789774444.620,20,3022fb2e-bb6c-4376-aba3-07e49ca287d7,1789774442.000,17,0
1789774444.620,5,3022fb2e-bb6c-4376-aba3-07e49ca287d7,1789774442.000,17,0
1789774444.620,20,20a279d0-6f53-41e4-b08e-6e1b4eb25b37,1789774442.000,22,0
1789774444.620,5,20a279d0-6f53-41e4-b08e-6e1b4eb25b37,1789774442.000,22,0
1789774444.759,6,9dc5cc5a-eeaf-4fb9-bc0d-9f9df6203267,1789774442.000,23,0
1789774444.759,6,3022fb2e-bb6c-4376-aba3-07e49ca287d7,1789774442.000,17,0
1789774444.759,6,20a279d0-6f53-41e4-b08e-6e1b4eb25b37,1789774442.000,22,0
1789774444.943,21,9dc5cc5a-eeaf-4fb9-bc0d-9f9df6203267,1789774442.000,23,0
1789774444.943,21,3022fb2e-bb6c-4376-aba3-07e49ca287d7,1789774442.000,17,0
1789774444.943,21,20a279d0-6f53-41e4-b08e-6e1b4eb25b37,1789774442.000,22,0
1789774445.100,7,9dc5cc5a-eeaf-4fb9-bc0d-9f9df6203267,1789774442.000,23,0
1789774445.100,7,3022fb2e-bb6c-4376-aba3-07e49ca287d7,1789774442.000,17,0
1789774445.100,7,20a279d0-6f53-41e4-b08e-6e1b4eb25b37,1789774442.000,22,0
1789774445.160,22,9dc5cc5a-eeaf-4fb9-bc0d-9f9df6203267,1789774442.000,23,0
1789774445.160,22,3022fb2e-bb6c-4376-aba3-07e49ca287d7,1789774442.000,17,0
1789774445.211,8,9dc5cc5a-eeaf-4fb9-bc0d-9f9df6203267,1789774442.000,23,0
1789774445.211,8,3022fb2e-bb6c-4376-aba3-07e49ca287d7,1789774442.000,17,0
1789774445.211,8,20a279d0-6f53-41e4-b08e-6e1b4eb25b37,1789774442.000,22,0
1789774445.299,23,3022fb2e-bb6c-4376-aba3-07e49ca287d7,1789774442.000,17,0
1789774445.299,23,20a279d0-6f53-41e4-b08e-6e1b4eb25b37,1789774442.000,22,0
1789774445.353,9,9dc5cc5a-eeaf-4fb9-bc0d-9f9df6203267,1789774442.000,23,0
1789774445.353,9,3022fb2e-bb6c-4376-aba3-07e49ca287d7,1789774442.000,17,0
1789774445.353,9,20a279d0-6f53-41e4-b08e-6e1b4eb25b37,1789774442.000,22,0
1789774445.626,24,9dc5cc5a-eeaf-4fb9-bc0d-9f9df6203267,1789774474.000,23,0
1789774445.626,10,9dc5cc5a-eeaf-4fb9-bc0d-9f9df6203267,,23,0
1789774445.626,24,3022fb2e-bb6c-4376-aba3-07e49ca287d7,1789774442.000,17,0
1789774445.626,10,3022fb2e-bb6c-4376-aba3-07e49ca287d7,1789774442.000,17,0
1789774445.626,24,20a279d0-6f53-41e4-b08e-6e1b4eb25b37,1789774442.000,22,0
1789774445.626,10,20a279d0-6f53-41e4-b08e-6e1b4eb25b37,1789774442.000,22,0
1789774445.760,11,9dc5cc5a-eeaf-4fb9-bc0d-9f9df6203267,1789774442.000,23,0
1789774445.760,11,3022fb2e-bb6c-4376-aba3-07e49ca287d7,1789774442.000,17,0
1789774445.760,11,20a279d0-6f53-41e4-b08e-6e1b4eb25b37,1789774442.000,22,0
1789774446.162,12,9dc5cc5a-eeaf-4fb9-bc0d-9f9df6203267,1789774442.000,23,0
1789774446.162,12,3022fb2e-bb6c-4376-aba3-07e49ca287d7,1789774442.000,17,0
1789774446.162,12,20a279d0-6f53-41e4-b08e-6e1b4eb25b37,1789774442.000,22,0
1789774446.216,13,9dc5cc5a-eeaf-4fb9-bc0d-9f9df6203267,1789774442.000,23,0
1789774446.216,13,3022fb2e-bb6c-4376-aba3-07e49ca287d7,1789774442.000,17,0
1789774446.216,13,20a279d0-6f53-41e4-b08e-6e1b4eb25b37,1789774442.000,22,0
1789774446.543,14,9dc5cc5a-eeaf-4fb9-bc0d-9f9df6203267,1789774442.000,23,0
1789774446.543,14,3022fb2e-bb6c-4376-aba3-07e49ca287d7,1789774442.000,17,0
1789774446.543,14,20a279d0-6f53-41e4-b08e-6e1b4eb25b37,1789774442.000,22,0
1789774446.632,0,9dc5cc5a-eeaf-4fb9-bc0d-9f9df6203267,1945726664.000,23,0
1789774446.632,0,3022fb2e-bb6c-4376-aba3-07e49ca287d7,1789774442.000,17,0
1789774446.632,15,9dc5cc5a-eeaf-4fb9-bc0d-9f9df6203267,1945726664.000,23,0
1789774446.632,0,20a279d0-6f53-41e4-b08e-6e1b4eb25b37,1789774442.000,22,0
1789774446.632,15,3022fb2e-bb6c-4376-aba3-07e49ca287d7,1789774442.000,17,0
1789774446.632,15,20a279d0-6f53-41e4-b08e-6e1b4eb25b37,1789774442.000,22,0
1789774446.765,1,9dc5cc5a-eeaf-4fb9-bc0d-9f9df6203267,1789774442.000,23,0
1789774446.765,1,3022fb2e-bb6c-4376-aba3-07e49ca287d7,1789774442.000,17,0
1789774446.765,1,20a279d0-6f53-41e4-b08e-6e1b4eb25b37,1789774442.000,22,0
1789774446.946,16,9dc5cc5a-eeaf-4fb9-bc0d-9f9df6203267,1789774442.000,23,0
1789774446.946,16,3022fb2e-bb6c-4376-aba3-07e49ca287d7,1789774442.000,17,0
1789774446.946,16,20a279d0-6f53-41e4-b08e-6e1b4eb25b37,1789774442.000,22,0
1789774447.108,2,9dc5cc5a-eeaf-4fb9-bc0d-9f9df6203267,1789774442.000,23,0
1789774447.108,2,3022fb2e-bb6c-4376-aba3-07e49ca287d7,1789774442.000,17,0
1789774447.108,2,20a279d0-6f53-41e4-b08e-6e1b4eb25b37,1789774442.000,22,0
1789774447.166,17,9dc5cc5a-eeaf-4fb9-bc0d-9f9df6203267,1789774442.000,23,0
1789774447.166,17,20a279d0-6f53-41e4-b08e-6e1b4eb25b37,1789774442.000,22,0
1789774447.226,18,9dc5cc5a-eeaf-4fb9-bc0d-9f9df6203267,1789774442.000,23,0
1789774447.226,18,3022fb2e-bb6c-4376-aba3-07e49ca287d7,1789774442.000,17,0
1789774447.226,3,9dc5cc5a-eeaf-4fb9-bc0d-9f9df6203267,1789774442.000,23,0
1789774447.226,18,20a279d0-6f53-41e4-b08e-6e1b4eb25b37,1789774442.000,22,0
1789774447.226,3,3022fb2e-bb6c-4376-aba3-07e49ca287d7,1789774442.000,17,0
1789774447.226,3,20a279d0-6f53-41e4-b08e-6e1b4eb25b37,1789774442.000,22,0
1789774447.366,4,9dc5cc5a-eeaf-4fb9-bc0d-9f9df6203267,1789774442.000,23,0
1789774447.366,4,3022fb2e-bb6c-4376-aba3-07e49ca287d7,1789774442.000,17,0
1789774447.366,4,20a279d0-6f53-41e4-b08e-6e1b4eb25b37,1789774442.000,22,0
1789774447.549,19,95a0c254-8fd9-4a1f-b7a7-0f2a59dbc89b,1789774444.000,18,0
1789774447.549,19,579e8086-3755-40d2-99d7-67a96bcc5353,1789774444.000,12,0
1789774447.549,19,4bb000ef-19b4-4428-ad16-53c82812fe11,1789774445.000,2,0
1789774447.635,5,95a0c254-8fd9-4a1f-b7a7-0f2a59dbc89b,1789774444.000,18,0
1789774447.635,20,95a0c254-8fd9-4a1f-b7a7-0f2a59dbc89b,1789774444.000,18,0
1789774447.635,5,579e8086-3755-40d2-99d7-67a96bcc5353,1789774444.000,12,0
1789774447.635,20,579e8086-3755-40d2-99d7-67a96bcc5353,1789774444.000,12,0
1789774447.635,5,4bb000ef-19b4-4428-ad16-53c82812fe11,1789774445.000,2,0
1789774447.635,20,4bb000ef-19b4-4428-ad16-53c82812fe11,1789774445.000,2,0
1789774447.766,6,95a0c254-8fd9-4a1f-b7a7-0f2a59dbc89b,1789774444.000,18,0
1789774447.766,6,579e8086-3755-40d2-99d7-67a96bcc5353,1789774444.000,12,0
1789774447.766,6,4bb000ef-19b4-4428-ad16-53c82812fe11,1789774445.000,2,0
1789774447.956,21,95a0c254-8fd9-4a1f-b7a7-0f2a59dbc89b,1789774444.000,18,0
1789774447.956,21,579e8086-3755-40d2-99d7-67a96bcc5353,1789774444.000,12,0
1789774447.956,21,4bb000ef-19b4-4428-ad16-53c82812fe11,1789774445.000,2,0
1789774448.117,7,95a0c254-8fd9-4a1f-b7a7-0f2a59dbc89b,1789774444.000,18,0
1789774448.117,7,579e8086-3755-40d2-99d7-67a96bcc5353,1789774444.000,12,0
1789774448.117,7,4bb000ef-19b4-4428-ad16-53c82812fe11,1789774445.000,2,0
1789774448.167,22,95a0c254-8fd9-4a1f-b7a7-0f2a59dbc89b,1789774444.000,18,0
1789774448.167,22,579e8086-3755-40d2-99d7-67a96bcc5353,1789774444.000,12,0
1789774448.167,22,4bb000ef-19b4-4428-ad16-53c82812fe11,1789774445.000,2,0
1789774448.233,8,95a0c254-8fd9-4a1f-b7a7-0f2a59dbc89b,1789774444.000,18,0
1789774448.233,8,579e8086-3755-40d2-99d7-67a96bcc5353,1789774444.000,12,0
1789774448.233,8,4bb000ef-19b4-4428-ad16-53c82812fe11,1789774445.000,2,0
1789774448.319,23,95a0c254-8fd9-4a1f-b7a7-0f2a59dbc89b,1789774444.000,18,0
1789774448.319,23,579e8086-3755-40d2-99d7-67a96bcc5353,1789774444.000,12,0
1789774448.319,23,4bb000ef-19b4-4428-ad16-53c82812fe11,1789774445.000,2,0
1789774448.370,9,95a0c254-8fd9-4a1f-b7a7-0f2a59dbc89b,1789774444.000,18,0
1789774448.370,9,579e8086-3755-40d2-99d7-67a96bcc5353,1789774444.000,12,0
1789774448.370,9,4bb000ef-19b4-4428-ad16-53c82812fe11,1789774445.000,2,0
1789774448.643,24,95a0c254-8fd9-4a1f-b7a7-0f2a59dbc89b,1789774444.000,18,0
1789774448.643,24,579e8086-3755-40d2-99d7-67a96bcc5353,1789774444.000,12,0
1789774448.643,24,4bb000ef-19b4-4428-ad16-53c82812fe11,1789774445.000,2,0
1789774448.643,10,95a0c254-8fd9-4a1f-b7a7-0f2a59dbc89b,1789774444.000,18,0
1789774448.643,10,579e8086-3755-40d2-99d7-67a96bcc5353,1789774444.000,12,0
1789774448.643,10,4bb000ef-19b4-4428-ad16-53c82812fe11,1789774445.000,2,0
1789774448.767,11,95a0c254-8fd9-4a1f-b7a7-0f2a59dbc89b,1789774444.000,18,0
1789774448.767,11,579e8086-3755-40d2-99d7-67a96bcc5353,1789774444.000,12,0
1789774448.767,11,4bb000ef-19b4-4428-ad16-53c82812fe11,1789774445.000,2,0
1789774449.168,12,95a0c254-8fd9-4a1f-b7a7-0f2a59dbc89b,1789774444.000,18,0
1789774449.168,12,4bb000ef-19b4-4428-ad16-53c82812fe11,1789774445.000,2,0
1789774449.235,13,95a0c254-8fd9-4a1f-b7a7-0f2a59dbc89b,1789774444.000,18,0
1789774449.235,13,579e8086-3755-40d2-99d7-67a96bcc5353,1789774444.000,12,0
1789774449.235,13,4bb000ef-19b4-4428-ad16-53c82812fe11,1789774445.000,2,0
1789774449.558,14,95a0c254-8fd9-4a1f-b7a7-0f2a59dbc89b,1789774444.000,18,0
1789774449.558,14,579e8086-3755-40d2-99d7-67a96bcc5353,1789774444.000,12,0
1789774449.558,14,4bb000ef-19b4-4428-ad16-53c82812fe11,1789774445.000,2,0
1789774449.646,0,95a0c254-8fd9-4a1f-b7a7-0f2a59dbc89b,,18,0
1789774449.646,15,95a0c254-8fd9-4a1f-b7a7-0f2a59dbc89b,-61837173416.000,18,0
1789774449.646,0,579e8086-3755-40d2-99d7-67a96bcc5353,1789774444.000,12,0
1789774449.646,15,579e8086-3755-40d2-99d7-67a96bcc5353,1789774444.000,12,0
1789774449.646,0,4bb000ef-19b4-4428-ad16-53c82812fe11,1789774445.000,2,0
1789774449.646,15,4bb000ef-19b4-4428-ad16-53c82812fe11,1789774445.000,2,0
1789774449.771,1,95a0c254-8fd9-4a1f-b7a7-0f2a59dbc89b,1789774444.000,18,0
1789774449.771,1,579e8086-3755-40d2-99d7-67a96bcc5353,1789774444.000,12,0
1789774449.771,1,4bb000ef-19b4-4428-ad16-53c82812fe11,1789774445.000,2,0
1789774449.962,16,95a0c254-8fd9-4a1f-b7a7-0f2a59dbc89b,1789774444.000,18,0
1789774449.962,16,579e8086-3755-40d2-99d7-67a96bcc5353,1789774444.000,12,0
1789774449.962,16,4bb000ef-19b4-4428-ad16-53c82812fe11,1789774445.000,2,0
1789774450.129,7,4ff9f943-fe28-4f3c-9ff9-f33bd0673bc5,1789774444.000,13,0
1789774450.129,2,95a0c254-8fd9-4a1f-b7a7-0f2a59dbc89b,,18,0
1789774450.129,7,5a2d9d35-f094-4a8c-8e31-5ccfb230cdff,1789774449.000,3,0
1789774450.129,2,579e8086-3755-40d2-99d7-67a96bcc5353,1789774444.000,12,0
1789774450.171,17,95a0c254-8fd9-4a1f-b7a7-0f2a59dbc89b,1789774444.000,18,0
1789774450.171,17,579e8086-3755-40d2-99d7-67a96bcc5353,1789774444.000,12,0
1789774450.171,17,4bb000ef-19b4-4428-ad16-53c82812fe11,1789774445.000,2,0
1789774450.237,3,95a0c254-8fd9-4a1f-b7a7-0f2a59dbc89b,1789774444.000,18,0
1789774450.237,18,579e8086-3755-40d2-99d7-67a96bcc5353,1789774444.000,12,0
1789774450.237,3,579e8086-3755-40d2-99d7-67a96bcc5353,1789774444.000,12,0
1789774450.237,18,4bb000ef-19b4-4428-ad16-53c82812fe11,1789774445.000,2,0
1789774450.237,3,4bb000ef-19b4-4428-ad16-53c82812fe11,1789774445.000,2,0
1789774450.386,4,95a0c254-8fd9-4a1f-b7a7-0f2a59dbc89b,1789774444.000,18,0
1789774450.386,4,579e8086-3755-40d2-99d7-67a96bcc5353,1789774444.000,12,0
1789774450.386,4,4bb000ef-19b4-4428-ad16-53c82812fe11,1789774445.000,2,0
1789774450.561,19,4ff9f943-fe28-4f3c-9ff9-f33bd0673bc5,1789774449.000,13,0
1789774450.561,19,5a2d9d35-f094-4a8c-8e31-5ccfb230cdff,1789774449.000,3,0
1789774450.653,5,4ff9f943-fe28-4f3c-9ff9-f33bd0673bc5,1789774449.000,13,0
1789774450.653,5,5a2d9d35-f094-4a8c-8e31-5ccfb230cdff,1789774449.000,3,0
1789774450.654,20,4ff9f943-fe28-4f3c-9ff9-f33bd0673bc5,1789774449.000,13,0
1789774450.654,20,5a2d9d35-f094-4a8c-8e31-5ccfb230cdff,1789774449.000,3,0
1789774450.774,6,4ff9f943-fe28-4f3c-9ff9-f33bd0673bc5,1789774449.000,13,0
1789774450.774,6,5a2d9d35-f094-4a8c-8e31-5ccfb230cdff,1789774449.000,3,0
1789774450.967,21,4ff9f943-fe28-4f3c-9ff9-f33bd0673bc5,1789774449.000,13,0
1789774450.967,21,5a2d9d35-f094-4a8c-8e31-5ccfb230cdff,1789774449.000,3,0
1789774451.173,22,4ff9f943-fe28-4f3c-9ff9-f33bd0673bc5,1789774449.000,13,0
1789774451.173,22,5a2d9d35-f094-4a8c-8e31-5ccfb230cdff,1789774449.000,3,0
1789774451.242,8,4ff9f943-fe28-4f3c-9ff9-f33bd0673bc5,1789774449.000,13,0
1789774451.242,8,5a2d9d35-f094-4a8c-8e31-5ccfb230cdff,1789774449.000,3,0
1789774451.340,23,4ff9f943-fe28-4f3c-9ff9-f33bd0673bc5,1789774449.000,13,0
1789774451.340,23,5a2d9d35-f094-4a8c-8e31-5ccfb230cdff,1789774449.000,3,0
1789774451.391,9,4ff9f943-fe28-4f3c-9ff9-f33bd0673bc5,1789774449.000,13,0
1789774451.391,9,5a2d9d35-f094-4a8c-8e31-5ccfb230cdff,1789774449.000,3,0
1789774451.664,24,4ff9f943-fe28-4f3c-9ff9-f33bd0673bc5,1789774449.000,13,0
1789774451.664,10,4ff9f943-fe28-4f3c-9ff9-f33bd0673bc5,1789774449.000,13,0
1789774451.664,24,5a2d9d35-f094-4a8c-8e31-5ccfb230cdff,1789774449.000,3,0
1789774451.664,10,5a2d9d35-f094-4a8c-8e31-5ccfb230cdff,1789774449.000,3,0
1789774451.776,11,4ff9f943-fe28-4f3c-9ff9-f33bd0673bc5,1789774449.000,13,0
1789774451.776,11,5a2d9d35-f094-4a8c-8e31-5ccfb230cdff,1789774449.000,3,0
1789774452.175,12,4ff9f943-fe28-4f3c-9ff9-f33bd0673bc5,1789774449.000,13,0
1789774452.175,12,5a2d9d35-f094-4a8c-8e31-5ccfb230cdff,1789774449.000,3,0
1789774452.243,13,5a2d9d35-f094-4a8c-8e31-5ccfb230cdff,1789774449.000,3,0
1789774452.575,14,4ff9f943-fe28-4f3c-9ff9-f33bd0673bc5,1789774449.000,13,0
1789774452.575,14,5a2d9d35-f094-4a8c-8e31-5ccfb230cdff,1789774449.000,3,0
1789774452.673,15,4ff9f943-fe28-4f3c-9ff9-f33bd0673bc5,1789774449.000,13,0
1789774452.673,0,4ff9f943-fe28-4f3c-9ff9-f33bd0673bc5,1789774449.000,13,0
1789774452.673,15,5a2d9d35-f094-4a8c-8e31-5ccfb230cdff,1789774449.000,3,0
1789774452.673,0,5a2d9d35-f094-4a8c-8e31-5ccfb230cdff,1789774449.000,3,0
1789774452.780,1,4ff9f943-fe28-4f3c-9ff9-f33bd0673bc5,1789774449.000,13,0
1789774452.780,1,5a2d9d35-f094-4a8c-8e31-5ccfb230cdff,1789774449.000,3,0
1789774452.973,16,4ff9f943-fe28-4f3c-9ff9-f33bd0673bc5,1789774449.000,13,0
1789774452.973,16,5a2d9d35-f094-4a8c-8e31-5ccfb230cdff,1789774449.000,3,0
1789774453.142,2,4ff9f943-fe28-4f3c-9ff9-f33bd0673bc5,1796081650.000,13,0
1789774453.142,7,2a64d593-2976-4494-8c81-3e03dab1a8b4,,21,0
1789774453.142,2,5a2d9d35-f094-4a8c-8e31-5ccfb230cdff,1789774449.000,3,0
1789774453.142,7,c10d1e32-c419-4ecf-b83a-57bb08421ef7,1789774452.000,15,0
1789774453.177,17,4ff9f943-fe28-4f3c-9ff9-f33bd0673bc5,1789774449.000,13,0
1789774453.177,17,5a2d9d35-f094-4a8c-8e31-5ccfb230cdff,1789774449.000,3,0
1789774453.244,3,4ff9f943-fe28-4f3c-9ff9-f33bd0673bc5,1789774449.000,13,0
1789774453.244,18,4ff9f943-fe28-4f3c-9ff9-f33bd0673bc5,,13,0
1789774453.244,18,5a2d9d35-f094-4a8c-8e31-5ccfb230cdff,1789774449.000,3,0
1789774453.397,4,4ff9f943-fe28-4f3c-9ff9-f33bd0673bc5,1789774449.000,13,0
1789774453.397,4,5a2d9d35-f094-4a8c-8e31-5ccfb230cdff,1789774449.000,3,0
1789774453.581,19,2a64d593-2976-4494-8c81-3e03dab1a8b4,1789774450.000,21,0
1789774453.581,19,c10d1e32-c419-4ecf-b83a-57bb08421ef7,1789774452.000,15,0
1789774453.683,20,2a64d593-2976-4494-8c81-3e03dab1a8b4,1789774450.000,21,0
1789774453.683,5,2a64d593-2976-4494-8c81-3e03dab1a8b4,,21,0
1789774453.683,20,c10d1e32-c419-4ecf-b83a-57bb08421ef7,1789774452.000,15,0
1789774453.683,5,c10d1e32-c419-4ecf-b83a-57bb08421ef7,1789774452.000,15,0
1789774453.781,6,2a64d593-2976-4494-8c81-3e03dab1a8b4,1789774450.000,21,0
1789774453.781,6,c10d1e32-c419-4ecf-b83a-57bb08421ef7,1789774452.000,15,0
1789774453.981,21,c10d1e32-c419-4ecf-b83a-57bb08421ef7,1789774452.000,15,0
1789774454.182,22,2a64d593-2976-4494-8c81-3e03dab1a8b4,1789774450.000,21,0
1789774454.182,22,c10d1e32-c419-4ecf-b83a-57bb08421ef7,1789774452.000,15,0
1789774454.251,8,2a64d593-2976-4494-8c81-3e03dab1a8b4,1789774450.000,21,0
1789774454.251,8,c10d1e32-c419-4ecf-b83a-57bb08421ef7,1789774452.000,15,0
1789774454.355,23,2a64d593-2976-4494-8c81-3e03dab1a8b4,1789774450.000,21,0
1789774454.355,23,c10d1e32-c419-4ecf-b83a-57bb08421ef7,1789774452.000,15,0
1789774454.404,9,2a64d593-2976-4494-8c81-3e03dab1a8b4,1789774450.000,21,0
1789774454.404,9,c10d1e32-c419-4ecf-b83a-57bb08421ef7,1789774452.000,15,0
1789774454.686,24,2a64d593-2976-4494-8c81-3e03dab1a8b4,1789774450.000,21,0
1789774454.686,10,2a64d593-2976-4494-8c81-3e03dab1a8b4,1789774450.000,21,0
1789774454.686,24,c10d1e32-c419-4ecf-b83a-57bb08421ef7,1789774452.000,15,0
1789774454.686,10,c10d1e32-c419-4ecf-b83a-57bb08421ef7,1789774452.000,15,0
1789774454.782,11,2a64d593-2976-4494-8c81-3e03dab1a8b4,1789774450.000,21,0
1789774454.782,11,c10d1e32-c419-4ecf-b83a-57bb08421ef7,1789774452.000,15,0
1789774455.184,12,2a64d593-2976-4494-8c81-3e03dab1a8b4,1789774450.000,21,0
1789774455.184,12,c10d1e32-c419-4ecf-b83a-57bb08421ef7,1789774452.000,15,0
1789774455.258,13,2a64d593-2976-4494-8c81-3e03dab1a8b4,1789774450.000,21,0
1789774455.258,13,c10d1e32-c419-4ecf-b83a-57bb08421ef7,1789774452.000,15,0
1789774455.601,14,2a64d593-2976-4494-8c81-3e03dab1a8b4,1789774450.000,21,0
1789774455.601,14,c10d1e32-c419-4ecf-b83a-57bb08421ef7,1789774452.000,15,0
1789774455.689,0,2a64d593-2976-4494-8c81-3e03dab1a8b4,1945679650.000,21,0
1789774455.689,15,2a64d593-2976-4494-8c81-3e03dab1a8b4,,21,0
1789774455.689,0,c10d1e32-c419-4ecf-b83a-57bb08421ef7,1789774452.000,15,0
1789774455.787,1,2a64d593-2976-4494-8c81-3e03dab1a8b4,1789774450.000,21,0
1789774455.787,1,c10d1e32-c419-4ecf-b83a-57bb08421ef7,1789774452.000,15,0
1789774455.996,16,2a64d593-2976-4494-8c81-3e03dab1a8b4,1789774450.000,21,0
1789774455.996,16,c10d1e32-c419-4ecf-b83a-57bb08421ef7,1789774452.000,15,0
1789774456.158,2,2a64d593-2976-4494-8c81-3e03dab1a8b4,-61847540750.000,21,0
1789774456.158,7,d48375fb-22b1-406c-ab7f-809e03d1f684,-61847540750.000,0,0
1789774456.158,2,c10d1e32-c419-4ecf-b83a-57bb08421ef7,1789774452.000,15,0
1789774456.158,7,57e7ca44-a2d9-4423-971d-498405b5bf62,1789774455.000,16,0
1789774456.186,17,2a64d593-2976-4494-8c81-3e03dab1a8b4,1789774450.000,21,0
1789774456.186,17,c10d1e32-c419-4ecf-b83a-57bb08421ef7,1789774452.000,15,0
1789774456.267,3,2a64d593-2976-4494-8c81-3e03dab1a8b4,1789774450.000,21,0
1789774456.267,18,2a64d593-2976-4494-8c81-3e03dab1a8b4,,21,0
1789774456.267,3,c10d1e32-c419-4ecf-b83a-57bb08421ef7,1789774452.000,15,0
1789774456.267,18,c10d1e32-c419-4ecf-b83a-57bb08421ef7,1789774452.000,15,0
1789774456.417,4,2a64d593-2976-4494-8c81-3e03dab1a8b4,1789774450.000,21,0
1789774456.417,4,c10d1e32-c419-4ecf-b83a-57bb08421ef7,1789774452.000,15,0
1789774456.602,19,d48375fb-22b1-406c-ab7f-809e03d1f684,1789774454.000,0,0
1789774456.602,19,57e7ca44-a2d9-4423-971d-498405b5bf62,1789774455.000,16,0
1789774456.695,20,d48375fb-22b1-406c-ab7f-809e03d1f684,1789772954.000,0,0
1789774456.695,5,d48375fb-22b1-406c-ab7f-809e03d1f684,,0,0
1789774456.695,20,57e7ca44-a2d9-4423-971d-498405b5bf62,1789774455.000,16,0
1789774456.695,5,57e7ca44-a2d9-4423-971d-498405b5bf62,1789774455.000,16,0
1789774456.788,6,d48375fb-22b1-406c-ab7f-809e03d1f684,1789774454.000,0,0
1789774456.788,6,57e7ca44-a2d9-4423-971d-498405b5bf62,1789774455.000,16,0
1789774457.004,21,d48375fb-22b1-406c-ab7f-809e03d1f684,1789774454.000,0,0
1789774457.004,21,57e7ca44-a2d9-4423-971d-498405b5bf62,1789774455.000,16,0
1789774457.190,12,d48375fb-22b1-406c-ab7f-809e03d1f684,1789774454.000,0,0
1789774457.190,12,57e7ca44-a2d9-4423-971d-498405b5bf62,1789774455.000,16,0
1789774457.190,22,d48375fb-22b1-406c-ab7f-809e03d1f684,,0,0
1789774457.190,22,57e7ca44-a2d9-4423-971d-498405b5bf62,1789774455.000,16,0
1789774457.274,8,d48375fb-22b1-406c-ab7f-809e03d1f684,1789774454.000,0,0
1789774457.274,8,57e7ca44-a2d9-4423-971d-498405b5bf62,1789774455.000,16,0
1789774457.371,23,d48375fb-22b1-406c-ab7f-809e03d1f684,1789774454.000,0,0
1789774457.371,23,57e7ca44-a2d9-4423-971d-498405b5bf62,1789774455.000,16,0
1789774457.424,9,d48375fb-22b1-406c-ab7f-809e03d1f684,1789774454.000,0,0
1789774457.424,9,57e7ca44-a2d9-4423-971d-498405b5bf62,1789774455.000,16,0
1789774457.699,10,d48375fb-22b1-406c-ab7f-809e03d1f684,1789774454.000,0,0
1789774457.699,24,d48375fb-22b1-406c-ab7f-809e03d1f684,1789774454.000,0,0
1789774457.699,10,57e7ca44-a2d9-4423-971d-498405b5bf62,1789774455.000,16,0
1789774457.699,24,57e7ca44-a2d9-4423-971d-498405b5bf62,1789774455.000,16,0
1789774457.790,11,d48375fb-22b1-406c-ab7f-809e03d1f684,1789774454.000,0,0
1789774457.790,11,57e7ca44-a2d9-4423-971d-498405b5bf62,1789774455.000,16,0
1789774458.279,13,d48375fb-22b1-406c-ab7f-809e03d1f684,1789774454.000,0,0
1789774458.279,13,57e7ca44-a2d9-4423-971d-498405b5bf62,1789774455.000,16,0
1789774458.615,14,d48375fb-22b1-406c-ab7f-809e03d1f684,1789774454.000,0,0
1789774458.615,14,57e7ca44-a2d9-4423-971d-498405b5bf62,1789774455.000,16,0
1789774458.707,0,57e7ca44-a2d9-4423-971d-498405b5bf62,1789773794.000,16,0
1789774458.707,15,d48375fb-22b1-406c-ab7f-809e03d1f684,,0,0
1789774458.707,15,57e7ca44-a2d9-4423-971d-498405b5bf62,1789774455.000,16,0
1789774458.797,1,d48375fb-22b1-406c-ab7f-809e03d1f684,1789774454.000,0,0
1789774458.797,1,57e7ca44-a2d9-4423-971d-498405b5bf62,1789774455.000,16,0
1789774459.020,16,d48375fb-22b1-406c-ab7f-809e03d1f684,1789774454.000,0,0
1789774459.176,2,d48375fb-22b1-406c-ab7f-809e03d1f684,1789774454.000,0,0
1789774459.176,7,7fe9b077-6714-4456-9959-0c1059f4ebeb,1789774456.000,10,0
1789774459.176,2,57e7ca44-a2d9-4423-971d-498405b5bf62,1789774455.000,16,0
1789774459.176,7,bcfe64f0-1955-4d55-9323-d8885885042f,1789774457.000,14,0
1789774459.192,17,d48375fb-22b1-406c-ab7f-809e03d1f684,1789774454.000,0,0
1789774459.192,17,57e7ca44-a2d9-4423-971d-498405b5bf62,1789774455.000,16,0
1789774459.287,18,d48375fb-22b1-406c-ab7f-809e03d1f684,1789773794.000,0,0
1789774459.287,3,d48375fb-22b1-406c-ab7f-809e03d1f684,,0,0
1789774459.287,18,57e7ca44-a2d9-4423-971d-498405b5bf62,1789774455.000,16,0
1789774459.287,3,57e7ca44-a2d9-4423-971d-498405b5bf62,1789774455.000,16,0
1789774459.444,4,d48375fb-22b1-406c-ab7f-809e03d1f684,1789774454.000,0,0
1789774459.444,4,57e7ca44-a2d9-4423-971d-498405b5bf62,1789774455.000,16,0
1789774459.621,19,7fe9b077-6714-4456-9959-0c1059f4ebeb,1789774456.000,10,0
1789774459.621,19,bcfe64f0-1955-4d55-9323-d8885885042f,1789774457.000,14,0
1789774459.710,20,7fe9b077-6714-4456-9959-0c1059f4ebeb,-61835695424.000,10,0
1789774459.710,5,7fe9b077-6714-4456-9959-0c1059f4ebeb,-61835695424.000,10,0
1789774459.710,5,bcfe64f0-1955-4d55-9323-d8885885042f,1789774457.000,14,0
1789774459.710,20,bcfe64f0-1955-4d55-9323-d8885885042f,1789774457.000,14,0
1789774459.798,6,7fe9b077-6714-4456-9959-0c1059f4ebeb,1789774456.000,10,0
1789774459.798,6,bcfe64f0-1955-4d55-9323-d8885885042f,1789774457.000,14,0
1789774460.026,21,7fe9b077-6714-4456-9959-0c1059f4ebeb,1789774456.000,10,0
1789774460.026,21,bcfe64f0-1955-4d55-9323-d8885885042f,1789774457.000,14,0
1789774460.198,22,7fe9b077-6714-4456-9959-0c1059f4ebeb,1789774463.000,10,0
1789774460.198,22,bcfe64f0-1955-4d55-9323-d8885885042f,1789774457.000,14,0
1789774460.198,12,7fe9b077-6714-4456-9959-0c1059f4ebeb,,10,0
1789774460.198,12,bcfe64f0-1955-4d55-9323-d8885885042f,1789774457.000,14,0
1789774460.296,8,7fe9b077-6714-4456-9959-0c1059f4ebeb,1789774456.000,10,0
1789774460.296,8,bcfe64f0-1955-4d55-9323-d8885885042f,1789774457.000,14,0
1789774460.389,23,7fe9b077-6714-4456-9959-0c1059f4ebeb,1789774456.000,10,0
1789774460.389,23,bcfe64f0-1955-4d55-9323-d8885885042f,1789774457.000,14,0
1789774460.450,9,7fe9b077-6714-4456-9959-0c1059f4ebeb,1789774456.000,10,0
1789774460.450,9,bcfe64f0-1955-4d55-9323-d8885885042f,1789774457.000,14,0
1789774460.720,24,7fe9b077-6714-4456-9959-0c1059f4ebeb,,10,0
1789774460.720,10,bcfe64f0-1955-4d55-9323-d8885885042f,,14,0
1789774460.720,24,bcfe64f0-1955-4d55-9323-d8885885042f,1789774457.000,14,0
1789774460.799,11,7fe9b077-6714-4456-9959-0c1059f4ebeb,1789774456.000,10,0
1789774460.799,11,bcfe64f0-1955-4d55-9323-d8885885042f,1789774457.000,14,0
1789774461.301,13,7fe9b077-6714-4456-9959-0c1059f4ebeb,1789774456.000,10,0
1789774461.301,13,bcfe64f0-1955-4d55-9323-d8885885042f,1789774457.000,14,0
1789774461.629,14,7fe9b077-6714-4456-9959-0c1059f4ebeb,1789774456.000,10,0
1789774461.729,0,7fe9b077-6714-4456-9959-0c1059f4ebeb,1789774456.000,10,0
1789774461.729,15,7fe9b077-6714-4456-9959-0c1059f4ebeb,1789774456.000,10,0
1789774461.729,0,bcfe64f0-1955-4d55-9323-d8885885042f,1789774457.000,14,0
1789774461.729,15,bcfe64f0-1955-4d55-9323-d8885885042f,1789774457.000,14,0
1789774461.806,1,7fe9b077-6714-4456-9959-0c1059f4ebeb,1789774456.000,10,0
1789774461.806,1,bcfe64f0-1955-4d55-9323-d8885885042f,1789774457.000,14,0
1789774462.036,16,7fe9b077-6714-4456-9959-0c1059f4ebeb,1789774463.000,10,0
1789774462.036,21,122846d5-9579-4057-9045-4c476953bbde,,8,0
1789774462.036,16,bcfe64f0-1955-4d55-9323-d8885885042f,1789774457.000,14,0
1789774462.186,7,122846d5-9579-4057-9045-4c476953bbde,1789774459.000,8,0
1789774462.186,2,7fe9b077-6714-4456-9959-0c1059f4ebeb,1789774456.000,10,0
1789774462.186,2,bcfe64f0-1955-4d55-9323-d8885885042f,1789774457.000,14,0
1789774462.201,17,7fe9b077-6714-4456-9959-0c1059f4ebeb,1789774456.000,10,0
1789774462.201,17,bcfe64f0-1955-4d55-9323-d8885885042f,1789774457.000,14,0
1789774462.308,3,7fe9b077-6714-4456-9959-0c1059f4ebeb,1789773496.000,10,0
1789774462.308,3,bcfe64f0-1955-4d55-9323-d8885885042f,1789774457.000,14,0
1789774462.308,18,7fe9b077-6714-4456-9959-0c1059f4ebeb,,10,0
1789774462.308,18,bcfe64f0-1955-4d55-9323-d8885885042f,1789774457.000,14,0
1789774462.468,4,7fe9b077-6714-4456-9959-0c1059f4ebeb,1789774456.000,10,0
1789774462.468,4,bcfe64f0-1955-4d55-9323-d8885885042f,1789774457.000,14,0
1789774462.638,19,122846d5-9579-4057-9045-4c476953bbde,1789774459.000,8,0
1789774462.739,5,122846d5-9579-4057-9045-4c476953bbde,-61795095941.000,8,0
1789774462.739,20,122846d5-9579-4057-9045-4c476953bbde,,8,0
1789774462.808,6,122846d5-9579-4057-9045-4c476953bbde,1789774459.000,8,0
1789774463.205,22,122846d5-9579-4057-9045-4c476953bbde,1945726459.000,8,0
1789774463.205,12,122846d5-9579-4057-9045-4c476953bbde,,8,0
1789774463.405,23,122846d5-9579-4057-9045-4c476953bbde,1789774459.000,8,0
1789774463.473,9,122846d5-9579-4057-9045-4c476953bbde,1789774459.000,8,0
1789774463.646,14,122846d5-9579-4057-9045-4c476953bbde,1789774459.000,8,0
1789774463.747,24,122846d5-9579-4057-9045-4c476953bbde,1789774459.000,8,0
1789774463.747,10,122846d5-9579-4057-9045-4c476953bbde,,8,0
1789774463.812,11,122846d5-9579-4057-9045-4c476953bbde,1789774459.000,8,0
1789774464.316,13,122846d5-9579-4057-9045-4c476953bbde,1789774459.000,8,0
1789774464.754,0,122846d5-9579-4057-9045-4c476953bbde,1789774459.000,8,0
1789774464.754,15,122846d5-9579-4057-9045-4c476953bbde,1789774459.000,8,0
1789774464.812,1,122846d5-9579-4057-9045-4c476953bbde,1789774459.000,8,0
1789774465.056,16,122846d5-9579-4057-9045-4c476953bbde,1789774459.000,8,0
1789774465.195,2,122846d5-9579-4057-9045-4c476953bbde,-56396046338.000,8,0
1789774465.195,7,e5410ca7-539e-418c-a91c-7fa92422f37e,-56396046338.000,5,0
1789774465.195,7,8ad030fd-3e6d-40e6-991d-5b424569da7c,1789774463.000,6,0
1789774465.213,17,122846d5-9579-4057-9045-4c476953bbde,1789774459.000,8,0
1789774465.213,22,e5410ca7-539e-418c-a91c-7fa92422f37e,1789774462.000,5,0
1789774465.213,22,9ee2d6b4-558b-4f95-9f69-be4195a242a2,1789774462.000,7,0
1789774465.213,22,8ad030fd-3e6d-40e6-991d-5b424569da7c,1789774463.000,6,0
1789774465.324,18,122846d5-9579-4057-9045-4c476953bbde,1804721659.000,8,0
1789774465.324,3,122846d5-9579-4057-9045-4c476953bbde,1804721659.000,8,0
1789774465.480,4,122846d5-9579-4057-9045-4c476953bbde,1789774459.000,8,0
1789774465.661,19,e5410ca7-539e-418c-a91c-7fa92422f37e,1789774462.000,5,0
1789774465.661,19,9ee2d6b4-558b-4f95-9f69-be4195a242a2,1789774462.000,7,0
1789774465.661,19,8ad030fd-3e6d-40e6-991d-5b424569da7c,1789774463.000,6,0
1789774465.761,20,e5410ca7-539e-418c-a91c-7fa92422f37e,-61836740738.000,5,0
1789774465.761,5,9ee2d6b4-558b-4f95-9f69-be4195a242a2,,7,0
1789774465.761,20,9ee2d6b4-558b-4f95-9f69-be4195a242a2,1789774462.000,7,0
1789774465.761,5,8ad030fd-3e6d-40e6-991d-5b424569da7c,1789774463.000,6,0
1789774465.761,20,8ad030fd-3e6d-40e6-991d-5b424569da7c,1789774463.000,6,0
1789774465.812,6,e5410ca7-539e-418c-a91c-7fa92422f37e,1789774462.000,5,0
1789774465.812,6,9ee2d6b4-558b-4f95-9f69-be4195a242a2,1789774462.000,7,0
1789774466.065,21,e5410ca7-539e-418c-a91c-7fa92422f37e,1789774462.000,5,0
1789774466.065,21,9ee2d6b4-558b-4f95-9f69-be4195a242a2,1789774462.000,7,0
1789774466.065,21,8ad030fd-3e6d-40e6-991d-5b424569da7c,1789774463.000,6,0
1789774466.217,12,e5410ca7-539e-418c-a91c-7fa92422f37e,1789774462.000,5,0
1789774466.217,12,9ee2d6b4-558b-4f95-9f69-be4195a242a2,1789774462.000,7,0
1789774466.217,12,8ad030fd-3e6d-40e6-991d-5b424569da7c,1789774463.000,6,0
1789774466.331,8,e5410ca7-539e-418c-a91c-7fa92422f37e,1789774462.000,5,0
1789774466.331,8,9ee2d6b4-558b-4f95-9f69-be4195a242a2,1789774462.000,7,0
1789774466.331,8,8ad030fd-3e6d-40e6-991d-5b424569da7c,1789774463.000,6,0
1789774466.422,23,e5410ca7-539e-418c-a91c-7fa92422f37e,1789774462.000,5,0
1789774466.422,23,9ee2d6b4-558b-4f95-9f69-be4195a242a2,1789774462.000,7,0
1789774466.422,23,8ad030fd-3e6d-40e6-991d-5b424569da7c,1789774463.000,6,0
1789774466.487,9,e5410ca7-539e-418c-a91c-7fa92422f37e,1789774462.000,5,0
1789774466.487,9,9ee2d6b4-558b-4f95-9f69-be4195a242a2,1789774462.000,7,0
1789774466.487,9,8ad030fd-3e6d-40e6-991d-5b424569da7c,1789774463.000,6,0
1789774466.666,14,e5410ca7-539e-418c-a91c-7fa92422f37e,1789774462.000,5,0
1789774466.666,14,9ee2d6b4-558b-4f95-9f69-be4195a242a2,1789774462.000,7,0
1789774466.666,14,8ad030fd-3e6d-40e6-991d-5b424569da7c,1789774463.000,6,0
1789774466.771,24,e5410ca7-539e-418c-a91c-7fa92422f37e,1789774462.000,5,0
1789774466.771,10,e5410ca7-539e-418c-a91c-7fa92422f37e,1789774462.000,5,0
1789774466.771,24,9ee2d6b4-558b-4f95-9f69-be4195a242a2,1789774462.000,7,0
1789774466.771,24,8ad030fd-3e6d-40e6-991d-5b424569da7c,1789774463.000,6,0
1789774466.771,10,9ee2d6b4-558b-4f95-9f69-be4195a242a2,1789774462.000,7,0
1789774466.771,10,8ad030fd-3e6d-40e6-991d-5b424569da7c,1789774463.000,6,0
1789774466.813,11,e5410ca7-539e-418c-a91c-7fa92422f37e,1789774462.000,5,0
1789774466.813,11,9ee2d6b4-558b-4f95-9f69-be4195a242a2,1789774462.000,7,0
1789774466.813,11,8ad030fd-3e6d-40e6-991d-5b424569da7c,1789774463.000,6,0
1789774467.067,16,e5410ca7-539e-418c-a91c-7fa92422f37e,1789774462.000,5,0
1789774467.067,16,9ee2d6b4-558b-4f95-9f69-be4195a242a2,1789774462.000,7,0
1789774467.067,16,8ad030fd-3e6d-40e6-991d-5b424569da7c,1789774463.000,6,0
1789774467.339,13,e5410ca7-539e-418c-a91c-7fa92422f37e,1789774462.000,5,0
1789774467.339,13,9ee2d6b4-558b-4f95-9f69-be4195a242a2,1789774462.000,7,0
1789774467.339,13,8ad030fd-3e6d-40e6-991d-5b424569da7c,1789774463.000,6,0
1789774467.777,15,e5410ca7-539e-418c-a91c-7fa92422f37e,-52569649538.000,5,0
1789774467.777,0,e5410ca7-539e-418c-a91c-7fa92422f37e,-52569649538.000,5,0
1789774467.777,15,9ee2d6b4-558b-4f95-9f69-be4195a242a2,1789774462.000,7,0
1789774467.777,0,9ee2d6b4-558b-4f95-9f69-be4195a242a2,1789774462.000,7,0
1789774467.777,15,8ad030fd-3e6d-40e6-991d-5b424569da7c,1789774463.000,6,0
1789774467.777,0,8ad030fd-3e6d-40e6-991d-5b424569da7c,1789774463.000,6,0
1789774467.821,1,e5410ca7-539e-418c-a91c-7fa92422f37e,1789774462.000,5,0
1789774467.821,1,9ee2d6b4-558b-4f95-9f69-be4195a242a2,1789774462.000,7,0
1789774467.821,1,8ad030fd-3e6d-40e6-991d-5b424569da7c,1789774463.000,6,0
1789774468.075,21,785da373-a29d-455f-87d1-67b067872199,1789774466.000,24,0
1789774468.075,21,a9bfe5d3-3b5b-4eed-b639-95a6f193ddf9,1789774466.000,20,0
1789774468.203,2,e5410ca7-539e-418c-a91c-7fa92422f37e,1789774466.000,5,0
1789774468.203,7,785da373-a29d-455f-87d1-67b067872199,1789774466.000,24,0
1789774468.203,2,9ee2d6b4-558b-4f95-9f69-be4195a242a2,1789774462.000,7,0
1789774468.203,7,a9bfe5d3-3b5b-4eed-b639-95a6f193ddf9,1789774466.000,20,0
1789774468.203,2,8ad030fd-3e6d-40e6-991d-5b424569da7c,1789774463.000,6,0
1789774468.228,17,e5410ca7-539e-418c-a91c-7fa92422f37e,1789774462.000,5,0
1789774468.228,22,785da373-a29d-455f-87d1-67b067872199,1789774466.000,24,0
1789774468.228,17,9ee2d6b4-558b-4f95-9f69-be4195a242a2,1789774462.000,7,0
1789774468.228,22,a9bfe5d3-3b5b-4eed-b639-95a6f193ddf9,1789774466.000,20,0
1789774468.228,17,8ad030fd-3e6d-40e6-991d-5b424569da7c,1789774463.000,6,0
1789774468.350,18,e5410ca7-539e-418c-a91c-7fa92422f37e,1789774462.000,5,0
1789774468.350,3,e5410ca7-539e-418c-a91c-7fa92422f37e,1789774462.000,5,0
1789774468.350,18,9ee2d6b4-558b-4f95-9f69-be4195a242a2,,7,0
1789774468.350,3,9ee2d6b4-558b-4f95-9f69-be4195a242a2,1789774462.000,7,0
1789774468.350,18,8ad030fd-3e6d-40e6-991d-5b424569da7c,1789774463.000,6,0
1789774468.350,3,8ad030fd-3e6d-40e6-991d-5b424569da7c,1789774463.000,6,0
1789774468.499,4,e5410ca7-539e-418c-a91c-7fa92422f37e,1789774462.000,5,0
1789774468.499,4,9ee2d6b4-558b-4f95-9f69-be4195a242a2,1789774462.000,7,0
1789774468.499,4,8ad030fd-3e6d-40e6-991d-5b424569da7c,1789774463.000,6,0
1789774468.675,19,785da373-a29d-455f-87d1-67b067872199,1789774466.000,24,0
1789774468.675,19,a9bfe5d3-3b5b-4eed-b639-95a6f193ddf9,1789774466.000,20,0
1789774468.783,20,785da373-a29d-455f-87d1-67b067872199,1789774474.000,24,0
1789774468.783,5,785da373-a29d-455f-87d1-67b067872199,,24,0
1789774468.783,5,a9bfe5d3-3b5b-4eed-b639-95a6f193ddf9,1789774466.000,20,0
1789774468.822,6,785da373-a29d-455f-87d1-67b067872199,1789774466.000,24,0
1789774468.822,6,a9bfe5d3-3b5b-4eed-b639-95a6f193ddf9,1789774466.000,20,0
1789774469.233,12,785da373-a29d-455f-87d1-67b067872199,1789774466.000,24,0
1789774469.233,12,a9bfe5d3-3b5b-4eed-b639-95a6f193ddf9,1789774466.000,20,0
1789774469.357,8,785da373-a29d-455f-87d1-67b067872199,1789774466.000,24,0
1789774469.357,8,a9bfe5d3-3b5b-4eed-b639-95a6f193ddf9,1789774466.000,20,0
1789774469.442,23,785da373-a29d-455f-87d1-67b067872199,1789774466.000,24,0
1789774469.442,23,a9bfe5d3-3b5b-4eed-b639-95a6f193ddf9,1789774466.000,20,0
1789774469.509,9,785da373-a29d-455f-87d1-67b067872199,1789774466.000,24,0
1789774469.509,9,a9bfe5d3-3b5b-4eed-b639-95a6f193ddf9,1789774466.000,20,0
1789774469.685,14,785da373-a29d-455f-87d1-67b067872199,1789774466.000,24,0
1789774469.685,14,a9bfe5d3-3b5b-4eed-b639-95a6f193ddf9,1789774466.000,20,0
1789774469.792,24,a9bfe5d3-3b5b-4eed-b639-95a6f193ddf9,1789774466.000,20,0
1789774469.792,10,785da373-a29d-455f-87d1-67b067872199,1789774466.000,24,0
1789774469.792,10,a9bfe5d3-3b5b-4eed-b639-95a6f193ddf9,1789774466.000,20,0
1789774469.825,11,785da373-a29d-455f-87d1-67b067872199,1789774466.000,24,0
1789774469.825,11,a9bfe5d3-3b5b-4eed-b639-95a6f193ddf9,1789774466.000,20,0
1789774470.089,16,785da373-a29d-455f-87d1-67b067872199,1789774466.000,24,0
1789774470.089,16,a9bfe5d3-3b5b-4eed-b639-95a6f193ddf9,1789774466.000,20,0
1789774470.366,13,785da373-a29d-455f-87d1-67b067872199,1789774466.000,24,0
1789774470.366,13,a9bfe5d3-3b5b-4eed-b639-95a6f193ddf9,1789774466.000,20,0
1789774470.796,0,785da373-a29d-455f-87d1-67b067872199,1789774466.000,24,0
1789774470.796,15,785da373-a29d-455f-87d1-67b067872199,1789774466.000,24,0
1789774470.796,0,a9bfe5d3-3b5b-4eed-b639-95a6f193ddf9,1789774466.000,20,0
1789774470.796,15,a9bfe5d3-3b5b-4eed-b639-95a6f193ddf9,1789774466.000,20,0
1789774470.829,1,785da373-a29d-455f-87d1-67b067872199,1789774466.000,24,0
1789774470.829,1,a9bfe5d3-3b5b-4eed-b639-95a6f193ddf9,1789774466.000,20,0
1789774471.091,21,e45d56c5-ef7c-4c81-a7b2-59d174416362,1789774468.000,11,0
1789774471.091,21,c80f71a1-ae6f-4712-970a-0e1b495756e3,1789774469.000,19,0
1789774471.091,21,33e436a5-582a-4c98-8942-6ba04c0dbb13,1789774469.000,9,0
1789774471.091,21,c9a38000-ca22-4ee9-a499-0dbf6f48df6c,1789774469.000,4,0
1789774471.091,21,8b54810a-16ad-484a-bb27-06393a473a45,1789774470.000,1,0
1789774471.211,2,785da373-a29d-455f-87d1-67b067872199,-57106524334.000,24,0
1789774471.211,7,e45d56c5-ef7c-4c81-a7b2-59d174416362,-57106524334.000,11,0
1789774471.211,2,a9bfe5d3-3b5b-4eed-b639-95a6f193ddf9,1789774466.000,20,0
1789774471.211,7,c80f71a1-ae6f-4712-970a-0e1b495756e3,1789774469.000,19,0
1789774471.211,7,33e436a5-582a-4c98-8942-6ba04c0dbb13,1789774469.000,9,0
1789774471.211,7,c9a38000-ca22-4ee9-a499-0dbf6f48df6c,1789774469.000,4,0
1789774471.211,7,8b54810a-16ad-484a-bb27-06393a473a45,1789774470.000,1,0
1789774471.243,17,785da373-a29d-455f-87d1-67b067872199,1789774466.000,24,0
1789774471.243,22,e45d56c5-ef7c-4c81-a7b2-59d174416362,1789774468.000,11,0
1789774471.243,17,a9bfe5d3-3b5b-4eed-b639-95a6f193ddf9,1789774466.000,20,0
1789774471.243,22,c80f71a1-ae6f-4712-970a-0e1b495756e3,1789774469.000,19,0
1789774471.243,22,33e436a5-582a-4c98-8942-6ba04c0dbb13,1789774469.000,9,0
1789774471.243,22,c9a38000-ca22-4ee9-a499-0dbf6f48df6c,1789774469.000,4,0
1789774471.243,22,8b54810a-16ad-484a-bb27-06393a473a45,1789774470.000,1,0
1789774471.375,18,785da373-a29d-455f-87d1-67b067872199,1789773814.000,24,0
1789774471.375,3,785da373-a29d-455f-87d1-67b067872199,,24,0
1789774471.375,18,a9bfe5d3-3b5b-4eed-b639-95a6f193ddf9,1789774466.000,20,0
1789774471.375,3,a9bfe5d3-3b5b-4eed-b639-95a6f193ddf9,1789774466.000,20,0
1789774471.517,4,785da373-a29d-455f-87d1-67b067872199,1789774466.000,24,0
1789774471.517,4,a9bfe5d3-3b5b-4eed-b639-95a6f193ddf9,1789774466.000,20,0
1789774471.696,19,e45d56c5-ef7c-4c81-a7b2-59d174416362,1789774468.000,11,0
1789774471.696,19,33e436a5-582a-4c98-8942-6ba04c0dbb13,1789774469.000,9,0
1789774471.696,19,c9a38000-ca22-4ee9-a499-0dbf6f48df6c,1789774469.000,4,0
1789774471.696,19,8b54810a-16ad-484a-bb27-06393a473a45,1789774470.000,1,0
1789774471.803,20,e45d56c5-ef7c-4c81-a7b2-59d174416362,-61859377532.000,11,0
1789774471.803,5,e45d56c5-ef7c-4c81-a7b2-59d174416362,,11,0
1789774471.803,20,c80f71a1-ae6f-4712-970a-0e1b495756e3,1789774469.000,19,0
1789774471.803,5,c80f71a1-ae6f-4712-970a-0e1b495756e3,1789774469.000,19,0
1789774471.803,5,33e436a5-582a-4c98-8942-6ba04c0dbb13,1789774469.000,9,0
1789774471.803,20,33e436a5-582a-4c98-8942-6ba04c0dbb13,1789774469.000,9,0
1789774471.803,5,c9a38000-ca22-4ee9-a499-0dbf6f48df6c,1789774469.000,4,0
1789774471.803,20,c9a38000-ca22-4ee9-a499-0dbf6f48df6c,1789774469.000,4,0
1789774471.803,5,8b54810a-16ad-484a-bb27-06393a473a45,1789774470.000,1,0
1789774471.803,20,8b54810a-16ad-484a-bb27-06393a473a45,1789774470.000,1,0
1789774471.837,6,e45d56c5-ef7c-4c81-a7b2-59d174416362,1789774468.000,11,0
1789774471.837,6,c80f71a1-ae6f-4712-970a-0e1b495756e3,1789774469.000,19,0
1789774471.837,6,33e436a5-582a-4c98-8942-6ba04c0dbb13,1789774469.000,9,0
1789774471.837,6,c9a38000-ca22-4ee9-a499-0dbf6f48df6c,1789774469.000,4,0
1789774471.837,6,8b54810a-16ad-484a-bb27-06393a473a45,1789774470.000,1,0
1789774472.248,12,e45d56c5-ef7c-4c81-a7b2-59d174416362,1789774468.000,11,0
1789774472.248,12,c80f71a1-ae6f-4712-970a-0e1b495756e3,1789774469.000,19,0
1789774472.248,12,33e436a5-582a-4c98-8942-6ba04c0dbb13,1789774469.000,9,0
1789774472.248,12,c9a38000-ca22-4ee9-a499-0dbf6f48df6c,1789774469.000,4,0
1789774472.248,12,8b54810a-16ad-484a-bb27-06393a473a45,1789774470.000,1,0
1789774472.383,8,e45d56c5-ef7c-4c81-a7b2-59d174416362,1789774468.000,11,0
1789774472.383,8,c80f71a1-ae6f-4712-970a-0e1b495756e3,1789774469.000,19,0
1789774472.383,8,33e436a5-582a-4c98-8942-6ba04c0dbb13,1789774469.000,9,0
1789774472.383,8,c9a38000-ca22-4ee9-a499-0dbf6f48df6c,1789774469.000,4,0
1789774472.383,8,8b54810a-16ad-484a-bb27-06393a473a45,1789774470.000,1,0
1789774472.462,23,e45d56c5-ef7c-4c81-a7b2-59d174416362,1789774468.000,11,0
1789774472.462,23,c80f71a1-ae6f-4712-970a-0e1b495756e3,1789774469.000,19,0
1789774472.462,23,33e436a5-582a-4c98-8942-6ba04c0dbb13,1789774469.000,9,0
1789774472.462,23,c9a38000-ca22-4ee9-a499-0dbf6f48df6c,1789774469.000,4,0
1789774472.462,23,8b54810a-16ad-484a-bb27-06393a473a45,1789774470.000,1,0
1789774472.525,9,e45d56c5-ef7c-4c81-a7b2-59d174416362,1789774468.000,11,0
1789774472.525,9,c80f71a1-ae6f-4712-970a-0e1b495756e3,1789774469.000,19,0
1789774472.525,9,c9a38000-ca22-4ee9-a499-0dbf6f48df6c,1789774469.000,4,0
1789774472.525,9,8b54810a-16ad-484a-bb27-06393a473a45,1789774470.000,1,0
1789774472.705,14,e45d56c5-ef7c-4c81-a7b2-59d174416362,1789774468.000,11,0
1789774472.705,14,c80f71a1-ae6f-4712-970a-0e1b495756e3,1789774469.000,19,0
1789774472.705,14,33e436a5-582a-4c98-8942-6ba04c0dbb13,1789774469.000,9,0
1789774472.705,14,c9a38000-ca22-4ee9-a499-0dbf6f48df6c,1789774469.000,4,0
1789774472.705,14,8b54810a-16ad-484a-bb27-06393a473a45,1789774470.000,1,0
1789774472.813,24,e45d56c5-ef7c-4c81-a7b2-59d174416362,1789774468.000,11,0
1789774472.813,10,e45d56c5-ef7c-4c81-a7b2-59d174416362,1789774468.000,11,0
1789774472.813,24,c80f71a1-ae6f-4712-970a-0e1b495756e3,1789774469.000,19,0
1789774472.813,10,c80f71a1-ae6f-4712-970a-0e1b495756e3,1789774469.000,19,0
1789774472.813,24,33e436a5-582a-4c98-8942-6ba04c0dbb13,1789774469.000,9,0
1789774472.813,10,33e436a5-582a-4c98-8942-6ba04c0dbb13,1789774469.000,9,0
1789774472.813,24,c9a38000-ca22-4ee9-a499-0dbf6f48df6c,1789774469.000,4,0
1789774472.813,10,c9a38000-ca22-4ee9-a499-0dbf6f48df6c,1789774469.000,4,0
1789774472.813,24,8b54810a-16ad-484a-bb27-06393a473a45,1789774470.000,1,0
1789774472.813,10,8b54810a-16ad-484a-bb27-06393a473a45,1789774470.000,1,0
1789774472.846,11,c80f71a1-ae6f-4712-970a-0e1b495756e3,1789774469.000,19,0
1789774472.846,11,33e436a5-582a-4c98-8942-6ba04c0dbb13,1789774469.000,9,0
1789774472.846,11,c9a38000-ca22-4ee9-a499-0dbf6f48df6c,1789774469.000,4,0
1789774472.846,11,8b54810a-16ad-484a-bb27-06393a473a45,1789774470.000,1,0
1789774473.096,16,e45d56c5-ef7c-4c81-a7b2-59d174416362,1789774468.000,11,0
1789774473.096,16,c80f71a1-ae6f-4712-970a-0e1b495756e3,1789774469.000,19,0
1789774473.096,16,33e436a5-582a-4c98-8942-6ba04c0dbb13,1789774469.000,9,0
1789774473.096,16,c9a38000-ca22-4ee9-a499-0dbf6f48df6c,1789774469.000,4,0
1789774473.096,16,8b54810a-16ad-484a-bb27-06393a473a45,1789774470.000,1,0
1789774473.248,17,e45d56c5-ef7c-4c81-a7b2-59d174416362,1789774468.000,11,0
1789774473.248,17,c80f71a1-ae6f-4712-970a-0e1b495756e3,1789774469.000,19,0
1789774473.248,17,33e436a5-582a-4c98-8942-6ba04c0dbb13,1789774469.000,9,0
1789774473.248,17,c9a38000-ca22-4ee9-a499-0dbf6f48df6c,1789774469.000,4,0
1789774473.248,17,8b54810a-16ad-484a-bb27-06393a473a45,1789774470.000,1,0
1789774473.388,13,e45d56c5-ef7c-4c81-a7b2-59d174416362,1789774468.000,11,0
1789774473.388,13,c80f71a1-ae6f-4712-970a-0e1b495756e3,1789774469.000,19,0
1789774473.388,13,33e436a5-582a-4c98-8942-6ba04c0dbb13,1789774469.000,9,0
1789774473.388,13,c9a38000-ca22-4ee9-a499-0dbf6f48df6c,1789774469.000,4,0
1789774473.388,13,8b54810a-16ad-484a-bb27-06393a473a45,1789774470.000,1,0
1789774473.816,0,e45d56c5-ef7c-4c81-a7b2-59d174416362,-54005617532.000,11,0
1789774473.816,15,e45d56c5-ef7c-4c81-a7b2-59d174416362,-54005617532.000,11,0
1789774473.816,0,c80f71a1-ae6f-4712-970a-0e1b495756e3,1789774469.000,19,0
1789774473.816,15,c80f71a1-ae6f-4712-970a-0e1b495756e3,1789774469.000,19,0
1789774473.816,0,33e436a5-582a-4c98-8942-6ba04c0dbb13,1789774469.000,9,0
1789774473.816,15,33e436a5-582a-4c98-8942-6ba04c0dbb13,1789774469.000,9,0
1789774473.816,0,c9a38000-ca22-4ee9-a499-0dbf6f48df6c,1789774469.000,4,0
1789774473.816,15,c9a38000-ca22-4ee9-a499-0dbf6f48df6c,1789774469.000,4,0
1789774473.816,0,8b54810a-16ad-484a-bb27-06393a473a45,1789774470.000,1,0
1789774473.816,15,8b54810a-16ad-484a-bb27-06393a473a45,1789774470.000,1,0
1789774473.851,1,e45d56c5-ef7c-4c81-a7b2-59d174416362,1789774468.000,11,0
1789774473.851,1,c80f71a1-ae6f-4712-970a-0e1b495756e3,1789774469.000,19,0
1789774473.851,1,33e436a5-582a-4c98-8942-6ba04c0dbb13,1789774469.000,9,0
1789774473.851,1,c9a38000-ca22-4ee9-a499-0dbf6f48df6c,1789774469.000,4,0
1789774474.105,21,8ab595d7-1727-43b6-beb2-23627c665610,1789774472.000,23,0
1789774474.105,21,383f0246-2a52-4568-84bb-302ce641d445,1789774472.000,17,0
1789774474.105,21,dae173e6-c225-4e00-965f-1a1dbfa9a09c,1789774472.000,22,0
1789774474.221,7,8ab595d7-1727-43b6-beb2-23627c665610,-61837172728.000,23,0
1789774474.221,2,e45d56c5-ef7c-4c81-a7b2-59d174416362,,11,0
1789774474.221,7,383f0246-2a52-4568-84bb-302ce641d445,1789774472.000,17,0
1789774474.221,7,dae173e6-c225-4e00-965f-1a1dbfa9a09c,1789774472.000,22,0
1789774474.221,2,c80f71a1-ae6f-4712-970a-0e1b495756e3,1789774472.000,19,0
1789774474.221,2,33e436a5-582a-4c98-8942-6ba04c0dbb13,1789774469.000,9,0
1789774474.221,2,c9a38000-ca22-4ee9-a499-0dbf6f48df6c,1789774469.000,4,0
1789774474.221,2,8b54810a-16ad-484a-bb27-06393a473a45,1789774470.000,1,0
1789774474.252,22,8ab595d7-1727-43b6-beb2-23627c665610,1789774472.000,23,0
1789774474.252,22,383f0246-2a52-4568-84bb-302ce641d445,1789774472.000,17,0
1789774474.395,18,e45d56c5-ef7c-4c81-a7b2-59d174416362,-61576763786.000,11,0
1789774474.395,3,e45d56c5-ef7c-4c81-a7b2-59d174416362,,11,0
1789774474.395,18,c80f71a1-ae6f-4712-970a-0e1b495756e3,1789774469.000,19,0
1789774474.395,3,c80f71a1-ae6f-4712-970a-0e1b495756e3,1789774469.000,19,0
1789774474.395,18,33e436a5-582a-4c98-8942-6ba04c0dbb13,1789723103.000,9,0
1789774474.395,18,c9a38000-ca22-4ee9-a499-0dbf6f48df6c,1789774469.000,4,0
1789774474.395,3,33e436a5-582a-4c98-8942-6ba04c0dbb13,,9,0
1789774474.395,18,8b54810a-16ad-484a-bb27-06393a473a45,1789774470.000,1,0
1789774474.395,3,c9a38000-ca22-4ee9-a499-0dbf6f48df6c,1789774469.000,4,0
1789774474.395,3,8b54810a-16ad-484a-bb27-06393a473a45,1789774470.000,1,0
1789774474.532,4,e45d56c5-ef7c-4c81-a7b2-59d174416362,1789774468.000,11,0
1789774474.532,4,c80f71a1-ae6f-4712-970a-0e1b495756e3,1789774469.000,19,0
1789774474.532,4,33e436a5-582a-4c98-8942-6ba04c0dbb13,1789774469.000,9,0
1789774474.532,4,8b54810a-16ad-484a-bb27-06393a473a45,1789774470.000,1,0
1789774474.717,19,8ab595d7-1727-43b6-beb2-23627c665610,1789774472.000,23,0
1789774474.717,19,383f0246-2a52-4568-84bb-302ce641d445,1789774472.000,17,0
1789774474.717,19,dae173e6-c225-4e00-965f-1a1dbfa9a09c,1789774472.000,22,0
1789774474.823,5,8ab595d7-1727-43b6-beb2-23627c665610,1789774472.000,23,0
1789774474.823,5,383f0246-2a52-4568-84bb-302ce641d445,1789774472.000,17,0
1789774474.823,20,8ab595d7-1727-43b6-beb2-23627c665610,,23,0
1789774474.823,5,dae173e6-c225-4e00-965f-1a1dbfa9a09c,1789774472.000,22,0
1789774474.823,20,383f0246-2a52-4568-84bb-302ce641d445,1789774472.000,17,0
1789774474.823,20,dae173e6-c225-4e00-965f-1a1dbfa9a09c,1789774472.000,22,0
1789774474.860,6,8ab595d7-1727-43b6-beb2-23627c665610,1789774472.000,23,0
1789774474.860,6,383f0246-2a52-4568-84bb-302ce641d445,1789774472.000,17,0
1789774474.860,6,dae173e6-c225-4e00-965f-1a1dbfa9a09c,1789774472.000,22,0
1789774475.261,12,8ab595d7-1727-43b6-beb2-23627c665610,1789774472.000,23,0
1789774475.261,12,383f0246-2a52-4568-84bb-302ce641d445,1789774472.000,17,0
1789774475.261,12,dae173e6-c225-4e00-965f-1a1dbfa9a09c,1789774472.000,22,0
1789774475.395,8,8ab595d7-1727-43b6-beb2-23627c665610,1789774472.000,23,0
1789774475.395,8,383f0246-2a52-4568-84bb-302ce641d445,1789774472.000,17,0
1789774475.395,8,dae173e6-c225-4e00-965f-1a1dbfa9a09c,1789774472.000,22,0
1789774475.475,23,383f0246-2a52-4568-84bb-302ce641d445,1789774472.000,17,0
1789774475.475,23,dae173e6-c225-4e00-965f-1a1dbfa9a09c,1789774472.000,22,0
1789774475.542,9,8ab595d7-1727-43b6-beb2-23627c665610,1789774472.000,23,0
1789774475.542,9,383f0246-2a52-4568-84bb-302ce641d445,1789774472.000,17,0
1789774475.542,9,dae173e6-c225-4e00-965f-1a1dbfa9a09c,1789774472.000,22,0
1789774475.727,14,8ab595d7-1727-43b6-beb2-23627c665610,1789774472.000,23,0
1789774475.727,14,383f0246-2a52-4568-84bb-302ce641d445,1789774472.000,17,0
1789774475.727,14,dae173e6-c225-4e00-965f-1a1dbfa9a09c,1789774472.000,22,0
1789774475.823,24,8ab595d7-1727-43b6-beb2-23627c665610,1789774472.000,23,0
1789774475.823,10,8ab595d7-1727-43b6-beb2-23627c665610,1789774472.000,23,0
1789774475.823,24,383f0246-2a52-4568-84bb-302ce641d445,1789774472.000,17,0
1789774475.823,10,383f0246-2a52-4568-84bb-302ce641d445,1789774472.000,17,0
1789774475.823,24,dae173e6-c225-4e00-965f-1a1dbfa9a09c,1789774472.000,22,0
1789774475.823,10,dae173e6-c225-4e00-965f-1a1dbfa9a09c,1789774472.000,22,0
1789774475.868,11,8ab595d7-1727-43b6-beb2-23627c665610,1789774472.000,23,0
1789774475.868,11,383f0246-2a52-4568-84bb-302ce641d445,1789774472.000,17,0
1789774475.868,11,dae173e6-c225-4e00-965f-1a1dbfa9a09c,1789774472.000,22,0
1789774476.123,16,8ab595d7-1727-43b6-beb2-23627c665610,1789774472.000,23,0
1789774476.123,16,383f0246-2a52-4568-84bb-302ce641d445,1789774472.000,17,0
1789774476.123,16,dae173e6-c225-4e00-965f-1a1dbfa9a09c,1789774472.000,22,0
1789774476.231,2,8ab595d7-1727-43b6-beb2-23627c665610,1789774472.000,23,0
1789774476.231,2,383f0246-2a52-4568-84bb-302ce641d445,1789774472.000,17,0
1789774476.231,2,dae173e6-c225-4e00-965f-1a1dbfa9a09c,1789774472.000,22,0
1789774476.271,17,8ab595d7-1727-43b6-beb2-23627c665610,1789774472.000,23,0
1789774476.271,17,dae173e6-c225-4e00-965f-1a1dbfa9a09c,1789774472.000,22,0
1789774476.404,13,8ab595d7-1727-43b6-beb2-23627c665610,1789774472.000,23,0
1789774476.404,13,383f0246-2a52-4568-84bb-302ce641d445,1789774472.000,17,0
1789774476.404,13,dae173e6-c225-4e00-965f-1a1dbfa9a09c,1789774472.000,22,0
1789774476.831,0,8ab595d7-1727-43b6-beb2-23627c665610,969359672.000,23,0
1789774476.831,15,8ab595d7-1727-43b6-beb2-23627c665610,,23,0
1789774476.831,0,383f0246-2a52-4568-84bb-302ce641d445,1789774472.000,17,0
1789774476.831,15,383f0246-2a52-4568-84bb-302ce641d445,1789774472.000,17,0
1789774476.831,0,dae173e6-c225-4e00-965f-1a1dbfa9a09c,1789774472.000,22,0
1789774476.831,15,dae173e6-c225-4e00-965f-1a1dbfa9a09c,1789774472.000,22,0
1789774476.878,1,8ab595d7-1727-43b6-beb2-23627c665610,1789774472.000,23,0
1789774476.878,1,383f0246-2a52-4568-84bb-302ce641d445,1789774472.000,17,0
1789774476.878,1,dae173e6-c225-4e00-965f-1a1dbfa9a09c,1789774472.000,22,0
1789774477.131,21,005f69ca-7a3f-4b30-8911-60ab0349c6ab,1789774474.000,18,0
1789774477.131,21,a4d7bda1-42b2-40fd-ba16-db6616f59e57,1789774474.000,12,0
1789774477.131,21,f620b15d-8b9d-4929-8549-76a381cfca19,1789774475.000,2,0
1789774477.233,7,005f69ca-7a3f-4b30-8911-60ab0349c6ab,1789774474.000,18,0
1789774477.233,7,a4d7bda1-42b2-40fd-ba16-db6616f59e57,1789774474.000,12,0
1789774477.233,7,f620b15d-8b9d-4929-8549-76a381cfca19,1789774475.000,2,0
1789774477.279,22,005f69ca-7a3f-4b30-8911-60ab0349c6ab,1789774474.000,18,0
1789774477.279,22,a4d7bda1-42b2-40fd-ba16-db6616f59e57,1789774474.000,12,0
1789774477.279,22,f620b15d-8b9d-4929-8549-76a381cfca19,1789774475.000,2,0
1789774477.413,3,8ab595d7-1727-43b6-beb2-23627c665610,1788996872.000,23,0
1789774477.413,18,8ab595d7-1727-43b6-beb2-23627c665610,1788996872.000,23,0
1789774477.413,3,383f0246-2a52-4568-84bb-302ce641d445,1789774472.000,17,0
1789774477.413,18,383f0246-2a52-4568-84bb-302ce641d445,1789774472.000,17,0
1789774477.413,3,dae173e6-c225-4e00-965f-1a1dbfa9a09c,1789774472.000,22,0
1789774477.413,18,dae173e6-c225-4e00-965f-1a1dbfa9a09c,1789774472.000,22,0
1789774477.543,4,8ab595d7-1727-43b6-beb2-23627c665610,1789774472.000,23,0
1789774477.543,4,383f0246-2a52-4568-84bb-302ce641d445,1789774472.000,17,0
1789774477.543,4,dae173e6-c225-4e00-965f-1a1dbfa9a09c,1789774472.000,22,0
1789774477.741,19,005f69ca-7a3f-4b30-8911-60ab0349c6ab,1789774474.000,18,0
1789774477.741,19,a4d7bda1-42b2-40fd-ba16-db6616f59e57,1789774474.000,12,0
1789774477.741,19,f620b15d-8b9d-4929-8549-76a381cfca19,1789774475.000,2,0
1789774477.832,5,005f69ca-7a3f-4b30-8911-60ab0349c6ab,1789774474.000,18,0
1789774477.832,5,a4d7bda1-42b2-40fd-ba16-db6616f59e57,1789774474.000,12,0
1789774477.832,20,005f69ca-7a3f-4b30-8911-60ab0349c6ab,,18,0
1789774477.832,5,f620b15d-8b9d-4929-8549-76a381cfca19,1789774475.000,2,0
1789774477.832,20,a4d7bda1-42b2-40fd-ba16-db6616f59e57,1789774474.000,12,0
1789774477.832,20,f620b15d-8b9d-4929-8549-76a381cfca19,1789774475.000,2,0
1789774477.888,6,005f69ca-7a3f-4b30-8911-60ab0349c6ab,1789774474.000,18,0
1789774477.888,6,a4d7bda1-42b2-40fd-ba16-db6616f59e57,1789774474.000,12,0
1789774477.888,6,f620b15d-8b9d-4929-8549-76a381cfca19,1789774475.000,2,0
1789774478.290,12,005f69ca-7a3f-4b30-8911-60ab0349c6ab,1789774474.000,18,0
1789774478.290,12,f620b15d-8b9d-4929-8549-76a381cfca19,1789774475.000,2,0
1789774478.419,8,005f69ca-7a3f-4b30-8911-60ab0349c6ab,1789774474.000,18,0
1789774478.419,8,a4d7bda1-42b2-40fd-ba16-db6616f59e57,1789774474.000,12,0
1789774478.419,8,f620b15d-8b9d-4929-8549-76a381cfca19,1789774475.000,2,0
1789774478.496,23,005f69ca-7a3f-4b30-8911-60ab0349c6ab,1789774474.000,18,0
1789774478.496,23,a4d7bda1-42b2-40fd-ba16-db6616f59e57,1789774474.000,12,0
1789774478.496,23,f620b15d-8b9d-4929-8549-76a381cfca19,1789774475.000,2,0
1789774478.549,9,005f69ca-7a3f-4b30-8911-60ab0349c6ab,1789774474.000,18,0
1789774478.549,9,a4d7bda1-42b2-40fd-ba16-db6616f59e57,1789774474.000,12,0
1789774478.549,9,f620b15d-8b9d-4929-8549-76a381cfca19,1789774475.000,2,0
1789774478.748,14,005f69ca-7a3f-4b30-8911-60ab0349c6ab,1789774474.000,18,0
1789774478.748,14,a4d7bda1-42b2-40fd-ba16-db6616f59e57,1789774474.000,12,0
1789774478.748,14,f620b15d-8b9d-4929-8549-76a381cfca19,1789774475.000,2,0
1789774478.834,24,005f69ca-7a3f-4b30-8911-60ab0349c6ab,1789774474.000,18,0
1789774478.834,10,005f69ca-7a3f-4b30-8911-60ab0349c6ab,1789774474.000,18,0
1789774478.834,24,a4d7bda1-42b2-40fd-ba16-db6616f59e57,1789774474.000,12,0
1789774478.834,10,a4d7bda1-42b2-40fd-ba16-db6616f59e57,1789774474.000,12,0
1789774478.834,24,f620b15d-8b9d-4929-8549-76a381cfca19,1789774475.000,2,0
1789774478.834,10,f620b15d-8b9d-4929-8549-76a381cfca19,1789774475.000,2,0
1789774478.893,11,005f69ca-7a3f-4b30-8911-60ab0349c6ab,1789774474.000,18,0
1789774478.893,11,a4d7bda1-42b2-40fd-ba16-db6616f59e57,1789774474.000,12,0
1789774478.893,11,f620b15d-8b9d-4929-8549-76a381cfca19,1789774475.000,2,0
1789774479.147,16,005f69ca-7a3f-4b30-8911-60ab0349c6ab,1789774474.000,18,0
1789774479.147,16,a4d7bda1-42b2-40fd-ba16-db6616f59e57,1789774474.000,12,0
1789774479.147,16,f620b15d-8b9d-4929-8549-76a381cfca19,1789774475.000,2,0
1789774479.242,2,005f69ca-7a3f-4b30-8911-60ab0349c6ab,1789774474.000,18,0
1789774479.242,2,a4d7bda1-42b2-40fd-ba16-db6616f59e57,1789774474.000,12,0
1789774479.295,17,005f69ca-7a3f-4b30-8911-60ab0349c6ab,1789774474.000,18,0
1789774479.295,17,a4d7bda1-42b2-40fd-ba16-db6616f59e57,1789774474.000,12,0
1789774479.295,17,f620b15d-8b9d-4929-8549-76a381cfca19,1789774475.000,2,0
1789774479.423,13,005f69ca-7a3f-4b30-8911-60ab0349c6ab,1789774474.000,18,0
1789774479.423,13,a4d7bda1-42b2-40fd-ba16-db6616f59e57,1789774474.000,12,0
1789774479.423,13,f620b15d-8b9d-4929-8549-76a381cfca19,1789774475.000,2,0
1789774479.842,0,005f69ca-7a3f-4b30-8911-60ab0349c6ab,1788995914.000,18,0
1789774479.842,0,a4d7bda1-42b2-40fd-ba16-db6616f59e57,1789774474.000,12,0
1789774479.842,0,f620b15d-8b9d-4929-8549-76a381cfca19,1789774475.000,2,0
1789774479.842,15,005f69ca-7a3f-4b30-8911-60ab0349c6ab,,18,0
1789774479.842,15,a4d7bda1-42b2-40fd-ba16-db6616f59e57,1789774474.000,12,0
1789774479.842,15,f620b15d-8b9d-4929-8549-76a381cfca19,1789774475.000,2,0
1789774479.903,1,005f69ca-7a3f-4b30-8911-60ab0349c6ab,1789774474.000,18,0
1789774479.903,1,a4d7bda1-42b2-40fd-ba16-db6616f59e57,1789774474.000,12,0
1789774479.903,1,f620b15d-8b9d-4929-8549-76a381cfca19,1789774475.000,2,0
1789774480.155,21,6b5a764b-ec6a-4e82-90ba-7769322e601a,1789774479.000,13,0
1789774480.155,21,2d082ed2-5b3d-471e-9f3c-27d2254adc27,1789774479.000,3,0
1789774480.244,7,6b5a764b-ec6a-4e82-90ba-7769322e601a,1789774479.000,13,0
1789774480.244,7,2d082ed2-5b3d-471e-9f3c-27d2254adc27,1789774479.000,3,0
1789774480.305,22,6b5a764b-ec6a-4e82-90ba-7769322e601a,1789774479.000,13,0
1789774480.305,22,2d082ed2-5b3d-471e-9f3c-27d2254adc27,1789774479.000,3,0
1789774480.429,3,005f69ca-7a3f-4b30-8911-60ab0349c6ab,1788978214.000,18,0
1789774480.429,18,a4d7bda1-42b2-40fd-ba16-db6616f59e57,,12,0
1789774480.429,3,a4d7bda1-42b2-40fd-ba16-db6616f59e57,1789774474.000,12,0
1789774480.429,18,f620b15d-8b9d-4929-8549-76a381cfca19,1789774475.000,2,0
1789774480.429,3,f620b15d-8b9d-4929-8549-76a381cfca19,1789774475.000,2,0
1789774480.557,4,005f69ca-7a3f-4b30-8911-60ab0349c6ab,1789774474.000,18,0
1789774480.557,4,a4d7bda1-42b2-40fd-ba16-db6616f59e57,1789774474.000,12,0
1789774480.557,4,f620b15d-8b9d-4929-8549-76a381cfca19,1789774475.000,2,0
1789774480.761,19,6b5a764b-ec6a-4e82-90ba-7769322e601a,1789774479.000,13,0
1789774480.761,19,2d082ed2-5b3d-471e-9f3c-27d2254adc27,1789774479.000,3,0
1789774480.842,5,6b5a764b-ec6a-4e82-90ba-7769322e601a,-61860759921.000,13,0
1789774480.842,5,2d082ed2-5b3d-471e-9f3c-27d2254adc27,1789774479.000,3,0
1789774480.842,20,6b5a764b-ec6a-4e82-90ba-7769322e601a,-61860759921.000,13,0
1789774480.842,20,2d082ed2-5b3d-471e-9f3c-27d2254adc27,1789774479.000,3,0
1789774480.909,6,6b5a764b-ec6a-4e82-90ba-7769322e601a,1789774479.000,13,0
1789774480.909,6,2d082ed2-5b3d-471e-9f3c-27d2254adc27,1789774479.000,3,0
1789774481.313,12,6b5a764b-ec6a-4e82-90ba-7769322e601a,1789774479.000,13,0
1789774481.313,12,2d082ed2-5b3d-471e-9f3c-27d2254adc27,1789774479.000,3,0
1789774481.439,8,6b5a764b-ec6a-4e82-90ba-7769322e601a,1789774479.000,13,0
1789774481.439,8,2d082ed2-5b3d-471e-9f3c-27d2254adc27,1789774479.000,3,0
1789774481.508,23,6b5a764b-ec6a-4e82-90ba-7769322e601a,1789774479.000,13,0
1789774481.508,23,2d082ed2-5b3d-471e-9f3c-27d2254adc27,1789774479.000,3,0
1789774481.561,9,6b5a764b-ec6a-4e82-90ba-7769322e601a,1789774479.000,13,0
1789774481.561,9,2d082ed2-5b3d-471e-9f3c-27d2254adc27,1789774479.000,3,0
1789774481.763,14,6b5a764b-ec6a-4e82-90ba-7769322e601a,1789774479.000,13,0
1789774481.763,14,2d082ed2-5b3d-471e-9f3c-27d2254adc27,1789774479.000,3,0
1789774481.843,24,6b5a764b-ec6a-4e82-90ba-7769322e601a,1789756479.000,13,0
1789774481.843,24,2d082ed2-5b3d-471e-9f3c-27d2254adc27,1789774479.000,3,0
1789774481.843,10,6b5a764b-ec6a-4e82-90ba-7769322e601a,,13,0
1789774481.843,10,2d082ed2-5b3d-471e-9f3c-27d2254adc27,1789774479.000,3,0
1789774481.912,11,6b5a764b-ec6a-4e82-90ba-7769322e601a,1789774479.000,13,0
1789774481.912,11,2d082ed2-5b3d-471e-9f3c-27d2254adc27,1789774479.000,3,0
1789774482.165,16,6b5a764b-ec6a-4e82-90ba-7769322e601a,1789774479.000,13,0
1789774482.165,16,2d082ed2-5b3d-471e-9f3c-27d2254adc27,1789774479.000,3,0
1789774482.254,2,6b5a764b-ec6a-4e82-90ba-7769322e601a,1789774479.000,13,0
1789774482.254,2,2d082ed2-5b3d-471e-9f3c-27d2254adc27,1789774479.000,3,0
1789774482.320,17,6b5a764b-ec6a-4e82-90ba-7769322e601a,1789774479.000,13,0
1789774482.320,17,2d082ed2-5b3d-471e-9f3c-27d2254adc27,1789774479.000,3,0
1789774482.446,18,6b5a764b-ec6a-4e82-90ba-7769322e601a,1789723103.000,13,0
1789774482.446,13,2d082ed2-5b3d-471e-9f3c-27d2254adc27,,3,0
1789774482.446,18,2d082ed2-5b3d-471e-9f3c-27d2254adc27,1789774479.000,3,0
1789774482.446,3,6b5a764b-ec6a-4e82-90ba-7769322e601a,1789774479.000,13,0
1789774482.848,0,6b5a764b-ec6a-4e82-90ba-7769322e601a,1789774479.000,13,0
1789774482.848,15,6b5a764b-ec6a-4e82-90ba-7769322e601a,1789774479.000,13,0
1789774482.848,0,2d082ed2-5b3d-471e-9f3c-27d2254adc27,1789774479.000,3,0
1789774482.848,15,2d082ed2-5b3d-471e-9f3c-27d2254adc27,1789774479.000,3,0
1789774482.921,1,6b5a764b-ec6a-4e82-90ba-7769322e601a,1789774479.000,13,0
1789774482.921,1,2d082ed2-5b3d-471e-9f3c-27d2254adc27,1789774479.000,3,0
1789774483.176,21,a6915a58-6a07-48c7-bcfc-69ec72498390,1789774482.000,15,0
1789774483.263,7,6c272238-ee2b-4e79-ba2b-c420985a1c94,1789774480.000,21,0
1789774483.263,7,a6915a58-6a07-48c7-bcfc-69ec72498390,1789774482.000,15,0
1789774483.329,22,6c272238-ee2b-4e79-ba2b-c420985a1c94,1789774480.000,21,0
1789774483.329,22,a6915a58-6a07-48c7-bcfc-69ec72498390,1789774482.000,15,0
1789774483.573,4,6b5a764b-ec6a-4e82-90ba-7769322e601a,1789774479.000,13,0
1789774483.573,4,2d082ed2-5b3d-471e-9f3c-27d2254adc27,1789774479.000,3,0
1789774483.780,19,6c272238-ee2b-4e79-ba2b-c420985a1c94,1789774480.000,21,0
1789774483.780,19,a6915a58-6a07-48c7-bcfc-69ec72498390,1789774482.000,15,0
1789774483.849,5,6c272238-ee2b-4e79-ba2b-c420985a1c94,1789774480.000,21,0
1789774483.849,20,6c272238-ee2b-4e79-ba2b-c420985a1c94,1789774480.000,21,0
1789774483.849,5,a6915a58-6a07-48c7-bcfc-69ec72498390,1789774482.000,15,0
1789774483.849,20,a6915a58-6a07-48c7-bcfc-69ec72498390,1789774482.000,15,0
1789774483.928,6,6c272238-ee2b-4e79-ba2b-c420985a1c94,1789774480.000,21,0
1789774483.928,6,a6915a58-6a07-48c7-bcfc-69ec72498390,1789774482.000,15,0
1789774484.336,12,6c272238-ee2b-4e79-ba2b-c420985a1c94,1789774480.000,21,0
1789774484.336,12,a6915a58-6a07-48c7-bcfc-69ec72498390,1789774482.000,15,0
1789774484.455,8,6c272238-ee2b-4e79-ba2b-c420985a1c94,1789774480.000,21,0
1789774484.455,8,a6915a58-6a07-48c7-bcfc-69ec72498390,1789774482.000,15,0
1789774484.521,23,6c272238-ee2b-4e79-ba2b-c420985a1c94,1789774480.000,21,0
1789774484.521,23,a6915a58-6a07-48c7-bcfc-69ec72498390,1789774482.000,15,0
1789774484.579,9,6c272238-ee2b-4e79-ba2b-c420985a1c94,1789774480.000,21,0
1789774484.579,9,a6915a58-6a07-48c7-bcfc-69ec72498390,1789774482.000,15,0
1789774484.788,14,6c272238-ee2b-4e79-ba2b-c420985a1c94,1789774480.000,21,0
1789774484.788,14,a6915a58-6a07-48c7-bcfc-69ec72498390,1789774482.000,15,0
1789774484.851,24,6c272238-ee2b-4e79-ba2b-c420985a1c94,1789774480.000,21,0
1789774484.851,10,6c272238-ee2b-4e79-ba2b-c420985a1c94,1789774480.000,21,0
1789774484.851,24,a6915a58-6a07-48c7-bcfc-69ec72498390,1789774482.000,15,0
1789774484.851,10,a6915a58-6a07-48c7-bcfc-69ec72498390,1789774482.000,15,0
1789774484.935,11,6c272238-ee2b-4e79-ba2b-c420985a1c94,1789774480.000,21,0
1789774484.935,11,a6915a58-6a07-48c7-bcfc-69ec72498390,1789774482.000,15,0
1789774485.187,16,6c272238-ee2b-4e79-ba2b-c420985a1c94,1789774480.000,21,0
1789774485.187,16,a6915a58-6a07-48c7-bcfc-69ec72498390,1789774482.000,15,0
1789774485.274,2,6c272238-ee2b-4e79-ba2b-c420985a1c94,1789774480.000,21,0
1789774485.274,2,a6915a58-6a07-48c7-bcfc-69ec72498390,1789774482.000,15,0
1789774485.346,17,6c272238-ee2b-4e79-ba2b-c420985a1c94,1789774480.000,21,0
1789774485.346,17,a6915a58-6a07-48c7-bcfc-69ec72498390,1789774482.000,15,0
1789774485.459,13,6c272238-ee2b-4e79-ba2b-c420985a1c94,1789774458.000,21,0
1789774485.459,18,6c272238-ee2b-4e79-ba2b-c420985a1c94,,21,0
1789774485.459,13,a6915a58-6a07-48c7-bcfc-69ec72498390,1789774482.000,15,0
1789774485.459,18,a6915a58-6a07-48c7-bcfc-69ec72498390,1789774482.000,15,0
1789774485.459,3,6c272238-ee2b-4e79-ba2b-c420985a1c94,1789774480.000,21,0
1789774485.459,3,a6915a58-6a07-48c7-bcfc-69ec72498390,1789774482.000,15,0
1789774485.854,15,6c272238-ee2b-4e79-ba2b-c420985a1c94,1789774620.000,21,0
1789774485.854,0,6c272238-ee2b-4e79-ba2b-c420985a1c94,,21,0
1789774485.854,0,a6915a58-6a07-48c7-bcfc-69ec72498390,1789774482.000,15,0
1789774485.945,1,6c272238-ee2b-4e79-ba2b-c420985a1c94,1789774480.000,21,0
1789774485.945,1,a6915a58-6a07-48c7-bcfc-69ec72498390,1789774482.000,15,0
1789774486.192,21,b76fa256-00d7-4462-84d7-688fd40f8758,1789774484.000,0,0
1789774486.192,21,ad87db72-b4f1-4c4e-ae6a-5891c9209f0d,1789774485.000,16,0
1789774486.276,7,b76fa256-00d7-4462-84d7-688fd40f8758,1789774484.000,0,0
1789774486.276,7,ad87db72-b4f1-4c4e-ae6a-5891c9209f0d,1789774485.000,16,0
1789774486.355,22,b76fa256-00d7-4462-84d7-688fd40f8758,1789774484.000,0,0
1789774486.355,22,ad87db72-b4f1-4c4e-ae6a-5891c9209f0d,1789774485.000,16,0
1789774486.462,8,b76fa256-00d7-4462-84d7-688fd40f8758,1789774484.000,0,0
1789774486.462,8,ad87db72-b4f1-4c4e-ae6a-5891c9209f0d,1789774485.000,16,0
1789774486.597,4,6c272238-ee2b-4e79-ba2b-c420985a1c94,1789774480.000,21,0
1789774486.597,4,a6915a58-6a07-48c7-bcfc-69ec72498390,1789774482.000,15,0
1789774486.803,19,b76fa256-00d7-4462-84d7-688fd40f8758,1789774484.000,0,0
1789774486.803,19,ad87db72-b4f1-4c4e-ae6a-5891c9209f0d,1789774485.000,16,0
1789774486.855,5,b76fa256-00d7-4462-84d7-688fd40f8758,1789773814.000,0,0
1789774486.855,20,b76fa256-00d7-4462-84d7-688fd40f8758,,0,0
1789774486.855,5,ad87db72-b4f1-4c4e-ae6a-5891c9209f0d,1789774485.000,16,0
1789774486.855,20,ad87db72-b4f1-4c4e-ae6a-5891c9209f0d,1789774485.000,16,0
1789774486.953,6,b76fa256-00d7-4462-84d7-688fd40f8758,1789774484.000,0,0
1789774486.953,6,ad87db72-b4f1-4c4e-ae6a-5891c9209f0d,1789774485.000,16,0
1789774487.363,12,b76fa256-00d7-4462-84d7-688fd40f8758,1789774484.000,0,0
1789774487.363,12,ad87db72-b4f1-4c4e-ae6a-5891c9209f0d,1789774485.000,16,0
1789774487.536,23,b76fa256-00d7-4462-84d7-688fd40f8758,1789774484.000,0,0
1789774487.536,23,ad87db72-b4f1-4c4e-ae6a-5891c9209f0d,1789774485.000,16,0
1789774487.809,14,b76fa256-00d7-4462-84d7-688fd40f8758,1789774484.000,0,0
1789774487.809,14,ad87db72-b4f1-4c4e-ae6a-5891c9209f0d,1789774485.000,16,0
1789774487.856,24,b76fa256-00d7-4462-84d7-688fd40f8758,1789774484.000,0,0
1789774487.856,24,ad87db72-b4f1-4c4e-ae6a-5891c9209f0d,1789774485.000,16,0
