received_ts,session,message_id,created_ts,from_session,duplicate
1789772758.093,1,d275914a-edda-4d9d-a6f8-8283d72d468a,1789772756.000,5,0
1789772758.152,16,d275914a-edda-4d9d-a6f8-8283d72d468a,1789772756.000,5,0
1789772758.303,2,d275914a-edda-4d9d-a6f8-8283d72d468a,1789772756.000,5,0
1789772758.347,17,d275914a-edda-4d9d-a6f8-8283d72d468a,1789772756.000,5,0
1789772758.512,3,d275914a-edda-4d9d-a6f8-8283d72d468a,1789772756.000,5,0
1789772758.561,18,d275914a-edda-4d9d-a6f8-8283d72d468a,1789772756.000,5,0
1789772758.726,4,d275914a-edda-4d9d-a6f8-8283d72d468a,1789772756.000,5,0
1789772758.760,19,d275914a-edda-4d9d-a6f8-8283d72d468a,1789772756.000,5,0
1789772758.972,20,d275914a-edda-4d9d-a6f8-8283d72d468a,1789772756.000,5,0
1789772759.123,6,d275914a-edda-4d9d-a6f8-8283d72d468a,1789772756.000,5,0
1789772759.187,21,d275914a-edda-4d9d-a6f8-8283d72d468a,1789772756.000,5,0
1789772759.316,7,d275914a-edda-4d9d-a6f8-8283d72d468a,1789772756.000,5,0
1789772759.366,22,d275914a-edda-4d9d-a6f8-8283d72d468a,1789772756.000,5,0
1789772759.516,8,d275914a-edda-4d9d-a6f8-8283d72d468a,1789772756.000,5,0
1789772759.564,23,d275914a-edda-4d9d-a6f8-8283d72d468a,1789772756.000,5,0
1789772759.728,9,d275914a-edda-4d9d-a6f8-8283d72d468a,1789772756.000,5,0
1789772759.773,24,d275914a-edda-4d9d-a6f8-8283d72d468a,1789772756.000,5,0
1789772759.931,10,d275914a-edda-4d9d-a6f8-8283d72d468a,1789772756.000,5,0
1789772760.160,11,d275914a-edda-4d9d-a6f8-8283d72d468a,1789772756.000,5,0
1789772760.333,12,d275914a-edda-4d9d-a6f8-8283d72d468a,1789772756.000,5,0
1789772760.543,13,d275914a-edda-4d9d-a6f8-8283d72d468a,1789772756.000,5,0
1789772760.750,14,d275914a-edda-4d9d-a6f8-8283d72d468a,1789772756.000,5,0
1789772760.932,0,d275914a-edda-4d9d-a6f8-8283d72d468a,1789772756.000,5,0
1789772760.954,15,d275914a-edda-4d9d-a6f8-8283d72d468a,1789772756.000,5,0
1789772764.117,1,06ee53b7-a241-402e-b20c-1bf0d2cf26f7,1789772760.000,22,0
1789772764.117,1,79bc0e27-6112-4476-be8b-89b7b45df9d9,1789772761.000,4,0
1789772764.117,1,1cc4f930-7020-4234-9b5c-575ad0beb560,1789772761.000,15,0
1789772764.117,1,1caa92c1-d0f0-415f-8b45-155dc94e1e73,1789772762.000,21,0
1789772764.168,16,06ee53b7-a241-402e-b20c-1bf0d2cf26f7,1789772760.000,22,0
1789772764.168,16,79bc0e27-6112-4476-be8b-89b7b45df9d9,1789772761.000,4,0
1789772764.168,16,1cc4f930-7020-4234-9b5c-575ad0beb560,1789772761.000,15,0
1789772764.168,16,1caa92c1-d0f0-415f-8b45-155dc94e1e73,1789772762.000,21,0
1789772764.325,2,06ee53b7-a241-402e-b20c-1bf0d2cf26f7,1789772760.000,22,0
1789772764.325,2,79bc0e27-6112-4476-be8b-89b7b45df9d9,1789772761.000,4,0
1789772764.325,2,1cc4f930-7020-4234-9b5c-575ad0beb560,1789772761.000,15,0
1789772764.325,2,1caa92c1-d0f0-415f-8b45-155dc94e1e73,1789772762.000,21,0
1789772764.363,17,06ee53b7-a241-402e-b20c-1bf0d2cf26f7,1789772760.000,22,0
1789772764.363,17,79bc0e27-6112-4476-be8b-89b7b45df9d9,1789772761.000,4,0
1789772764.363,17,1cc4f930-7020-4234-9b5c-575ad0beb560,1789772761.000,15,0
1789772764.363,17,1caa92c1-d0f0-415f-8b45-155dc94e1e73,1789772762.000,21,0
1789772764.526,3,06ee53b7-a241-402e-b20c-1bf0d2cf26f7,1789772760.000,22,0
1789772764.526,3,79bc0e27-6112-4476-be8b-89b7b45df9d9,1789772761.000,4,0
1789772764.526,3,1cc4f930-7020-4234-9b5c-575ad0beb560,1789772761.000,15,0
1789772764.526,3,1caa92c1-d0f0-415f-8b45-155dc94e1e73,1789772762.000,21,0
1789772764.583,18,06ee53b7-a241-402e-b20c-1bf0d2cf26f7,1789772760.000,22,0
1789772764.583,18,79bc0e27-6112-4476-be8b-89b7b45df9d9,1789772761.000,4,0
1789772764.583,18,1cc4f930-7020-4234-9b5c-575ad0beb560,1789772761.000,15,0
1789772764.583,18,1caa92c1-d0f0-415f-8b45-155dc94e1e73,1789772762.000,21,0
1789772764.739,4,06ee53b7-a241-402e-b20c-1bf0d2cf26f7,1789772760.000,22,0
1789772764.739,4,1cc4f930-7020-4234-9b5c-575ad0beb560,1789772761.000,15,0
1789772764.739,4,1caa92c1-d0f0-415f-8b45-155dc94e1e73,1789772762.000,21,0
1789772764.769,19,06ee53b7-a241-402e-b20c-1bf0d2cf26f7,1789772760.000,22,0
1789772764.769,19,79bc0e27-6112-4476-be8b-89b7b45df9d9,1789772761.000,4,0
1789772764.769,19,1cc4f930-7020-4234-9b5c-575ad0beb560,1789772761.000,15,0
1789772764.769,19,1caa92c1-d0f0-415f-8b45-155dc94e1e73,1789772762.000,21,0
1789772764.952,5,06ee53b7-a241-402e-b20c-1bf0d2cf26f7,1789772760.000,22,0
1789772764.952,5,79bc0e27-6112-4476-be8b-89b7b45df9d9,1789772761.000,4,0
1789772764.952,5,1cc4f930-7020-4234-9b5c-575ad0beb560,1789772761.000,15,0
1789772764.952,5,1caa92c1-d0f0-415f-8b45-155dc94e1e73,1789772762.000,21,0
1789772764.996,20,06ee53b7-a241-402e-b20c-1bf0d2cf26f7,1789772760.000,22,0
1789772764.996,20,79bc0e27-6112-4476-be8b-89b7b45df9d9,1789772761.000,4,0
1789772764.996,20,1cc4f930-7020-4234-9b5c-575ad0beb560,1789772761.000,15,0
1789772764.996,20,1caa92c1-d0f0-415f-8b45-155dc94e1e73,1789772762.000,21,0
1789772765.150,6,06ee53b7-a241-402e-b20c-1bf0d2cf26f7,1789772760.000,22,0
1789772765.150,6,79bc0e27-6112-4476-be8b-89b7b45df9d9,1789772761.000,4,0
1789772765.150,6,1cc4f930-7020-4234-9b5c-575ad0beb560,1789772761.000,15,0
1789772765.150,6,1caa92c1-d0f0-415f-8b45-155dc94e1e73,1789772762.000,21,0
1789772765.206,21,06ee53b7-a241-402e-b20c-1bf0d2cf26f7,1789772760.000,22,0
1789772765.206,21,79bc0e27-6112-4476-be8b-89b7b45df9d9,1789772761.000,4,0
1789772765.206,21,1cc4f930-7020-4234-9b5c-575ad0beb560,1789772761.000,15,0
1789772765.328,7,06ee53b7-a241-402e-b20c-1bf0d2cf26f7,1789772760.000,22,0
1789772765.328,7,79bc0e27-6112-4476-be8b-89b7b45df9d9,1789772761.000,4,0
1789772765.328,7,1cc4f930-7020-4234-9b5c-575ad0beb560,1789772761.000,15,0
1789772765.328,7,1caa92c1-d0f0-415f-8b45-155dc94e1e73,1789772762.000,21,0
1789772765.379,22,79bc0e27-6112-4476-be8b-89b7b45df9d9,1789772761.000,4,0
1789772765.379,22,1cc4f930-7020-4234-9b5c-575ad0beb560,1789772761.000,15,0
1789772765.379,22,1caa92c1-d0f0-415f-8b45-155dc94e1e73,1789772762.000,21,0
1789772765.529,8,06ee53b7-a241-402e-b20c-1bf0d2cf26f7,1789772760.000,22,0
1789772765.529,8,79bc0e27-6112-4476-be8b-89b7b45df9d9,1789772761.000,4,0
1789772765.529,8,1cc4f930-7020-4234-9b5c-575ad0beb560,1789772761.000,15,0
1789772765.529,8,1caa92c1-d0f0-415f-8b45-155dc94e1e73,1789772762.000,21,0
1789772765.588,23,06ee53b7-a241-402e-b20c-1bf0d2cf26f7,1789772760.000,22,0
1789772765.588,23,79bc0e27-6112-4476-be8b-89b7b45df9d9,1789772761.000,4,0
1789772765.588,23,1cc4f930-7020-4234-9b5c-575ad0beb560,1789772761.000,15,0
1789772765.588,23,1caa92c1-d0f0-415f-8b45-155dc94e1e73,1789772762.000,21,0
1789772765.742,9,06ee53b7-a241-402e-b20c-1bf0d2cf26f7,1789772760.000,22,0
1789772765.742,9,79bc0e27-6112-4476-be8b-89b7b45df9d9,1789772761.000,4,0
1789772765.742,9,1cc4f930-7020-4234-9b5c-575ad0beb560,1789772761.000,15,0
1789772765.742,9,1caa92c1-d0f0-415f-8b45-155dc94e1e73,1789772762.000,21,0
1789772765.779,24,06ee53b7-a241-402e-b20c-1bf0d2cf26f7,1789772760.000,22,0
1789772765.779,24,79bc0e27-6112-4476-be8b-89b7b45df9d9,1789772761.000,4,0
1789772765.779,24,1cc4f930-7020-4234-9b5c-575ad0beb560,1789772761.000,15,0
1789772765.779,24,1caa92c1-d0f0-415f-8b45-155dc94e1e73,1789772762.000,21,0
1789772765.958,10,06ee53b7-a241-402e-b20c-1bf0d2cf26f7,1789772760.000,22,0
1789772765.958,10,79bc0e27-6112-4476-be8b-89b7b45df9d9,1789772761.000,4,0
1789772765.958,10,1cc4f930-7020-4234-9b5c-575ad0beb560,1789772761.000,15,0
1789772765.958,10,1caa92c1-d0f0-415f-8b45-155dc94e1e73,1789772762.000,21,0
1789772766.177,11,06ee53b7-a241-402e-b20c-1bf0d2cf26f7,1789772760.000,22,0
1789772766.177,11,79bc0e27-6112-4476-be8b-89b7b45df9d9,1789772761.000,4,0
1789772766.177,11,1cc4f930-7020-4234-9b5c-575ad0beb560,1789772761.000,15,0
1789772766.177,11,1caa92c1-d0f0-415f-8b45-155dc94e1e73,1789772762.000,21,0
1789772766.345,12,06ee53b7-a241-402e-b20c-1bf0d2cf26f7,1789772760.000,22,0
1789772766.345,12,79bc0e27-6112-4476-be8b-89b7b45df9d9,1789772761.000,4,0
1789772766.345,12,1cc4f930-7020-4234-9b5c-575ad0beb560,1789772761.000,15,0
1789772766.345,12,1caa92c1-d0f0-415f-8b45-155dc94e1e73,1789772762.000,21,0
1789772766.565,13,06ee53b7-a241-402e-b20c-1bf0d2cf26f7,1789772760.000,22,0
1789772766.565,13,79bc0e27-6112-4476-be8b-89b7b45df9d9,1789772761.000,4,0
1789772766.565,13,1cc4f930-7020-4234-9b5c-575ad0beb560,1789772761.000,15,0
1789772766.565,13,1caa92c1-d0f0-415f-8b45-155dc94e1e73,1789772762.000,21,0
1789772766.771,14,06ee53b7-a241-402e-b20c-1bf0d2cf26f7,1789772760.000,22,0
1789772766.771,14,79bc0e27-6112-4476-be8b-89b7b45df9d9,1789772761.000,4,0
1789772766.771,14,1cc4f930-7020-4234-9b5c-575ad0beb560,1789772761.000,15,0
1789772766.771,14,1caa92c1-d0f0-415f-8b45-155dc94e1e73,1789772762.000,21,0
1789772766.960,0,06ee53b7-a241-402e-b20c-1bf0d2cf26f7,639345836383563.000,22,0
1789772766.960,5,209c676c-529c-426c-8752-3f9794c1f6d4,639345836383563.000,23,0
1789772766.960,0,79bc0e27-6112-4476-be8b-89b7b45df9d9,1789772761.000,4,0
1789772766.960,0,1cc4f930-7020-4234-9b5c-575ad0beb560,1789772761.000,15,0
1789772766.960,0,1caa92c1-d0f0-415f-8b45-155dc94e1e73,1789772762.000,21,0
1789772766.967,15,06ee53b7-a241-402e-b20c-1bf0d2cf26f7,1789772760.000,22,0
1789772766.967,15,79bc0e27-6112-4476-be8b-89b7b45df9d9,1789772761.000,4,0
1789772766.967,15,1caa92c1-d0f0-415f-8b45-155dc94e1e73,1789772762.000,21,0
1789772767.126,1,209c676c-529c-426c-8752-3f9794c1f6d4,1789772763.000,23,0
1789772767.177,16,209c676c-529c-426c-8752-3f9794c1f6d4,1789772763.000,23,0
1789772767.329,2,209c676c-529c-426c-8752-3f9794c1f6d4,1789772763.000,23,0
1789772767.369,17,209c676c-529c-426c-8752-3f9794c1f6d4,1789772763.000,23,0
1789772767.535,3,209c676c-529c-426c-8752-3f9794c1f6d4,1789772763.000,23,0
1789772767.593,18,209c676c-529c-426c-8752-3f9794c1f6d4,1789772763.000,23,0
1789772767.743,4,209c676c-529c-426c-8752-3f9794c1f6d4,1789772763.000,23,0
1789772767.776,19,209c676c-529c-426c-8752-3f9794c1f6d4,1789772763.000,23,0
1789772768.004,20,209c676c-529c-426c-8752-3f9794c1f6d4,1789772763.000,23,0
1789772768.158,6,209c676c-529c-426c-8752-3f9794c1f6d4,1789772763.000,23,0
1789772768.210,21,209c676c-529c-426c-8752-3f9794c1f6d4,1789772763.000,23,0
1789772768.334,7,209c676c-529c-426c-8752-3f9794c1f6d4,1789772763.000,23,0
1789772768.385,22,209c676c-529c-426c-8752-3f9794c1f6d4,1789772763.000,23,0
1789772768.539,8,209c676c-529c-426c-8752-3f9794c1f6d4,1789772763.000,23,0
1789772768.748,9,209c676c-529c-426c-8752-3f9794c1f6d4,1789772763.000,23,0
1789772768.783,24,209c676c-529c-426c-8752-3f9794c1f6d4,1789772763.000,23,0
1789772768.966,10,209c676c-529c-426c-8752-3f9794c1f6d4,1789772763.000,23,0
1789772769.185,11,209c676c-529c-426c-8752-3f9794c1f6d4,1789772763.000,23,0
1789772769.355,12,209c676c-529c-426c-8752-3f9794c1f6d4,1789772763.000,23,0
1789772769.543,3,7da29261-c1a3-4417-a447-a5abe94cbebb,1789772767.000,0,0
1789772769.543,3,5cf575e8-c675-4854-a4d1-67fad980abf3,1789772767.000,2,0
1789772769.543,3,6eac3b0e-de7b-4e6b-b8f3-de49c1989df2,1789772768.000,19,0
1789772769.572,13,209c676c-529c-426c-8752-3f9794c1f6d4,1789772763.000,23,0
1789772769.780,14,209c676c-529c-426c-8752-3f9794c1f6d4,1789772763.000,23,0
1789772769.971,5,7da29261-c1a3-4417-a447-a5abe94cbebb,1789772767.000,0,0
1789772769.971,5,5cf575e8-c675-4854-a4d1-67fad980abf3,1789772767.000,2,0
1789772769.971,5,6eac3b0e-de7b-4e6b-b8f3-de49c1989df2,1789772768.000,19,0
1789772769.971,0,5cf575e8-c675-4854-a4d1-67fad980abf3,1789772767.000,2,0
1789772769.971,0,6eac3b0e-de7b-4e6b-b8f3-de49c1989df2,1789772768.000,19,0
1789772769.973,15,209c676c-529c-426c-8752-3f9794c1f6d4,1789772763.000,23,0
1789772770.140,1,7da29261-c1a3-4417-a447-a5abe94cbebb,1789772767.000,0,0
1789772770.140,1,5cf575e8-c675-4854-a4d1-67fad980abf3,1789772767.000,2,0
1789772770.140,1,6eac3b0e-de7b-4e6b-b8f3-de49c1989df2,1789772768.000,19,0
1789772770.191,16,7da29261-c1a3-4417-a447-a5abe94cbebb,1789772767.000,0,0
1789772770.191,16,5cf575e8-c675-4854-a4d1-67fad980abf3,1789772767.000,2,0
1789772770.191,16,6eac3b0e-de7b-4e6b-b8f3-de49c1989df2,1789772768.000,19,0
1789772770.343,2,7da29261-c1a3-4417-a447-a5abe94cbebb,1789772767.000,0,0
1789772770.343,2,6eac3b0e-de7b-4e6b-b8f3-de49c1989df2,1789772768.000,19,0
1789772770.383,17,7da29261-c1a3-4417-a447-a5abe94cbebb,1789772767.000,0,0
1789772770.383,17,5cf575e8-c675-4854-a4d1-67fad980abf3,1789772767.000,2,0
1789772770.383,17,6eac3b0e-de7b-4e6b-b8f3-de49c1989df2,1789772768.000,19,0
1789772770.600,18,7da29261-c1a3-4417-a447-a5abe94cbebb,1789772767.000,0,0
1789772770.600,18,5cf575e8-c675-4854-a4d1-67fad980abf3,1789772767.000,2,0
1789772770.600,18,6eac3b0e-de7b-4e6b-b8f3-de49c1989df2,1789772768.000,19,0
1789772770.751,4,7da29261-c1a3-4417-a447-a5abe94cbebb,1789772767.000,0,0
1789772770.751,4,5cf575e8-c675-4854-a4d1-67fad980abf3,1789772767.000,2,0
1789772770.751,4,6eac3b0e-de7b-4e6b-b8f3-de49c1989df2,1789772768.000,19,0
1789772770.782,19,7da29261-c1a3-4417-a447-a5abe94cbebb,1789772767.000,0,0
1789772770.782,19,5cf575e8-c675-4854-a4d1-67fad980abf3,1789772767.000,2,0
1789772771.021,20,7da29261-c1a3-4417-a447-a5abe94cbebb,1789772767.000,0,0
1789772771.021,20,5cf575e8-c675-4854-a4d1-67fad980abf3,1789772767.000,2,0
1789772771.021,20,6eac3b0e-de7b-4e6b-b8f3-de49c1989df2,1789772768.000,19,0
1789772771.170,6,7da29261-c1a3-4417-a447-a5abe94cbebb,1789772767.000,0,0
1789772771.170,6,5cf575e8-c675-4854-a4d1-67fad980abf3,1789772767.000,2,0
1789772771.170,6,6eac3b0e-de7b-4e6b-b8f3-de49c1989df2,1789772768.000,19,0
1789772771.225,21,7da29261-c1a3-4417-a447-a5abe94cbebb,1789772767.000,0,0
1789772771.225,21,5cf575e8-c675-4854-a4d1-67fad980abf3,1789772767.000,2,0
1789772771.225,21,6eac3b0e-de7b-4e6b-b8f3-de49c1989df2,1789772768.000,19,0
1789772771.345,7,7da29261-c1a3-4417-a447-a5abe94cbebb,1789772767.000,0,0
1789772771.345,7,5cf575e8-c675-4854-a4d1-67fad980abf3,1789772767.000,2,0
1789772771.345,7,6eac3b0e-de7b-4e6b-b8f3-de49c1989df2,1789772768.000,19,0
1789772771.390,22,7da29261-c1a3-4417-a447-a5abe94cbebb,1789772767.000,0,0
1789772771.390,22,5cf575e8-c675-4854-a4d1-67fad980abf3,1789772767.000,2,0
1789772771.390,22,6eac3b0e-de7b-4e6b-b8f3-de49c1989df2,1789772768.000,19,0
1789772771.547,8,7da29261-c1a3-4417-a447-a5abe94cbebb,1789772767.000,0,0
1789772771.547,8,5cf575e8-c675-4854-a4d1-67fad980abf3,1789772767.000,2,0
1789772771.547,8,6eac3b0e-de7b-4e6b-b8f3-de49c1989df2,1789772768.000,19,0
1789772771.578,13,7da29261-c1a3-4417-a447-a5abe94cbebb,1789772767.000,0,0
1789772771.578,13,5cf575e8-c675-4854-a4d1-67fad980abf3,1789772767.000,2,0
1789772771.578,13,6eac3b0e-de7b-4e6b-b8f3-de49c1989df2,1789772768.000,19,0
1789772771.605,23,7da29261-c1a3-4417-a447-a5abe94cbebb,1789772767.000,0,0
1789772771.605,23,5cf575e8-c675-4854-a4d1-67fad980abf3,1789772767.000,2,0
1789772771.605,23,6eac3b0e-de7b-4e6b-b8f3-de49c1989df2,1789772768.000,19,0
1789772771.753,9,7da29261-c1a3-4417-a447-a5abe94cbebb,1789772767.000,0,0
1789772771.753,9,5cf575e8-c675-4854-a4d1-67fad980abf3,1789772767.000,2,0
1789772771.753,9,6eac3b0e-de7b-4e6b-b8f3-de49c1989df2,1789772768.000,19,0
1789772771.787,24,7da29261-c1a3-4417-a447-a5abe94cbebb,1789772767.000,0,0
1789772771.787,24,5cf575e8-c675-4854-a4d1-67fad980abf3,1789772767.000,2,0
1789772771.787,24,6eac3b0e-de7b-4e6b-b8f3-de49c1989df2,1789772768.000,19,0
1789772771.975,10,7da29261-c1a3-4417-a447-a5abe94cbebb,1789772767.000,0,0
1789772771.975,10,5cf575e8-c675-4854-a4d1-67fad980abf3,1789772767.000,2,0
1789772771.975,10,6eac3b0e-de7b-4e6b-b8f3-de49c1989df2,1789772768.000,19,0
1789772772.194,11,7da29261-c1a3-4417-a447-a5abe94cbebb,1789772767.000,0,0
1789772772.194,11,5cf575e8-c675-4854-a4d1-67fad980abf3,1789772767.000,2,0
1789772772.194,11,6eac3b0e-de7b-4e6b-b8f3-de49c1989df2,1789772768.000,19,0
1789772772.363,12,7da29261-c1a3-4417-a447-a5abe94cbebb,1789772767.000,0,0
1789772772.363,12,5cf575e8-c675-4854-a4d1-67fad980abf3,1789772767.000,2,0
1789772772.363,12,6eac3b0e-de7b-4e6b-b8f3-de49c1989df2,1789772768.000,19,0
1789772772.550,3,733f3579-5af1-47f9-8b5f-e1ad5a7aff22,1789772770.000,17,0
1789772772.550,3,3ade5df0-875a-407f-a73f-1295a8d4003a,1789772770.000,6,0
1789772772.550,3,743ea6e1-a063-469c-8d22-b99869ea3dfb,1789772771.000,11,0
1789772772.610,18,733f3579-5af1-47f9-8b5f-e1ad5a7aff22,1789772770.000,17,0
1789772772.610,18,3ade5df0-875a-407f-a73f-1295a8d4003a,1789772770.000,6,0
1789772772.610,18,743ea6e1-a063-469c-8d22-b99869ea3dfb,1789772771.000,11,0
1789772772.791,14,7da29261-c1a3-4417-a447-a5abe94cbebb,1789772767.000,0,0
1789772772.791,14,5cf575e8-c675-4854-a4d1-67fad980abf3,1789772767.000,2,0
1789772772.791,14,6eac3b0e-de7b-4e6b-b8f3-de49c1989df2,1789772768.000,19,0
1789772772.975,5,733f3579-5af1-47f9-8b5f-e1ad5a7aff22,1789772770.000,17,0
1789772772.975,5,3ade5df0-875a-407f-a73f-1295a8d4003a,1789772770.000,6,0
1789772772.975,5,743ea6e1-a063-469c-8d22-b99869ea3dfb,1789772771.000,11,0
1789772772.981,15,7da29261-c1a3-4417-a447-a5abe94cbebb,1789772767.000,0,0
1789772772.981,15,5cf575e8-c675-4854-a4d1-67fad980abf3,1789772767.000,2,0
1789772772.981,0,733f3579-5af1-47f9-8b5f-e1ad5a7aff22,1789772770.000,17,0
1789772772.981,15,6eac3b0e-de7b-4e6b-b8f3-de49c1989df2,1789772768.000,19,0
1789772772.981,0,3ade5df0-875a-407f-a73f-1295a8d4003a,1789772770.000,6,0
1789772772.981,0,743ea6e1-a063-469c-8d22-b99869ea3dfb,1789772771.000,11,0
1789772773.030,20,733f3579-5af1-47f9-8b5f-e1ad5a7aff22,1789772770.000,17,0
1789772773.030,20,3ade5df0-875a-407f-a73f-1295a8d4003a,1789772770.000,6,0
1789772773.030,20,743ea6e1-a063-469c-8d22-b99869ea3dfb,1789772771.000,11,0
1789772773.156,1,733f3579-5af1-47f9-8b5f-e1ad5a7aff22,1789772770.000,17,0
1789772773.156,1,3ade5df0-875a-407f-a73f-1295a8d4003a,1789772770.000,6,0
1789772773.156,1,743ea6e1-a063-469c-8d22-b99869ea3dfb,1789772771.000,11,0
1789772773.199,16,733f3579-5af1-47f9-8b5f-e1ad5a7aff22,1789772770.000,17,0
1789772773.199,16,3ade5df0-875a-407f-a73f-1295a8d4003a,1789772770.000,6,0
1789772773.199,16,743ea6e1-a063-469c-8d22-b99869ea3dfb,1789772771.000,11,0
1789772773.351,2,733f3579-5af1-47f9-8b5f-e1ad5a7aff22,1789772770.000,17,0
1789772773.351,2,3ade5df0-875a-407f-a73f-1295a8d4003a,1789772770.000,6,0
1789772773.351,2,743ea6e1-a063-469c-8d22-b99869ea3dfb,1789772771.000,11,0
1789772773.394,17,3ade5df0-875a-407f-a73f-1295a8d4003a,1789772770.000,6,0
1789772773.394,17,743ea6e1-a063-469c-8d22-b99869ea3dfb,1789772771.000,11,0
1789772773.761,4,733f3579-5af1-47f9-8b5f-e1ad5a7aff22,1789772770.000,17,0
1789772773.761,4,3ade5df0-875a-407f-a73f-1295a8d4003a,1789772770.000,6,0
1789772773.761,4,743ea6e1-a063-469c-8d22-b99869ea3dfb,1789772771.000,11,0
1789772773.796,19,733f3579-5af1-47f9-8b5f-e1ad5a7aff22,1789772770.000,17,0
1789772773.796,19,3ade5df0-875a-407f-a73f-1295a8d4003a,1789772770.000,6,0
1789772773.796,19,743ea6e1-a063-469c-8d22-b99869ea3dfb,1789772771.000,11,0
1789772774.182,6,733f3579-5af1-47f9-8b5f-e1ad5a7aff22,1789772770.000,17,0
1789772774.182,6,743ea6e1-a063-469c-8d22-b99869ea3dfb,1789772771.000,11,0
1789772774.233,21,733f3579-5af1-47f9-8b5f-e1ad5a7aff22,1789772770.000,17,0
1789772774.233,21,3ade5df0-875a-407f-a73f-1295a8d4003a,1789772770.000,6,0
1789772774.233,21,743ea6e1-a063-469c-8d22-b99869ea3dfb,1789772771.000,11,0
1789772774.350,7,733f3579-5af1-47f9-8b5f-e1ad5a7aff22,1789772770.000,17,0
1789772774.350,7,3ade5df0-875a-407f-a73f-1295a8d4003a,1789772770.000,6,0
1789772774.350,7,743ea6e1-a063-469c-8d22-b99869ea3dfb,1789772771.000,11,0
1789772774.369,12,733f3579-5af1-47f9-8b5f-e1ad5a7aff22,1789772770.000,17,0
1789772774.369,12,3ade5df0-875a-407f-a73f-1295a8d4003a,1789772770.000,6,0
1789772774.369,12,743ea6e1-a063-469c-8d22-b99869ea3dfb,1789772771.000,11,0
1789772774.396,22,733f3579-5af1-47f9-8b5f-e1ad5a7aff22,1789772770.000,17,0
1789772774.396,22,3ade5df0-875a-407f-a73f-1295a8d4003a,1789772770.000,6,0
1789772774.396,22,743ea6e1-a063-469c-8d22-b99869ea3dfb,1789772771.000,11,0
1789772774.555,8,733f3579-5af1-47f9-8b5f-e1ad5a7aff22,1789772770.000,17,0
1789772774.555,8,3ade5df0-875a-407f-a73f-1295a8d4003a,1789772770.000,6,0
1789772774.555,8,743ea6e1-a063-469c-8d22-b99869ea3dfb,1789772771.000,11,0
1789772774.585,13,733f3579-5af1-47f9-8b5f-e1ad5a7aff22,1789772770.000,17,0
1789772774.585,13,3ade5df0-875a-407f-a73f-1295a8d4003a,1789772770.000,6,0
1789772774.585,13,743ea6e1-a063-469c-8d22-b99869ea3dfb,1789772771.000,11,0
1789772774.617,23,733f3579-5af1-47f9-8b5f-e1ad5a7aff22,1789772770.000,17,0
1789772774.617,23,3ade5df0-875a-407f-a73f-1295a8d4003a,1789772770.000,6,0
1789772774.617,23,743ea6e1-a063-469c-8d22-b99869ea3dfb,1789772771.000,11,0
1789772774.766,9,733f3579-5af1-47f9-8b5f-e1ad5a7aff22,1789772770.000,17,0
1789772774.766,9,3ade5df0-875a-407f-a73f-1295a8d4003a,1789772770.000,6,0
1789772774.766,9,743ea6e1-a063-469c-8d22-b99869ea3dfb,1789772771.000,11,0
1789772774.798,24,733f3579-5af1-47f9-8b5f-e1ad5a7aff22,1953572761.000,17,0
1789772774.798,14,733f3579-5af1-47f9-8b5f-e1ad5a7aff22,1804100761.000,17,0
1789772774.798,24,3ade5df0-875a-407f-a73f-1295a8d4003a,1789772770.000,6,0
1789772774.798,14,3ade5df0-875a-407f-a73f-1295a8d4003a,1789772770.000,6,0
1789772774.798,24,743ea6e1-a063-469c-8d22-b99869ea3dfb,1789772771.000,11,0
1789772774.798,14,743ea6e1-a063-469c-8d22-b99869ea3dfb,1789772771.000,11,0
1789772774.976,10,733f3579-5af1-47f9-8b5f-e1ad5a7aff22,1789772770.000,17,0
1789772774.976,10,3ade5df0-875a-407f-a73f-1295a8d4003a,1789772770.000,6,0
1789772774.976,10,743ea6e1-a063-469c-8d22-b99869ea3dfb,1789772771.000,11,0
1789772775.205,11,733f3579-5af1-47f9-8b5f-e1ad5a7aff22,1789772770.000,17,0
1789772775.205,11,3ade5df0-875a-407f-a73f-1295a8d4003a,1789772770.000,6,0
1789772775.561,3,c714b090-d186-4623-86fe-6383f0345fdb,1789772773.000,10,0
1789772775.617,18,c714b090-d186-4623-86fe-6383f0345fdb,1789772773.000,10,0
1789772775.770,4,c714b090-d186-4623-86fe-6383f0345fdb,1789772773.000,10,0
1789772775.980,5,c714b090-d186-4623-86fe-6383f0345fdb,1789772773.000,10,0
1789772775.988,15,733f3579-5af1-47f9-8b5f-e1ad5a7aff22,1789772770.000,17,0
1789772775.988,15,3ade5df0-875a-407f-a73f-1295a8d4003a,1789772770.000,6,0
1789772775.988,15,743ea6e1-a063-469c-8d22-b99869ea3dfb,1789772771.000,11,0
1789772775.988,0,c714b090-d186-4623-86fe-6383f0345fdb,,10,0
1789772776.038,20,c714b090-d186-4623-86fe-6383f0345fdb,1789772773.000,10,0
1789772776.169,1,c714b090-d186-4623-86fe-6383f0345fdb,1789772773.000,10,0
1789772776.210,16,c714b090-d186-4623-86fe-6383f0345fdb,1789772773.000,10,0
1789772776.354,2,c714b090-d186-4623-86fe-6383f0345fdb,1789772773.000,10,0
1789772776.402,17,c714b090-d186-4623-86fe-6383f0345fdb,1789772773.000,10,0
1789772776.561,8,c714b090-d186-4623-86fe-6383f0345fdb,1789772773.000,10,0
1789772776.621,23,c714b090-d186-4623-86fe-6383f0345fdb,1789772773.000,10,0
1789772776.772,9,c714b090-d186-4623-86fe-6383f0345fdb,1789772773.000,10,0
1789772776.804,19,c714b090-d186-4623-86fe-6383f0345fdb,1789772773.000,10,0
1789772777.191,6,c714b090-d186-4623-86fe-6383f0345fdb,1789772773.000,10,0
1789772777.241,21,c714b090-d186-4623-86fe-6383f0345fdb,1789772773.000,10,0
1789772777.355,7,c714b090-d186-4623-86fe-6383f0345fdb,1789772773.000,10,0
1789772777.375,12,c714b090-d186-4623-86fe-6383f0345fdb,1789772773.000,10,0
1789772777.406,22,c714b090-d186-4623-86fe-6383f0345fdb,1789772773.000,10,0
1789772777.597,13,c714b090-d186-4623-86fe-6383f0345fdb,1789772773.000,10,0
1789772777.806,24,c714b090-d186-4623-86fe-6383f0345fdb,1663542373.000,10,0
1789772777.806,14,c714b090-d186-4623-86fe-6383f0345fdb,,10,0
1789772778.213,11,c714b090-d186-4623-86fe-6383f0345fdb,1789772773.000,10,0
1789772778.570,3,b6b51b6e-ed7e-4f38-9f07-0e49be154952,1789772777.000,8,0
1789772778.570,3,9ed3a543-7c36-4aa6-b4d2-85ab61aeffe0,1789772777.000,16,0
1789772778.627,18,b6b51b6e-ed7e-4f38-9f07-0e49be154952,1789772777.000,8,0
1789772778.627,18,9ed3a543-7c36-4aa6-b4d2-85ab61aeffe0,1789772777.000,16,0
1789772778.775,4,b6b51b6e-ed7e-4f38-9f07-0e49be154952,1789772777.000,8,0
1789772778.775,4,9ed3a543-7c36-4aa6-b4d2-85ab61aeffe0,1789772777.000,16,0
1789772778.984,5,b6b51b6e-ed7e-4f38-9f07-0e49be154952,1789772777.000,8,0
1789772778.984,5,9ed3a543-7c36-4aa6-b4d2-85ab61aeffe0,1789772777.000,16,0
1789772778.994,0,b6b51b6e-ed7e-4f38-9f07-0e49be154952,1789772777.000,8,0
1789772778.994,0,9ed3a543-7c36-4aa6-b4d2-85ab61aeffe0,1789772777.000,16,0
1789772778.994,15,c714b090-d186-4623-86fe-6383f0345fdb,1789772773.000,10,0
1789772779.048,20,b6b51b6e-ed7e-4f38-9f07-0e49be154952,1789772777.000,8,0
1789772779.048,20,9ed3a543-7c36-4aa6-b4d2-85ab61aeffe0,1789772777.000,16,0
1789772779.181,1,b6b51b6e-ed7e-4f38-9f07-0e49be154952,1789772777.000,8,0
1789772779.181,1,9ed3a543-7c36-4aa6-b4d2-85ab61aeffe0,1789772777.000,16,0
1789772779.213,16,b6b51b6e-ed7e-4f38-9f07-0e49be154952,1789772777.000,8,0
1789772779.360,2,b6b51b6e-ed7e-4f38-9f07-0e49be154952,1789772777.000,8,0
1789772779.360,2,9ed3a543-7c36-4aa6-b4d2-85ab61aeffe0,1789772777.000,16,0
1789772779.413,17,b6b51b6e-ed7e-4f38-9f07-0e49be154952,1789772777.000,8,0
1789772779.413,17,9ed3a543-7c36-4aa6-b4d2-85ab61aeffe0,1789772777.000,16,0
1789772779.575,8,9ed3a543-7c36-4aa6-b4d2-85ab61aeffe0,1789772777.000,16,0
1789772779.632,23,b6b51b6e-ed7e-4f38-9f07-0e49be154952,1789772777.000,8,0
1789772779.632,23,9ed3a543-7c36-4aa6-b4d2-85ab61aeffe0,1789772777.000,16,0
1789772779.779,9,b6b51b6e-ed7e-4f38-9f07-0e49be154952,1789772777.000,8,0
1789772779.779,9,9ed3a543-7c36-4aa6-b4d2-85ab61aeffe0,1789772777.000,16,0
1789772779.815,19,b6b51b6e-ed7e-4f38-9f07-0e49be154952,1789772777.000,8,0
1789772779.815,19,9ed3a543-7c36-4aa6-b4d2-85ab61aeffe0,1789772777.000,16,0
1789772780.195,6,b6b51b6e-ed7e-4f38-9f07-0e49be154952,1789772777.000,8,0
1789772780.195,6,9ed3a543-7c36-4aa6-b4d2-85ab61aeffe0,1789772777.000,16,0
1789772780.248,21,b6b51b6e-ed7e-4f38-9f07-0e49be154952,1789772777.000,8,0
1789772780.248,21,9ed3a543-7c36-4aa6-b4d2-85ab61aeffe0,1789772777.000,16,0
1789772780.361,7,b6b51b6e-ed7e-4f38-9f07-0e49be154952,1789772777.000,8,0
1789772780.361,7,9ed3a543-7c36-4aa6-b4d2-85ab61aeffe0,1789772777.000,16,0
1789772780.386,12,b6b51b6e-ed7e-4f38-9f07-0e49be154952,1789772777.000,8,0
1789772780.386,12,9ed3a543-7c36-4aa6-b4d2-85ab61aeffe0,1789772777.000,16,0
1789772780.418,22,b6b51b6e-ed7e-4f38-9f07-0e49be154952,1789772777.000,8,0
1789772780.418,22,9ed3a543-7c36-4aa6-b4d2-85ab61aeffe0,1789772777.000,16,0
1789772780.606,13,b6b51b6e-ed7e-4f38-9f07-0e49be154952,1789772777.000,8,0
1789772780.606,13,9ed3a543-7c36-4aa6-b4d2-85ab61aeffe0,1789772777.000,16,0
1789772780.817,24,b6b51b6e-ed7e-4f38-9f07-0e49be154952,,8,0
1789772780.817,14,b6b51b6e-ed7e-4f38-9f07-0e49be154952,,8,0
1789772780.817,24,9ed3a543-7c36-4aa6-b4d2-85ab61aeffe0,1789772777.000,16,0
1789772780.817,14,9ed3a543-7c36-4aa6-b4d2-85ab61aeffe0,1789772777.000,16,0
1789772780.985,10,b6b51b6e-ed7e-4f38-9f07-0e49be154952,1789772777.000,8,0
1789772780.985,10,9ed3a543-7c36-4aa6-b4d2-85ab61aeffe0,1789772777.000,16,0
1789772781.219,11,b6b51b6e-ed7e-4f38-9f07-0e49be154952,1789772777.000,8,0
1789772781.219,11,9ed3a543-7c36-4aa6-b4d2-85ab61aeffe0,1789772777.000,16,0
1789772781.580,3,d2c8b71f-2a8c-465e-b24b-ba242a39a0da,1789772778.000,20,0
1789772781.580,3,3aef12ce-bee2-45b9-94f9-32dacfe412a1,1789772779.000,12,0
1789772781.634,18,d2c8b71f-2a8c-465e-b24b-ba242a39a0da,1789772778.000,20,0
1789772781.634,18,3aef12ce-bee2-45b9-94f9-32dacfe412a1,1789772779.000,12,0
1789772781.634,18,9faabf53-97bc-4a3a-a15a-e5aac0e22372,1789772780.000,3,0
1789772781.784,4,d2c8b71f-2a8c-465e-b24b-ba242a39a0da,1789772778.000,20,0
1789772781.784,4,3aef12ce-bee2-45b9-94f9-32dacfe412a1,1789772779.000,12,0
1789772781.784,4,9faabf53-97bc-4a3a-a15a-e5aac0e22372,1789772780.000,3,0
1789772781.987,5,d2c8b71f-2a8c-465e-b24b-ba242a39a0da,1789772778.000,20,0
1789772781.987,5,3aef12ce-bee2-45b9-94f9-32dacfe412a1,1789772779.000,12,0
1789772781.987,5,9faabf53-97bc-4a3a-a15a-e5aac0e22372,1789772780.000,3,0
1789772781.997,15,b6b51b6e-ed7e-4f38-9f07-0e49be154952,1789772777.000,8,0
1789772781.997,0,d2c8b71f-2a8c-465e-b24b-ba242a39a0da,,20,0
1789772781.997,15,9ed3a543-7c36-4aa6-b4d2-85ab61aeffe0,1789772777.000,16,0
1789772781.997,0,3aef12ce-bee2-45b9-94f9-32dacfe412a1,1789772779.000,12,0
1789772781.997,0,9faabf53-97bc-4a3a-a15a-e5aac0e22372,1789772780.000,3,0
1789772782.058,20,3aef12ce-bee2-45b9-94f9-32dacfe412a1,1789772779.000,12,0
1789772782.058,20,9faabf53-97bc-4a3a-a15a-e5aac0e22372,1789772780.000,3,0
1789772782.186,1,d2c8b71f-2a8c-465e-b24b-ba242a39a0da,1789772778.000,20,0
1789772782.186,1,3aef12ce-bee2-45b9-94f9-32dacfe412a1,1789772779.000,12,0
1789772782.186,1,9faabf53-97bc-4a3a-a15a-e5aac0e22372,1789772780.000,3,0
1789772782.197,6,d2c8b71f-2a8c-465e-b24b-ba242a39a0da,1789772778.000,20,0
1789772782.197,6,3aef12ce-bee2-45b9-94f9-32dacfe412a1,1789772779.000,12,0
1789772782.197,6,9faabf53-97bc-4a3a-a15a-e5aac0e22372,1789772780.000,3,0
1789772782.222,16,d2c8b71f-2a8c-465e-b24b-ba242a39a0da,1789772778.000,20,0
1789772782.222,16,3aef12ce-bee2-45b9-94f9-32dacfe412a1,1789772779.000,12,0
1789772782.222,16,9faabf53-97bc-4a3a-a15a-e5aac0e22372,1789772780.000,3,0
1789772782.366,2,d2c8b71f-2a8c-465e-b24b-ba242a39a0da,1789772778.000,20,0
1789772782.366,2,3aef12ce-bee2-45b9-94f9-32dacfe412a1,1789772779.000,12,0
1789772782.366,2,9faabf53-97bc-4a3a-a15a-e5aac0e22372,1789772780.000,3,0
1789772782.423,17,d2c8b71f-2a8c-465e-b24b-ba242a39a0da,1789772778.000,20,0
1789772782.423,17,3aef12ce-bee2-45b9-94f9-32dacfe412a1,1789772779.000,12,0
1789772782.423,17,9faabf53-97bc-4a3a-a15a-e5aac0e22372,1789772780.000,3,0
1789772782.585,8,d2c8b71f-2a8c-465e-b24b-ba242a39a0da,1789772778.000,20,0
1789772782.585,8,3aef12ce-bee2-45b9-94f9-32dacfe412a1,1789772779.000,12,0
1789772782.585,8,9faabf53-97bc-4a3a-a15a-e5aac0e22372,1789772780.000,3,0
1789772782.638,23,d2c8b71f-2a8c-465e-b24b-ba242a39a0da,1789772778.000,20,0
1789772782.638,23,3aef12ce-bee2-45b9-94f9-32dacfe412a1,1789772779.000,12,0
1789772782.638,23,9faabf53-97bc-4a3a-a15a-e5aac0e22372,1789772780.000,3,0
1789772782.788,9,d2c8b71f-2a8c-465e-b24b-ba242a39a0da,1789772778.000,20,0
1789772782.788,9,3aef12ce-bee2-45b9-94f9-32dacfe412a1,1789772779.000,12,0
1789772782.788,9,9faabf53-97bc-4a3a-a15a-e5aac0e22372,1789772780.000,3,0
1789772782.822,19,d2c8b71f-2a8c-465e-b24b-ba242a39a0da,1789772778.000,20,0
1789772782.822,19,3aef12ce-bee2-45b9-94f9-32dacfe412a1,1789772779.000,12,0
1789772782.822,19,9faabf53-97bc-4a3a-a15a-e5aac0e22372,1789772780.000,3,0
1789772783.225,11,d2c8b71f-2a8c-465e-b24b-ba242a39a0da,1789772778.000,20,0
1789772783.225,11,3aef12ce-bee2-45b9-94f9-32dacfe412a1,1789772779.000,12,0
1789772783.225,11,9faabf53-97bc-4a3a-a15a-e5aac0e22372,1789772780.000,3,0
1789772783.251,21,d2c8b71f-2a8c-465e-b24b-ba242a39a0da,1789772778.000,20,0
1789772783.251,21,3aef12ce-bee2-45b9-94f9-32dacfe412a1,1789772779.000,12,0
1789772783.251,21,9faabf53-97bc-4a3a-a15a-e5aac0e22372,1789772780.000,3,0
1789772783.368,7,d2c8b71f-2a8c-465e-b24b-ba242a39a0da,1789772778.000,20,0
1789772783.368,7,3aef12ce-bee2-45b9-94f9-32dacfe412a1,1789772779.000,12,0
1789772783.368,7,9faabf53-97bc-4a3a-a15a-e5aac0e22372,1789772780.000,3,0
1789772783.393,12,d2c8b71f-2a8c-465e-b24b-ba242a39a0da,1789772778.000,20,0
1789772783.393,12,9faabf53-97bc-4a3a-a15a-e5aac0e22372,1789772780.000,3,0
1789772783.425,22,d2c8b71f-2a8c-465e-b24b-ba242a39a0da,1789772778.000,20,0
1789772783.425,22,3aef12ce-bee2-45b9-94f9-32dacfe412a1,1789772779.000,12,0
1789772783.425,22,9faabf53-97bc-4a3a-a15a-e5aac0e22372,1789772780.000,3,0
1789772783.617,13,d2c8b71f-2a8c-465e-b24b-ba242a39a0da,1789772778.000,20,0
1789772783.617,13,3aef12ce-bee2-45b9-94f9-32dacfe412a1,1789772779.000,12,0
1789772783.617,13,9faabf53-97bc-4a3a-a15a-e5aac0e22372,1789772780.000,3,0
1789772783.827,24,d2c8b71f-2a8c-465e-b24b-ba242a39a0da,639346037655978.000,20,0
1789772783.827,14,d2c8b71f-2a8c-465e-b24b-ba242a39a0da,,20,0
1789772783.827,24,3aef12ce-bee2-45b9-94f9-32dacfe412a1,1789772779.000,12,0
1789772783.827,14,3aef12ce-bee2-45b9-94f9-32dacfe412a1,1789772779.000,12,0
1789772783.827,24,9faabf53-97bc-4a3a-a15a-e5aac0e22372,1789772780.000,3,0
1789772783.827,14,9faabf53-97bc-4a3a-a15a-e5aac0e22372,1789772780.000,3,0
1789772783.988,10,d2c8b71f-2a8c-465e-b24b-ba242a39a0da,1789772778.000,20,0
1789772783.988,10,3aef12ce-bee2-45b9-94f9-32dacfe412a1,1789772779.000,12,0
1789772783.988,10,9faabf53-97bc-4a3a-a15a-e5aac0e22372,1789772780.000,3,0
1789772784.429,17,e509390d-1459-43c0-bfff-504aae036d69,1789772781.000,13,0
1789772784.429,17,8568a521-bb55-4c8e-ac78-7e4a9ba7cd83,1789772781.000,9,0
1789772784.429,17,ab4ea1e7-3709-44a3-a4d2-60dec71c51bf,1789772782.000,7,0
1789772784.429,17,2fc18a36-87ea-433f-a4c6-c920c8d55131,1789772782.000,1,0
1789772784.429,17,ba689392-cb69-4892-b01d-d3226a310eb2,1789772782.000,14,0
1789772784.429,17,da716816-64fe-4991-aa04-ab5ad96c77b7,1789772783.000,18,0
1789772784.591,3,e509390d-1459-43c0-bfff-504aae036d69,1789772781.000,13,0
1789772784.591,3,8568a521-bb55-4c8e-ac78-7e4a9ba7cd83,1789772781.000,9,0
1789772784.591,3,ab4ea1e7-3709-44a3-a4d2-60dec71c51bf,1789772782.000,7,0
1789772784.591,3,2fc18a36-87ea-433f-a4c6-c920c8d55131,1789772782.000,1,0
1789772784.591,3,ba689392-cb69-4892-b01d-d3226a310eb2,1789772782.000,14,0
1789772784.591,3,da716816-64fe-4991-aa04-ab5ad96c77b7,1789772783.000,18,0
1789772784.644,18,e509390d-1459-43c0-bfff-504aae036d69,1789772781.000,13,0
1789772784.644,18,8568a521-bb55-4c8e-ac78-7e4a9ba7cd83,1789772781.000,9,0
1789772784.644,18,ab4ea1e7-3709-44a3-a4d2-60dec71c51bf,1789772782.000,7,0
1789772784.644,18,2fc18a36-87ea-433f-a4c6-c920c8d55131,1789772782.000,1,0
1789772784.644,18,ba689392-cb69-4892-b01d-d3226a310eb2,1789772782.000,14,0
1789772784.793,4,e509390d-1459-43c0-bfff-504aae036d69,1789772781.000,13,0
1789772784.793,4,8568a521-bb55-4c8e-ac78-7e4a9ba7cd83,1789772781.000,9,0
1789772784.793,4,ab4ea1e7-3709-44a3-a4d2-60dec71c51bf,1789772782.000,7,0
1789772784.793,4,2fc18a36-87ea-433f-a4c6-c920c8d55131,1789772782.000,1,0
1789772784.793,4,ba689392-cb69-4892-b01d-d3226a310eb2,1789772782.000,14,0
1789772784.793,4,da716816-64fe-4991-aa04-ab5ad96c77b7,1789772783.000,18,0
1789772784.992,5,e509390d-1459-43c0-bfff-504aae036d69,1789772781.000,13,0
1789772784.992,5,8568a521-bb55-4c8e-ac78-7e4a9ba7cd83,1789772781.000,9,0
1789772784.992,5,ab4ea1e7-3709-44a3-a4d2-60dec71c51bf,1789772782.000,7,0
1789772784.992,5,2fc18a36-87ea-433f-a4c6-c920c8d55131,1789772782.000,1,0
1789772784.992,5,ba689392-cb69-4892-b01d-d3226a310eb2,1789772782.000,14,0
1789772784.992,5,da716816-64fe-4991-aa04-ab5ad96c77b7,1789772783.000,18,0
1789772785.002,0,e509390d-1459-43c0-bfff-504aae036d69,1796684781.000,13,0
1789772785.002,15,d2c8b71f-2a8c-465e-b24b-ba242a39a0da,,20,0
1789772785.002,0,8568a521-bb55-4c8e-ac78-7e4a9ba7cd83,1789772781.000,9,0
1789772785.002,0,ab4ea1e7-3709-44a3-a4d2-60dec71c51bf,1789772782.000,7,0
1789772785.002,15,3aef12ce-bee2-45b9-94f9-32dacfe412a1,,12,0
1789772785.002,0,2fc18a36-87ea-433f-a4c6-c920c8d55131,1789772782.000,1,0
1789772785.002,15,9faabf53-97bc-4a3a-a15a-e5aac0e22372,1789772780.000,3,0
1789772785.002,0,ba689392-cb69-4892-b01d-d3226a310eb2,,14,0
1789772785.002,0,da716816-64fe-4991-aa04-ab5ad96c77b7,1789772783.000,18,0
1789772785.072,20,e509390d-1459-43c0-bfff-504aae036d69,1789772781.000,13,0
1789772785.072,20,8568a521-bb55-4c8e-ac78-7e4a9ba7cd83,1789772781.000,9,0
1789772785.072,20,ab4ea1e7-3709-44a3-a4d2-60dec71c51bf,1789772782.000,7,0
1789772785.072,20,2fc18a36-87ea-433f-a4c6-c920c8d55131,1789772782.000,1,0
1789772785.072,20,ba689392-cb69-4892-b01d-d3226a310eb2,1789772782.000,14,0
1789772785.072,20,da716816-64fe-4991-aa04-ab5ad96c77b7,1789772783.000,18,0
1789772785.192,1,e509390d-1459-43c0-bfff-504aae036d69,1789772781.000,13,0
1789772785.192,1,8568a521-bb55-4c8e-ac78-7e4a9ba7cd83,1789772781.000,9,0
1789772785.192,1,ab4ea1e7-3709-44a3-a4d2-60dec71c51bf,1789772782.000,7,0
1789772785.192,1,ba689392-cb69-4892-b01d-d3226a310eb2,1789772782.000,14,0
1789772785.192,1,da716816-64fe-4991-aa04-ab5ad96c77b7,1789772783.000,18,0
1789772785.233,16,e509390d-1459-43c0-bfff-504aae036d69,1789772781.000,13,0
1789772785.233,16,8568a521-bb55-4c8e-ac78-7e4a9ba7cd83,1789772781.000,9,0
1789772785.233,16,ab4ea1e7-3709-44a3-a4d2-60dec71c51bf,1789772782.000,7,0
1789772785.233,16,2fc18a36-87ea-433f-a4c6-c920c8d55131,1789772782.000,1,0
1789772785.233,16,ba689392-cb69-4892-b01d-d3226a310eb2,1789772782.000,14,0
1789772785.233,16,da716816-64fe-4991-aa04-ab5ad96c77b7,1789772783.000,18,0
1789772785.372,2,e509390d-1459-43c0-bfff-504aae036d69,1789772781.000,13,0
1789772785.372,2,8568a521-bb55-4c8e-ac78-7e4a9ba7cd83,1789772781.000,9,0
1789772785.372,2,ab4ea1e7-3709-44a3-a4d2-60dec71c51bf,1789772782.000,7,0
1789772785.372,2,2fc18a36-87ea-433f-a4c6-c920c8d55131,1789772782.000,1,0
1789772785.372,2,ba689392-cb69-4892-b01d-d3226a310eb2,1789772782.000,14,0
1789772785.372,2,da716816-64fe-4991-aa04-ab5ad96c77b7,1789772783.000,18,0
1789772785.595,8,e509390d-1459-43c0-bfff-504aae036d69,1789772781.000,13,0
1789772785.595,8,8568a521-bb55-4c8e-ac78-7e4a9ba7cd83,1789772781.000,9,0
1789772785.595,8,ab4ea1e7-3709-44a3-a4d2-60dec71c51bf,1789772782.000,7,0
1789772785.595,8,2fc18a36-87ea-433f-a4c6-c920c8d55131,1789772782.000,1,0
1789772785.595,8,ba689392-cb69-4892-b01d-d3226a310eb2,1789772782.000,14,0
1789772785.595,8,da716816-64fe-4991-aa04-ab5ad96c77b7,1789772783.000,18,0
1789772785.645,23,e509390d-1459-43c0-bfff-504aae036d69,1789772781.000,13,0
1789772785.645,23,8568a521-bb55-4c8e-ac78-7e4a9ba7cd83,1789772781.000,9,0
1789772785.645,23,ab4ea1e7-3709-44a3-a4d2-60dec71c51bf,1789772782.000,7,0
1789772785.645,23,2fc18a36-87ea-433f-a4c6-c920c8d55131,1789772782.000,1,0
1789772785.645,23,ba689392-cb69-4892-b01d-d3226a310eb2,1789772782.000,14,0
1789772785.645,23,da716816-64fe-4991-aa04-ab5ad96c77b7,1789772783.000,18,0
1789772785.798,9,e509390d-1459-43c0-bfff-504aae036d69,1789772781.000,13,0
1789772785.798,9,ab4ea1e7-3709-44a3-a4d2-60dec71c51bf,1789772782.000,7,0
1789772785.798,9,2fc18a36-87ea-433f-a4c6-c920c8d55131,1789772782.000,1,0
1789772785.798,9,ba689392-cb69-4892-b01d-d3226a310eb2,1789772782.000,14,0
1789772785.798,9,da716816-64fe-4991-aa04-ab5ad96c77b7,1789772783.000,18,0
1789772785.830,19,e509390d-1459-43c0-bfff-504aae036d69,1789772781.000,13,0
1789772785.830,19,8568a521-bb55-4c8e-ac78-7e4a9ba7cd83,1789772781.000,9,0
1789772785.830,19,ab4ea1e7-3709-44a3-a4d2-60dec71c51bf,1789772782.000,7,0
1789772785.830,19,2fc18a36-87ea-433f-a4c6-c920c8d55131,1789772782.000,1,0
1789772785.830,19,ba689392-cb69-4892-b01d-d3226a310eb2,1789772782.000,14,0
1789772785.830,19,da716816-64fe-4991-aa04-ab5ad96c77b7,1789772783.000,18,0
1789772786.201,6,e509390d-1459-43c0-bfff-504aae036d69,1789772781.000,13,0
1789772786.201,6,8568a521-bb55-4c8e-ac78-7e4a9ba7cd83,1789772781.000,9,0
1789772786.201,6,ab4ea1e7-3709-44a3-a4d2-60dec71c51bf,1789772782.000,7,0
1789772786.201,6,2fc18a36-87ea-433f-a4c6-c920c8d55131,1789772782.000,1,0
1789772786.201,6,ba689392-cb69-4892-b01d-d3226a310eb2,1789772782.000,14,0
1789772786.201,6,da716816-64fe-4991-aa04-ab5ad96c77b7,1789772783.000,18,0
1789772786.235,11,e509390d-1459-43c0-bfff-504aae036d69,1789772781.000,13,0
1789772786.235,11,8568a521-bb55-4c8e-ac78-7e4a9ba7cd83,1789772781.000,9,0
1789772786.235,11,ab4ea1e7-3709-44a3-a4d2-60dec71c51bf,1789772782.000,7,0
1789772786.235,11,2fc18a36-87ea-433f-a4c6-c920c8d55131,1789772782.000,1,0
1789772786.235,11,ba689392-cb69-4892-b01d-d3226a310eb2,1789772782.000,14,0
1789772786.235,11,da716816-64fe-4991-aa04-ab5ad96c77b7,1789772783.000,18,0
1789772786.261,21,e509390d-1459-43c0-bfff-504aae036d69,1789772781.000,13,0
1789772786.261,21,8568a521-bb55-4c8e-ac78-7e4a9ba7cd83,1789772781.000,9,0
1789772786.261,21,ab4ea1e7-3709-44a3-a4d2-60dec71c51bf,1789772782.000,7,0
1789772786.261,21,2fc18a36-87ea-433f-a4c6-c920c8d55131,1789772782.000,1,0
1789772786.261,21,ba689392-cb69-4892-b01d-d3226a310eb2,1789772782.000,14,0
1789772786.261,21,da716816-64fe-4991-aa04-ab5ad96c77b7,1789772783.000,18,0
1789772786.375,7,e509390d-1459-43c0-bfff-504aae036d69,1789772781.000,13,0
1789772786.375,7,8568a521-bb55-4c8e-ac78-7e4a9ba7cd83,1789772781.000,9,0
1789772786.375,7,2fc18a36-87ea-433f-a4c6-c920c8d55131,1789772782.000,1,0
1789772786.375,7,ba689392-cb69-4892-b01d-d3226a310eb2,1789772782.000,14,0
1789772786.375,7,da716816-64fe-4991-aa04-ab5ad96c77b7,1789772783.000,18,0
1789772786.397,12,e509390d-1459-43c0-bfff-504aae036d69,1789772781.000,13,0
1789772786.397,12,8568a521-bb55-4c8e-ac78-7e4a9ba7cd83,1789772781.000,9,0
1789772786.397,12,ab4ea1e7-3709-44a3-a4d2-60dec71c51bf,1789772782.000,7,0
1789772786.397,12,2fc18a36-87ea-433f-a4c6-c920c8d55131,1789772782.000,1,0
1789772786.397,12,ba689392-cb69-4892-b01d-d3226a310eb2,1789772782.000,14,0
1789772786.397,12,da716816-64fe-4991-aa04-ab5ad96c77b7,1789772783.000,18,0
1789772786.439,22,e509390d-1459-43c0-bfff-504aae036d69,1789772781.000,13,0
1789772786.439,22,8568a521-bb55-4c8e-ac78-7e4a9ba7cd83,1789772781.000,9,0
1789772786.439,22,ab4ea1e7-3709-44a3-a4d2-60dec71c51bf,1789772782.000,7,0
1789772786.439,22,2fc18a36-87ea-433f-a4c6-c920c8d55131,1789772782.000,1,0
1789772786.439,22,ba689392-cb69-4892-b01d-d3226a310eb2,1789772782.000,14,0
1789772786.439,22,da716816-64fe-4991-aa04-ab5ad96c77b7,1789772783.000,18,0
1789772786.626,13,8568a521-bb55-4c8e-ac78-7e4a9ba7cd83,1789772781.000,9,0
1789772786.626,13,ab4ea1e7-3709-44a3-a4d2-60dec71c51bf,1789772782.000,7,0
1789772786.626,13,2fc18a36-87ea-433f-a4c6-c920c8d55131,1789772782.000,1,0
1789772786.626,13,ba689392-cb69-4892-b01d-d3226a310eb2,1789772782.000,14,0
1789772786.626,13,da716816-64fe-4991-aa04-ab5ad96c77b7,1789772783.000,18,0
1789772786.833,14,e509390d-1459-43c0-bfff-504aae036d69,2026335981.000,13,0
1789772786.833,24,e509390d-1459-43c0-bfff-504aae036d69,,13,0
1789772786.833,14,8568a521-bb55-4c8e-ac78-7e4a9ba7cd83,1789772781.000,9,0
1789772786.833,24,8568a521-bb55-4c8e-ac78-7e4a9ba7cd83,1789772781.000,9,0
1789772786.833,14,ab4ea1e7-3709-44a3-a4d2-60dec71c51bf,1789772782.000,7,0
1789772786.833,24,ab4ea1e7-3709-44a3-a4d2-60dec71c51bf,1789772782.000,7,0
1789772786.833,14,2fc18a36-87ea-433f-a4c6-c920c8d55131,1789772782.000,1,0
1789772786.833,14,da716816-64fe-4991-aa04-ab5ad96c77b7,1796983583.000,18,0
1789772786.833,24,2fc18a36-87ea-433f-a4c6-c920c8d55131,,1,0
1789772786.833,24,ba689392-cb69-4892-b01d-d3226a310eb2,1789772782.000,14,0
1789772786.833,24,da716816-64fe-4991-aa04-ab5ad96c77b7,1789772783.000,18,0
1789772786.995,10,e509390d-1459-43c0-bfff-504aae036d69,1789772781.000,13,0
1789772786.995,10,8568a521-bb55-4c8e-ac78-7e4a9ba7cd83,1789772781.000,9,0
1789772786.995,10,ab4ea1e7-3709-44a3-a4d2-60dec71c51bf,1789772782.000,7,0
1789772786.995,10,2fc18a36-87ea-433f-a4c6-c920c8d55131,1789772782.000,1,0
1789772786.995,10,ba689392-cb69-4892-b01d-d3226a310eb2,1789772782.000,14,0
1789772786.995,10,da716816-64fe-4991-aa04-ab5ad96c77b7,1789772783.000,18,0
1789772787.006,15,e509390d-1459-43c0-bfff-504aae036d69,1789772781.000,13,0
1789772787.006,15,8568a521-bb55-4c8e-ac78-7e4a9ba7cd83,1789772781.000,9,0
1789772787.006,15,ab4ea1e7-3709-44a3-a4d2-60dec71c51bf,1789772782.000,7,0
1789772787.006,15,2fc18a36-87ea-433f-a4c6-c920c8d55131,1789772782.000,1,0
1789772787.006,15,ba689392-cb69-4892-b01d-d3226a310eb2,1789772782.000,14,0
1789772787.006,15,da716816-64fe-4991-aa04-ab5ad96c77b7,1789772783.000,18,0
1789772787.596,3,6ee09a6d-a235-462f-8bed-85959b9412c3,1789772786.000,5,0
1789772787.596,3,f1398532-f977-4e53-a33b-dbba974dc80e,1789772786.000,24,0
1789772787.653,18,6ee09a6d-a235-462f-8bed-85959b9412c3,1789772786.000,5,0
1789772787.653,18,f1398532-f977-4e53-a33b-dbba974dc80e,1789772786.000,24,0
1789772787.806,4,6ee09a6d-a235-462f-8bed-85959b9412c3,1789772786.000,5,0
1789772787.806,4,f1398532-f977-4e53-a33b-dbba974dc80e,1789772786.000,24,0
1789772787.999,5,f1398532-f977-4e53-a33b-dbba974dc80e,1789772786.000,24,0
1789772788.008,0,6ee09a6d-a235-462f-8bed-85959b9412c3,1789772786.000,5,0
1789772788.008,0,f1398532-f977-4e53-a33b-dbba974dc80e,1789772786.000,24,0
1789772788.082,20,6ee09a6d-a235-462f-8bed-85959b9412c3,1789772786.000,5,0
1789772788.082,20,f1398532-f977-4e53-a33b-dbba974dc80e,1789772786.000,24,0
1789772788.197,1,6ee09a6d-a235-462f-8bed-85959b9412c3,1789772786.000,5,0
1789772788.197,1,f1398532-f977-4e53-a33b-dbba974dc80e,1789772786.000,24,0
1789772788.245,16,6ee09a6d-a235-462f-8bed-85959b9412c3,1789772786.000,5,0
1789772788.245,16,f1398532-f977-4e53-a33b-dbba974dc80e,1789772786.000,24,0
1789772788.265,21,6ee09a6d-a235-462f-8bed-85959b9412c3,1789772786.000,5,0
1789772788.265,21,f1398532-f977-4e53-a33b-dbba974dc80e,1789772786.000,24,0
1789772788.383,7,6ee09a6d-a235-462f-8bed-85959b9412c3,1945292786.000,5,0
1789772788.383,2,6ee09a6d-a235-462f-8bed-85959b9412c3,,5,0
1789772788.383,7,f1398532-f977-4e53-a33b-dbba974dc80e,1789772786.000,24,0
1789772788.383,2,f1398532-f977-4e53-a33b-dbba974dc80e,1789772786.000,24,0
1789772788.444,17,6ee09a6d-a235-462f-8bed-85959b9412c3,1789772786.000,5,0
1789772788.444,17,f1398532-f977-4e53-a33b-dbba974dc80e,1789772786.000,24,0
1789772788.601,8,6ee09a6d-a235-462f-8bed-85959b9412c3,1789772786.000,5,0
1789772788.601,8,f1398532-f977-4e53-a33b-dbba974dc80e,1789772786.000,24,0
1789772788.658,23,6ee09a6d-a235-462f-8bed-85959b9412c3,1789772786.000,5,0
1789772788.658,23,f1398532-f977-4e53-a33b-dbba974dc80e,1789772786.000,24,0
1789772788.809,9,6ee09a6d-a235-462f-8bed-85959b9412c3,1789772786.000,5,0
1789772788.809,9,f1398532-f977-4e53-a33b-dbba974dc80e,1789772786.000,24,0
1789772788.839,19,6ee09a6d-a235-462f-8bed-85959b9412c3,1789772786.000,5,0
1789772788.839,19,f1398532-f977-4e53-a33b-dbba974dc80e,1789772786.000,24,0
1789772789.205,6,6ee09a6d-a235-462f-8bed-85959b9412c3,1789772786.000,5,0
1789772789.205,6,f1398532-f977-4e53-a33b-dbba974dc80e,1789772786.000,24,0
1789772789.250,11,6ee09a6d-a235-462f-8bed-85959b9412c3,1789772786.000,5,0
1789772789.250,11,f1398532-f977-4e53-a33b-dbba974dc80e,1789772786.000,24,0
1789772789.405,12,6ee09a6d-a235-462f-8bed-85959b9412c3,1789772786.000,5,0
1789772789.405,12,f1398532-f977-4e53-a33b-dbba974dc80e,1789772786.000,24,0
1789772789.449,22,6ee09a6d-a235-462f-8bed-85959b9412c3,1789772786.000,5,0
1789772789.449,22,f1398532-f977-4e53-a33b-dbba974dc80e,1789772786.000,24,0
1789772789.634,13,6ee09a6d-a235-462f-8bed-85959b9412c3,1789772786.000,5,0
1789772789.634,13,f1398532-f977-4e53-a33b-dbba974dc80e,1789772786.000,24,0
1789772789.841,24,6ee09a6d-a235-462f-8bed-85959b9412c3,1789772786.000,5,0
1789772789.841,14,6ee09a6d-a235-462f-8bed-85959b9412c3,,5,0
1789772789.841,14,f1398532-f977-4e53-a33b-dbba974dc80e,1789772786.000,24,0
1789772790.001,10,6ee09a6d-a235-462f-8bed-85959b9412c3,1789772786.000,5,0
1789772790.001,10,f1398532-f977-4e53-a33b-dbba974dc80e,1789772786.000,24,0
1789772790.011,15,6ee09a6d-a235-462f-8bed-85959b9412c3,1789772786.000,5,0
1789772790.011,15,f1398532-f977-4e53-a33b-dbba974dc80e,1789772786.000,24,0
1789772793.458,17,cc55120e-8064-443b-837e-225a7f1268f0,1789772790.000,22,0
1789772793.458,17,2a083606-742e-427b-b897-2cb3c7013023,1789772791.000,4,0
1789772793.458,17,a9b628e1-a6e4-4d11-b6e7-94bfad6b247f,1789772791.000,15,0
1789772793.458,17,218b4ffd-32b4-4740-8994-8a951f284919,1789772792.000,21,0
1789772793.617,3,cc55120e-8064-443b-837e-225a7f1268f0,1789772790.000,22,0
1789772793.617,3,2a083606-742e-427b-b897-2cb3c7013023,1789772791.000,4,0
1789772793.617,3,a9b628e1-a6e4-4d11-b6e7-94bfad6b247f,1789772791.000,15,0
1789772793.617,3,218b4ffd-32b4-4740-8994-8a951f284919,1789772792.000,21,0
1789772793.675,18,cc55120e-8064-443b-837e-225a7f1268f0,1789772790.000,22,0
1789772793.675,18,2a083606-742e-427b-b897-2cb3c7013023,1789772791.000,4,0
1789772793.675,18,a9b628e1-a6e4-4d11-b6e7-94bfad6b247f,1789772791.000,15,0
1789772793.675,18,218b4ffd-32b4-4740-8994-8a951f284919,1789772792.000,21,0
1789772793.825,4,cc55120e-8064-443b-837e-225a7f1268f0,1789772790.000,22,0
1789772793.825,4,a9b628e1-a6e4-4d11-b6e7-94bfad6b247f,1789772791.000,15,0
1789772793.825,4,218b4ffd-32b4-4740-8994-8a951f284919,1789772792.000,21,0
1789772794.014,5,cc55120e-8064-443b-837e-225a7f1268f0,2026336290.000,22,0
1789772794.014,5,2a083606-742e-427b-b897-2cb3c7013023,1789772791.000,4,0
1789772794.014,5,a9b628e1-a6e4-4d11-b6e7-94bfad6b247f,1789772791.000,15,0
1789772794.014,5,218b4ffd-32b4-4740-8994-8a951f284919,1789772792.000,21,0
1789772794.014,0,cc55120e-8064-443b-837e-225a7f1268f0,-59019515610.000,22,0
1789772794.014,0,2a083606-742e-427b-b897-2cb3c7013023,1789772791.000,4,0
1789772794.014,0,a9b628e1-a6e4-4d11-b6e7-94bfad6b247f,1789772791.000,15,0
1789772794.014,0,218b4ffd-32b4-4740-8994-8a951f284919,1789772792.000,21,0
1789772794.104,20,cc55120e-8064-443b-837e-225a7f1268f0,1789772790.000,22,0
1789772794.104,20,2a083606-742e-427b-b897-2cb3c7013023,1789772791.000,4,0
1789772794.104,20,a9b628e1-a6e4-4d11-b6e7-94bfad6b247f,1789772791.000,15,0
1789772794.104,20,218b4ffd-32b4-4740-8994-8a951f284919,1789772792.000,21,0
1789772794.213,1,cc55120e-8064-443b-837e-225a7f1268f0,1789772790.000,22,0
1789772794.213,1,2a083606-742e-427b-b897-2cb3c7013023,1789772791.000,4,0
1789772794.213,1,a9b628e1-a6e4-4d11-b6e7-94bfad6b247f,1789772791.000,15,0
1789772794.213,1,218b4ffd-32b4-4740-8994-8a951f284919,1789772792.000,21,0
1789772794.256,16,cc55120e-8064-443b-837e-225a7f1268f0,1789772790.000,22,0
1789772794.256,16,2a083606-742e-427b-b897-2cb3c7013023,1789772791.000,4,0
1789772794.256,16,a9b628e1-a6e4-4d11-b6e7-94bfad6b247f,1789772791.000,15,0
1789772794.256,16,218b4ffd-32b4-4740-8994-8a951f284919,1789772792.000,21,0
1789772794.284,21,cc55120e-8064-443b-837e-225a7f1268f0,1789772790.000,22,0
1789772794.284,21,2a083606-742e-427b-b897-2cb3c7013023,1789772791.000,4,0
1789772794.284,21,a9b628e1-a6e4-4d11-b6e7-94bfad6b247f,1789772791.000,15,0
1789772794.396,2,cc55120e-8064-443b-837e-225a7f1268f0,1789772790.000,22,0
1789772794.396,7,cc55120e-8064-443b-837e-225a7f1268f0,,22,0
1789772794.396,2,2a083606-742e-427b-b897-2cb3c7013023,1789772791.000,4,0
1789772794.396,2,a9b628e1-a6e4-4d11-b6e7-94bfad6b247f,1789772791.000,15,0
1789772794.396,7,2a083606-742e-427b-b897-2cb3c7013023,1789772791.000,4,0
1789772794.396,2,218b4ffd-32b4-4740-8994-8a951f284919,1789772792.000,21,0
1789772794.396,7,a9b628e1-a6e4-4d11-b6e7-94bfad6b247f,1789772791.000,15,0
1789772794.396,7,218b4ffd-32b4-4740-8994-8a951f284919,1789772792.000,21,0
1789772794.617,8,cc55120e-8064-443b-837e-225a7f1268f0,1789772790.000,22,0
1789772794.617,8,2a083606-742e-427b-b897-2cb3c7013023,1789772791.000,4,0
1789772794.617,8,a9b628e1-a6e4-4d11-b6e7-94bfad6b247f,1789772791.000,15,0
1789772794.617,8,218b4ffd-32b4-4740-8994-8a951f284919,1789772792.000,21,0
1789772794.680,23,cc55120e-8064-443b-837e-225a7f1268f0,1789772790.000,22,0
1789772794.680,23,2a083606-742e-427b-b897-2cb3c7013023,1789772791.000,4,0
1789772794.680,23,a9b628e1-a6e4-4d11-b6e7-94bfad6b247f,1789772791.000,15,0
1789772794.680,23,218b4ffd-32b4-4740-8994-8a951f284919,1789772792.000,21,0
1789772794.829,9,cc55120e-8064-443b-837e-225a7f1268f0,1789772790.000,22,0
1789772794.829,9,2a083606-742e-427b-b897-2cb3c7013023,1789772791.000,4,0
1789772794.829,9,a9b628e1-a6e4-4d11-b6e7-94bfad6b247f,1789772791.000,15,0
1789772794.829,9,218b4ffd-32b4-4740-8994-8a951f284919,1789772792.000,21,0
1789772794.849,19,cc55120e-8064-443b-837e-225a7f1268f0,1789772790.000,22,0
1789772794.849,19,2a083606-742e-427b-b897-2cb3c7013023,1789772791.000,4,0
1789772794.849,19,a9b628e1-a6e4-4d11-b6e7-94bfad6b247f,1789772791.000,15,0
1789772794.849,19,218b4ffd-32b4-4740-8994-8a951f284919,1789772792.000,21,0
1789772795.017,10,cc55120e-8064-443b-837e-225a7f1268f0,1789772790.000,22,0
1789772795.017,10,2a083606-742e-427b-b897-2cb3c7013023,1789772791.000,4,0
1789772795.017,10,a9b628e1-a6e4-4d11-b6e7-94bfad6b247f,1789772791.000,15,0
1789772795.017,10,218b4ffd-32b4-4740-8994-8a951f284919,1789772792.000,21,0
1789772795.214,6,cc55120e-8064-443b-837e-225a7f1268f0,1789772790.000,22,0
1789772795.214,6,2a083606-742e-427b-b897-2cb3c7013023,1789772791.000,4,0
1789772795.214,6,a9b628e1-a6e4-4d11-b6e7-94bfad6b247f,1789772791.000,15,0
1789772795.214,6,218b4ffd-32b4-4740-8994-8a951f284919,1789772792.000,21,0
1789772795.261,11,cc55120e-8064-443b-837e-225a7f1268f0,1789772790.000,22,0
1789772795.261,11,2a083606-742e-427b-b897-2cb3c7013023,1789772791.000,4,0
1789772795.261,11,a9b628e1-a6e4-4d11-b6e7-94bfad6b247f,1789772791.000,15,0
1789772795.261,11,218b4ffd-32b4-4740-8994-8a951f284919,1789772792.000,21,0
1789772795.422,12,cc55120e-8064-443b-837e-225a7f1268f0,1789772790.000,22,0
1789772795.422,12,2a083606-742e-427b-b897-2cb3c7013023,1789772791.000,4,0
1789772795.422,12,a9b628e1-a6e4-4d11-b6e7-94bfad6b247f,1789772791.000,15,0
1789772795.422,12,218b4ffd-32b4-4740-8994-8a951f284919,1789772792.000,21,0
1789772795.465,22,2a083606-742e-427b-b897-2cb3c7013023,1789772791.000,4,0
1789772795.465,22,a9b628e1-a6e4-4d11-b6e7-94bfad6b247f,1789772791.000,15,0
1789772795.465,22,218b4ffd-32b4-4740-8994-8a951f284919,1789772792.000,21,0
1789772795.655,13,cc55120e-8064-443b-837e-225a7f1268f0,1789772790.000,22,0
1789772795.655,13,2a083606-742e-427b-b897-2cb3c7013023,1789772791.000,4,0
1789772795.655,13,a9b628e1-a6e4-4d11-b6e7-94bfad6b247f,1789772791.000,15,0
1789772795.655,13,218b4ffd-32b4-4740-8994-8a951f284919,1789772792.000,21,0
1789772795.854,24,cc55120e-8064-443b-837e-225a7f1268f0,,22,0
1789772795.854,14,cc55120e-8064-443b-837e-225a7f1268f0,,22,0
1789772795.854,24,2a083606-742e-427b-b897-2cb3c7013023,1789772791.000,4,0
1789772795.854,14,2a083606-742e-427b-b897-2cb3c7013023,1789772791.000,4,0
1789772795.854,24,a9b628e1-a6e4-4d11-b6e7-94bfad6b247f,,15,0
1789772795.854,14,a9b628e1-a6e4-4d11-b6e7-94bfad6b247f,1789772791.000,15,0
1789772795.854,24,218b4ffd-32b4-4740-8994-8a951f284919,1789772792.000,21,0
1789772795.854,14,218b4ffd-32b4-4740-8994-8a951f284919,1789772792.000,21,0
1789772796.401,2,6eb28973-4a64-4bdc-9424-8953ac230b8c,1789772793.000,23,0
1789772796.469,17,6eb28973-4a64-4bdc-9424-8953ac230b8c,1789772793.000,23,0
1789772796.623,3,6eb28973-4a64-4bdc-9424-8953ac230b8c,1789772793.000,23,0
1789772796.686,18,6eb28973-4a64-4bdc-9424-8953ac230b8c,1789772793.000,23,0
1789772796.834,4,6eb28973-4a64-4bdc-9424-8953ac230b8c,1789772793.000,23,0
1789772797.021,15,6eb28973-4a64-4bdc-9424-8953ac230b8c,1789772793.000,23,0
1789772797.021,5,6eb28973-4a64-4bdc-9424-8953ac230b8c,,23,0
1789772797.021,0,6eb28973-4a64-4bdc-9424-8953ac230b8c,1789772793.000,23,0
1789772797.115,20,6eb28973-4a64-4bdc-9424-8953ac230b8c,1789772793.000,23,0
1789772797.216,1,6eb28973-4a64-4bdc-9424-8953ac230b8c,1789772793.000,23,0
1789772797.267,16,6eb28973-4a64-4bdc-9424-8953ac230b8c,1789772793.000,23,0
1789772797.291,21,6eb28973-4a64-4bdc-9424-8953ac230b8c,1789772793.000,23,0
1789772797.406,7,6eb28973-4a64-4bdc-9424-8953ac230b8c,1789772793.000,23,0
1789772797.472,22,6eb28973-4a64-4bdc-9424-8953ac230b8c,1789772793.000,23,0
1789772797.624,8,6eb28973-4a64-4bdc-9424-8953ac230b8c,1789772793.000,23,0
1789772797.838,9,6eb28973-4a64-4bdc-9424-8953ac230b8c,1789772793.000,23,0
1789772797.858,24,6eb28973-4a64-4bdc-9424-8953ac230b8c,,23,0
1789772797.858,19,6eb28973-4a64-4bdc-9424-8953ac230b8c,,23,0
1789772798.024,10,6eb28973-4a64-4bdc-9424-8953ac230b8c,1789772793.000,23,0
1789772798.217,6,6eb28973-4a64-4bdc-9424-8953ac230b8c,1789772793.000,23,0
1789772798.268,11,6eb28973-4a64-4bdc-9424-8953ac230b8c,1789772793.000,23,0
1789772798.432,12,6eb28973-4a64-4bdc-9424-8953ac230b8c,1789772793.000,23,0
1789772798.663,13,6eb28973-4a64-4bdc-9424-8953ac230b8c,1789772793.000,23,0
1789772798.862,14,6eb28973-4a64-4bdc-9424-8953ac230b8c,1789772793.000,23,0
1789772799.474,17,f942c535-2a00-4245-bc5b-791503e80c68,1789772797.000,0,0
1789772799.474,17,a4978af2-f2d5-481f-a2ec-1a5756449710,1789772797.000,2,0
1789772799.474,17,7e0e6812-1b88-4264-93d4-294531c017b0,1789772798.000,19,0
1789772799.632,3,f942c535-2a00-4245-bc5b-791503e80c68,1789772797.000,0,0
1789772799.632,3,a4978af2-f2d5-481f-a2ec-1a5756449710,1789772797.000,2,0
1789772799.632,3,7e0e6812-1b88-4264-93d4-294531c017b0,1789772798.000,19,0
1789772799.696,18,f942c535-2a00-4245-bc5b-791503e80c68,1789772797.000,0,0
1789772799.696,18,a4978af2-f2d5-481f-a2ec-1a5756449710,1789772797.000,2,0
1789772799.696,18,7e0e6812-1b88-4264-93d4-294531c017b0,1789772798.000,19,0
1789772799.845,4,f942c535-2a00-4245-bc5b-791503e80c68,1789772797.000,0,0
1789772799.845,4,a4978af2-f2d5-481f-a2ec-1a5756449710,1789772797.000,2,0
1789772799.845,4,7e0e6812-1b88-4264-93d4-294531c017b0,1789772798.000,19,0
1789772799.864,19,f942c535-2a00-4245-bc5b-791503e80c68,1789772797.000,0,0
1789772799.864,19,a4978af2-f2d5-481f-a2ec-1a5756449710,1789772797.000,2,0
1789772800.029,5,f942c535-2a00-4245-bc5b-791503e80c68,,0,0
1789772800.029,0,a4978af2-f2d5-481f-a2ec-1a5756449710,,2,0
1789772800.029,15,f942c535-2a00-4245-bc5b-791503e80c68,1789772797.000,0,0
1789772800.029,0,7e0e6812-1b88-4264-93d4-294531c017b0,1789772798.000,19,0
1789772800.029,5,a4978af2-f2d5-481f-a2ec-1a5756449710,1789772797.000,2,0
1789772800.029,15,a4978af2-f2d5-481f-a2ec-1a5756449710,1789772797.000,2,0
1789772800.029,5,7e0e6812-1b88-4264-93d4-294531c017b0,1789772798.000,19,0
1789772800.029,15,7e0e6812-1b88-4264-93d4-294531c017b0,1789772798.000,19,0
1789772800.126,20,f942c535-2a00-4245-bc5b-791503e80c68,1789772797.000,0,0
1789772800.126,20,a4978af2-f2d5-481f-a2ec-1a5756449710,1789772797.000,2,0
1789772800.126,20,7e0e6812-1b88-4264-93d4-294531c017b0,1789772798.000,19,0
1789772800.219,1,f942c535-2a00-4245-bc5b-791503e80c68,1789772797.000,0,0
1789772800.219,1,a4978af2-f2d5-481f-a2ec-1a5756449710,1789772797.000,2,0
1789772800.219,1,7e0e6812-1b88-4264-93d4-294531c017b0,1789772798.000,19,0
1789772800.272,16,f942c535-2a00-4245-bc5b-791503e80c68,1789772797.000,0,0
1789772800.272,16,a4978af2-f2d5-481f-a2ec-1a5756449710,1789772797.000,2,0
1789772800.272,16,7e0e6812-1b88-4264-93d4-294531c017b0,1789772798.000,19,0
1789772800.300,21,f942c535-2a00-4245-bc5b-791503e80c68,1789772797.000,0,0
1789772800.300,21,a4978af2-f2d5-481f-a2ec-1a5756449710,1789772797.000,2,0
1789772800.300,21,7e0e6812-1b88-4264-93d4-294531c017b0,1789772798.000,19,0
1789772800.415,2,f942c535-2a00-4245-bc5b-791503e80c68,,0,0
1789772800.415,7,f942c535-2a00-4245-bc5b-791503e80c68,,0,0
1789772800.415,2,7e0e6812-1b88-4264-93d4-294531c017b0,,19,0
1789772800.415,7,a4978af2-f2d5-481f-a2ec-1a5756449710,1789772797.000,2,0
1789772800.415,7,7e0e6812-1b88-4264-93d4-294531c017b0,1789772798.000,19,0
1789772800.478,22,f942c535-2a00-4245-bc5b-791503e80c68,1789772797.000,0,0
1789772800.478,22,a4978af2-f2d5-481f-a2ec-1a5756449710,1789772797.000,2,0
1789772800.478,22,7e0e6812-1b88-4264-93d4-294531c017b0,1789772798.000,19,0
1789772800.634,8,f942c535-2a00-4245-bc5b-791503e80c68,1789772797.000,0,0
1789772800.634,8,a4978af2-f2d5-481f-a2ec-1a5756449710,1789772797.000,2,0
1789772800.634,8,7e0e6812-1b88-4264-93d4-294531c017b0,1789772798.000,19,0
1789772800.702,23,f942c535-2a00-4245-bc5b-791503e80c68,1789772797.000,0,0
1789772800.702,23,a4978af2-f2d5-481f-a2ec-1a5756449710,1789772797.000,2,0
1789772800.702,23,7e0e6812-1b88-4264-93d4-294531c017b0,1789772798.000,19,0
1789772800.845,9,f942c535-2a00-4245-bc5b-791503e80c68,1789772797.000,0,0
1789772800.845,9,a4978af2-f2d5-481f-a2ec-1a5756449710,1789772797.000,2,0
1789772800.845,9,7e0e6812-1b88-4264-93d4-294531c017b0,1789772798.000,19,0
1789772800.867,24,f942c535-2a00-4245-bc5b-791503e80c68,1789772797.000,0,0
1789772800.867,24,a4978af2-f2d5-481f-a2ec-1a5756449710,1789772797.000,2,0
1789772800.867,24,7e0e6812-1b88-4264-93d4-294531c017b0,1789772798.000,19,0
1789772801.034,10,f942c535-2a00-4245-bc5b-791503e80c68,1789772797.000,0,0
1789772801.034,10,a4978af2-f2d5-481f-a2ec-1a5756449710,1789772797.000,2,0
1789772801.034,10,7e0e6812-1b88-4264-93d4-294531c017b0,1789772798.000,19,0
1789772801.219,6,f942c535-2a00-4245-bc5b-791503e80c68,1789772797.000,0,0
1789772801.219,6,a4978af2-f2d5-481f-a2ec-1a5756449710,1789772797.000,2,0
1789772801.219,6,7e0e6812-1b88-4264-93d4-294531c017b0,1789772798.000,19,0
1789772801.276,11,f942c535-2a00-4245-bc5b-791503e80c68,1789772797.000,0,0
1789772801.276,11,a4978af2-f2d5-481f-a2ec-1a5756449710,1789772797.000,2,0
1789772801.276,11,7e0e6812-1b88-4264-93d4-294531c017b0,1789772798.000,19,0
1789772801.440,12,f942c535-2a00-4245-bc5b-791503e80c68,1789772797.000,0,0
1789772801.440,12,a4978af2-f2d5-481f-a2ec-1a5756449710,1789772797.000,2,0
1789772801.440,12,7e0e6812-1b88-4264-93d4-294531c017b0,1789772798.000,19,0
1789772801.668,13,f942c535-2a00-4245-bc5b-791503e80c68,1789772797.000,0,0
1789772801.668,13,a4978af2-f2d5-481f-a2ec-1a5756449710,1789772797.000,2,0
1789772801.668,13,7e0e6812-1b88-4264-93d4-294531c017b0,1789772798.000,19,0
1789772801.869,14,f942c535-2a00-4245-bc5b-791503e80c68,1789772797.000,0,0
1789772801.869,14,a4978af2-f2d5-481f-a2ec-1a5756449710,1789772797.000,2,0
1789772801.869,14,7e0e6812-1b88-4264-93d4-294531c017b0,1789772798.000,19,0
1789772802.418,2,9682df73-6acd-4fe5-80ac-52ff8a4106df,1789772800.000,17,0
1789772802.418,2,0710c802-bfc5-4145-9c03-48bb46cac6e8,1789772800.000,6,0
1789772802.418,2,9881ef78-2ea7-4b17-8d65-7088b3944d5a,1789772801.000,11,0
1789772802.484,17,0710c802-bfc5-4145-9c03-48bb46cac6e8,1789772800.000,6,0
1789772802.484,17,9881ef78-2ea7-4b17-8d65-7088b3944d5a,1789772801.000,11,0
1789772802.637,3,9682df73-6acd-4fe5-80ac-52ff8a4106df,1789772800.000,17,0
1789772802.637,3,0710c802-bfc5-4145-9c03-48bb46cac6e8,1789772800.000,6,0
1789772802.637,3,9881ef78-2ea7-4b17-8d65-7088b3944d5a,1789772801.000,11,0
1789772802.705,18,9682df73-6acd-4fe5-80ac-52ff8a4106df,1789772800.000,17,0
1789772802.705,18,0710c802-bfc5-4145-9c03-48bb46cac6e8,1789772800.000,6,0
1789772802.705,18,9881ef78-2ea7-4b17-8d65-7088b3944d5a,1789772801.000,11,0
1789772802.852,4,9682df73-6acd-4fe5-80ac-52ff8a4106df,1789772800.000,17,0
1789772802.852,4,0710c802-bfc5-4145-9c03-48bb46cac6e8,1789772800.000,6,0
1789772802.852,4,9881ef78-2ea7-4b17-8d65-7088b3944d5a,1789772801.000,11,0
1789772802.873,19,9682df73-6acd-4fe5-80ac-52ff8a4106df,1789772800.000,17,0
1789772802.873,19,0710c802-bfc5-4145-9c03-48bb46cac6e8,1789772800.000,6,0
1789772802.873,19,9881ef78-2ea7-4b17-8d65-7088b3944d5a,1789772801.000,11,0
1789772803.037,15,9682df73-6acd-4fe5-80ac-52ff8a4106df,1789772800.000,17,0
1789772803.037,0,9682df73-6acd-4fe5-80ac-52ff8a4106df,,17,0
1789772803.037,5,9682df73-6acd-4fe5-80ac-52ff8a4106df,,17,0
1789772803.037,0,0710c802-bfc5-4145-9c03-48bb46cac6e8,1789772800.000,6,0
1789772803.037,15,0710c802-bfc5-4145-9c03-48bb46cac6e8,1789772800.000,6,0
1789772803.037,0,9881ef78-2ea7-4b17-8d65-7088b3944d5a,1789772801.000,11,0
1789772803.037,5,0710c802-bfc5-4145-9c03-48bb46cac6e8,1789772800.000,6,0
1789772803.037,15,9881ef78-2ea7-4b17-8d65-7088b3944d5a,1789772801.000,11,0
1789772803.037,5,9881ef78-2ea7-4b17-8d65-7088b3944d5a,1789772801.000,11,0
1789772803.137,20,9682df73-6acd-4fe5-80ac-52ff8a4106df,1789772800.000,17,0
1789772803.137,20,0710c802-bfc5-4145-9c03-48bb46cac6e8,1789772800.000,6,0
1789772803.137,20,9881ef78-2ea7-4b17-8d65-7088b3944d5a,1789772801.000,11,0
1789772803.222,1,9682df73-6acd-4fe5-80ac-52ff8a4106df,1789772800.000,17,0
1789772803.222,1,0710c802-bfc5-4145-9c03-48bb46cac6e8,1789772800.000,6,0
1789772803.222,1,9881ef78-2ea7-4b17-8d65-7088b3944d5a,1789772801.000,11,0
1789772803.284,16,9682df73-6acd-4fe5-80ac-52ff8a4106df,1789772800.000,17,0
1789772803.284,16,0710c802-bfc5-4145-9c03-48bb46cac6e8,1789772800.000,6,0
1789772803.284,16,9881ef78-2ea7-4b17-8d65-7088b3944d5a,1789772801.000,11,0
1789772803.303,21,9682df73-6acd-4fe5-80ac-52ff8a4106df,1789772800.000,17,0
1789772803.303,21,0710c802-bfc5-4145-9c03-48bb46cac6e8,1789772800.000,6,0
1789772803.303,21,9881ef78-2ea7-4b17-8d65-7088b3944d5a,1789772801.000,11,0
1789772803.420,7,9682df73-6acd-4fe5-80ac-52ff8a4106df,1789772800.000,17,0
1789772803.420,7,0710c802-bfc5-4145-9c03-48bb46cac6e8,1789772800.000,6,0
1789772803.420,7,9881ef78-2ea7-4b17-8d65-7088b3944d5a,1789772801.000,11,0
1789772803.484,22,9682df73-6acd-4fe5-80ac-52ff8a4106df,1789772800.000,17,0
1789772803.484,22,0710c802-bfc5-4145-9c03-48bb46cac6e8,1789772800.000,6,0
1789772803.484,22,9881ef78-2ea7-4b17-8d65-7088b3944d5a,1789772801.000,11,0
1789772803.638,8,9682df73-6acd-4fe5-80ac-52ff8a4106df,1789772800.000,17,0
1789772803.638,8,0710c802-bfc5-4145-9c03-48bb46cac6e8,1789772800.000,6,0
1789772803.638,8,9881ef78-2ea7-4b17-8d65-7088b3944d5a,1789772801.000,11,0
1789772803.710,23,9682df73-6acd-4fe5-80ac-52ff8a4106df,1789772800.000,17,0
1789772803.710,23,0710c802-bfc5-4145-9c03-48bb46cac6e8,1789772800.000,6,0
1789772803.710,23,9881ef78-2ea7-4b17-8d65-7088b3944d5a,1789772801.000,11,0
1789772803.853,9,9682df73-6acd-4fe5-80ac-52ff8a4106df,1789772800.000,17,0
1789772803.853,9,0710c802-bfc5-4145-9c03-48bb46cac6e8,1789772800.000,6,0
1789772803.853,9,9881ef78-2ea7-4b17-8d65-7088b3944d5a,1789772801.000,11,0
1789772803.875,24,9682df73-6acd-4fe5-80ac-52ff8a4106df,1789772800.000,17,0
1789772803.875,24,0710c802-bfc5-4145-9c03-48bb46cac6e8,1789772800.000,6,0
1789772803.875,24,9881ef78-2ea7-4b17-8d65-7088b3944d5a,1789772801.000,11,0
1789772804.038,10,9682df73-6acd-4fe5-80ac-52ff8a4106df,1789772800.000,17,0
1789772804.038,10,0710c802-bfc5-4145-9c03-48bb46cac6e8,1789772800.000,6,0
1789772804.038,10,9881ef78-2ea7-4b17-8d65-7088b3944d5a,1789772801.000,11,0
1789772804.222,6,9682df73-6acd-4fe5-80ac-52ff8a4106df,1789772800.000,17,0
1789772804.222,6,9881ef78-2ea7-4b17-8d65-7088b3944d5a,1789772801.000,11,0
1789772804.285,11,9682df73-6acd-4fe5-80ac-52ff8a4106df,1789772800.000,17,0
1789772804.285,11,0710c802-bfc5-4145-9c03-48bb46cac6e8,1789772800.000,6,0
1789772804.451,12,9682df73-6acd-4fe5-80ac-52ff8a4106df,1789772800.000,17,0
1789772804.451,12,0710c802-bfc5-4145-9c03-48bb46cac6e8,1789772800.000,6,0
1789772804.451,12,9881ef78-2ea7-4b17-8d65-7088b3944d5a,1789772801.000,11,0
1789772804.680,13,9682df73-6acd-4fe5-80ac-52ff8a4106df,1789772800.000,17,0
1789772804.680,13,0710c802-bfc5-4145-9c03-48bb46cac6e8,1789772800.000,6,0
1789772804.680,13,9881ef78-2ea7-4b17-8d65-7088b3944d5a,1789772801.000,11,0
1789772804.878,14,9682df73-6acd-4fe5-80ac-52ff8a4106df,1789772800.000,17,0
1789772804.878,14,0710c802-bfc5-4145-9c03-48bb46cac6e8,1789772800.000,6,0
1789772804.878,14,9881ef78-2ea7-4b17-8d65-7088b3944d5a,1789772801.000,11,0
1789772805.647,3,343005b6-c27b-46b9-ae38-d3770d038caf,1789772803.000,10,0
1789772805.717,18,343005b6-c27b-46b9-ae38-d3770d038caf,1789772803.000,10,0
1789772805.859,4,343005b6-c27b-46b9-ae38-d3770d038caf,1789772803.000,10,0
1789772805.883,19,343005b6-c27b-46b9-ae38-d3770d038caf,1789772803.000,10,0
1789772806.044,5,343005b6-c27b-46b9-ae38-d3770d038caf,,10,0
1789772806.044,0,343005b6-c27b-46b9-ae38-d3770d038caf,-61860622614.000,10,0
1789772806.044,15,343005b6-c27b-46b9-ae38-d3770d038caf,-61860622614.000,10,0
1789772806.148,20,343005b6-c27b-46b9-ae38-d3770d038caf,1789772803.000,10,0
1789772806.224,1,343005b6-c27b-46b9-ae38-d3770d038caf,1789772803.000,10,0
1789772806.295,16,343005b6-c27b-46b9-ae38-d3770d038caf,1789772803.000,10,0
1789772806.308,21,343005b6-c27b-46b9-ae38-d3770d038caf,1789772803.000,10,0
1789772806.433,7,343005b6-c27b-46b9-ae38-d3770d038caf,-62081686397.000,10,0
1789772806.433,2,343005b6-c27b-46b9-ae38-d3770d038caf,,10,0
1789772806.494,17,343005b6-c27b-46b9-ae38-d3770d038caf,1789772783.000,10,0
1789772806.494,22,343005b6-c27b-46b9-ae38-d3770d038caf,,10,0
1789772806.650,8,343005b6-c27b-46b9-ae38-d3770d038caf,1789772803.000,10,0
1789772806.722,23,343005b6-c27b-46b9-ae38-d3770d038caf,1789772803.000,10,0
1789772806.862,9,343005b6-c27b-46b9-ae38-d3770d038caf,1789772803.000,10,0
1789772806.885,24,343005b6-c27b-46b9-ae38-d3770d038caf,1789772803.000,10,0
1789772807.226,6,343005b6-c27b-46b9-ae38-d3770d038caf,1789772803.000,10,0
1789772807.300,11,343005b6-c27b-46b9-ae38-d3770d038caf,1789772803.000,10,0
1789772807.461,12,343005b6-c27b-46b9-ae38-d3770d038caf,1789772803.000,10,0
1789772807.692,13,343005b6-c27b-46b9-ae38-d3770d038caf,1789772803.000,10,0
1789772807.890,14,343005b6-c27b-46b9-ae38-d3770d038caf,1789772803.000,10,0
1789772808.503,17,4c1b8ff3-092e-46f4-b652-22d95816e6b3,1789772807.000,8,0
1789772808.503,17,366f2655-e187-4220-8f3c-4a769ccedb6a,1789772807.000,16,0
1789772808.659,3,4c1b8ff3-092e-46f4-b652-22d95816e6b3,1789772807.000,8,0
1789772808.659,3,366f2655-e187-4220-8f3c-4a769ccedb6a,1789772807.000,16,0
1789772808.726,18,4c1b8ff3-092e-46f4-b652-22d95816e6b3,1789772807.000,8,0
1789772808.726,18,366f2655-e187-4220-8f3c-4a769ccedb6a,1789772807.000,16,0
1789772808.865,4,4c1b8ff3-092e-46f4-b652-22d95816e6b3,1789772807.000,8,0
1789772808.865,4,366f2655-e187-4220-8f3c-4a769ccedb6a,1789772807.000,16,0
1789772808.891,19,4c1b8ff3-092e-46f4-b652-22d95816e6b3,1789772807.000,8,0
1789772808.891,19,366f2655-e187-4220-8f3c-4a769ccedb6a,1789772807.000,16,0
1789772809.054,0,4c1b8ff3-092e-46f4-b652-22d95816e6b3,1789772807.000,8,0
1789772809.054,0,366f2655-e187-4220-8f3c-4a769ccedb6a,1789772807.000,16,0
1789772809.054,5,4c1b8ff3-092e-46f4-b652-22d95816e6b3,,8,0
1789772809.054,15,4c1b8ff3-092e-46f4-b652-22d95816e6b3,1789772807.000,8,0
1789772809.054,15,366f2655-e187-4220-8f3c-4a769ccedb6a,1789772807.000,16,0
1789772809.054,5,366f2655-e187-4220-8f3c-4a769ccedb6a,1789772807.000,16,0
1789772809.158,20,4c1b8ff3-092e-46f4-b652-22d95816e6b3,1789772807.000,8,0
1789772809.158,20,366f2655-e187-4220-8f3c-4a769ccedb6a,1789772807.000,16,0
1789772809.228,1,4c1b8ff3-092e-46f4-b652-22d95816e6b3,1789772807.000,8,0
1789772809.228,1,366f2655-e187-4220-8f3c-4a769ccedb6a,1789772807.000,16,0
1789772809.306,16,4c1b8ff3-092e-46f4-b652-22d95816e6b3,1789772807.000,8,0
1789772809.314,21,4c1b8ff3-092e-46f4-b652-22d95816e6b3,1789772807.000,8,0
1789772809.314,21,366f2655-e187-4220-8f3c-4a769ccedb6a,1789772807.000,16,0
1789772809.446,7,4c1b8ff3-092e-46f4-b652-22d95816e6b3,1789772807.000,8,0
1789772809.446,7,366f2655-e187-4220-8f3c-4a769ccedb6a,1789772807.000,16,0
1789772809.446,2,4c1b8ff3-092e-46f4-b652-22d95816e6b3,1789772807.000,8,0
1789772809.446,2,366f2655-e187-4220-8f3c-4a769ccedb6a,1789772807.000,16,0
1789772809.508,22,4c1b8ff3-092e-46f4-b652-22d95816e6b3,1789772807.000,8,0
1789772809.508,22,366f2655-e187-4220-8f3c-4a769ccedb6a,1789772807.000,16,0
1789772809.660,8,366f2655-e187-4220-8f3c-4a769ccedb6a,1789772807.000,16,0
1789772809.731,23,4c1b8ff3-092e-46f4-b652-22d95816e6b3,1789772807.000,8,0
1789772809.731,23,366f2655-e187-4220-8f3c-4a769ccedb6a,1789772807.000,16,0
1789772809.869,9,4c1b8ff3-092e-46f4-b652-22d95816e6b3,1789772807.000,8,0
1789772809.869,9,366f2655-e187-4220-8f3c-4a769ccedb6a,1789772807.000,16,0
1789772809.895,24,4c1b8ff3-092e-46f4-b652-22d95816e6b3,1789772807.000,8,0
1789772809.895,24,366f2655-e187-4220-8f3c-4a769ccedb6a,1789772807.000,16,0
1789772810.057,10,4c1b8ff3-092e-46f4-b652-22d95816e6b3,1789772807.000,8,0
1789772810.057,10,366f2655-e187-4220-8f3c-4a769ccedb6a,1789772807.000,16,0
1789772810.231,6,4c1b8ff3-092e-46f4-b652-22d95816e6b3,1789772807.000,8,0
1789772810.231,6,366f2655-e187-4220-8f3c-4a769ccedb6a,1789772807.000,16,0
1789772810.309,11,4c1b8ff3-092e-46f4-b652-22d95816e6b3,1789772807.000,8,0
1789772810.309,11,366f2655-e187-4220-8f3c-4a769ccedb6a,1789772807.000,16,0
1789772810.466,12,4c1b8ff3-092e-46f4-b652-22d95816e6b3,1789772807.000,8,0
1789772810.466,12,366f2655-e187-4220-8f3c-4a769ccedb6a,1789772807.000,16,0
1789772810.700,13,4c1b8ff3-092e-46f4-b652-22d95816e6b3,1789772807.000,8,0
1789772810.700,13,366f2655-e187-4220-8f3c-4a769ccedb6a,1789772807.000,16,0
1789772810.900,14,4c1b8ff3-092e-46f4-b652-22d95816e6b3,1789772807.000,8,0
1789772810.900,14,366f2655-e187-4220-8f3c-4a769ccedb6a,1789772807.000,16,0
1789772811.456,2,32ac329e-3c76-4a66-9f60-56f44f283378,1789772808.000,20,0
1789772811.456,2,7e0b8a99-7216-465e-905c-71a1ca75d62b,1789772809.000,12,0
1789772811.456,2,f0e5205d-8783-4349-be87-ab5bacdb8332,1789772810.000,3,0
1789772811.512,17,32ac329e-3c76-4a66-9f60-56f44f283378,1789772808.000,20,0
1789772811.512,17,7e0b8a99-7216-465e-905c-71a1ca75d62b,1789772809.000,12,0
1789772811.512,17,f0e5205d-8783-4349-be87-ab5bacdb8332,1789772810.000,3,0
1789772811.667,3,32ac329e-3c76-4a66-9f60-56f44f283378,1789772808.000,20,0
1789772811.667,3,7e0b8a99-7216-465e-905c-71a1ca75d62b,1789772809.000,12,0
1789772811.738,18,32ac329e-3c76-4a66-9f60-56f44f283378,1789772808.000,20,0
1789772811.738,18,7e0b8a99-7216-465e-905c-71a1ca75d62b,1789772809.000,12,0
1789772811.738,18,f0e5205d-8783-4349-be87-ab5bacdb8332,1789772810.000,3,0
1789772811.875,4,32ac329e-3c76-4a66-9f60-56f44f283378,1789772808.000,20,0
1789772811.875,4,7e0b8a99-7216-465e-905c-71a1ca75d62b,1789772809.000,12,0
1789772811.875,4,f0e5205d-8783-4349-be87-ab5bacdb8332,1789772810.000,3,0
1789772811.903,19,32ac329e-3c76-4a66-9f60-56f44f283378,1789772808.000,20,0
1789772811.903,19,7e0b8a99-7216-465e-905c-71a1ca75d62b,1789772809.000,12,0
1789772811.903,19,f0e5205d-8783-4349-be87-ab5bacdb8332,1789772810.000,3,0
1789772812.062,0,32ac329e-3c76-4a66-9f60-56f44f283378,1789772808.000,20,0
1789772812.062,0,7e0b8a99-7216-465e-905c-71a1ca75d62b,1789772809.000,12,0
1789772812.062,5,32ac329e-3c76-4a66-9f60-56f44f283378,1789772808.000,20,0
1789772812.062,0,f0e5205d-8783-4349-be87-ab5bacdb8332,1789772810.000,3,0
1789772812.062,5,7e0b8a99-7216-465e-905c-71a1ca75d62b,1789772809.000,12,0
1789772812.062,5,f0e5205d-8783-4349-be87-ab5bacdb8332,1789772810.000,3,0
1789772812.062,15,32ac329e-3c76-4a66-9f60-56f44f283378,1789772808.000,20,0
1789772812.062,15,7e0b8a99-7216-465e-905c-71a1ca75d62b,1789772809.000,12,0
1789772812.062,15,f0e5205d-8783-4349-be87-ab5bacdb8332,1789772810.000,3,0
1789772812.170,20,7e0b8a99-7216-465e-905c-71a1ca75d62b,1789772809.000,12,0
1789772812.170,20,f0e5205d-8783-4349-be87-ab5bacdb8332,1789772810.000,3,0
1789772812.234,1,32ac329e-3c76-4a66-9f60-56f44f283378,1789772808.000,20,0
1789772812.234,6,32ac329e-3c76-4a66-9f60-56f44f283378,,20,0
1789772812.234,1,7e0b8a99-7216-465e-905c-71a1ca75d62b,1789772809.000,12,0
1789772812.234,6,7e0b8a99-7216-465e-905c-71a1ca75d62b,1789772809.000,12,0
1789772812.234,1,f0e5205d-8783-4349-be87-ab5bacdb8332,1789772810.000,3,0
1789772812.234,6,f0e5205d-8783-4349-be87-ab5bacdb8332,1789772810.000,3,0
1789772812.313,16,32ac329e-3c76-4a66-9f60-56f44f283378,1789772808.000,20,0
1789772812.313,16,7e0b8a99-7216-465e-905c-71a1ca75d62b,1789772809.000,12,0
1789772812.313,16,f0e5205d-8783-4349-be87-ab5bacdb8332,1789772810.000,3,0
1789772812.316,21,32ac329e-3c76-4a66-9f60-56f44f283378,1789772808.000,20,0
1789772812.316,21,7e0b8a99-7216-465e-905c-71a1ca75d62b,1789772809.000,12,0
1789772812.316,21,f0e5205d-8783-4349-be87-ab5bacdb8332,1789772810.000,3,0
1789772812.461,7,32ac329e-3c76-4a66-9f60-56f44f283378,1789772808.000,20,0
1789772812.461,7,7e0b8a99-7216-465e-905c-71a1ca75d62b,1789772809.000,12,0
1789772812.461,7,f0e5205d-8783-4349-be87-ab5bacdb8332,1789772810.000,3,0
1789772812.513,22,32ac329e-3c76-4a66-9f60-56f44f283378,1789772808.000,20,0
1789772812.513,22,7e0b8a99-7216-465e-905c-71a1ca75d62b,1789772809.000,12,0
1789772812.513,22,f0e5205d-8783-4349-be87-ab5bacdb8332,1789772810.000,3,0
1789772812.667,8,32ac329e-3c76-4a66-9f60-56f44f283378,1789772808.000,20,0
1789772812.667,8,7e0b8a99-7216-465e-905c-71a1ca75d62b,1789772809.000,12,0
1789772812.667,8,f0e5205d-8783-4349-be87-ab5bacdb8332,1789772810.000,3,0
1789772812.740,23,32ac329e-3c76-4a66-9f60-56f44f283378,1789772808.000,20,0
1789772812.740,23,7e0b8a99-7216-465e-905c-71a1ca75d62b,1789772809.000,12,0
1789772812.740,23,f0e5205d-8783-4349-be87-ab5bacdb8332,1789772810.000,3,0
1789772812.880,9,32ac329e-3c76-4a66-9f60-56f44f283378,1789772808.000,20,0
1789772812.880,9,7e0b8a99-7216-465e-905c-71a1ca75d62b,1789772809.000,12,0
1789772812.880,9,f0e5205d-8783-4349-be87-ab5bacdb8332,1789772810.000,3,0
1789772812.906,24,32ac329e-3c76-4a66-9f60-56f44f283378,1789772808.000,20,0
1789772812.906,24,7e0b8a99-7216-465e-905c-71a1ca75d62b,1789772809.000,12,0
1789772812.906,24,f0e5205d-8783-4349-be87-ab5bacdb8332,1789772810.000,3,0
1789772813.064,10,32ac329e-3c76-4a66-9f60-56f44f283378,1789772808.000,20,0
1789772813.064,10,7e0b8a99-7216-465e-905c-71a1ca75d62b,1789772809.000,12,0
1789772813.064,10,f0e5205d-8783-4349-be87-ab5bacdb8332,1789772810.000,3,0
1789772813.317,11,32ac329e-3c76-4a66-9f60-56f44f283378,1789772808.000,20,0
1789772813.317,11,7e0b8a99-7216-465e-905c-71a1ca75d62b,1789772809.000,12,0
1789772813.317,11,f0e5205d-8783-4349-be87-ab5bacdb8332,1789772810.000,3,0
1789772813.467,12,32ac329e-3c76-4a66-9f60-56f44f283378,1789772808.000,20,0
1789772813.467,12,f0e5205d-8783-4349-be87-ab5bacdb8332,1789772810.000,3,0
1789772813.705,13,32ac329e-3c76-4a66-9f60-56f44f283378,1789772808.000,20,0
1789772813.705,13,7e0b8a99-7216-465e-905c-71a1ca75d62b,1789772809.000,12,0
1789772813.705,13,f0e5205d-8783-4349-be87-ab5bacdb8332,1789772810.000,3,0
1789772813.910,14,32ac329e-3c76-4a66-9f60-56f44f283378,1789772808.000,20,0
1789772813.910,14,7e0b8a99-7216-465e-905c-71a1ca75d62b,1789772809.000,12,0
1789772813.910,14,f0e5205d-8783-4349-be87-ab5bacdb8332,1789772810.000,3,0
1789772814.469,2,495528be-2bae-4e38-af85-77d45572ea2d,1789772811.000,13,0
1789772814.469,2,6f977659-13c6-4a02-9dd5-dd2372b4b0b4,1789772811.000,9,0
1789772814.469,2,6d0165f5-56e4-412a-83a3-af2ed8ceb5a5,1789772812.000,7,0
1789772814.469,2,e3ae695c-ba15-40dc-a13d-194cebc3f43c,1789772812.000,1,0
1789772814.469,2,931b15f5-1841-45d0-acbd-6e23ed5a09f1,1789772812.000,14,0
1789772814.469,2,71ab6702-ef6a-4572-bca2-d1cae9c55afc,1789772813.000,18,0
1789772814.522,17,495528be-2bae-4e38-af85-77d45572ea2d,1789772811.000,13,0
1789772814.522,17,6f977659-13c6-4a02-9dd5-dd2372b4b0b4,1789772811.000,9,0
1789772814.522,17,6d0165f5-56e4-412a-83a3-af2ed8ceb5a5,1789772812.000,7,0
1789772814.522,17,e3ae695c-ba15-40dc-a13d-194cebc3f43c,1789772812.000,1,0
1789772814.522,17,931b15f5-1841-45d0-acbd-6e23ed5a09f1,1789772812.000,14,0
1789772814.522,17,71ab6702-ef6a-4572-bca2-d1cae9c55afc,1789772813.000,18,0
1789772814.676,3,495528be-2bae-4e38-af85-77d45572ea2d,1789772811.000,13,0
1789772814.676,3,6f977659-13c6-4a02-9dd5-dd2372b4b0b4,1789772811.000,9,0
1789772814.676,3,6d0165f5-56e4-412a-83a3-af2ed8ceb5a5,1789772812.000,7,0
1789772814.676,3,e3ae695c-ba15-40dc-a13d-194cebc3f43c,1789772812.000,1,0
1789772814.676,3,931b15f5-1841-45d0-acbd-6e23ed5a09f1,1789772812.000,14,0
1789772814.676,3,71ab6702-ef6a-4572-bca2-d1cae9c55afc,1789772813.000,18,0
1789772814.744,18,495528be-2bae-4e38-af85-77d45572ea2d,1789772811.000,13,0
1789772814.744,18,6f977659-13c6-4a02-9dd5-dd2372b4b0b4,1789772811.000,9,0
1789772814.744,18,6d0165f5-56e4-412a-83a3-af2ed8ceb5a5,1789772812.000,7,0
1789772814.744,18,e3ae695c-ba15-40dc-a13d-194cebc3f43c,1789772812.000,1,0
1789772814.744,18,931b15f5-1841-45d0-acbd-6e23ed5a09f1,1789772812.000,14,0
1789772814.884,4,495528be-2bae-4e38-af85-77d45572ea2d,1789772811.000,13,0
1789772814.884,4,6f977659-13c6-4a02-9dd5-dd2372b4b0b4,1789772811.000,9,0
1789772814.884,4,6d0165f5-56e4-412a-83a3-af2ed8ceb5a5,1789772812.000,7,0
1789772814.884,4,e3ae695c-ba15-40dc-a13d-194cebc3f43c,1789772812.000,1,0
1789772814.884,4,931b15f5-1841-45d0-acbd-6e23ed5a09f1,1789772812.000,14,0
1789772814.884,4,71ab6702-ef6a-4572-bca2-d1cae9c55afc,1789772813.000,18,0
1789772814.911,19,495528be-2bae-4e38-af85-77d45572ea2d,1789772811.000,13,0
1789772814.911,19,6f977659-13c6-4a02-9dd5-dd2372b4b0b4,1789772811.000,9,0
1789772814.911,19,6d0165f5-56e4-412a-83a3-af2ed8ceb5a5,1789772812.000,7,0
1789772814.911,19,e3ae695c-ba15-40dc-a13d-194cebc3f43c,1789772812.000,1,0
1789772814.911,19,931b15f5-1841-45d0-acbd-6e23ed5a09f1,1789772812.000,14,0
1789772814.911,19,71ab6702-ef6a-4572-bca2-d1cae9c55afc,1789772813.000,18,0
1789772815.067,15,495528be-2bae-4e38-af85-77d45572ea2d,1789772811.000,13,0
1789772815.067,5,495528be-2bae-4e38-af85-77d45572ea2d,1789772811.000,13,0
1789772815.067,15,6f977659-13c6-4a02-9dd5-dd2372b4b0b4,1789772811.000,9,0
1789772815.067,5,6f977659-13c6-4a02-9dd5-dd2372b4b0b4,1789772811.000,9,0
1789772815.067,5,6d0165f5-56e4-412a-83a3-af2ed8ceb5a5,1789772812.000,7,0
1789772815.067,15,6d0165f5-56e4-412a-83a3-af2ed8ceb5a5,1789772812.000,7,0
1789772815.067,5,e3ae695c-ba15-40dc-a13d-194cebc3f43c,1789772812.000,1,0
1789772815.067,15,e3ae695c-ba15-40dc-a13d-194cebc3f43c,1789772812.000,1,0
1789772815.067,5,931b15f5-1841-45d0-acbd-6e23ed5a09f1,1789772812.000,14,0
1789772815.067,15,931b15f5-1841-45d0-acbd-6e23ed5a09f1,1789772812.000,14,0
1789772815.067,15,71ab6702-ef6a-4572-bca2-d1cae9c55afc,1789772813.000,18,0
1789772815.067,0,495528be-2bae-4e38-af85-77d45572ea2d,221866384011.000,13,0
1789772815.067,5,71ab6702-ef6a-4572-bca2-d1cae9c55afc,221866384011.000,18,0
1789772815.067,0,6f977659-13c6-4a02-9dd5-dd2372b4b0b4,1789772811.000,9,0
1789772815.067,0,6d0165f5-56e4-412a-83a3-af2ed8ceb5a5,1789772812.000,7,0
1789772815.067,0,e3ae695c-ba15-40dc-a13d-194cebc3f43c,1789772812.000,1,0
1789772815.067,0,931b15f5-1841-45d0-acbd-6e23ed5a09f1,1789772812.000,14,0
1789772815.067,0,71ab6702-ef6a-4572-bca2-d1cae9c55afc,1789772813.000,18,0
1789772815.176,20,495528be-2bae-4e38-af85-77d45572ea2d,1789772811.000,13,0
1789772815.176,20,6f977659-13c6-4a02-9dd5-dd2372b4b0b4,1789772811.000,9,0
1789772815.176,20,6d0165f5-56e4-412a-83a3-af2ed8ceb5a5,1789772812.000,7,0
1789772815.176,20,e3ae695c-ba15-40dc-a13d-194cebc3f43c,1789772812.000,1,0
1789772815.176,20,931b15f5-1841-45d0-acbd-6e23ed5a09f1,1789772812.000,14,0
1789772815.176,20,71ab6702-ef6a-4572-bca2-d1cae9c55afc,1789772813.000,18,0
1789772815.239,1,495528be-2bae-4e38-af85-77d45572ea2d,1789772811.000,13,0
1789772815.239,6,495528be-2bae-4e38-af85-77d45572ea2d,1789772811.000,13,0
1789772815.239,1,6f977659-13c6-4a02-9dd5-dd2372b4b0b4,1789772811.000,9,0
1789772815.239,1,6d0165f5-56e4-412a-83a3-af2ed8ceb5a5,1789772812.000,7,0
1789772815.239,6,6f977659-13c6-4a02-9dd5-dd2372b4b0b4,1805365971.000,9,0
1789772815.239,6,6d0165f5-56e4-412a-83a3-af2ed8ceb5a5,1789772812.000,7,0
1789772815.239,6,e3ae695c-ba15-40dc-a13d-194cebc3f43c,1789772812.000,1,0
1789772815.239,6,931b15f5-1841-45d0-acbd-6e23ed5a09f1,1789772812.000,14,0
1789772815.239,6,71ab6702-ef6a-4572-bca2-d1cae9c55afc,1789772813.000,18,0
1789772815.239,1,931b15f5-1841-45d0-acbd-6e23ed5a09f1,1789772813.000,14,0
1789772815.239,1,71ab6702-ef6a-4572-bca2-d1cae9c55afc,1789772813.000,18,0
1789772815.325,16,495528be-2bae-4e38-af85-77d45572ea2d,1789772811.000,13,0
1789772815.325,21,495528be-2bae-4e38-af85-77d45572ea2d,1789772811.000,13,0
1789772815.325,16,6f977659-13c6-4a02-9dd5-dd2372b4b0b4,1789772811.000,9,0
1789772815.325,16,6d0165f5-56e4-412a-83a3-af2ed8ceb5a5,1789772812.000,7,0
1789772815.325,21,6f977659-13c6-4a02-9dd5-dd2372b4b0b4,1789772811.000,9,0
1789772815.325,16,e3ae695c-ba15-40dc-a13d-194cebc3f43c,1789772812.000,1,0
1789772815.325,21,6d0165f5-56e4-412a-83a3-af2ed8ceb5a5,1789772812.000,7,0
1789772815.325,16,931b15f5-1841-45d0-acbd-6e23ed5a09f1,1789772812.000,14,0
1789772815.325,21,e3ae695c-ba15-40dc-a13d-194cebc3f43c,1789772812.000,1,0
1789772815.325,16,71ab6702-ef6a-4572-bca2-d1cae9c55afc,1789772813.000,18,0
1789772815.325,21,931b15f5-1841-45d0-acbd-6e23ed5a09f1,1789772812.000,14,0
1789772815.325,21,71ab6702-ef6a-4572-bca2-d1cae9c55afc,1789772813.000,18,0
1789772815.470,7,495528be-2bae-4e38-af85-77d45572ea2d,1789772811.000,13,0
1789772815.470,7,6f977659-13c6-4a02-9dd5-dd2372b4b0b4,1789772811.000,9,0
1789772815.470,7,e3ae695c-ba15-40dc-a13d-194cebc3f43c,1789772812.000,1,0
1789772815.470,7,931b15f5-1841-45d0-acbd-6e23ed5a09f1,1789772812.000,14,0
1789772815.470,7,71ab6702-ef6a-4572-bca2-d1cae9c55afc,1789772813.000,18,0
1789772815.525,22,495528be-2bae-4e38-af85-77d45572ea2d,1789772811.000,13,0
1789772815.525,22,6f977659-13c6-4a02-9dd5-dd2372b4b0b4,1789772811.000,9,0
1789772815.525,22,6d0165f5-56e4-412a-83a3-af2ed8ceb5a5,1789772812.000,7,0
1789772815.525,22,e3ae695c-ba15-40dc-a13d-194cebc3f43c,1789772812.000,1,0
1789772815.525,22,931b15f5-1841-45d0-acbd-6e23ed5a09f1,1789772812.000,14,0
1789772815.525,22,71ab6702-ef6a-4572-bca2-d1cae9c55afc,1789772813.000,18,0
1789772815.680,8,495528be-2bae-4e38-af85-77d45572ea2d,1789772811.000,13,0
1789772815.680,8,6f977659-13c6-4a02-9dd5-dd2372b4b0b4,1789772811.000,9,0
1789772815.680,8,6d0165f5-56e4-412a-83a3-af2ed8ceb5a5,1789772812.000,7,0
1789772815.680,8,e3ae695c-ba15-40dc-a13d-194cebc3f43c,1789772812.000,1,0
1789772815.680,8,931b15f5-1841-45d0-acbd-6e23ed5a09f1,1789772812.000,14,0
1789772815.680,8,71ab6702-ef6a-4572-bca2-d1cae9c55afc,1789772813.000,18,0
1789772815.745,23,495528be-2bae-4e38-af85-77d45572ea2d,1789772811.000,13,0
1789772815.745,23,6f977659-13c6-4a02-9dd5-dd2372b4b0b4,1789772811.000,9,0
1789772815.745,23,6d0165f5-56e4-412a-83a3-af2ed8ceb5a5,1789772812.000,7,0
1789772815.745,23,e3ae695c-ba15-40dc-a13d-194cebc3f43c,1789772812.000,1,0
1789772815.745,23,931b15f5-1841-45d0-acbd-6e23ed5a09f1,1789772812.000,14,0
1789772815.745,23,71ab6702-ef6a-4572-bca2-d1cae9c55afc,1789772813.000,18,0
1789772815.888,9,495528be-2bae-4e38-af85-77d45572ea2d,1789772811.000,13,0
1789772815.888,9,6d0165f5-56e4-412a-83a3-af2ed8ceb5a5,1789772812.000,7,0
1789772815.888,9,e3ae695c-ba15-40dc-a13d-194cebc3f43c,1789772812.000,1,0
1789772815.888,9,931b15f5-1841-45d0-acbd-6e23ed5a09f1,1789772812.000,14,0
1789772815.888,9,71ab6702-ef6a-4572-bca2-d1cae9c55afc,1789772813.000,18,0
1789772815.915,24,495528be-2bae-4e38-af85-77d45572ea2d,1789772811.000,13,0
1789772815.915,24,6f977659-13c6-4a02-9dd5-dd2372b4b0b4,1789772811.000,9,0
1789772815.915,24,6d0165f5-56e4-412a-83a3-af2ed8ceb5a5,1789772812.000,7,0
1789772815.915,24,e3ae695c-ba15-40dc-a13d-194cebc3f43c,1789772812.000,1,0
1789772815.915,24,931b15f5-1841-45d0-acbd-6e23ed5a09f1,1789772812.000,14,0
1789772815.915,24,71ab6702-ef6a-4572-bca2-d1cae9c55afc,1789772813.000,18,0
1789772816.072,10,495528be-2bae-4e38-af85-77d45572ea2d,1789772811.000,13,0
1789772816.072,10,6f977659-13c6-4a02-9dd5-dd2372b4b0b4,1789772811.000,9,0
1789772816.072,10,6d0165f5-56e4-412a-83a3-af2ed8ceb5a5,1789772812.000,7,0
1789772816.072,10,e3ae695c-ba15-40dc-a13d-194cebc3f43c,1789772812.000,1,0
1789772816.072,10,931b15f5-1841-45d0-acbd-6e23ed5a09f1,1789772812.000,14,0
1789772816.072,10,71ab6702-ef6a-4572-bca2-d1cae9c55afc,1789772813.000,18,0
1789772816.330,11,495528be-2bae-4e38-af85-77d45572ea2d,1789772811.000,13,0
1789772816.330,11,6f977659-13c6-4a02-9dd5-dd2372b4b0b4,1789772811.000,9,0
1789772816.330,11,6d0165f5-56e4-412a-83a3-af2ed8ceb5a5,1789772812.000,7,0
1789772816.330,11,e3ae695c-ba15-40dc-a13d-194cebc3f43c,1789772812.000,1,0
1789772816.330,11,931b15f5-1841-45d0-acbd-6e23ed5a09f1,1789772812.000,14,0
1789772816.330,11,71ab6702-ef6a-4572-bca2-d1cae9c55afc,1789772813.000,18,0
1789772816.475,12,495528be-2bae-4e38-af85-77d45572ea2d,1789772811.000,13,0
1789772816.475,12,6f977659-13c6-4a02-9dd5-dd2372b4b0b4,1789772811.000,9,0
1789772816.475,12,6d0165f5-56e4-412a-83a3-af2ed8ceb5a5,1789772812.000,7,0
1789772816.475,12,e3ae695c-ba15-40dc-a13d-194cebc3f43c,1789772812.000,1,0
1789772816.475,12,931b15f5-1841-45d0-acbd-6e23ed5a09f1,1789772812.000,14,0
1789772816.475,12,71ab6702-ef6a-4572-bca2-d1cae9c55afc,1789772813.000,18,0
1789772816.716,13,6f977659-13c6-4a02-9dd5-dd2372b4b0b4,1789772811.000,9,0
1789772816.716,13,6d0165f5-56e4-412a-83a3-af2ed8ceb5a5,1789772812.000,7,0
1789772816.716,13,e3ae695c-ba15-40dc-a13d-194cebc3f43c,1789772812.000,1,0
1789772816.716,13,931b15f5-1841-45d0-acbd-6e23ed5a09f1,1789772812.000,14,0
1789772816.716,13,71ab6702-ef6a-4572-bca2-d1cae9c55afc,1789772813.000,18,0
1789772816.918,14,495528be-2bae-4e38-af85-77d45572ea2d,1789772811.000,13,0
1789772816.918,14,6f977659-13c6-4a02-9dd5-dd2372b4b0b4,1789772811.000,9,0
1789772816.918,14,6d0165f5-56e4-412a-83a3-af2ed8ceb5a5,1789772812.000,7,0
1789772816.918,14,e3ae695c-ba15-40dc-a13d-194cebc3f43c,1789772812.000,1,0
1789772816.918,14,71ab6702-ef6a-4572-bca2-d1cae9c55afc,1789772813.000,18,0
1789772817.479,2,628692c4-6428-4ab7-a18e-f722019dee59,1789772816.000,5,0
1789772817.479,2,9a75afa8-0967-41bb-9cdb-6ae27026343e,1789772816.000,24,0
1789772817.534,17,628692c4-6428-4ab7-a18e-f722019dee59,1789772816.000,5,0
1789772817.534,17,9a75afa8-0967-41bb-9cdb-6ae27026343e,1789772816.000,24,0
1789772817.689,3,628692c4-6428-4ab7-a18e-f722019dee59,1789772816.000,5,0
1789772817.689,3,9a75afa8-0967-41bb-9cdb-6ae27026343e,1789772816.000,24,0
1789772817.751,18,628692c4-6428-4ab7-a18e-f722019dee59,1789772816.000,5,0
1789772817.751,18,9a75afa8-0967-41bb-9cdb-6ae27026343e,1789772816.000,24,0
1789772817.890,4,628692c4-6428-4ab7-a18e-f722019dee59,1789772816.000,5,0
1789772817.890,4,9a75afa8-0967-41bb-9cdb-6ae27026343e,1789772816.000,24,0
1789772817.919,19,628692c4-6428-4ab7-a18e-f722019dee59,1789772816.000,5,0
1789772817.919,19,9a75afa8-0967-41bb-9cdb-6ae27026343e,1789772816.000,24,0
1789772818.080,15,628692c4-6428-4ab7-a18e-f722019dee59,1789772816.000,5,0
1789772818.080,5,9a75afa8-0967-41bb-9cdb-6ae27026343e,1789772816.000,24,0
1789772818.080,15,9a75afa8-0967-41bb-9cdb-6ae27026343e,-60377532784.000,24,0
1789772818.080,0,628692c4-6428-4ab7-a18e-f722019dee59,,5,0
1789772818.080,0,9a75afa8-0967-41bb-9cdb-6ae27026343e,1789772816.000,24,0
1789772818.186,20,628692c4-6428-4ab7-a18e-f722019dee59,1789772816.000,5,0
1789772818.186,20,9a75afa8-0967-41bb-9cdb-6ae27026343e,1789772816.000,24,0
1789772818.241,1,628692c4-6428-4ab7-a18e-f722019dee59,1789772816.000,5,0
1789772818.241,6,628692c4-6428-4ab7-a18e-f722019dee59,1789772816.000,5,0
1789772818.241,1,9a75afa8-0967-41bb-9cdb-6ae27026343e,1789772816.000,24,0
1789772818.241,6,9a75afa8-0967-41bb-9cdb-6ae27026343e,1789772816.000,24,0
1789772818.339,21,628692c4-6428-4ab7-a18e-f722019dee59,1789772816.000,5,0
1789772818.339,21,9a75afa8-0967-41bb-9cdb-6ae27026343e,1789772816.000,24,0
1789772818.339,16,628692c4-6428-4ab7-a18e-f722019dee59,1789772816.000,5,0
1789772818.339,16,9a75afa8-0967-41bb-9cdb-6ae27026343e,1789772816.000,24,0
1789772818.481,7,628692c4-6428-4ab7-a18e-f722019dee59,1789772816.000,5,0
1789772818.481,7,9a75afa8-0967-41bb-9cdb-6ae27026343e,1789772816.000,24,0
1789772818.535,22,628692c4-6428-4ab7-a18e-f722019dee59,1789772816.000,5,0
1789772818.535,22,9a75afa8-0967-41bb-9cdb-6ae27026343e,1789772816.000,24,0
1789772818.694,8,628692c4-6428-4ab7-a18e-f722019dee59,1789772816.000,5,0
1789772818.694,8,9a75afa8-0967-41bb-9cdb-6ae27026343e,1789772816.000,24,0
1789772818.753,23,628692c4-6428-4ab7-a18e-f722019dee59,1789772816.000,5,0
1789772818.753,23,9a75afa8-0967-41bb-9cdb-6ae27026343e,1789772816.000,24,0
1789772818.892,9,628692c4-6428-4ab7-a18e-f722019dee59,1789772816.000,5,0
1789772818.892,9,9a75afa8-0967-41bb-9cdb-6ae27026343e,1789772816.000,24,0
1789772818.925,24,628692c4-6428-4ab7-a18e-f722019dee59,1789772816.000,5,0
1789772819.084,10,628692c4-6428-4ab7-a18e-f722019dee59,1789772816.000,5,0
1789772819.084,10,9a75afa8-0967-41bb-9cdb-6ae27026343e,1789772816.000,24,0
1789772819.344,11,628692c4-6428-4ab7-a18e-f722019dee59,1789772816.000,5,0
1789772819.344,11,9a75afa8-0967-41bb-9cdb-6ae27026343e,1789772816.000,24,0
1789772819.485,12,628692c4-6428-4ab7-a18e-f722019dee59,1789772816.000,5,0
1789772819.485,12,9a75afa8-0967-41bb-9cdb-6ae27026343e,1789772816.000,24,0
1789772819.725,13,628692c4-6428-4ab7-a18e-f722019dee59,1789772816.000,5,0
1789772819.725,13,9a75afa8-0967-41bb-9cdb-6ae27026343e,1789772816.000,24,0
1789772819.930,14,628692c4-6428-4ab7-a18e-f722019dee59,1789772816.000,5,0
1789772819.930,14,9a75afa8-0967-41bb-9cdb-6ae27026343e,1789772816.000,24,0
1789772823.494,2,62f02345-b0da-4bcc-b133-a1a6a1d71b9e,1789772820.000,22,0
1789772823.494,2,98f3a913-e679-449c-80ac-56321135e75a,1789772821.000,4,0
1789772823.494,2,075b6a88-9571-45b0-b5f7-cfd4e5a6bd8f,1789772821.000,15,0
1789772823.494,2,31d3ecb5-c75a-4965-a450-35ed88248a85,1789772822.000,21,0
1789772823.555,17,62f02345-b0da-4bcc-b133-a1a6a1d71b9e,1789772820.000,22,0
1789772823.555,17,98f3a913-e679-449c-80ac-56321135e75a,1789772821.000,4,0
1789772823.555,17,075b6a88-9571-45b0-b5f7-cfd4e5a6bd8f,1789772821.000,15,0
1789772823.555,17,31d3ecb5-c75a-4965-a450-35ed88248a85,1789772822.000,21,0
1789772823.712,3,62f02345-b0da-4bcc-b133-a1a6a1d71b9e,1789772820.000,22,0
1789772823.712,3,98f3a913-e679-449c-80ac-56321135e75a,1789772821.000,4,0
1789772823.712,3,075b6a88-9571-45b0-b5f7-cfd4e5a6bd8f,1789772821.000,15,0
1789772823.712,3,31d3ecb5-c75a-4965-a450-35ed88248a85,1789772822.000,21,0
1789772823.771,18,62f02345-b0da-4bcc-b133-a1a6a1d71b9e,1789772820.000,22,0
1789772823.771,18,98f3a913-e679-449c-80ac-56321135e75a,1789772821.000,4,0
1789772823.771,18,075b6a88-9571-45b0-b5f7-cfd4e5a6bd8f,1789772821.000,15,0
1789772823.771,18,31d3ecb5-c75a-4965-a450-35ed88248a85,1789772822.000,21,0
1789772823.914,4,62f02345-b0da-4bcc-b133-a1a6a1d71b9e,1789772820.000,22,0
1789772823.914,4,075b6a88-9571-45b0-b5f7-cfd4e5a6bd8f,1789772821.000,15,0
1789772823.914,4,31d3ecb5-c75a-4965-a450-35ed88248a85,1789772822.000,21,0
1789772823.940,19,62f02345-b0da-4bcc-b133-a1a6a1d71b9e,1789772820.000,22,0
1789772823.940,19,98f3a913-e679-449c-80ac-56321135e75a,1789772821.000,4,0
1789772823.940,19,075b6a88-9571-45b0-b5f7-cfd4e5a6bd8f,1789772821.000,15,0
1789772823.940,19,31d3ecb5-c75a-4965-a450-35ed88248a85,1789772822.000,21,0
1789772824.097,5,62f02345-b0da-4bcc-b133-a1a6a1d71b9e,1789772820.000,22,0
1789772824.097,15,62f02345-b0da-4bcc-b133-a1a6a1d71b9e,1789772820.000,22,0
1789772824.097,5,98f3a913-e679-449c-80ac-56321135e75a,1789772821.000,4,0
1789772824.097,15,98f3a913-e679-449c-80ac-56321135e75a,1789772821.000,4,0
1789772824.097,0,62f02345-b0da-4bcc-b133-a1a6a1d71b9e,,22,0
1789772824.097,5,075b6a88-9571-45b0-b5f7-cfd4e5a6bd8f,1789772821.000,15,0
1789772824.097,0,98f3a913-e679-449c-80ac-56321135e75a,1789772821.000,4,0
1789772824.097,5,31d3ecb5-c75a-4965-a450-35ed88248a85,1789772822.000,21,0
1789772824.097,0,075b6a88-9571-45b0-b5f7-cfd4e5a6bd8f,1789772821.000,15,0
1789772824.097,0,31d3ecb5-c75a-4965-a450-35ed88248a85,1789772822.000,21,0
1789772824.097,15,31d3ecb5-c75a-4965-a450-35ed88248a85,1789772822.000,21,0
1789772824.214,20,62f02345-b0da-4bcc-b133-a1a6a1d71b9e,1789772820.000,22,0
1789772824.214,20,98f3a913-e679-449c-80ac-56321135e75a,1789772821.000,4,0
1789772824.214,20,075b6a88-9571-45b0-b5f7-cfd4e5a6bd8f,1789772821.000,15,0
1789772824.214,20,31d3ecb5-c75a-4965-a450-35ed88248a85,1789772822.000,21,0
1789772824.250,1,62f02345-b0da-4bcc-b133-a1a6a1d71b9e,1813360020.000,22,0
1789772824.250,6,62f02345-b0da-4bcc-b133-a1a6a1d71b9e,,22,0
1789772824.250,1,98f3a913-e679-449c-80ac-56321135e75a,1789772821.000,4,0
1789772824.250,6,98f3a913-e679-449c-80ac-56321135e75a,1789772821.000,4,0
1789772824.250,1,075b6a88-9571-45b0-b5f7-cfd4e5a6bd8f,1789772821.000,15,0
1789772824.250,6,075b6a88-9571-45b0-b5f7-cfd4e5a6bd8f,1789772821.000,15,0
1789772824.250,6,31d3ecb5-c75a-4965-a450-35ed88248a85,1789772822.000,21,0
1789772824.250,1,31d3ecb5-c75a-4965-a450-35ed88248a85,1789772822.000,21,0
1789772824.359,16,62f02345-b0da-4bcc-b133-a1a6a1d71b9e,1788977220.000,22,0
1789772824.359,21,62f02345-b0da-4bcc-b133-a1a6a1d71b9e,,22,0
1789772824.359,16,98f3a913-e679-449c-80ac-56321135e75a,1789772821.000,4,0
1789772824.359,21,98f3a913-e679-449c-80ac-56321135e75a,1789772821.000,4,0
1789772824.359,16,075b6a88-9571-45b0-b5f7-cfd4e5a6bd8f,1789772821.000,15,0
1789772824.359,21,075b6a88-9571-45b0-b5f7-cfd4e5a6bd8f,1789772821.000,15,0
1789772824.359,16,31d3ecb5-c75a-4965-a450-35ed88248a85,1789772822.000,21,0
1789772824.494,7,62f02345-b0da-4bcc-b133-a1a6a1d71b9e,1789772820.000,22,0
1789772824.494,7,98f3a913-e679-449c-80ac-56321135e75a,1789772821.000,4,0
1789772824.494,7,075b6a88-9571-45b0-b5f7-cfd4e5a6bd8f,1789772821.000,15,0
1789772824.494,7,31d3ecb5-c75a-4965-a450-35ed88248a85,1789772822.000,21,0
1789772824.558,22,98f3a913-e679-449c-80ac-56321135e75a,1789772821.000,4,0
1789772824.558,22,075b6a88-9571-45b0-b5f7-cfd4e5a6bd8f,1789772821.000,15,0
1789772824.558,22,31d3ecb5-c75a-4965-a450-35ed88248a85,1789772822.000,21,0
1789772824.714,8,62f02345-b0da-4bcc-b133-a1a6a1d71b9e,1789772820.000,22,0
1789772824.714,8,98f3a913-e679-449c-80ac-56321135e75a,1789772821.000,4,0
1789772824.714,8,075b6a88-9571-45b0-b5f7-cfd4e5a6bd8f,1789772821.000,15,0
1789772824.714,8,31d3ecb5-c75a-4965-a450-35ed88248a85,1789772822.000,21,0
1789772824.772,23,62f02345-b0da-4bcc-b133-a1a6a1d71b9e,1789772820.000,22,0
1789772824.772,23,98f3a913-e679-449c-80ac-56321135e75a,1789772821.000,4,0
1789772824.772,23,075b6a88-9571-45b0-b5f7-cfd4e5a6bd8f,1789772821.000,15,0
1789772824.772,23,31d3ecb5-c75a-4965-a450-35ed88248a85,1789772822.000,21,0
1789772824.915,9,62f02345-b0da-4bcc-b133-a1a6a1d71b9e,1789772820.000,22,0
1789772824.915,9,98f3a913-e679-449c-80ac-56321135e75a,1789772821.000,4,0
1789772824.915,9,075b6a88-9571-45b0-b5f7-cfd4e5a6bd8f,1789772821.000,15,0
1789772824.915,9,31d3ecb5-c75a-4965-a450-35ed88248a85,1789772822.000,21,0
1789772824.943,24,62f02345-b0da-4bcc-b133-a1a6a1d71b9e,1789772820.000,22,0
1789772824.943,24,98f3a913-e679-449c-80ac-56321135e75a,1789772821.000,4,0
1789772824.943,24,075b6a88-9571-45b0-b5f7-cfd4e5a6bd8f,1789772821.000,15,0
1789772824.943,24,31d3ecb5-c75a-4965-a450-35ed88248a85,1789772822.000,21,0
1789772825.101,10,62f02345-b0da-4bcc-b133-a1a6a1d71b9e,1789772820.000,22,0
1789772825.101,10,98f3a913-e679-449c-80ac-56321135e75a,1789772821.000,4,0
1789772825.101,10,075b6a88-9571-45b0-b5f7-cfd4e5a6bd8f,1789772821.000,15,0
1789772825.101,10,31d3ecb5-c75a-4965-a450-35ed88248a85,1789772822.000,21,0
1789772825.364,11,62f02345-b0da-4bcc-b133-a1a6a1d71b9e,1789772820.000,22,0
1789772825.364,11,98f3a913-e679-449c-80ac-56321135e75a,1789772821.000,4,0
1789772825.364,11,075b6a88-9571-45b0-b5f7-cfd4e5a6bd8f,1789772821.000,15,0
1789772825.364,11,31d3ecb5-c75a-4965-a450-35ed88248a85,1789772822.000,21,0
1789772825.496,12,62f02345-b0da-4bcc-b133-a1a6a1d71b9e,1789772820.000,22,0
1789772825.496,12,98f3a913-e679-449c-80ac-56321135e75a,1789772821.000,4,0
1789772825.496,12,075b6a88-9571-45b0-b5f7-cfd4e5a6bd8f,1789772821.000,15,0
1789772825.496,12,31d3ecb5-c75a-4965-a450-35ed88248a85,1789772822.000,21,0
1789772825.743,13,62f02345-b0da-4bcc-b133-a1a6a1d71b9e,1789772820.000,22,0
1789772825.743,13,98f3a913-e679-449c-80ac-56321135e75a,1789772821.000,4,0
1789772825.743,13,075b6a88-9571-45b0-b5f7-cfd4e5a6bd8f,1789772821.000,15,0
1789772825.743,13,31d3ecb5-c75a-4965-a450-35ed88248a85,1789772822.000,21,0
1789772825.944,14,62f02345-b0da-4bcc-b133-a1a6a1d71b9e,1789772820.000,22,0
1789772825.944,14,98f3a913-e679-449c-80ac-56321135e75a,1789772821.000,4,0
1789772825.944,14,075b6a88-9571-45b0-b5f7-cfd4e5a6bd8f,1789772821.000,15,0
1789772825.944,14,31d3ecb5-c75a-4965-a450-35ed88248a85,1789772822.000,21,0
1789772826.715,3,4ea11f38-331d-4ca2-8ec4-40039c2f9bdf,1789772823.000,23,0
1789772826.788,18,4ea11f38-331d-4ca2-8ec4-40039c2f9bdf,1789772823.000,23,0
1789772826.920,4,4ea11f38-331d-4ca2-8ec4-40039c2f9bdf,1789772823.000,23,0
1789772826.948,19,4ea11f38-331d-4ca2-8ec4-40039c2f9bdf,1789772823.000,23,0
1789772827.108,5,4ea11f38-331d-4ca2-8ec4-40039c2f9bdf,1688776672023.000,23,0
1789772827.108,0,4ea11f38-331d-4ca2-8ec4-40039c2f9bdf,,23,0
1789772827.108,15,4ea11f38-331d-4ca2-8ec4-40039c2f9bdf,,23,0
1789772827.220,20,4ea11f38-331d-4ca2-8ec4-40039c2f9bdf,1789772823.000,23,0
1789772827.256,6,4ea11f38-331d-4ca2-8ec4-40039c2f9bdf,1789772823.000,23,0
1789772827.256,1,4ea11f38-331d-4ca2-8ec4-40039c2f9bdf,1789772823.000,23,0
1789772827.368,16,4ea11f38-331d-4ca2-8ec4-40039c2f9bdf,1789772823.000,23,0
1789772827.368,21,4ea11f38-331d-4ca2-8ec4-40039c2f9bdf,1789772823.000,23,0
1789772827.505,7,4ea11f38-331d-4ca2-8ec4-40039c2f9bdf,1789772823.000,23,0
1789772827.505,2,4ea11f38-331d-4ca2-8ec4-40039c2f9bdf,,23,0
1789772827.565,22,4ea11f38-331d-4ca2-8ec4-40039c2f9bdf,1789772823.000,23,0
1789772827.565,17,4ea11f38-331d-4ca2-8ec4-40039c2f9bdf,,23,0
1789772827.717,8,4ea11f38-331d-4ca2-8ec4-40039c2f9bdf,1789772823.000,23,0
1789772827.924,9,4ea11f38-331d-4ca2-8ec4-40039c2f9bdf,1789772823.000,23,0
1789772827.950,24,4ea11f38-331d-4ca2-8ec4-40039c2f9bdf,1789772823.000,23,0
1789772828.109,10,4ea11f38-331d-4ca2-8ec4-40039c2f9bdf,1789772823.000,23,0
1789772828.369,11,4ea11f38-331d-4ca2-8ec4-40039c2f9bdf,1789772823.000,23,0
1789772828.508,12,4ea11f38-331d-4ca2-8ec4-40039c2f9bdf,1789772823.000,23,0
1789772828.755,13,4ea11f38-331d-4ca2-8ec4-40039c2f9bdf,1789772823.000,23,0
1789772828.950,14,4ea11f38-331d-4ca2-8ec4-40039c2f9bdf,1789772823.000,23,0
1789772829.508,2,7f9894d8-72e8-48c8-8f22-95e2ee439e68,1789772827.000,0,0
1789772829.508,2,f01bce49-0fac-42d2-9658-33c0f7a3d91e,1789772828.000,19,0
1789772829.573,17,7f9894d8-72e8-48c8-8f22-95e2ee439e68,1789772827.000,0,0
1789772829.573,17,1ec11187-7e43-4039-bc3d-3019d47c305e,1789772827.000,2,0
1789772829.573,17,f01bce49-0fac-42d2-9658-33c0f7a3d91e,1789772828.000,19,0
1789772829.726,3,7f9894d8-72e8-48c8-8f22-95e2ee439e68,1789772827.000,0,0
1789772829.726,3,1ec11187-7e43-4039-bc3d-3019d47c305e,1789772827.000,2,0
1789772829.726,3,f01bce49-0fac-42d2-9658-33c0f7a3d91e,1789772828.000,19,0
1789772829.799,18,7f9894d8-72e8-48c8-8f22-95e2ee439e68,1789772827.000,0,0
1789772829.799,18,1ec11187-7e43-4039-bc3d-3019d47c305e,1789772827.000,2,0
1789772829.799,18,f01bce49-0fac-42d2-9658-33c0f7a3d91e,1789772828.000,19,0
1789772829.930,4,7f9894d8-72e8-48c8-8f22-95e2ee439e68,1789772827.000,0,0
1789772829.930,4,1ec11187-7e43-4039-bc3d-3019d47c305e,1789772827.000,2,0
1789772829.930,4,f01bce49-0fac-42d2-9658-33c0f7a3d91e,1789772828.000,19,0
1789772829.956,19,7f9894d8-72e8-48c8-8f22-95e2ee439e68,1789772827.000,0,0
1789772829.956,19,1ec11187-7e43-4039-bc3d-3019d47c305e,1789772827.000,2,0
1789772830.112,15,7f9894d8-72e8-48c8-8f22-95e2ee439e68,1789772827.000,0,0
1789772830.112,5,7f9894d8-72e8-48c8-8f22-95e2ee439e68,1789772827.000,0,0
1789772830.112,15,1ec11187-7e43-4039-bc3d-3019d47c305e,1789772827.000,2,0
1789772830.112,5,1ec11187-7e43-4039-bc3d-3019d47c305e,1789772827.000,2,0
1789772830.112,15,f01bce49-0fac-42d2-9658-33c0f7a3d91e,1789772828.000,19,0
1789772830.112,0,1ec11187-7e43-4039-bc3d-3019d47c305e,1789772827.000,2,0
1789772830.112,5,f01bce49-0fac-42d2-9658-33c0f7a3d91e,1789772828.000,19,0
1789772830.112,0,f01bce49-0fac-42d2-9658-33c0f7a3d91e,1789772828.000,19,0
1789772830.225,20,7f9894d8-72e8-48c8-8f22-95e2ee439e68,1789772827.000,0,0
1789772830.225,20,1ec11187-7e43-4039-bc3d-3019d47c305e,1789772827.000,2,0
1789772830.225,20,f01bce49-0fac-42d2-9658-33c0f7a3d91e,1789772828.000,19,0
1789772830.259,1,7f9894d8-72e8-48c8-8f22-95e2ee439e68,1789772827.000,0,0
1789772830.259,1,1ec11187-7e43-4039-bc3d-3019d47c305e,1789772827.000,2,0
1789772830.259,1,f01bce49-0fac-42d2-9658-33c0f7a3d91e,1789772828.000,19,0
1789772830.259,6,7f9894d8-72e8-48c8-8f22-95e2ee439e68,1789772827.000,0,0
1789772830.259,6,1ec11187-7e43-4039-bc3d-3019d47c305e,1789772827.000,2,0
1789772830.259,6,f01bce49-0fac-42d2-9658-33c0f7a3d91e,1789772828.000,19,0
1789772830.375,21,7f9894d8-72e8-48c8-8f22-95e2ee439e68,1789772827.000,0,0
1789772830.375,16,7f9894d8-72e8-48c8-8f22-95e2ee439e68,,0,0
1789772830.375,21,1ec11187-7e43-4039-bc3d-3019d47c305e,1789772827.000,2,0
1789772830.375,16,1ec11187-7e43-4039-bc3d-3019d47c305e,1789772827.000,2,0
1789772830.375,21,f01bce49-0fac-42d2-9658-33c0f7a3d91e,1789772828.000,19,0
1789772830.375,16,f01bce49-0fac-42d2-9658-33c0f7a3d91e,1789772828.000,19,0
1789772830.509,7,7f9894d8-72e8-48c8-8f22-95e2ee439e68,1789772827.000,0,0
1789772830.509,7,1ec11187-7e43-4039-bc3d-3019d47c305e,1789772827.000,2,0
1789772830.509,7,f01bce49-0fac-42d2-9658-33c0f7a3d91e,1789772828.000,19,0
1789772830.578,22,7f9894d8-72e8-48c8-8f22-95e2ee439e68,1789772827.000,0,0
1789772830.578,22,1ec11187-7e43-4039-bc3d-3019d47c305e,1789772827.000,2,0
1789772830.578,22,f01bce49-0fac-42d2-9658-33c0f7a3d91e,1789772828.000,19,0
1789772830.730,8,7f9894d8-72e8-48c8-8f22-95e2ee439e68,1789772827.000,0,0
1789772830.730,8,1ec11187-7e43-4039-bc3d-3019d47c305e,1789772827.000,2,0
1789772830.730,8,f01bce49-0fac-42d2-9658-33c0f7a3d91e,1789772828.000,19,0
1789772830.799,23,7f9894d8-72e8-48c8-8f22-95e2ee439e68,1789772827.000,0,0
1789772830.799,23,1ec11187-7e43-4039-bc3d-3019d47c305e,1789772827.000,2,0
1789772830.799,23,f01bce49-0fac-42d2-9658-33c0f7a3d91e,1789772828.000,19,0
1789772830.935,9,7f9894d8-72e8-48c8-8f22-95e2ee439e68,1789772827.000,0,0
1789772830.935,9,1ec11187-7e43-4039-bc3d-3019d47c305e,1789772827.000,2,0
1789772830.935,9,f01bce49-0fac-42d2-9658-33c0f7a3d91e,1789772828.000,19,0
1789772830.959,24,7f9894d8-72e8-48c8-8f22-95e2ee439e68,1789772827.000,0,0
1789772830.959,24,1ec11187-7e43-4039-bc3d-3019d47c305e,1789772827.000,2,0
1789772830.959,24,f01bce49-0fac-42d2-9658-33c0f7a3d91e,1789772828.000,19,0
1789772831.117,10,7f9894d8-72e8-48c8-8f22-95e2ee439e68,1789772827.000,0,0
1789772831.117,10,1ec11187-7e43-4039-bc3d-3019d47c305e,1789772827.000,2,0
1789772831.117,10,f01bce49-0fac-42d2-9658-33c0f7a3d91e,1789772828.000,19,0
1789772831.376,11,7f9894d8-72e8-48c8-8f22-95e2ee439e68,1789772827.000,0,0
1789772831.376,11,1ec11187-7e43-4039-bc3d-3019d47c305e,1789772827.000,2,0
1789772831.376,11,f01bce49-0fac-42d2-9658-33c0f7a3d91e,1789772828.000,19,0
1789772831.514,12,7f9894d8-72e8-48c8-8f22-95e2ee439e68,1789772827.000,0,0
1789772831.514,12,1ec11187-7e43-4039-bc3d-3019d47c305e,1789772827.000,2,0
1789772831.514,12,f01bce49-0fac-42d2-9658-33c0f7a3d91e,1789772828.000,19,0
1789772831.763,13,7f9894d8-72e8-48c8-8f22-95e2ee439e68,1789772827.000,0,0
1789772831.763,13,1ec11187-7e43-4039-bc3d-3019d47c305e,1789772827.000,2,0
1789772831.763,13,f01bce49-0fac-42d2-9658-33c0f7a3d91e,1789772828.000,19,0
1789772831.964,14,7f9894d8-72e8-48c8-8f22-95e2ee439e68,1789772827.000,0,0
1789772831.964,14,1ec11187-7e43-4039-bc3d-3019d47c305e,1789772827.000,2,0
1789772831.964,14,f01bce49-0fac-42d2-9658-33c0f7a3d91e,1789772828.000,19,0
1789772832.517,2,e734785f-c4ef-4ff3-8646-1d7ff79ee3a4,1789772830.000,6,0
1789772832.517,2,906c6aec-64f1-420d-82f5-f0d70895dac5,1789772831.000,11,0
1789772832.517,2,efa25486-e4ba-43a1-9756-e8ad3b1d6e86,1789772831.000,17,0
1789772832.580,17,e734785f-c4ef-4ff3-8646-1d7ff79ee3a4,1789772830.000,6,0
1789772832.580,17,906c6aec-64f1-420d-82f5-f0d70895dac5,1789772831.000,11,0
1789772832.736,3,e734785f-c4ef-4ff3-8646-1d7ff79ee3a4,1789772830.000,6,0
1789772832.736,3,906c6aec-64f1-420d-82f5-f0d70895dac5,1789772831.000,11,0
1789772832.736,3,efa25486-e4ba-43a1-9756-e8ad3b1d6e86,1789772831.000,17,0
1789772832.804,18,e734785f-c4ef-4ff3-8646-1d7ff79ee3a4,1789772830.000,6,0
1789772832.804,18,906c6aec-64f1-420d-82f5-f0d70895dac5,1789772831.000,11,0
1789772832.804,18,efa25486-e4ba-43a1-9756-e8ad3b1d6e86,1789772831.000,17,0
1789772832.940,4,e734785f-c4ef-4ff3-8646-1d7ff79ee3a4,1789772830.000,6,0
1789772832.940,4,906c6aec-64f1-420d-82f5-f0d70895dac5,1789772831.000,11,0
1789772832.940,4,efa25486-e4ba-43a1-9756-e8ad3b1d6e86,1789772831.000,17,0
1789772832.968,19,e734785f-c4ef-4ff3-8646-1d7ff79ee3a4,1789772830.000,6,0
1789772832.968,19,906c6aec-64f1-420d-82f5-f0d70895dac5,1789772831.000,11,0
1789772832.968,19,efa25486-e4ba-43a1-9756-e8ad3b1d6e86,1789772831.000,17,0
1789772833.126,15,e734785f-c4ef-4ff3-8646-1d7ff79ee3a4,1789772830.000,6,0
1789772833.126,15,906c6aec-64f1-420d-82f5-f0d70895dac5,1789772831.000,11,0
1789772833.126,5,e734785f-c4ef-4ff3-8646-1d7ff79ee3a4,,6,0
1789772833.126,5,906c6aec-64f1-420d-82f5-f0d70895dac5,1789772831.000,11,0
1789772833.126,0,e734785f-c4ef-4ff3-8646-1d7ff79ee3a4,1789772830.000,6,0
1789772833.126,5,efa25486-e4ba-43a1-9756-e8ad3b1d6e86,1789772831.000,17,0
1789772833.126,0,906c6aec-64f1-420d-82f5-f0d70895dac5,1789772831.000,11,0
1789772833.126,0,efa25486-e4ba-43a1-9756-e8ad3b1d6e86,1789772831.000,17,0
1789772833.126,15,efa25486-e4ba-43a1-9756-e8ad3b1d6e86,1789772831.000,17,0
1789772833.232,20,e734785f-c4ef-4ff3-8646-1d7ff79ee3a4,1789772830.000,6,0
1789772833.232,20,906c6aec-64f1-420d-82f5-f0d70895dac5,1789772831.000,11,0
1789772833.232,20,efa25486-e4ba-43a1-9756-e8ad3b1d6e86,1789772831.000,17,0
1789772833.260,6,906c6aec-64f1-420d-82f5-f0d70895dac5,1789772831.000,11,0
1789772833.260,1,e734785f-c4ef-4ff3-8646-1d7ff79ee3a4,1789772830.000,6,0
1789772833.260,1,906c6aec-64f1-420d-82f5-f0d70895dac5,1789772831.000,11,0
1789772833.260,1,efa25486-e4ba-43a1-9756-e8ad3b1d6e86,1789772831.000,17,0
1789772833.260,6,efa25486-e4ba-43a1-9756-e8ad3b1d6e86,1789772831.000,17,0
1789772833.385,16,e734785f-c4ef-4ff3-8646-1d7ff79ee3a4,1789772830.000,6,0
1789772833.385,16,906c6aec-64f1-420d-82f5-f0d70895dac5,1789772831.000,11,0
1789772833.385,16,efa25486-e4ba-43a1-9756-e8ad3b1d6e86,1789772831.000,17,0
1789772833.385,21,e734785f-c4ef-4ff3-8646-1d7ff79ee3a4,1789772830.000,6,0
1789772833.385,21,906c6aec-64f1-420d-82f5-f0d70895dac5,1789772831.000,11,0
1789772833.385,21,efa25486-e4ba-43a1-9756-e8ad3b1d6e86,1789772831.000,17,0
1789772833.519,7,e734785f-c4ef-4ff3-8646-1d7ff79ee3a4,1789772830.000,6,0
1789772833.519,7,906c6aec-64f1-420d-82f5-f0d70895dac5,1789772831.000,11,0
1789772833.519,7,efa25486-e4ba-43a1-9756-e8ad3b1d6e86,1789772831.000,17,0
1789772833.585,22,e734785f-c4ef-4ff3-8646-1d7ff79ee3a4,1789772830.000,6,0
1789772833.585,22,906c6aec-64f1-420d-82f5-f0d70895dac5,1789772831.000,11,0
1789772833.585,22,efa25486-e4ba-43a1-9756-e8ad3b1d6e86,1789772831.000,17,0
1789772833.737,8,e734785f-c4ef-4ff3-8646-1d7ff79ee3a4,1789772830.000,6,0
1789772833.737,8,906c6aec-64f1-420d-82f5-f0d70895dac5,1789772831.000,11,0
1789772833.737,8,efa25486-e4ba-43a1-9756-e8ad3b1d6e86,1789772831.000,17,0
1789772833.809,23,e734785f-c4ef-4ff3-8646-1d7ff79ee3a4,1789772830.000,6,0
1789772833.809,23,906c6aec-64f1-420d-82f5-f0d70895dac5,1789772831.000,11,0
1789772833.809,23,efa25486-e4ba-43a1-9756-e8ad3b1d6e86,1789772831.000,17,0
1789772833.944,9,e734785f-c4ef-4ff3-8646-1d7ff79ee3a4,1789772830.000,6,0
1789772833.944,9,906c6aec-64f1-420d-82f5-f0d70895dac5,1789772831.000,11,0
1789772833.944,9,efa25486-e4ba-43a1-9756-e8ad3b1d6e86,1789772831.000,17,0
1789772833.976,24,e734785f-c4ef-4ff3-8646-1d7ff79ee3a4,1789772830.000,6,0
1789772833.976,24,906c6aec-64f1-420d-82f5-f0d70895dac5,1789772831.000,11,0
1789772833.976,24,efa25486-e4ba-43a1-9756-e8ad3b1d6e86,1789772831.000,17,0
1789772834.131,10,e734785f-c4ef-4ff3-8646-1d7ff79ee3a4,1789772830.000,6,0
1789772834.131,10,906c6aec-64f1-420d-82f5-f0d70895dac5,1789772831.000,11,0
1789772834.131,10,efa25486-e4ba-43a1-9756-e8ad3b1d6e86,1789772831.000,17,0
1789772834.388,11,e734785f-c4ef-4ff3-8646-1d7ff79ee3a4,1789772830.000,6,0
1789772834.388,11,efa25486-e4ba-43a1-9756-e8ad3b1d6e86,1789772831.000,17,0
1789772834.521,12,e734785f-c4ef-4ff3-8646-1d7ff79ee3a4,1789772830.000,6,0
1789772834.521,12,906c6aec-64f1-420d-82f5-f0d70895dac5,1789772831.000,11,0
1789772834.521,12,efa25486-e4ba-43a1-9756-e8ad3b1d6e86,1789772831.000,17,0
1789772834.777,13,e734785f-c4ef-4ff3-8646-1d7ff79ee3a4,1789772830.000,6,0
1789772834.777,13,906c6aec-64f1-420d-82f5-f0d70895dac5,1789772831.000,11,0
1789772834.777,13,efa25486-e4ba-43a1-9756-e8ad3b1d6e86,1789772831.000,17,0
1789772834.981,14,e734785f-c4ef-4ff3-8646-1d7ff79ee3a4,1789772830.000,6,0
1789772834.981,14,906c6aec-64f1-420d-82f5-f0d70895dac5,1789772831.000,11,0
1789772834.981,14,efa25486-e4ba-43a1-9756-e8ad3b1d6e86,1789772831.000,17,0
1789772835.525,2,69ab380a-a28f-457f-96d7-be3bbb5bd1b4,1789772833.000,10,0
1789772835.590,17,69ab380a-a28f-457f-96d7-be3bbb5bd1b4,1789772833.000,10,0
1789772835.740,3,69ab380a-a28f-457f-96d7-be3bbb5bd1b4,1789772833.000,10,0
1789772835.811,18,69ab380a-a28f-457f-96d7-be3bbb5bd1b4,1789772833.000,10,0
1789772835.958,4,69ab380a-a28f-457f-96d7-be3bbb5bd1b4,1789772833.000,10,0
1789772835.982,19,69ab380a-a28f-457f-96d7-be3bbb5bd1b4,1789772833.000,10,0
1789772836.139,5,69ab380a-a28f-457f-96d7-be3bbb5bd1b4,1789772833.000,10,0
1789772836.139,15,69ab380a-a28f-457f-96d7-be3bbb5bd1b4,1789772833.000,10,0
1789772836.139,0,69ab380a-a28f-457f-96d7-be3bbb5bd1b4,1789772833.000,10,0
1789772836.243,20,69ab380a-a28f-457f-96d7-be3bbb5bd1b4,1789772833.000,10,0
1789772836.270,6,69ab380a-a28f-457f-96d7-be3bbb5bd1b4,1789772833.000,10,0
1789772836.270,1,69ab380a-a28f-457f-96d7-be3bbb5bd1b4,-61860761567.000,10,0
1789772836.395,21,69ab380a-a28f-457f-96d7-be3bbb5bd1b4,1789772833.000,10,0
1789772836.395,16,69ab380a-a28f-457f-96d7-be3bbb5bd1b4,1789772833.000,10,0
1789772836.528,7,69ab380a-a28f-457f-96d7-be3bbb5bd1b4,1789772833.000,10,0
1789772836.594,22,69ab380a-a28f-457f-96d7-be3bbb5bd1b4,1789772833.000,10,0
1789772836.745,8,69ab380a-a28f-457f-96d7-be3bbb5bd1b4,1789772833.000,10,0
1789772836.815,23,69ab380a-a28f-457f-96d7-be3bbb5bd1b4,1789772833.000,10,0
1789772836.960,9,69ab380a-a28f-457f-96d7-be3bbb5bd1b4,1789772833.000,10,0
1789772836.987,24,69ab380a-a28f-457f-96d7-be3bbb5bd1b4,1789772833.000,10,0
1789772837.400,11,69ab380a-a28f-457f-96d7-be3bbb5bd1b4,1789772833.000,10,0
1789772837.533,12,69ab380a-a28f-457f-96d7-be3bbb5bd1b4,1789772833.000,10,0
1789772837.786,13,69ab380a-a28f-457f-96d7-be3bbb5bd1b4,1789772833.000,10,0
1789772837.990,14,69ab380a-a28f-457f-96d7-be3bbb5bd1b4,1789772833.000,10,0
1789772838.535,2,5869f581-9809-414a-bff7-eb6fc0d731fb,1789772837.000,8,0
1789772838.535,2,da1ebc66-9110-4d50-96f6-35692079300e,1789772837.000,16,0
1789772838.602,17,5869f581-9809-414a-bff7-eb6fc0d731fb,1789772837.000,8,0
1789772838.602,17,da1ebc66-9110-4d50-96f6-35692079300e,1789772837.000,16,0
1789772838.751,3,5869f581-9809-414a-bff7-eb6fc0d731fb,1789772837.000,8,0
1789772838.751,3,da1ebc66-9110-4d50-96f6-35692079300e,1789772837.000,16,0
1789772838.821,18,5869f581-9809-414a-bff7-eb6fc0d731fb,1789772837.000,8,0
1789772838.821,18,da1ebc66-9110-4d50-96f6-35692079300e,1789772837.000,16,0
1789772838.967,4,5869f581-9809-414a-bff7-eb6fc0d731fb,1789772837.000,8,0
1789772838.967,4,da1ebc66-9110-4d50-96f6-35692079300e,1789772837.000,16,0
1789772838.992,19,5869f581-9809-414a-bff7-eb6fc0d731fb,1789772837.000,8,0
1789772838.992,19,da1ebc66-9110-4d50-96f6-35692079300e,1789772837.000,16,0
1789772839.147,15,5869f581-9809-414a-bff7-eb6fc0d731fb,1789772837.000,8,0
1789772839.147,15,da1ebc66-9110-4d50-96f6-35692079300e,1789772837.000,16,0
1789772839.147,5,5869f581-9809-414a-bff7-eb6fc0d731fb,1789772837.000,8,0
1789772839.147,5,da1ebc66-9110-4d50-96f6-35692079300e,1789772837.000,16,0
1789772839.147,0,5869f581-9809-414a-bff7-eb6fc0d731fb,1789772837.000,8,0
1789772839.147,0,da1ebc66-9110-4d50-96f6-35692079300e,1789772837.000,16,0
1789772839.253,20,5869f581-9809-414a-bff7-eb6fc0d731fb,1789772837.000,8,0
1789772839.253,20,da1ebc66-9110-4d50-96f6-35692079300e,1789772837.000,16,0
1789772839.276,6,5869f581-9809-414a-bff7-eb6fc0d731fb,1789772837.000,8,0
1789772839.276,6,da1ebc66-9110-4d50-96f6-35692079300e,1789772837.000,16,0
1789772839.276,1,5869f581-9809-414a-bff7-eb6fc0d731fb,1789772837.000,8,0
1789772839.276,1,da1ebc66-9110-4d50-96f6-35692079300e,1789772837.000,16,0
1789772839.411,21,5869f581-9809-414a-bff7-eb6fc0d731fb,1789772837.000,8,0
1789772839.411,21,da1ebc66-9110-4d50-96f6-35692079300e,1789772837.000,16,0
1789772839.411,16,5869f581-9809-414a-bff7-eb6fc0d731fb,1789772837.000,8,0
1789772839.536,7,5869f581-9809-414a-bff7-eb6fc0d731fb,1789772837.000,8,0
1789772839.536,7,da1ebc66-9110-4d50-96f6-35692079300e,1789772837.000,16,0
1789772839.602,22,5869f581-9809-414a-bff7-eb6fc0d731fb,1789772837.000,8,0
1789772839.602,22,da1ebc66-9110-4d50-96f6-35692079300e,1789772837.000,16,0
1789772839.752,8,da1ebc66-9110-4d50-96f6-35692079300e,1789772837.000,16,0
1789772839.821,23,5869f581-9809-414a-bff7-eb6fc0d731fb,1789772837.000,8,0
1789772839.821,23,da1ebc66-9110-4d50-96f6-35692079300e,1789772837.000,16,0
1789772839.968,9,5869f581-9809-414a-bff7-eb6fc0d731fb,1789772837.000,8,0
1789772839.968,9,da1ebc66-9110-4d50-96f6-35692079300e,1789772837.000,16,0
1789772839.996,24,5869f581-9809-414a-bff7-eb6fc0d731fb,1789772837.000,8,0
1789772839.996,24,da1ebc66-9110-4d50-96f6-35692079300e,1789772837.000,16,0
1789772840.151,10,5869f581-9809-414a-bff7-eb6fc0d731fb,1789772837.000,8,0
1789772840.151,10,da1ebc66-9110-4d50-96f6-35692079300e,1789772837.000,16,0
1789772840.415,11,5869f581-9809-414a-bff7-eb6fc0d731fb,1789772837.000,8,0
1789772840.415,11,da1ebc66-9110-4d50-96f6-35692079300e,1789772837.000,16,0
1789772840.542,12,5869f581-9809-414a-bff7-eb6fc0d731fb,1789772837.000,8,0
1789772840.542,12,da1ebc66-9110-4d50-96f6-35692079300e,1789772837.000,16,0
1789772840.788,13,5869f581-9809-414a-bff7-eb6fc0d731fb,1789772837.000,8,0
1789772840.788,13,da1ebc66-9110-4d50-96f6-35692079300e,1789772837.000,16,0
1789772841.001,14,5869f581-9809-414a-bff7-eb6fc0d731fb,1789772837.000,8,0
1789772841.001,14,da1ebc66-9110-4d50-96f6-35692079300e,1789772837.000,16,0
1789772841.548,2,2440798e-177c-47dc-aab9-5a3f214469e3,1789772838.000,20,0
1789772841.548,2,aa923159-5888-4308-80d0-f6410928d31c,1789772839.000,12,0
1789772841.548,2,df3840a5-668f-47a3-81ec-11c0d7a6c1fe,1789772840.000,3,0
1789772841.607,17,2440798e-177c-47dc-aab9-5a3f214469e3,1789772838.000,20,0
1789772841.607,17,aa923159-5888-4308-80d0-f6410928d31c,1789772839.000,12,0
1789772841.607,17,df3840a5-668f-47a3-81ec-11c0d7a6c1fe,1789772840.000,3,0
1789772841.762,3,2440798e-177c-47dc-aab9-5a3f214469e3,1789772838.000,20,0
1789772841.762,3,aa923159-5888-4308-80d0-f6410928d31c,1789772839.000,12,0
1789772841.829,18,2440798e-177c-47dc-aab9-5a3f214469e3,1789772838.000,20,0
1789772841.829,18,aa923159-5888-4308-80d0-f6410928d31c,1789772839.000,12,0
1789772841.829,18,df3840a5-668f-47a3-81ec-11c0d7a6c1fe,1789772840.000,3,0
1789772841.973,4,2440798e-177c-47dc-aab9-5a3f214469e3,1789772838.000,20,0
1789772841.973,4,aa923159-5888-4308-80d0-f6410928d31c,1789772839.000,12,0
1789772841.973,4,df3840a5-668f-47a3-81ec-11c0d7a6c1fe,1789772840.000,3,0
1789772842.005,19,2440798e-177c-47dc-aab9-5a3f214469e3,1789772838.000,20,0
1789772842.005,19,aa923159-5888-4308-80d0-f6410928d31c,1789772839.000,12,0
1789772842.005,19,df3840a5-668f-47a3-81ec-11c0d7a6c1fe,1789772840.000,3,0
1789772842.159,15,2440798e-177c-47dc-aab9-5a3f214469e3,1789772838.000,20,0
1789772842.159,5,2440798e-177c-47dc-aab9-5a3f214469e3,1789772838.000,20,0
1789772842.159,5,aa923159-5888-4308-80d0-f6410928d31c,1789772839.000,12,0
1789772842.159,0,2440798e-177c-47dc-aab9-5a3f214469e3,1789772838.000,20,0
1789772842.159,0,aa923159-5888-4308-80d0-f6410928d31c,1789772839.000,12,0
1789772842.159,0,df3840a5-668f-47a3-81ec-11c0d7a6c1fe,1789772840.000,3,0
1789772842.159,15,aa923159-5888-4308-80d0-f6410928d31c,1789772839.000,12,0
1789772842.159,15,df3840a5-668f-47a3-81ec-11c0d7a6c1fe,1789772840.000,3,0
1789772842.159,5,df3840a5-668f-47a3-81ec-11c0d7a6c1fe,1789772840.000,3,0
1789772842.265,20,aa923159-5888-4308-80d0-f6410928d31c,1789772839.000,12,0
1789772842.265,20,df3840a5-668f-47a3-81ec-11c0d7a6c1fe,1789772840.000,3,0
1789772842.286,1,2440798e-177c-47dc-aab9-5a3f214469e3,1789772838.000,20,0
1789772842.286,6,2440798e-177c-47dc-aab9-5a3f214469e3,1789772838.000,20,0
1789772842.286,6,aa923159-5888-4308-80d0-f6410928d31c,1789772839.000,12,0
1789772842.286,6,df3840a5-668f-47a3-81ec-11c0d7a6c1fe,1789772840.000,3,0
1789772842.286,1,aa923159-5888-4308-80d0-f6410928d31c,1789772839.000,12,0
1789772842.286,1,df3840a5-668f-47a3-81ec-11c0d7a6c1fe,1789772840.000,3,0
1789772842.417,16,2440798e-177c-47dc-aab9-5a3f214469e3,1789772838.000,20,0
1789772842.417,16,aa923159-5888-4308-80d0-f6410928d31c,1789772839.000,12,0
1789772842.417,21,2440798e-177c-47dc-aab9-5a3f214469e3,,20,0
1789772842.417,21,aa923159-5888-4308-80d0-f6410928d31c,1789772839.000,12,0
1789772842.417,21,df3840a5-668f-47a3-81ec-11c0d7a6c1fe,1789772840.000,3,0
1789772842.417,16,df3840a5-668f-47a3-81ec-11c0d7a6c1fe,1789772840.000,3,0
1789772842.552,7,2440798e-177c-47dc-aab9-5a3f214469e3,1789772838.000,20,0
1789772842.552,7,aa923159-5888-4308-80d0-f6410928d31c,1789772839.000,12,0
1789772842.552,7,df3840a5-668f-47a3-81ec-11c0d7a6c1fe,1789772840.000,3,0
1789772842.608,22,2440798e-177c-47dc-aab9-5a3f214469e3,1789772838.000,20,0
1789772842.608,22,aa923159-5888-4308-80d0-f6410928d31c,1789772839.000,12,0
1789772842.608,22,df3840a5-668f-47a3-81ec-11c0d7a6c1fe,1789772840.000,3,0
1789772842.768,8,2440798e-177c-47dc-aab9-5a3f214469e3,1789772838.000,20,0
1789772842.768,8,aa923159-5888-4308-80d0-f6410928d31c,1789772839.000,12,0
1789772842.768,8,df3840a5-668f-47a3-81ec-11c0d7a6c1fe,1789772840.000,3,0
1789772842.831,23,2440798e-177c-47dc-aab9-5a3f214469e3,1789772838.000,20,0
1789772842.831,23,aa923159-5888-4308-80d0-f6410928d31c,1789772839.000,12,0
1789772842.831,23,df3840a5-668f-47a3-81ec-11c0d7a6c1fe,1789772840.000,3,0
1789772842.976,9,2440798e-177c-47dc-aab9-5a3f214469e3,1789772838.000,20,0
1789772842.976,9,aa923159-5888-4308-80d0-f6410928d31c,1789772839.000,12,0
1789772842.976,9,df3840a5-668f-47a3-81ec-11c0d7a6c1fe,1789772840.000,3,0
1789772843.008,24,2440798e-177c-47dc-aab9-5a3f214469e3,1789772838.000,20,0
1789772843.008,24,aa923159-5888-4308-80d0-f6410928d31c,1789772839.000,12,0
1789772843.008,24,df3840a5-668f-47a3-81ec-11c0d7a6c1fe,1789772840.000,3,0
1789772843.160,10,2440798e-177c-47dc-aab9-5a3f214469e3,1789772838.000,20,0
1789772843.160,10,aa923159-5888-4308-80d0-f6410928d31c,1789772839.000,12,0
1789772843.160,10,df3840a5-668f-47a3-81ec-11c0d7a6c1fe,1789772840.000,3,0
1789772843.420,11,2440798e-177c-47dc-aab9-5a3f214469e3,1789772838.000,20,0
1789772843.420,11,aa923159-5888-4308-80d0-f6410928d31c,1789772839.000,12,0
1789772843.420,11,df3840a5-668f-47a3-81ec-11c0d7a6c1fe,1789772840.000,3,0
1789772843.554,12,2440798e-177c-47dc-aab9-5a3f214469e3,1789772838.000,20,0
1789772843.554,12,df3840a5-668f-47a3-81ec-11c0d7a6c1fe,1789772840.000,3,0
1789772843.802,13,2440798e-177c-47dc-aab9-5a3f214469e3,1789772838.000,20,0
1789772843.802,13,aa923159-5888-4308-80d0-f6410928d31c,1789772839.000,12,0
1789772843.802,13,df3840a5-668f-47a3-81ec-11c0d7a6c1fe,1789772840.000,3,0
1789772844.011,14,2440798e-177c-47dc-aab9-5a3f214469e3,1789772838.000,20,0
1789772844.011,14,aa923159-5888-4308-80d0-f6410928d31c,1789772839.000,12,0
1789772844.011,14,df3840a5-668f-47a3-81ec-11c0d7a6c1fe,1789772840.000,3,0
1789772844.559,2,252237c9-caf8-4371-a20d-4b0fca3cbbd8,1789772841.000,13,0
1789772844.559,2,53618352-584c-4863-b84f-b8cf2fb964ca,1789772841.000,9,0
1789772844.559,2,836c9981-3331-4b36-a13c-93c19c331e83,1789772842.000,14,0
1789772844.559,2,a1dd7aae-7e23-4d98-afed-cf7628057a62,1789772843.000,18,0
1789772844.559,2,940765ee-ac31-4a68-b7a9-b2794ef9f82e,1789772843.000,7,0
1789772844.559,2,f9023e5a-5fc2-4267-8a24-2e4f378defcf,1789772843.000,1,0
1789772844.612,17,252237c9-caf8-4371-a20d-4b0fca3cbbd8,1789772841.000,13,0
1789772844.612,17,53618352-584c-4863-b84f-b8cf2fb964ca,1789772841.000,9,0
1789772844.612,17,836c9981-3331-4b36-a13c-93c19c331e83,1789772842.000,14,0
1789772844.612,17,a1dd7aae-7e23-4d98-afed-cf7628057a62,1789772843.000,18,0
1789772844.612,17,940765ee-ac31-4a68-b7a9-b2794ef9f82e,1789772843.000,7,0
1789772844.612,17,f9023e5a-5fc2-4267-8a24-2e4f378defcf,1789772843.000,1,0
1789772844.775,3,252237c9-caf8-4371-a20d-4b0fca3cbbd8,1789772841.000,13,0
1789772844.775,3,53618352-584c-4863-b84f-b8cf2fb964ca,1789772841.000,9,0
1789772844.775,3,836c9981-3331-4b36-a13c-93c19c331e83,1789772842.000,14,0
1789772844.775,3,a1dd7aae-7e23-4d98-afed-cf7628057a62,1789772843.000,18,0
1789772844.775,3,940765ee-ac31-4a68-b7a9-b2794ef9f82e,1789772843.000,7,0
1789772844.775,3,f9023e5a-5fc2-4267-8a24-2e4f378defcf,1789772843.000,1,0
1789772844.839,18,252237c9-caf8-4371-a20d-4b0fca3cbbd8,1789772841.000,13,0
1789772844.839,18,53618352-584c-4863-b84f-b8cf2fb964ca,1789772841.000,9,0
1789772844.839,18,836c9981-3331-4b36-a13c-93c19c331e83,1789772842.000,14,0
1789772844.839,18,940765ee-ac31-4a68-b7a9-b2794ef9f82e,1789772843.000,7,0
1789772844.839,18,f9023e5a-5fc2-4267-8a24-2e4f378defcf,1789772843.000,1,0
1789772844.979,4,252237c9-caf8-4371-a20d-4b0fca3cbbd8,1789772841.000,13,0
1789772844.979,4,53618352-584c-4863-b84f-b8cf2fb964ca,1789772841.000,9,0
1789772844.979,4,836c9981-3331-4b36-a13c-93c19c331e83,1789772842.000,14,0
1789772844.979,4,a1dd7aae-7e23-4d98-afed-cf7628057a62,1789772843.000,18,0
1789772844.979,4,940765ee-ac31-4a68-b7a9-b2794ef9f82e,1789772843.000,7,0
1789772844.979,4,f9023e5a-5fc2-4267-8a24-2e4f378defcf,1789772843.000,1,0
1789772845.011,19,252237c9-caf8-4371-a20d-4b0fca3cbbd8,1789772841.000,13,0
1789772845.011,19,53618352-584c-4863-b84f-b8cf2fb964ca,1789772841.000,9,0
1789772845.011,19,836c9981-3331-4b36-a13c-93c19c331e83,1789772842.000,14,0
1789772845.011,19,a1dd7aae-7e23-4d98-afed-cf7628057a62,1789772843.000,18,0
1789772845.011,19,940765ee-ac31-4a68-b7a9-b2794ef9f82e,1789772843.000,7,0
1789772845.011,19,f9023e5a-5fc2-4267-8a24-2e4f378defcf,1789772843.000,1,0
1789772845.165,15,252237c9-caf8-4371-a20d-4b0fca3cbbd8,1789772841.000,13,0
1789772845.165,15,53618352-584c-4863-b84f-b8cf2fb964ca,1789772841.000,9,0
1789772845.165,15,836c9981-3331-4b36-a13c-93c19c331e83,1789772842.000,14,0
1789772845.165,15,a1dd7aae-7e23-4d98-afed-cf7628057a62,1789772843.000,18,0
1789772845.165,15,940765ee-ac31-4a68-b7a9-b2794ef9f82e,1789772843.000,7,0
1789772845.165,15,f9023e5a-5fc2-4267-8a24-2e4f378defcf,1789772843.000,1,0
1789772845.166,5,252237c9-caf8-4371-a20d-4b0fca3cbbd8,1789772841.000,13,0
1789772845.166,5,53618352-584c-4863-b84f-b8cf2fb964ca,1789772841.000,9,0
1789772845.166,5,836c9981-3331-4b36-a13c-93c19c331e83,1789772842.000,14,0
1789772845.166,5,a1dd7aae-7e23-4d98-afed-cf7628057a62,1789772843.000,18,0
1789772845.166,5,940765ee-ac31-4a68-b7a9-b2794ef9f82e,1789772843.000,7,0
1789772845.166,5,f9023e5a-5fc2-4267-8a24-2e4f378defcf,1789772843.000,1,0
1789772845.165,0,252237c9-caf8-4371-a20d-4b0fca3cbbd8,1789772841.000,13,0
1789772845.165,0,53618352-584c-4863-b84f-b8cf2fb964ca,1789772841.000,9,0
1789772845.165,0,836c9981-3331-4b36-a13c-93c19c331e83,1789772842.000,14,0
1789772845.165,0,a1dd7aae-7e23-4d98-afed-cf7628057a62,1789772843.000,18,0
1789772845.165,0,940765ee-ac31-4a68-b7a9-b2794ef9f82e,1789772843.000,7,0
1789772845.165,0,f9023e5a-5fc2-4267-8a24-2e4f378defcf,1789772843.000,1,0
1789772845.275,20,252237c9-caf8-4371-a20d-4b0fca3cbbd8,1789772841.000,13,0
1789772845.275,20,53618352-584c-4863-b84f-b8cf2fb964ca,1789772841.000,9,0
1789772845.275,20,836c9981-3331-4b36-a13c-93c19c331e83,1789772842.000,14,0
1789772845.275,20,a1dd7aae-7e23-4d98-afed-cf7628057a62,1789772843.000,18,0
1789772845.275,20,940765ee-ac31-4a68-b7a9-b2794ef9f82e,1789772843.000,7,0
1789772845.275,20,f9023e5a-5fc2-4267-8a24-2e4f378defcf,1789772843.000,1,0
1789772845.293,6,252237c9-caf8-4371-a20d-4b0fca3cbbd8,1789772841.000,13,0
1789772845.293,6,53618352-584c-4863-b84f-b8cf2fb964ca,1789772841.000,9,0
1789772845.293,6,836c9981-3331-4b36-a13c-93c19c331e83,1789772842.000,14,0
1789772845.293,6,a1dd7aae-7e23-4d98-afed-cf7628057a62,1789772843.000,18,0
1789772845.293,6,940765ee-ac31-4a68-b7a9-b2794ef9f82e,1789772843.000,7,0
1789772845.293,6,f9023e5a-5fc2-4267-8a24-2e4f378defcf,1789772843.000,1,0
1789772845.293,1,252237c9-caf8-4371-a20d-4b0fca3cbbd8,1789772841.000,13,0
1789772845.293,1,53618352-584c-4863-b84f-b8cf2fb964ca,1789772841.000,9,0
1789772845.293,1,836c9981-3331-4b36-a13c-93c19c331e83,1789772842.000,14,0
1789772845.293,1,a1dd7aae-7e23-4d98-afed-cf7628057a62,1789772843.000,18,0
1789772845.293,1,940765ee-ac31-4a68-b7a9-b2794ef9f82e,1789772843.000,7,0
1789772845.426,21,252237c9-caf8-4371-a20d-4b0fca3cbbd8,1789772841.000,13,0
1789772845.426,21,53618352-584c-4863-b84f-b8cf2fb964ca,1789772841.000,9,0
1789772845.426,21,836c9981-3331-4b36-a13c-93c19c331e83,1789772842.000,14,0
1789772845.426,21,a1dd7aae-7e23-4d98-afed-cf7628057a62,1789772843.000,18,0
1789772845.426,21,940765ee-ac31-4a68-b7a9-b2794ef9f82e,1789772843.000,7,0
1789772845.426,21,f9023e5a-5fc2-4267-8a24-2e4f378defcf,1789772843.000,1,0
1789772845.426,16,252237c9-caf8-4371-a20d-4b0fca3cbbd8,,13,0
1789772845.426,16,53618352-584c-4863-b84f-b8cf2fb964ca,1789772841.000,9,0
1789772845.426,16,836c9981-3331-4b36-a13c-93c19c331e83,1789772842.000,14,0
1789772845.426,16,a1dd7aae-7e23-4d98-afed-cf7628057a62,1789772843.000,18,0
1789772845.426,16,940765ee-ac31-4a68-b7a9-b2794ef9f82e,1789772843.000,7,0
1789772845.426,16,f9023e5a-5fc2-4267-8a24-2e4f378defcf,1789772843.000,1,0
1789772845.564,7,252237c9-caf8-4371-a20d-4b0fca3cbbd8,1789772841.000,13,0
1789772845.564,7,53618352-584c-4863-b84f-b8cf2fb964ca,1789772841.000,9,0
1789772845.564,7,836c9981-3331-4b36-a13c-93c19c331e83,1789772842.000,14,0
1789772845.564,7,a1dd7aae-7e23-4d98-afed-cf7628057a62,1789772843.000,18,0
1789772845.564,7,f9023e5a-5fc2-4267-8a24-2e4f378defcf,1789772843.000,1,0
1789772845.613,22,252237c9-caf8-4371-a20d-4b0fca3cbbd8,1789772841.000,13,0
1789772845.613,22,53618352-584c-4863-b84f-b8cf2fb964ca,1789772841.000,9,0
1789772845.613,22,836c9981-3331-4b36-a13c-93c19c331e83,1789772842.000,14,0
1789772845.613,22,a1dd7aae-7e23-4d98-afed-cf7628057a62,1789772843.000,18,0
1789772845.613,22,940765ee-ac31-4a68-b7a9-b2794ef9f82e,1789772843.000,7,0
1789772845.613,22,f9023e5a-5fc2-4267-8a24-2e4f378defcf,1789772843.000,1,0
1789772845.779,8,252237c9-caf8-4371-a20d-4b0fca3cbbd8,1789772841.000,13,0
1789772845.779,8,53618352-584c-4863-b84f-b8cf2fb964ca,1789772841.000,9,0
1789772845.779,8,836c9981-3331-4b36-a13c-93c19c331e83,1789772842.000,14,0
1789772845.779,8,a1dd7aae-7e23-4d98-afed-cf7628057a62,1789772843.000,18,0
1789772845.779,8,940765ee-ac31-4a68-b7a9-b2794ef9f82e,1789772843.000,7,0
1789772845.779,8,f9023e5a-5fc2-4267-8a24-2e4f378defcf,1789772843.000,1,0
1789772845.840,23,252237c9-caf8-4371-a20d-4b0fca3cbbd8,1789772841.000,13,0
1789772845.840,23,53618352-584c-4863-b84f-b8cf2fb964ca,1789772841.000,9,0
1789772845.840,23,836c9981-3331-4b36-a13c-93c19c331e83,1789772842.000,14,0
1789772845.840,23,a1dd7aae-7e23-4d98-afed-cf7628057a62,1789772843.000,18,0
1789772845.840,23,940765ee-ac31-4a68-b7a9-b2794ef9f82e,1789772843.000,7,0
1789772845.840,23,f9023e5a-5fc2-4267-8a24-2e4f378defcf,1789772843.000,1,0
1789772845.980,9,252237c9-caf8-4371-a20d-4b0fca3cbbd8,1789772841.000,13,0
1789772845.980,9,836c9981-3331-4b36-a13c-93c19c331e83,1789772842.000,14,0
1789772845.980,9,a1dd7aae-7e23-4d98-afed-cf7628057a62,1789772843.000,18,0
1789772845.980,9,940765ee-ac31-4a68-b7a9-b2794ef9f82e,1789772843.000,7,0
1789772845.980,9,f9023e5a-5fc2-4267-8a24-2e4f378defcf,1789772843.000,1,0
1789772846.016,24,252237c9-caf8-4371-a20d-4b0fca3cbbd8,1789772841.000,13,0
1789772846.016,24,53618352-584c-4863-b84f-b8cf2fb964ca,1789772841.000,9,0
1789772846.016,24,836c9981-3331-4b36-a13c-93c19c331e83,1789772842.000,14,0
1789772846.016,24,a1dd7aae-7e23-4d98-afed-cf7628057a62,1789772843.000,18,0
1789772846.016,24,940765ee-ac31-4a68-b7a9-b2794ef9f82e,1789772843.000,7,0
1789772846.016,24,f9023e5a-5fc2-4267-8a24-2e4f378defcf,1789772843.000,1,0
1789772846.170,10,252237c9-caf8-4371-a20d-4b0fca3cbbd8,1789772841.000,13,0
1789772846.170,10,53618352-584c-4863-b84f-b8cf2fb964ca,1789772841.000,9,0
1789772846.170,10,836c9981-3331-4b36-a13c-93c19c331e83,1789772842.000,14,0
1789772846.170,10,a1dd7aae-7e23-4d98-afed-cf7628057a62,1789772843.000,18,0
1789772846.170,10,940765ee-ac31-4a68-b7a9-b2794ef9f82e,1789772843.000,7,0
1789772846.170,10,f9023e5a-5fc2-4267-8a24-2e4f378defcf,1789772843.000,1,0
1789772846.427,11,252237c9-caf8-4371-a20d-4b0fca3cbbd8,1789772841.000,13,0
1789772846.427,11,53618352-584c-4863-b84f-b8cf2fb964ca,1789772841.000,9,0
1789772846.427,11,836c9981-3331-4b36-a13c-93c19c331e83,1789772842.000,14,0
1789772846.427,11,a1dd7aae-7e23-4d98-afed-cf7628057a62,1789772843.000,18,0
1789772846.427,11,940765ee-ac31-4a68-b7a9-b2794ef9f82e,1789772843.000,7,0
1789772846.427,11,f9023e5a-5fc2-4267-8a24-2e4f378defcf,1789772843.000,1,0
1789772846.567,12,252237c9-caf8-4371-a20d-4b0fca3cbbd8,1789772841.000,13,0
1789772846.567,12,53618352-584c-4863-b84f-b8cf2fb964ca,1789772841.000,9,0
1789772846.567,12,836c9981-3331-4b36-a13c-93c19c331e83,1789772842.000,14,0
1789772846.567,12,a1dd7aae-7e23-4d98-afed-cf7628057a62,1789772843.000,18,0
1789772846.567,12,940765ee-ac31-4a68-b7a9-b2794ef9f82e,1789772843.000,7,0
1789772846.567,12,f9023e5a-5fc2-4267-8a24-2e4f378defcf,1789772843.000,1,0
1789772846.812,13,53618352-584c-4863-b84f-b8cf2fb964ca,1789772841.000,9,0
1789772846.812,13,836c9981-3331-4b36-a13c-93c19c331e83,1789772842.000,14,0
1789772846.812,13,a1dd7aae-7e23-4d98-afed-cf7628057a62,1789772843.000,18,0
1789772846.812,13,940765ee-ac31-4a68-b7a9-b2794ef9f82e,1789772843.000,7,0
1789772846.812,13,f9023e5a-5fc2-4267-8a24-2e4f378defcf,1789772843.000,1,0
1789772847.027,14,252237c9-caf8-4371-a20d-4b0fca3cbbd8,1789772841.000,13,0
1789772847.027,14,53618352-584c-4863-b84f-b8cf2fb964ca,1789772841.000,9,0
1789772847.027,14,a1dd7aae-7e23-4d98-afed-cf7628057a62,1789772843.000,18,0
1789772847.027,14,940765ee-ac31-4a68-b7a9-b2794ef9f82e,1789772843.000,7,0
1789772847.027,14,f9023e5a-5fc2-4267-8a24-2e4f378defcf,1789772843.000,1,0
1789772847.579,2,f874f334-70ee-4cd9-8e50-ed1a559b450c,1789772846.000,5,0
1789772847.579,2,2729c60c-ac64-4008-955e-b574011dc020,1789772846.000,24,0
1789772847.620,17,f874f334-70ee-4cd9-8e50-ed1a559b450c,1789772846.000,5,0
1789772847.620,17,2729c60c-ac64-4008-955e-b574011dc020,1789772846.000,24,0
1789772847.784,3,f874f334-70ee-4cd9-8e50-ed1a559b450c,1789772846.000,5,0
1789772847.784,3,2729c60c-ac64-4008-955e-b574011dc020,1789772846.000,24,0
1789772847.848,18,f874f334-70ee-4cd9-8e50-ed1a559b450c,1789772846.000,5,0
1789772847.848,18,2729c60c-ac64-4008-955e-b574011dc020,1789772846.000,24,0
1789772847.989,4,f874f334-70ee-4cd9-8e50-ed1a559b450c,1789772846.000,5,0
1789772847.989,4,2729c60c-ac64-4008-955e-b574011dc020,1789772846.000,24,0
1789772848.029,19,f874f334-70ee-4cd9-8e50-ed1a559b450c,1789772846.000,5,0
1789772848.029,19,2729c60c-ac64-4008-955e-b574011dc020,1789772846.000,24,0
1789772848.175,5,2729c60c-ac64-4008-955e-b574011dc020,,24,0
1789772848.175,15,f874f334-70ee-4cd9-8e50-ed1a559b450c,-61650463834.000,5,0
1789772848.175,0,f874f334-70ee-4cd9-8e50-ed1a559b450c,,5,0
1789772848.175,15,2729c60c-ac64-4008-955e-b574011dc020,1789772846.000,24,0
1789772848.175,0,2729c60c-ac64-4008-955e-b574011dc020,1789772846.000,24,0
1789772848.284,20,f874f334-70ee-4cd9-8e50-ed1a559b450c,1789772846.000,5,0
1789772848.284,20,2729c60c-ac64-4008-955e-b574011dc020,1789772846.000,24,0
1789772848.302,6,f874f334-70ee-4cd9-8e50-ed1a559b450c,1789772846.000,5,0
1789772848.302,6,2729c60c-ac64-4008-955e-b574011dc020,1789772846.000,24,0
1789772848.302,1,f874f334-70ee-4cd9-8e50-ed1a559b450c,1789772846.000,5,0
1789772848.302,1,2729c60c-ac64-4008-955e-b574011dc020,1789772846.000,24,0
1789772848.429,21,f874f334-70ee-4cd9-8e50-ed1a559b450c,1790204846.000,5,0
1789772848.429,21,2729c60c-ac64-4008-955e-b574011dc020,1789772846.000,24,0
1789772848.429,16,f874f334-70ee-4cd9-8e50-ed1a559b450c,,5,0
1789772848.429,16,2729c60c-ac64-4008-955e-b574011dc020,1789772846.000,24,0
1789772848.584,7,f874f334-70ee-4cd9-8e50-ed1a559b450c,1789772846.000,5,0
1789772848.584,7,2729c60c-ac64-4008-955e-b574011dc020,1789772846.000,24,0
1789772848.620,22,f874f334-70ee-4cd9-8e50-ed1a559b450c,1789772846.000,5,0
1789772848.620,22,2729c60c-ac64-4008-955e-b574011dc020,1789772846.000,24,0
1789772848.789,8,f874f334-70ee-4cd9-8e50-ed1a559b450c,1789772846.000,5,0
1789772848.789,8,2729c60c-ac64-4008-955e-b574011dc020,1789772846.000,24,0
1789772848.853,23,f874f334-70ee-4cd9-8e50-ed1a559b450c,1789772846.000,5,0
1789772848.853,23,2729c60c-ac64-4008-955e-b574011dc020,1789772846.000,24,0
1789772848.993,9,f874f334-70ee-4cd9-8e50-ed1a559b450c,1789772846.000,5,0
1789772848.993,9,2729c60c-ac64-4008-955e-b574011dc020,1789772846.000,24,0
1789772849.031,24,f874f334-70ee-4cd9-8e50-ed1a559b450c,1789772846.000,5,0
1789772849.180,10,f874f334-70ee-4cd9-8e50-ed1a559b450c,1789772846.000,5,0
1789772849.180,10,2729c60c-ac64-4008-955e-b574011dc020,1789772846.000,24,0
1789772849.431,11,f874f334-70ee-4cd9-8e50-ed1a559b450c,1789772846.000,5,0
1789772849.431,11,2729c60c-ac64-4008-955e-b574011dc020,1789772846.000,24,0
1789772849.587,12,f874f334-70ee-4cd9-8e50-ed1a559b450c,1789772846.000,5,0
1789772849.587,12,2729c60c-ac64-4008-955e-b574011dc020,1789772846.000,24,0
1789772849.820,13,f874f334-70ee-4cd9-8e50-ed1a559b450c,1789772846.000,5,0
1789772849.820,13,2729c60c-ac64-4008-955e-b574011dc020,1789772846.000,24,0
1789772850.033,14,f874f334-70ee-4cd9-8e50-ed1a559b450c,1789772846.000,5,0
1789772850.033,14,2729c60c-ac64-4008-955e-b574011dc020,1789772846.000,24,0
1789772853.440,16,999e84c3-799d-4c24-af83-7401b115c6a6,1789772850.000,22,0
1789772853.440,16,35a7c820-4a92-4968-a208-44db5a374670,1789772851.000,15,0
1789772853.440,16,eeff1b62-465f-4b2a-8d0f-19010197b33a,1789772852.000,4,0
1789772853.440,16,7bb1bfbc-57a1-4e36-bfbf-0a3865a37ba3,1789772853.000,21,0
1789772853.601,2,999e84c3-799d-4c24-af83-7401b115c6a6,1789772850.000,22,0
1789772853.601,2,35a7c820-4a92-4968-a208-44db5a374670,1789772851.000,15,0
1789772853.601,2,eeff1b62-465f-4b2a-8d0f-19010197b33a,1789772852.000,4,0
1789772853.601,2,7bb1bfbc-57a1-4e36-bfbf-0a3865a37ba3,1789772853.000,21,0
1789772853.631,17,999e84c3-799d-4c24-af83-7401b115c6a6,1789772850.000,22,0
1789772853.631,17,35a7c820-4a92-4968-a208-44db5a374670,1789772851.000,15,0
1789772853.631,17,eeff1b62-465f-4b2a-8d0f-19010197b33a,1789772852.000,4,0
1789772853.631,17,7bb1bfbc-57a1-4e36-bfbf-0a3865a37ba3,1789772853.000,21,0
1789772853.804,3,999e84c3-799d-4c24-af83-7401b115c6a6,1789772850.000,22,0
1789772853.804,3,35a7c820-4a92-4968-a208-44db5a374670,1789772851.000,15,0
1789772853.804,3,eeff1b62-465f-4b2a-8d0f-19010197b33a,1789772852.000,4,0
1789772853.804,3,7bb1bfbc-57a1-4e36-bfbf-0a3865a37ba3,1789772853.000,21,0
1789772853.866,18,999e84c3-799d-4c24-af83-7401b115c6a6,1789772850.000,22,0
1789772853.866,18,35a7c820-4a92-4968-a208-44db5a374670,1789772851.000,15,0
1789772853.866,18,eeff1b62-465f-4b2a-8d0f-19010197b33a,1789772852.000,4,0
1789772853.866,18,7bb1bfbc-57a1-4e36-bfbf-0a3865a37ba3,1789772853.000,21,0
1789772854.009,4,999e84c3-799d-4c24-af83-7401b115c6a6,1789772850.000,22,0
1789772854.009,4,35a7c820-4a92-4968-a208-44db5a374670,1789772851.000,15,0
1789772854.009,4,7bb1bfbc-57a1-4e36-bfbf-0a3865a37ba3,1789772853.000,21,0
1789772854.040,19,999e84c3-799d-4c24-af83-7401b115c6a6,1789772850.000,22,0
1789772854.040,19,35a7c820-4a92-4968-a208-44db5a374670,1789772851.000,15,0
1789772854.040,19,eeff1b62-465f-4b2a-8d0f-19010197b33a,1789772852.000,4,0
1789772854.040,19,7bb1bfbc-57a1-4e36-bfbf-0a3865a37ba3,1789772853.000,21,0
1789772854.200,0,999e84c3-799d-4c24-af83-7401b115c6a6,1789772850.000,22,0
1789772854.200,0,35a7c820-4a92-4968-a208-44db5a374670,1789772851.000,15,0
1789772854.200,0,eeff1b62-465f-4b2a-8d0f-19010197b33a,1789772852.000,4,0
1789772854.200,0,7bb1bfbc-57a1-4e36-bfbf-0a3865a37ba3,1789772853.000,21,0
1789772854.200,15,999e84c3-799d-4c24-af83-7401b115c6a6,1789772850.000,22,0
1789772854.200,15,eeff1b62-465f-4b2a-8d0f-19010197b33a,1789772852.000,4,0
1789772854.200,15,7bb1bfbc-57a1-4e36-bfbf-0a3865a37ba3,1789772853.000,21,0
1789772854.200,5,999e84c3-799d-4c24-af83-7401b115c6a6,1789772850.000,22,0
1789772854.200,5,35a7c820-4a92-4968-a208-44db5a374670,1789772851.000,15,0
1789772854.200,5,eeff1b62-465f-4b2a-8d0f-19010197b33a,1789772852.000,4,0
1789772854.200,5,7bb1bfbc-57a1-4e36-bfbf-0a3865a37ba3,1789772853.000,21,0
1789772854.303,20,999e84c3-799d-4c24-af83-7401b115c6a6,1789772850.000,22,0
1789772854.303,20,35a7c820-4a92-4968-a208-44db5a374670,1789772851.000,15,0
1789772854.303,20,eeff1b62-465f-4b2a-8d0f-19010197b33a,1789772852.000,4,0
1789772854.303,20,7bb1bfbc-57a1-4e36-bfbf-0a3865a37ba3,1789772853.000,21,0
1789772854.314,6,999e84c3-799d-4c24-af83-7401b115c6a6,1789772850.000,22,0
1789772854.314,6,35a7c820-4a92-4968-a208-44db5a374670,1789772851.000,15,0
1789772854.314,6,eeff1b62-465f-4b2a-8d0f-19010197b33a,1789772852.000,4,0
1789772854.314,6,7bb1bfbc-57a1-4e36-bfbf-0a3865a37ba3,1789772853.000,21,0
1789772854.314,1,999e84c3-799d-4c24-af83-7401b115c6a6,1789772850.000,22,0
1789772854.314,1,35a7c820-4a92-4968-a208-44db5a374670,1789772851.000,15,0
1789772854.314,1,eeff1b62-465f-4b2a-8d0f-19010197b33a,1789772852.000,4,0
1789772854.314,1,7bb1bfbc-57a1-4e36-bfbf-0a3865a37ba3,1789772853.000,21,0
1789772854.444,21,999e84c3-799d-4c24-af83-7401b115c6a6,1789772850.000,22,0
1789772854.444,21,35a7c820-4a92-4968-a208-44db5a374670,1789772851.000,15,0
1789772854.444,21,eeff1b62-465f-4b2a-8d0f-19010197b33a,1789772852.000,4,0
1789772854.606,7,999e84c3-799d-4c24-af83-7401b115c6a6,1789772850.000,22,0
1789772854.606,7,35a7c820-4a92-4968-a208-44db5a374670,1789772851.000,15,0
1789772854.606,7,eeff1b62-465f-4b2a-8d0f-19010197b33a,1789772852.000,4,0
1789772854.606,7,7bb1bfbc-57a1-4e36-bfbf-0a3865a37ba3,1789772853.000,21,0
1789772854.631,22,35a7c820-4a92-4968-a208-44db5a374670,1789772851.000,15,0
1789772854.631,22,eeff1b62-465f-4b2a-8d0f-19010197b33a,1789772852.000,4,0
1789772854.631,22,7bb1bfbc-57a1-4e36-bfbf-0a3865a37ba3,1789772853.000,21,0
1789772854.805,8,999e84c3-799d-4c24-af83-7401b115c6a6,1789772850.000,22,0
1789772854.805,8,35a7c820-4a92-4968-a208-44db5a374670,1789772851.000,15,0
1789772854.805,8,eeff1b62-465f-4b2a-8d0f-19010197b33a,1789772852.000,4,0
1789772854.805,8,7bb1bfbc-57a1-4e36-bfbf-0a3865a37ba3,1789772853.000,21,0
1789772854.867,23,999e84c3-799d-4c24-af83-7401b115c6a6,1789772850.000,22,0
1789772854.867,23,35a7c820-4a92-4968-a208-44db5a374670,1789772851.000,15,0
1789772854.867,23,eeff1b62-465f-4b2a-8d0f-19010197b33a,1789772852.000,4,0
1789772854.867,23,7bb1bfbc-57a1-4e36-bfbf-0a3865a37ba3,1789772853.000,21,0
1789772855.012,9,999e84c3-799d-4c24-af83-7401b115c6a6,1789772850.000,22,0
1789772855.012,9,35a7c820-4a92-4968-a208-44db5a374670,1789772851.000,15,0
1789772855.012,9,eeff1b62-465f-4b2a-8d0f-19010197b33a,1789772852.000,4,0
1789772855.012,9,7bb1bfbc-57a1-4e36-bfbf-0a3865a37ba3,1789772853.000,21,0
1789772855.041,24,999e84c3-799d-4c24-af83-7401b115c6a6,1789772850.000,22,0
1789772855.041,24,35a7c820-4a92-4968-a208-44db5a374670,1789772851.000,15,0
1789772855.041,24,eeff1b62-465f-4b2a-8d0f-19010197b33a,1789772852.000,4,0
1789772855.041,24,7bb1bfbc-57a1-4e36-bfbf-0a3865a37ba3,1789772853.000,21,0
1789772855.205,10,999e84c3-799d-4c24-af83-7401b115c6a6,1789772850.000,22,0
1789772855.205,10,35a7c820-4a92-4968-a208-44db5a374670,1789772851.000,15,0
1789772855.205,10,eeff1b62-465f-4b2a-8d0f-19010197b33a,1789772852.000,4,0
1789772855.205,10,7bb1bfbc-57a1-4e36-bfbf-0a3865a37ba3,1789772853.000,21,0
1789772855.447,11,999e84c3-799d-4c24-af83-7401b115c6a6,1789772850.000,22,0
1789772855.447,11,35a7c820-4a92-4968-a208-44db5a374670,1789772851.000,15,0
1789772855.447,11,eeff1b62-465f-4b2a-8d0f-19010197b33a,1789772852.000,4,0
1789772855.447,11,7bb1bfbc-57a1-4e36-bfbf-0a3865a37ba3,1789772853.000,21,0
1789772855.614,12,999e84c3-799d-4c24-af83-7401b115c6a6,1789772850.000,22,0
1789772855.614,12,35a7c820-4a92-4968-a208-44db5a374670,1789772851.000,15,0
1789772855.614,12,eeff1b62-465f-4b2a-8d0f-19010197b33a,1789772852.000,4,0
1789772855.614,12,7bb1bfbc-57a1-4e36-bfbf-0a3865a37ba3,1789772853.000,21,0
1789772855.837,13,999e84c3-799d-4c24-af83-7401b115c6a6,1789772850.000,22,0
1789772855.837,13,35a7c820-4a92-4968-a208-44db5a374670,1789772851.000,15,0
1789772855.837,13,eeff1b62-465f-4b2a-8d0f-19010197b33a,1789772852.000,4,0
1789772855.837,13,7bb1bfbc-57a1-4e36-bfbf-0a3865a37ba3,1789772853.000,21,0
1789772856.044,14,999e84c3-799d-4c24-af83-7401b115c6a6,1789772850.000,22,0
1789772856.044,14,35a7c820-4a92-4968-a208-44db5a374670,1789772851.000,15,0
1789772856.044,14,eeff1b62-465f-4b2a-8d0f-19010197b33a,1789772852.000,4,0
1789772856.044,14,7bb1bfbc-57a1-4e36-bfbf-0a3865a37ba3,1789772853.000,21,0
1789772856.618,2,5a27bed8-602c-4178-b8ad-5d42cdf31a8c,1789772853.000,23,0
1789772856.618,2,7bb1bfbc-57a1-4e36-bfbf-0a3865a37ba3,1789772853.000,21,1
1789772856.649,17,5a27bed8-602c-4178-b8ad-5d42cdf31a8c,1789772853.000,23,0
1789772856.649,17,7bb1bfbc-57a1-4e36-bfbf-0a3865a37ba3,1789772853.000,21,1
1789772856.816,3,5a27bed8-602c-4178-b8ad-5d42cdf31a8c,1789772853.000,23,0
1789772856.816,3,7bb1bfbc-57a1-4e36-bfbf-0a3865a37ba3,1789772853.000,21,1
1789772856.871,18,5a27bed8-602c-4178-b8ad-5d42cdf31a8c,1789772853.000,23,0
1789772856.871,18,7bb1bfbc-57a1-4e36-bfbf-0a3865a37ba3,1789772853.000,21,1
1789772857.017,4,5a27bed8-602c-4178-b8ad-5d42cdf31a8c,1789772853.000,23,0
1789772857.017,4,7bb1bfbc-57a1-4e36-bfbf-0a3865a37ba3,1789772853.000,21,1
1789772857.049,19,5a27bed8-602c-4178-b8ad-5d42cdf31a8c,1789772853.000,23,0
1789772857.049,19,7bb1bfbc-57a1-4e36-bfbf-0a3865a37ba3,1789772853.000,21,1
1789772857.214,15,5a27bed8-602c-4178-b8ad-5d42cdf31a8c,1789772963.000,23,0
1789772857.214,0,5a27bed8-602c-4178-b8ad-5d42cdf31a8c,,23,0
1789772857.214,5,5a27bed8-602c-4178-b8ad-5d42cdf31a8c,,23,0
1789772857.214,5,7bb1bfbc-57a1-4e36-bfbf-0a3865a37ba3,1789772853.000,21,1
1789772857.214,15,7bb1bfbc-57a1-4e36-bfbf-0a3865a37ba3,1789772853.000,21,1
1789772857.214,0,7bb1bfbc-57a1-4e36-bfbf-0a3865a37ba3,1789772853.000,21,1
1789772857.313,20,5a27bed8-602c-4178-b8ad-5d42cdf31a8c,1789772853.000,23,0
1789772857.313,20,7bb1bfbc-57a1-4e36-bfbf-0a3865a37ba3,1789772853.000,21,1
1789772857.317,1,5a27bed8-602c-4178-b8ad-5d42cdf31a8c,1789715253.000,23,0
1789772857.317,6,5a27bed8-602c-4178-b8ad-5d42cdf31a8c,,23,0
1789772857.317,1,7bb1bfbc-57a1-4e36-bfbf-0a3865a37ba3,1789772853.000,21,1
1789772857.317,6,7bb1bfbc-57a1-4e36-bfbf-0a3865a37ba3,1789772853.000,21,1
1789772857.449,16,5a27bed8-602c-4178-b8ad-5d42cdf31a8c,-61836742347.000,23,0
1789772857.449,21,5a27bed8-602c-4178-b8ad-5d42cdf31a8c,,23,0
1789772857.449,16,7bb1bfbc-57a1-4e36-bfbf-0a3865a37ba3,1789772853.000,21,1
1789772857.620,7,5a27bed8-602c-4178-b8ad-5d42cdf31a8c,1789772853.000,23,0
1789772857.620,7,7bb1bfbc-57a1-4e36-bfbf-0a3865a37ba3,1789772853.000,21,1
1789772857.652,22,5a27bed8-602c-4178-b8ad-5d42cdf31a8c,1789772853.000,23,0
1789772857.652,22,7bb1bfbc-57a1-4e36-bfbf-0a3865a37ba3,1789772853.000,21,1
1789772857.819,8,5a27bed8-602c-4178-b8ad-5d42cdf31a8c,1789772853.000,23,0
1789772857.819,8,7bb1bfbc-57a1-4e36-bfbf-0a3865a37ba3,1789772853.000,21,1
1789772857.874,23,7bb1bfbc-57a1-4e36-bfbf-0a3865a37ba3,1789772853.000,21,1
1789772858.022,9,5a27bed8-602c-4178-b8ad-5d42cdf31a8c,1789772853.000,23,0
1789772858.022,9,7bb1bfbc-57a1-4e36-bfbf-0a3865a37ba3,1789772853.000,21,1
1789772858.054,24,5a27bed8-602c-4178-b8ad-5d42cdf31a8c,1789772853.000,23,0
1789772858.054,24,7bb1bfbc-57a1-4e36-bfbf-0a3865a37ba3,1789772853.000,21,1
1789772858.217,10,5a27bed8-602c-4178-b8ad-5d42cdf31a8c,1789772853.000,23,0
1789772858.217,10,7bb1bfbc-57a1-4e36-bfbf-0a3865a37ba3,1789772853.000,21,1
1789772858.450,11,5a27bed8-602c-4178-b8ad-5d42cdf31a8c,1789772853.000,23,0
1789772858.450,11,7bb1bfbc-57a1-4e36-bfbf-0a3865a37ba3,1789772853.000,21,1
1789772858.625,12,5a27bed8-602c-4178-b8ad-5d42cdf31a8c,1789772853.000,23,0
1789772858.625,12,7bb1bfbc-57a1-4e36-bfbf-0a3865a37ba3,1789772853.000,21,1
1789772858.842,13,5a27bed8-602c-4178-b8ad-5d42cdf31a8c,1789772853.000,23,0
1789772858.842,13,7bb1bfbc-57a1-4e36-bfbf-0a3865a37ba3,1789772853.000,21,1
1789772859.058,14,5a27bed8-602c-4178-b8ad-5d42cdf31a8c,1789772853.000,23,0
1789772859.058,14,7bb1bfbc-57a1-4e36-bfbf-0a3865a37ba3,1789772853.000,21,1
1789772859.452,16,05c71c3d-6650-4d94-b0d5-cd380139c5e5,1789772857.000,0,0
1789772859.452,16,c026dd35-3781-4d4d-9ec2-e6956b85ce91,1789772857.000,2,0
1789772859.452,16,7fb256f7-53bc-40ef-81ac-1079a27cd57c,1789772858.000,19,0
1789772859.627,2,05c71c3d-6650-4d94-b0d5-cd380139c5e5,1789772857.000,0,0
1789772859.627,2,7fb256f7-53bc-40ef-81ac-1079a27cd57c,1789772858.000,19,0
1789772859.656,17,05c71c3d-6650-4d94-b0d5-cd380139c5e5,1789772857.000,0,0
1789772859.656,17,c026dd35-3781-4d4d-9ec2-e6956b85ce91,1789772857.000,2,0
1789772859.656,17,7fb256f7-53bc-40ef-81ac-1079a27cd57c,1789772858.000,19,0
1789772859.827,3,05c71c3d-6650-4d94-b0d5-cd380139c5e5,1789772857.000,0,0
1789772859.827,3,c026dd35-3781-4d4d-9ec2-e6956b85ce91,1789772857.000,2,0
1789772859.827,3,7fb256f7-53bc-40ef-81ac-1079a27cd57c,1789772858.000,19,0
1789772859.880,18,05c71c3d-6650-4d94-b0d5-cd380139c5e5,1789772857.000,0,0
1789772859.880,18,c026dd35-3781-4d4d-9ec2-e6956b85ce91,1789772857.000,2,0
1789772859.880,18,7fb256f7-53bc-40ef-81ac-1079a27cd57c,1789772858.000,19,0
1789772860.030,4,05c71c3d-6650-4d94-b0d5-cd380139c5e5,1789772857.000,0,0
1789772860.030,4,c026dd35-3781-4d4d-9ec2-e6956b85ce91,1789772857.000,2,0
1789772860.030,4,7fb256f7-53bc-40ef-81ac-1079a27cd57c,1789772858.000,19,0
1789772860.063,19,05c71c3d-6650-4d94-b0d5-cd380139c5e5,1789772857.000,0,0
1789772860.063,19,c026dd35-3781-4d4d-9ec2-e6956b85ce91,1789772857.000,2,0
1789772860.223,15,05c71c3d-6650-4d94-b0d5-cd380139c5e5,1789772857.000,0,0
1789772860.223,5,05c71c3d-6650-4d94-b0d5-cd380139c5e5,1789754857.000,0,0
1789772860.223,0,c026dd35-3781-4d4d-9ec2-e6956b85ce91,,2,0
1789772860.223,0,7fb256f7-53bc-40ef-81ac-1079a27cd57c,1789772858.000,19,0
1789772860.223,15,c026dd35-3781-4d4d-9ec2-e6956b85ce91,1789772857.000,2,0
1789772860.223,15,7fb256f7-53bc-40ef-81ac-1079a27cd57c,1789772858.000,19,0
1789772860.223,5,c026dd35-3781-4d4d-9ec2-e6956b85ce91,1789772857.000,2,0
1789772860.223,5,7fb256f7-53bc-40ef-81ac-1079a27cd57c,1789772858.000,19,0
1789772860.320,20,05c71c3d-6650-4d94-b0d5-cd380139c5e5,-59020676543.000,0,0
1789772860.320,1,05c71c3d-6650-4d94-b0d5-cd380139c5e5,,0,0
1789772860.320,1,c026dd35-3781-4d4d-9ec2-e6956b85ce91,1789772857.000,2,0
1789772860.320,6,05c71c3d-6650-4d94-b0d5-cd380139c5e5,,0,0
1789772860.320,1,7fb256f7-53bc-40ef-81ac-1079a27cd57c,1789772858.000,19,0
1789772860.320,20,c026dd35-3781-4d4d-9ec2-e6956b85ce91,1789772857.000,2,0
1789772860.320,6,c026dd35-3781-4d4d-9ec2-e6956b85ce91,1789772857.000,2,0
1789772860.320,6,7fb256f7-53bc-40ef-81ac-1079a27cd57c,1789772858.000,19,0
1789772860.320,20,7fb256f7-53bc-40ef-81ac-1079a27cd57c,1789772858.000,19,0
1789772860.453,21,05c71c3d-6650-4d94-b0d5-cd380139c5e5,1789772857.000,0,0
1789772860.453,21,c026dd35-3781-4d4d-9ec2-e6956b85ce91,1789772857.000,2,0
1789772860.453,21,7fb256f7-53bc-40ef-81ac-1079a27cd57c,1789772858.000,19,0
1789772860.629,7,05c71c3d-6650-4d94-b0d5-cd380139c5e5,1789772857.000,0,0
1789772860.629,7,c026dd35-3781-4d4d-9ec2-e6956b85ce91,1789772857.000,2,0
1789772860.629,7,7fb256f7-53bc-40ef-81ac-1079a27cd57c,1789772858.000,19,0
1789772860.660,22,05c71c3d-6650-4d94-b0d5-cd380139c5e5,1789772857.000,0,0
1789772860.660,22,c026dd35-3781-4d4d-9ec2-e6956b85ce91,1789772857.000,2,0
1789772860.660,22,7fb256f7-53bc-40ef-81ac-1079a27cd57c,1789772858.000,19,0
1789772860.829,8,05c71c3d-6650-4d94-b0d5-cd380139c5e5,1789772857.000,0,0
1789772860.829,8,c026dd35-3781-4d4d-9ec2-e6956b85ce91,1789772857.000,2,0
1789772860.829,8,7fb256f7-53bc-40ef-81ac-1079a27cd57c,1789772858.000,19,0
1789772860.884,23,05c71c3d-6650-4d94-b0d5-cd380139c5e5,1789772857.000,0,0
1789772860.884,23,c026dd35-3781-4d4d-9ec2-e6956b85ce91,1789772857.000,2,0
1789772860.884,23,7fb256f7-53bc-40ef-81ac-1079a27cd57c,1789772858.000,19,0
1789772861.033,9,05c71c3d-6650-4d94-b0d5-cd380139c5e5,1789772857.000,0,0
1789772861.033,9,c026dd35-3781-4d4d-9ec2-e6956b85ce91,1789772857.000,2,0
1789772861.033,9,7fb256f7-53bc-40ef-81ac-1079a27cd57c,1789772858.000,19,0
1789772861.068,24,05c71c3d-6650-4d94-b0d5-cd380139c5e5,1789772857.000,0,0
1789772861.068,24,c026dd35-3781-4d4d-9ec2-e6956b85ce91,1789772857.000,2,0
1789772861.068,24,7fb256f7-53bc-40ef-81ac-1079a27cd57c,1789772858.000,19,0
1789772861.228,10,05c71c3d-6650-4d94-b0d5-cd380139c5e5,1789772857.000,0,0
1789772861.228,10,c026dd35-3781-4d4d-9ec2-e6956b85ce91,1789772857.000,2,0
1789772861.228,10,7fb256f7-53bc-40ef-81ac-1079a27cd57c,1789772858.000,19,0
1789772861.456,11,05c71c3d-6650-4d94-b0d5-cd380139c5e5,1789772857.000,0,0
1789772861.456,11,c026dd35-3781-4d4d-9ec2-e6956b85ce91,1789772857.000,2,0
1789772861.456,11,7fb256f7-53bc-40ef-81ac-1079a27cd57c,1789772858.000,19,0
1789772861.630,12,05c71c3d-6650-4d94-b0d5-cd380139c5e5,1789772857.000,0,0
1789772861.630,12,c026dd35-3781-4d4d-9ec2-e6956b85ce91,1789772857.000,2,0
1789772861.630,12,7fb256f7-53bc-40ef-81ac-1079a27cd57c,1789772858.000,19,0
1789772861.848,13,05c71c3d-6650-4d94-b0d5-cd380139c5e5,1789772857.000,0,0
1789772861.848,13,c026dd35-3781-4d4d-9ec2-e6956b85ce91,1789772857.000,2,0
1789772861.848,13,7fb256f7-53bc-40ef-81ac-1079a27cd57c,1789772858.000,19,0
1789772862.069,14,05c71c3d-6650-4d94-b0d5-cd380139c5e5,1789772857.000,0,0
1789772862.069,14,c026dd35-3781-4d4d-9ec2-e6956b85ce91,1789772857.000,2,0
1789772862.069,14,7fb256f7-53bc-40ef-81ac-1079a27cd57c,1789772858.000,19,0
1789772862.633,2,c56cc332-14ae-4a27-a227-0973bc133807,1789772861.000,11,0
1789772862.633,2,9666f632-bb21-4d91-b1d4-708f138ba2c0,1789772861.000,17,0
1789772862.633,2,bd85a41d-a27e-416e-b8d8-5b26de3dc90d,1789772861.000,6,0
1789772862.668,17,c56cc332-14ae-4a27-a227-0973bc133807,1789772861.000,11,0
1789772862.668,17,bd85a41d-a27e-416e-b8d8-5b26de3dc90d,1789772861.000,6,0
1789772862.834,3,c56cc332-14ae-4a27-a227-0973bc133807,1789772861.000,11,0
1789772862.834,3,9666f632-bb21-4d91-b1d4-708f138ba2c0,1789772861.000,17,0
1789772862.834,3,bd85a41d-a27e-416e-b8d8-5b26de3dc90d,1789772861.000,6,0
1789772862.892,18,c56cc332-14ae-4a27-a227-0973bc133807,1789772861.000,11,0
1789772862.892,18,9666f632-bb21-4d91-b1d4-708f138ba2c0,1789772861.000,17,0
1789772862.892,18,bd85a41d-a27e-416e-b8d8-5b26de3dc90d,1789772861.000,6,0
1789772863.038,4,c56cc332-14ae-4a27-a227-0973bc133807,1789772861.000,11,0
1789772863.038,4,9666f632-bb21-4d91-b1d4-708f138ba2c0,1789772861.000,17,0
1789772863.038,4,bd85a41d-a27e-416e-b8d8-5b26de3dc90d,1789772861.000,6,0
1789772863.071,19,c56cc332-14ae-4a27-a227-0973bc133807,1789772861.000,11,0
1789772863.071,19,9666f632-bb21-4d91-b1d4-708f138ba2c0,1789772861.000,17,0
1789772863.071,19,bd85a41d-a27e-416e-b8d8-5b26de3dc90d,1789772861.000,6,0
1789772863.232,15,c56cc332-14ae-4a27-a227-0973bc133807,1813792061.000,11,0
1789772863.232,15,9666f632-bb21-4d91-b1d4-708f138ba2c0,1789772861.000,17,0
1789772863.232,5,c56cc332-14ae-4a27-a227-0973bc133807,,11,0
1789772863.232,0,c56cc332-14ae-4a27-a227-0973bc133807,1790020869.000,11,0
1789772863.232,0,9666f632-bb21-4d91-b1d4-708f138ba2c0,1789772861.000,17,0
1789772863.232,0,bd85a41d-a27e-416e-b8d8-5b26de3dc90d,1789772861.000,6,0
1789772863.232,5,9666f632-bb21-4d91-b1d4-708f138ba2c0,1789772861.000,17,0
1789772863.232,15,bd85a41d-a27e-416e-b8d8-5b26de3dc90d,1789772861.000,6,0
1789772863.232,5,bd85a41d-a27e-416e-b8d8-5b26de3dc90d,1789772861.000,6,0
1789772863.328,6,c56cc332-14ae-4a27-a227-0973bc133807,-61836742339.000,11,0
1789772863.328,6,9666f632-bb21-4d91-b1d4-708f138ba2c0,1789772861.000,17,0
1789772863.328,20,c56cc332-14ae-4a27-a227-0973bc133807,,11,0
1789772863.328,1,c56cc332-14ae-4a27-a227-0973bc133807,,11,0
1789772863.328,20,9666f632-bb21-4d91-b1d4-708f138ba2c0,1789772861.000,17,0
1789772863.328,20,bd85a41d-a27e-416e-b8d8-5b26de3dc90d,1789772861.000,6,0
1789772863.328,1,9666f632-bb21-4d91-b1d4-708f138ba2c0,1789772861.000,17,0
1789772863.328,1,bd85a41d-a27e-416e-b8d8-5b26de3dc90d,1789772861.000,6,0
1789772863.457,21,c56cc332-14ae-4a27-a227-0973bc133807,1789772861.000,11,0
1789772863.457,21,9666f632-bb21-4d91-b1d4-708f138ba2c0,1789772861.000,17,0
1789772863.457,21,bd85a41d-a27e-416e-b8d8-5b26de3dc90d,1789772861.000,6,0
1789772863.457,16,c56cc332-14ae-4a27-a227-0973bc133807,1789772861.000,11,0
1789772863.457,16,9666f632-bb21-4d91-b1d4-708f138ba2c0,1789772861.000,17,0
1789772863.457,16,bd85a41d-a27e-416e-b8d8-5b26de3dc90d,1789772861.000,6,0
1789772863.634,7,c56cc332-14ae-4a27-a227-0973bc133807,1789772861.000,11,0
1789772863.634,7,9666f632-bb21-4d91-b1d4-708f138ba2c0,1789772861.000,17,0
1789772863.634,7,bd85a41d-a27e-416e-b8d8-5b26de3dc90d,1789772861.000,6,0
1789772863.668,22,c56cc332-14ae-4a27-a227-0973bc133807,1789772861.000,11,0
1789772863.668,22,9666f632-bb21-4d91-b1d4-708f138ba2c0,1789772861.000,17,0
1789772863.668,22,bd85a41d-a27e-416e-b8d8-5b26de3dc90d,1789772861.000,6,0
1789772863.835,8,c56cc332-14ae-4a27-a227-0973bc133807,1789772861.000,11,0
1789772863.835,8,9666f632-bb21-4d91-b1d4-708f138ba2c0,1789772861.000,17,0
1789772863.835,8,bd85a41d-a27e-416e-b8d8-5b26de3dc90d,1789772861.000,6,0
1789772863.892,23,c56cc332-14ae-4a27-a227-0973bc133807,1789772861.000,11,0
1789772863.892,23,9666f632-bb21-4d91-b1d4-708f138ba2c0,1789772861.000,17,0
1789772863.892,23,bd85a41d-a27e-416e-b8d8-5b26de3dc90d,1789772861.000,6,0
1789772864.042,9,c56cc332-14ae-4a27-a227-0973bc133807,1789772861.000,11,0
1789772864.042,9,9666f632-bb21-4d91-b1d4-708f138ba2c0,1789772861.000,17,0
1789772864.042,9,bd85a41d-a27e-416e-b8d8-5b26de3dc90d,1789772861.000,6,0
1789772864.072,24,c56cc332-14ae-4a27-a227-0973bc133807,1789772861.000,11,0
1789772864.072,24,9666f632-bb21-4d91-b1d4-708f138ba2c0,1789772861.000,17,0
1789772864.072,24,bd85a41d-a27e-416e-b8d8-5b26de3dc90d,1789772861.000,6,0
1789772864.235,10,c56cc332-14ae-4a27-a227-0973bc133807,1789772861.000,11,0
1789772864.235,10,9666f632-bb21-4d91-b1d4-708f138ba2c0,1789772861.000,17,0
1789772864.235,10,bd85a41d-a27e-416e-b8d8-5b26de3dc90d,1789772861.000,6,0
1789772864.460,11,9666f632-bb21-4d91-b1d4-708f138ba2c0,1789772861.000,17,0
1789772864.460,11,bd85a41d-a27e-416e-b8d8-5b26de3dc90d,1789772861.000,6,0
1789772864.636,12,c56cc332-14ae-4a27-a227-0973bc133807,1789772861.000,11,0
1789772864.636,12,9666f632-bb21-4d91-b1d4-708f138ba2c0,1789772861.000,17,0
1789772864.636,12,bd85a41d-a27e-416e-b8d8-5b26de3dc90d,1789772861.000,6,0
1789772864.858,13,c56cc332-14ae-4a27-a227-0973bc133807,1789772861.000,11,0
1789772864.858,13,9666f632-bb21-4d91-b1d4-708f138ba2c0,1789772861.000,17,0
1789772864.858,13,bd85a41d-a27e-416e-b8d8-5b26de3dc90d,1789772861.000,6,0
1789772865.077,14,c56cc332-14ae-4a27-a227-0973bc133807,1789772861.000,11,0
1789772865.077,14,9666f632-bb21-4d91-b1d4-708f138ba2c0,1789772861.000,17,0
1789772865.077,14,bd85a41d-a27e-416e-b8d8-5b26de3dc90d,1789772861.000,6,0
1789772865.460,16,580a0055-d8e6-4d3d-895f-ecfb579fda27,1789772863.000,10,0
1789772865.638,2,580a0055-d8e6-4d3d-895f-ecfb579fda27,1789772863.000,10,0
1789772865.675,17,580a0055-d8e6-4d3d-895f-ecfb579fda27,1789772863.000,10,0
1789772865.840,3,580a0055-d8e6-4d3d-895f-ecfb579fda27,1789772863.000,10,0
1789772865.900,18,580a0055-d8e6-4d3d-895f-ecfb579fda27,1789772863.000,10,0
1789772866.048,4,580a0055-d8e6-4d3d-895f-ecfb579fda27,1789772863.000,10,0
1789772866.082,19,580a0055-d8e6-4d3d-895f-ecfb579fda27,1789772863.000,10,0
1789772866.241,5,580a0055-d8e6-4d3d-895f-ecfb579fda27,1789772863.000,10,0
1789772866.241,0,580a0055-d8e6-4d3d-895f-ecfb579fda27,1789772863.000,10,0
1789772866.241,15,580a0055-d8e6-4d3d-895f-ecfb579fda27,1789772863.000,10,0
1789772866.336,20,580a0055-d8e6-4d3d-895f-ecfb579fda27,1789775023.000,10,0
1789772866.336,6,580a0055-d8e6-4d3d-895f-ecfb579fda27,1789775023.000,10,0
1789772866.336,1,580a0055-d8e6-4d3d-895f-ecfb579fda27,1789772863.000,10,0
1789772866.461,21,580a0055-d8e6-4d3d-895f-ecfb579fda27,1789772863.000,10,0
1789772866.639,7,580a0055-d8e6-4d3d-895f-ecfb579fda27,1789772863.000,10,0
1789772866.676,22,580a0055-d8e6-4d3d-895f-ecfb579fda27,1789772863.000,10,0
1789772866.842,8,580a0055-d8e6-4d3d-895f-ecfb579fda27,1789772863.000,10,0
1789772866.905,23,580a0055-d8e6-4d3d-895f-ecfb579fda27,1789772863.000,10,0
1789772867.053,9,580a0055-d8e6-4d3d-895f-ecfb579fda27,1789772863.000,10,0
1789772867.084,24,580a0055-d8e6-4d3d-895f-ecfb579fda27,1789772863.000,10,0
1789772867.464,11,580a0055-d8e6-4d3d-895f-ecfb579fda27,1789772863.000,10,0
1789772867.643,12,580a0055-d8e6-4d3d-895f-ecfb579fda27,1789772863.000,10,0
1789772867.867,13,580a0055-d8e6-4d3d-895f-ecfb579fda27,1789772863.000,10,0
1789772868.085,14,580a0055-d8e6-4d3d-895f-ecfb579fda27,1789772863.000,10,0
1789772868.644,2,b8209f72-16e4-4027-b840-0a566175c043,1789772867.000,8,0
1789772868.644,2,364e1750-e79e-4d61-a787-21825de4797e,1789772867.000,16,0
1789772868.681,17,b8209f72-16e4-4027-b840-0a566175c043,1789772867.000,8,0
1789772868.681,17,364e1750-e79e-4d61-a787-21825de4797e,1789772867.000,16,0
1789772868.849,3,b8209f72-16e4-4027-b840-0a566175c043,1789772867.000,8,0
1789772868.849,3,364e1750-e79e-4d61-a787-21825de4797e,1789772867.000,16,0
1789772868.911,18,b8209f72-16e4-4027-b840-0a566175c043,1789772867.000,8,0
1789772868.911,18,364e1750-e79e-4d61-a787-21825de4797e,1789772867.000,16,0
1789772869.056,4,b8209f72-16e4-4027-b840-0a566175c043,1789772867.000,8,0
1789772869.056,4,364e1750-e79e-4d61-a787-21825de4797e,1789772867.000,16,0
1789772869.087,19,b8209f72-16e4-4027-b840-0a566175c043,1789772867.000,8,0
1789772869.087,19,364e1750-e79e-4d61-a787-21825de4797e,1789772867.000,16,0
1789772869.250,0,b8209f72-16e4-4027-b840-0a566175c043,1789772867.000,8,0
1789772869.250,5,b8209f72-16e4-4027-b840-0a566175c043,,8,0
1789772869.250,15,b8209f72-16e4-4027-b840-0a566175c043,1789772867.000,8,0
1789772869.250,15,364e1750-e79e-4d61-a787-21825de4797e,1789772867.000,16,0
1789772869.250,5,364e1750-e79e-4d61-a787-21825de4797e,1789772867.000,16,0
1789772869.250,0,364e1750-e79e-4d61-a787-21825de4797e,1789772867.000,16,0
1789772869.348,6,b8209f72-16e4-4027-b840-0a566175c043,1789723427.000,8,0
1789772869.348,6,364e1750-e79e-4d61-a787-21825de4797e,1789772867.000,16,0
1789772869.348,20,b8209f72-16e4-4027-b840-0a566175c043,,8,0
1789772869.348,20,364e1750-e79e-4d61-a787-21825de4797e,1789772867.000,16,0
1789772869.348,1,b8209f72-16e4-4027-b840-0a566175c043,,8,0
1789772869.348,1,364e1750-e79e-4d61-a787-21825de4797e,1789772867.000,16,0
1789772869.465,21,b8209f72-16e4-4027-b840-0a566175c043,1829171267.000,8,0
1789772869.465,21,364e1750-e79e-4d61-a787-21825de4797e,1789772867.000,16,0
1789772869.465,16,b8209f72-16e4-4027-b840-0a566175c043,1829171267.000,8,0
1789772869.646,7,b8209f72-16e4-4027-b840-0a566175c043,1789772867.000,8,0
1789772869.646,7,364e1750-e79e-4d61-a787-21825de4797e,1789772867.000,16,0
1789772869.683,22,b8209f72-16e4-4027-b840-0a566175c043,1789772867.000,8,0
1789772869.683,22,364e1750-e79e-4d61-a787-21825de4797e,1789772867.000,16,0
1789772869.850,8,364e1750-e79e-4d61-a787-21825de4797e,1789772867.000,16,0
1789772869.915,23,b8209f72-16e4-4027-b840-0a566175c043,1789772867.000,8,0
1789772869.915,23,364e1750-e79e-4d61-a787-21825de4797e,1789772867.000,16,0
1789772870.058,9,b8209f72-16e4-4027-b840-0a566175c043,1789772867.000,8,0
1789772870.058,9,364e1750-e79e-4d61-a787-21825de4797e,1789772867.000,16,0
1789772870.087,24,b8209f72-16e4-4027-b840-0a566175c043,1789772867.000,8,0
1789772870.087,24,364e1750-e79e-4d61-a787-21825de4797e,1789772867.000,16,0
1789772870.250,10,b8209f72-16e4-4027-b840-0a566175c043,1789772867.000,8,0
1789772870.250,10,364e1750-e79e-4d61-a787-21825de4797e,1789772867.000,16,0
1789772870.467,11,b8209f72-16e4-4027-b840-0a566175c043,1789772867.000,8,0
1789772870.467,11,364e1750-e79e-4d61-a787-21825de4797e,1789772867.000,16,0
1789772870.651,12,b8209f72-16e4-4027-b840-0a566175c043,1789772867.000,8,0
1789772870.651,12,364e1750-e79e-4d61-a787-21825de4797e,1789772867.000,16,0
1789772870.875,13,b8209f72-16e4-4027-b840-0a566175c043,1789772867.000,8,0
1789772870.875,13,364e1750-e79e-4d61-a787-21825de4797e,1789772867.000,16,0
1789772871.088,14,b8209f72-16e4-4027-b840-0a566175c043,1789772867.000,8,0
1789772871.088,14,364e1750-e79e-4d61-a787-21825de4797e,1789772867.000,16,0
1789772872.067,4,c0350b66-0ff3-4ee6-bc0a-9212d8595de7,1789772868.000,20,0
1789772872.067,4,28014a3b-9cdc-4b36-8bfa-4f524927b408,1789772869.000,12,0
1789772872.067,4,b4f587e1-f03d-4b45-90a0-11f029304f9d,1789772870.000,3,0
1789772872.067,4,7147d2d7-e45c-4e3b-932e-a3f7c489d032,1789772871.000,13,0
1789772872.067,4,2a71b73a-d9dc-40eb-b927-39eba1e03ae3,1789772871.000,9,0
1789772872.091,19,c0350b66-0ff3-4ee6-bc0a-9212d8595de7,1789772868.000,20,0
1789772872.091,19,28014a3b-9cdc-4b36-8bfa-4f524927b408,1789772869.000,12,0
1789772872.091,19,b4f587e1-f03d-4b45-90a0-11f029304f9d,1789772870.000,3,0
1789772872.091,19,7147d2d7-e45c-4e3b-932e-a3f7c489d032,1789772871.000,13,0
1789772872.091,19,2a71b73a-d9dc-40eb-b927-39eba1e03ae3,1789772871.000,9,0
1789772872.252,0,c0350b66-0ff3-4ee6-bc0a-9212d8595de7,1789772868.000,20,0
1789772872.252,15,c0350b66-0ff3-4ee6-bc0a-9212d8595de7,,20,0
1789772872.252,15,28014a3b-9cdc-4b36-8bfa-4f524927b408,1789772869.000,12,0
1789772872.252,0,28014a3b-9cdc-4b36-8bfa-4f524927b408,1789772869.000,12,0
1789772872.252,15,b4f587e1-f03d-4b45-90a0-11f029304f9d,1789772870.000,3,0
1789772872.252,0,b4f587e1-f03d-4b45-90a0-11f029304f9d,1789772870.000,3,0
1789772872.252,15,7147d2d7-e45c-4e3b-932e-a3f7c489d032,1789772871.000,13,0
1789772872.252,0,7147d2d7-e45c-4e3b-932e-a3f7c489d032,1789772871.000,13,0
1789772872.252,15,2a71b73a-d9dc-40eb-b927-39eba1e03ae3,1789772871.000,9,0
1789772872.252,0,2a71b73a-d9dc-40eb-b927-39eba1e03ae3,1789772871.000,9,0
1789772872.252,5,c0350b66-0ff3-4ee6-bc0a-9212d8595de7,,20,0
1789772872.252,5,28014a3b-9cdc-4b36-8bfa-4f524927b408,1789772869.000,12,0
1789772872.252,5,b4f587e1-f03d-4b45-90a0-11f029304f9d,1789772870.000,3,0
1789772872.252,5,7147d2d7-e45c-4e3b-932e-a3f7c489d032,1789772871.000,13,0
1789772872.252,5,2a71b73a-d9dc-40eb-b927-39eba1e03ae3,1789772871.000,9,0
1789772872.357,1,c0350b66-0ff3-4ee6-bc0a-9212d8595de7,-61837191372.000,20,0
1789772872.357,20,28014a3b-9cdc-4b36-8bfa-4f524927b408,1788912469.000,12,0
1789772872.357,1,28014a3b-9cdc-4b36-8bfa-4f524927b408,1789772869.000,12,0
1789772872.357,20,b4f587e1-f03d-4b45-90a0-11f029304f9d,1789772870.000,3,0
1789772872.357,1,b4f587e1-f03d-4b45-90a0-11f029304f9d,1789772870.000,3,0
1789772872.357,20,7147d2d7-e45c-4e3b-932e-a3f7c489d032,1789772871.000,13,0
1789772872.357,1,7147d2d7-e45c-4e3b-932e-a3f7c489d032,1789772871.000,13,0
1789772872.357,6,c0350b66-0ff3-4ee6-bc0a-9212d8595de7,,20,0
1789772872.357,20,2a71b73a-d9dc-40eb-b927-39eba1e03ae3,1789772871.000,9,0
1789772872.357,1,2a71b73a-d9dc-40eb-b927-39eba1e03ae3,1789772871.000,9,0
1789772872.357,6,28014a3b-9cdc-4b36-8bfa-4f524927b408,1789772869.000,12,0
1789772872.357,6,b4f587e1-f03d-4b45-90a0-11f029304f9d,1789772870.000,3,0
1789772872.357,6,7147d2d7-e45c-4e3b-932e-a3f7c489d032,1789772871.000,13,0
1789772872.357,6,2a71b73a-d9dc-40eb-b927-39eba1e03ae3,1789772871.000,9,0
1789772872.467,21,c0350b66-0ff3-4ee6-bc0a-9212d8595de7,1789772868.000,20,0
1789772872.467,16,c0350b66-0ff3-4ee6-bc0a-9212d8595de7,1789772868.000,20,0
1789772872.467,21,28014a3b-9cdc-4b36-8bfa-4f524927b408,1789772869.000,12,0
1789772872.467,16,28014a3b-9cdc-4b36-8bfa-4f524927b408,1789772869.000,12,0
1789772872.467,16,b4f587e1-f03d-4b45-90a0-11f029304f9d,1789772870.000,3,0
1789772872.467,16,7147d2d7-e45c-4e3b-932e-a3f7c489d032,1789772871.000,13,0
1789772872.467,16,2a71b73a-d9dc-40eb-b927-39eba1e03ae3,1789772871.000,9,0
1789772872.467,21,b4f587e1-f03d-4b45-90a0-11f029304f9d,1789772870.000,3,0
1789772872.467,21,7147d2d7-e45c-4e3b-932e-a3f7c489d032,1789772871.000,13,0
1789772872.467,21,2a71b73a-d9dc-40eb-b927-39eba1e03ae3,1789772871.000,9,0
1789772872.653,2,c0350b66-0ff3-4ee6-bc0a-9212d8595de7,1792364868.000,20,0
1789772872.653,7,c0350b66-0ff3-4ee6-bc0a-9212d8595de7,1792364868.000,20,0
1789772872.653,2,28014a3b-9cdc-4b36-8bfa-4f524927b408,1789772869.000,12,0
1789772872.653,7,28014a3b-9cdc-4b36-8bfa-4f524927b408,1789772989.000,12,0
1789772872.653,7,b4f587e1-f03d-4b45-90a0-11f029304f9d,1789772870.000,3,0
1789772872.653,7,7147d2d7-e45c-4e3b-932e-a3f7c489d032,1789772871.000,13,0
1789772872.653,7,2a71b73a-d9dc-40eb-b927-39eba1e03ae3,1789772871.000,9,0
1789772872.653,2,b4f587e1-f03d-4b45-90a0-11f029304f9d,,3,0
1789772872.653,2,7147d2d7-e45c-4e3b-932e-a3f7c489d032,1789772871.000,13,0
1789772872.653,2,2a71b73a-d9dc-40eb-b927-39eba1e03ae3,1789772871.000,9,0
1789772872.693,17,c0350b66-0ff3-4ee6-bc0a-9212d8595de7,1789772868.000,20,0
1789772872.693,22,c0350b66-0ff3-4ee6-bc0a-9212d8595de7,1789772868.000,20,0
1789772872.693,17,28014a3b-9cdc-4b36-8bfa-4f524927b408,1789772869.000,12,0
1789772872.693,17,b4f587e1-f03d-4b45-90a0-11f029304f9d,1789772870.000,3,0
1789772872.693,17,7147d2d7-e45c-4e3b-932e-a3f7c489d032,1789772871.000,13,0
1789772872.693,17,2a71b73a-d9dc-40eb-b927-39eba1e03ae3,1789772871.000,9,0
1789772872.693,22,28014a3b-9cdc-4b36-8bfa-4f524927b408,1789772871.000,12,0
1789772872.693,22,b4f587e1-f03d-4b45-90a0-11f029304f9d,1789772870.000,3,0
1789772872.693,22,7147d2d7-e45c-4e3b-932e-a3f7c489d032,1789772871.000,13,0
1789772872.693,22,2a71b73a-d9dc-40eb-b927-39eba1e03ae3,1789772871.000,9,0
1789772872.859,3,c0350b66-0ff3-4ee6-bc0a-9212d8595de7,1789772868.000,20,0
1789772872.859,8,c0350b66-0ff3-4ee6-bc0a-9212d8595de7,,20,0
1789772872.859,3,28014a3b-9cdc-4b36-8bfa-4f524927b408,1789772869.000,12,0
1789772872.859,3,7147d2d7-e45c-4e3b-932e-a3f7c489d032,1789772871.000,13,0
1789772872.859,3,2a71b73a-d9dc-40eb-b927-39eba1e03ae3,1789772871.000,9,0
1789772872.859,8,28014a3b-9cdc-4b36-8bfa-4f524927b408,1789772871.000,12,0
1789772872.859,8,b4f587e1-f03d-4b45-90a0-11f029304f9d,1789772870.000,3,0
1789772872.859,8,7147d2d7-e45c-4e3b-932e-a3f7c489d032,1789772871.000,13,0
1789772872.859,8,2a71b73a-d9dc-40eb-b927-39eba1e03ae3,1789772871.000,9,0
1789772872.917,18,c0350b66-0ff3-4ee6-bc0a-9212d8595de7,1789772868.000,20,0
1789772872.917,18,28014a3b-9cdc-4b36-8bfa-4f524927b408,1789772869.000,12,0
1789772872.917,18,b4f587e1-f03d-4b45-90a0-11f029304f9d,1789772870.000,3,0
1789772872.917,18,7147d2d7-e45c-4e3b-932e-a3f7c489d032,1789772871.000,13,0
1789772872.917,18,2a71b73a-d9dc-40eb-b927-39eba1e03ae3,1789772871.000,9,0
1789772872.917,23,c0350b66-0ff3-4ee6-bc0a-9212d8595de7,1789772868.000,20,0
1789772872.917,23,28014a3b-9cdc-4b36-8bfa-4f524927b408,1789772869.000,12,0
1789772872.917,23,b4f587e1-f03d-4b45-90a0-11f029304f9d,1789772870.000,3,0
1789772872.917,23,7147d2d7-e45c-4e3b-932e-a3f7c489d032,1789772871.000,13,0
1789772872.917,23,2a71b73a-d9dc-40eb-b927-39eba1e03ae3,1789772871.000,9,0
1789772873.069,9,c0350b66-0ff3-4ee6-bc0a-9212d8595de7,1789772868.000,20,0
1789772873.069,9,28014a3b-9cdc-4b36-8bfa-4f524927b408,1789772869.000,12,0
1789772873.069,9,b4f587e1-f03d-4b45-90a0-11f029304f9d,1789772870.000,3,0
1789772873.069,9,7147d2d7-e45c-4e3b-932e-a3f7c489d032,1789772871.000,13,0
1789772873.095,24,c0350b66-0ff3-4ee6-bc0a-9212d8595de7,1789772868.000,20,0
1789772873.095,24,28014a3b-9cdc-4b36-8bfa-4f524927b408,1789772869.000,12,0
1789772873.095,24,b4f587e1-f03d-4b45-90a0-11f029304f9d,1789772870.000,3,0
1789772873.095,24,7147d2d7-e45c-4e3b-932e-a3f7c489d032,1789772871.000,13,0
1789772873.095,24,2a71b73a-d9dc-40eb-b927-39eba1e03ae3,1789772871.000,9,0
1789772873.256,10,c0350b66-0ff3-4ee6-bc0a-9212d8595de7,1789772868.000,20,0
1789772873.256,10,28014a3b-9cdc-4b36-8bfa-4f524927b408,1789772869.000,12,0
1789772873.256,10,b4f587e1-f03d-4b45-90a0-11f029304f9d,1789772870.000,3,0
1789772873.256,10,7147d2d7-e45c-4e3b-932e-a3f7c489d032,1789772871.000,13,0
1789772873.256,10,2a71b73a-d9dc-40eb-b927-39eba1e03ae3,1789772871.000,9,0
1789772873.469,11,c0350b66-0ff3-4ee6-bc0a-9212d8595de7,1789772868.000,20,0
1789772873.469,11,28014a3b-9cdc-4b36-8bfa-4f524927b408,1789772869.000,12,0
1789772873.469,11,b4f587e1-f03d-4b45-90a0-11f029304f9d,1789772870.000,3,0
1789772873.469,11,7147d2d7-e45c-4e3b-932e-a3f7c489d032,1789772871.000,13,0
1789772873.469,11,2a71b73a-d9dc-40eb-b927-39eba1e03ae3,1789772871.000,9,0
1789772873.658,12,c0350b66-0ff3-4ee6-bc0a-9212d8595de7,1789772868.000,20,0
1789772873.658,12,b4f587e1-f03d-4b45-90a0-11f029304f9d,1789772870.000,3,0
1789772873.658,12,7147d2d7-e45c-4e3b-932e-a3f7c489d032,1789772871.000,13,0
1789772873.658,12,2a71b73a-d9dc-40eb-b927-39eba1e03ae3,1789772871.000,9,0
1789772873.881,13,c0350b66-0ff3-4ee6-bc0a-9212d8595de7,1789772868.000,20,0
1789772873.881,13,28014a3b-9cdc-4b36-8bfa-4f524927b408,1789772869.000,12,0
1789772873.881,13,b4f587e1-f03d-4b45-90a0-11f029304f9d,1789772870.000,3,0
1789772873.881,13,2a71b73a-d9dc-40eb-b927-39eba1e03ae3,1789772871.000,9,0
1789772874.096,14,c0350b66-0ff3-4ee6-bc0a-9212d8595de7,1789772868.000,20,0
1789772874.096,14,28014a3b-9cdc-4b36-8bfa-4f524927b408,1789772869.000,12,0
1789772874.096,14,b4f587e1-f03d-4b45-90a0-11f029304f9d,1789772870.000,3,0
1789772874.096,14,7147d2d7-e45c-4e3b-932e-a3f7c489d032,1789772871.000,13,0
1789772874.096,14,2a71b73a-d9dc-40eb-b927-39eba1e03ae3,1789772871.000,9,0
1789772874.661,2,7147d2d7-e45c-4e3b-932e-a3f7c489d032,1789772871.000,13,1
1789772874.661,2,2a71b73a-d9dc-40eb-b927-39eba1e03ae3,1789772871.000,9,1
1789772874.661,2,af6e180a-3d3b-4cdb-8249-bb73b4c58eeb,1789772872.000,14,0
1789772874.661,2,5740e4c3-75e9-452b-82a3-4f8fd058d431,1789772873.000,18,0
1789772874.661,2,264935d6-5ba8-4e79-bf7c-ffc7b2075f28,1789772873.000,7,0
1789772874.661,2,78e26aad-ee2b-4ba0-a298-5b3ebe72cde6,1789772873.000,1,0
1789772874.701,17,7147d2d7-e45c-4e3b-932e-a3f7c489d032,1789772871.000,13,1
1789772874.701,17,2a71b73a-d9dc-40eb-b927-39eba1e03ae3,1789772871.000,9,1
1789772874.701,17,af6e180a-3d3b-4cdb-8249-bb73b4c58eeb,1789772872.000,14,0
1789772874.701,17,5740e4c3-75e9-452b-82a3-4f8fd058d431,1789772873.000,18,0
1789772874.701,17,264935d6-5ba8-4e79-bf7c-ffc7b2075f28,1789772873.000,7,0
1789772874.701,17,78e26aad-ee2b-4ba0-a298-5b3ebe72cde6,1789772873.000,1,0
1789772874.869,3,7147d2d7-e45c-4e3b-932e-a3f7c489d032,1789772871.000,13,1
1789772874.869,3,2a71b73a-d9dc-40eb-b927-39eba1e03ae3,1789772871.000,9,1
1789772874.869,3,af6e180a-3d3b-4cdb-8249-bb73b4c58eeb,1789772872.000,14,0
1789772874.869,3,5740e4c3-75e9-452b-82a3-4f8fd058d431,1789772873.000,18,0
1789772874.869,3,264935d6-5ba8-4e79-bf7c-ffc7b2075f28,1789772873.000,7,0
1789772874.869,3,78e26aad-ee2b-4ba0-a298-5b3ebe72cde6,1789772873.000,1,0
1789772874.923,18,7147d2d7-e45c-4e3b-932e-a3f7c489d032,1789772871.000,13,1
1789772874.923,18,2a71b73a-d9dc-40eb-b927-39eba1e03ae3,1789772871.000,9,1
1789772874.923,18,af6e180a-3d3b-4cdb-8249-bb73b4c58eeb,1789772872.000,14,0
1789772874.923,18,264935d6-5ba8-4e79-bf7c-ffc7b2075f28,1789772873.000,7,0
1789772874.923,18,78e26aad-ee2b-4ba0-a298-5b3ebe72cde6,1789772873.000,1,0
1789772875.078,4,7147d2d7-e45c-4e3b-932e-a3f7c489d032,1789772871.000,13,1
1789772875.078,4,2a71b73a-d9dc-40eb-b927-39eba1e03ae3,1789772871.000,9,1
1789772875.078,4,af6e180a-3d3b-4cdb-8249-bb73b4c58eeb,1789772872.000,14,0
1789772875.078,4,5740e4c3-75e9-452b-82a3-4f8fd058d431,1789772873.000,18,0
1789772875.078,4,264935d6-5ba8-4e79-bf7c-ffc7b2075f28,1789772873.000,7,0
1789772875.078,4,78e26aad-ee2b-4ba0-a298-5b3ebe72cde6,1789772873.000,1,0
1789772875.098,19,7147d2d7-e45c-4e3b-932e-a3f7c489d032,1789772871.000,13,1
1789772875.098,19,2a71b73a-d9dc-40eb-b927-39eba1e03ae3,1789772871.000,9,1
1789772875.098,19,af6e180a-3d3b-4cdb-8249-bb73b4c58eeb,1789772872.000,14,0
1789772875.098,19,5740e4c3-75e9-452b-82a3-4f8fd058d431,1789772873.000,18,0
1789772875.098,19,264935d6-5ba8-4e79-bf7c-ffc7b2075f28,1789772873.000,7,0
1789772875.098,19,78e26aad-ee2b-4ba0-a298-5b3ebe72cde6,1789772873.000,1,0
1789772875.263,5,7147d2d7-e45c-4e3b-932e-a3f7c489d032,1789772871.000,13,1
1789772875.264,15,7147d2d7-e45c-4e3b-932e-a3f7c489d032,1789772871.000,13,1
1789772875.263,5,2a71b73a-d9dc-40eb-b927-39eba1e03ae3,1789772871.000,9,1
1789772875.264,15,2a71b73a-d9dc-40eb-b927-39eba1e03ae3,1789772871.000,9,1
1789772875.264,15,af6e180a-3d3b-4cdb-8249-bb73b4c58eeb,1789772872.000,14,0
1789772875.264,15,5740e4c3-75e9-452b-82a3-4f8fd058d431,1789772873.000,18,0
1789772875.263,5,af6e180a-3d3b-4cdb-8249-bb73b4c58eeb,1789772872.000,14,0
1789772875.263,5,5740e4c3-75e9-452b-82a3-4f8fd058d431,1789772873.000,18,0
1789772875.263,5,264935d6-5ba8-4e79-bf7c-ffc7b2075f28,1789772873.000,7,0
1789772875.263,5,78e26aad-ee2b-4ba0-a298-5b3ebe72cde6,1789772873.000,1,0
1789772875.264,15,264935d6-5ba8-4e79-bf7c-ffc7b2075f28,1789772873.000,7,0
1789772875.264,15,78e26aad-ee2b-4ba0-a298-5b3ebe72cde6,1789772873.000,1,0
1789772875.263,0,7147d2d7-e45c-4e3b-932e-a3f7c489d032,1789772871.000,13,1
1789772875.263,0,2a71b73a-d9dc-40eb-b927-39eba1e03ae3,1789772871.000,9,1
1789772875.263,0,af6e180a-3d3b-4cdb-8249-bb73b4c58eeb,1789772872.000,14,0
1789772875.263,0,5740e4c3-75e9-452b-82a3-4f8fd058d431,1789772873.000,18,0
1789772875.263,0,264935d6-5ba8-4e79-bf7c-ffc7b2075f28,1789772873.000,7,0
1789772875.263,0,78e26aad-ee2b-4ba0-a298-5b3ebe72cde6,1789772873.000,1,0
1789772875.366,20,7147d2d7-e45c-4e3b-932e-a3f7c489d032,1789772871.000,13,1
1789772875.366,20,2a71b73a-d9dc-40eb-b927-39eba1e03ae3,1789772871.000,9,1
1789772875.366,20,af6e180a-3d3b-4cdb-8249-bb73b4c58eeb,1789772872.000,14,0
1789772875.366,20,5740e4c3-75e9-452b-82a3-4f8fd058d431,1789772873.000,18,0
1789772875.366,20,264935d6-5ba8-4e79-bf7c-ffc7b2075f28,1789772873.000,7,0
1789772875.366,20,78e26aad-ee2b-4ba0-a298-5b3ebe72cde6,1789772873.000,1,0
1789772875.366,1,7147d2d7-e45c-4e3b-932e-a3f7c489d032,1789772871.000,13,1
1789772875.366,6,7147d2d7-e45c-4e3b-932e-a3f7c489d032,1789772871.000,13,1
1789772875.366,1,2a71b73a-d9dc-40eb-b927-39eba1e03ae3,1789772871.000,9,1
1789772875.366,6,2a71b73a-d9dc-40eb-b927-39eba1e03ae3,1789772871.000,9,1
1789772875.366,1,af6e180a-3d3b-4cdb-8249-bb73b4c58eeb,1789772872.000,14,0
1789772875.366,6,af6e180a-3d3b-4cdb-8249-bb73b4c58eeb,1789772872.000,14,0
1789772875.366,1,5740e4c3-75e9-452b-82a3-4f8fd058d431,1789772873.000,18,0
1789772875.366,6,5740e4c3-75e9-452b-82a3-4f8fd058d431,1789772873.000,18,0
1789772875.366,1,264935d6-5ba8-4e79-bf7c-ffc7b2075f28,1789772873.000,7,0
1789772875.366,6,264935d6-5ba8-4e79-bf7c-ffc7b2075f28,1789772873.000,7,0
1789772875.366,6,78e26aad-ee2b-4ba0-a298-5b3ebe72cde6,1789772873.000,1,0
1789772875.470,16,7147d2d7-e45c-4e3b-932e-a3f7c489d032,1789772871.000,13,1
1789772875.470,16,2a71b73a-d9dc-40eb-b927-39eba1e03ae3,1789772871.000,9,1
1789772875.470,21,7147d2d7-e45c-4e3b-932e-a3f7c489d032,,13,1
1789772875.470,16,af6e180a-3d3b-4cdb-8249-bb73b4c58eeb,1789772872.000,14,0
1789772875.470,21,2a71b73a-d9dc-40eb-b927-39eba1e03ae3,1789772871.000,9,1
1789772875.470,16,5740e4c3-75e9-452b-82a3-4f8fd058d431,1789772873.000,18,0
1789772875.470,21,af6e180a-3d3b-4cdb-8249-bb73b4c58eeb,1789772872.000,14,0
1789772875.470,16,264935d6-5ba8-4e79-bf7c-ffc7b2075f28,1789772873.000,7,0
1789772875.470,21,5740e4c3-75e9-452b-82a3-4f8fd058d431,2005880873.000,18,0
1789772875.470,21,264935d6-5ba8-4e79-bf7c-ffc7b2075f28,1789772873.000,7,0
1789772875.470,16,78e26aad-ee2b-4ba0-a298-5b3ebe72cde6,1789772873.000,1,0
1789772875.470,21,78e26aad-ee2b-4ba0-a298-5b3ebe72cde6,1789772873.000,1,0
1789772875.664,7,7147d2d7-e45c-4e3b-932e-a3f7c489d032,1789772871.000,13,1
1789772875.664,7,2a71b73a-d9dc-40eb-b927-39eba1e03ae3,1789772871.000,9,1
1789772875.664,7,af6e180a-3d3b-4cdb-8249-bb73b4c58eeb,1789772872.000,14,0
1789772875.664,7,5740e4c3-75e9-452b-82a3-4f8fd058d431,1789772873.000,18,0
1789772875.664,7,78e26aad-ee2b-4ba0-a298-5b3ebe72cde6,1789772873.000,1,0
1789772875.702,22,7147d2d7-e45c-4e3b-932e-a3f7c489d032,1789772871.000,13,1
1789772875.702,22,2a71b73a-d9dc-40eb-b927-39eba1e03ae3,1789772871.000,9,1
1789772875.702,22,af6e180a-3d3b-4cdb-8249-bb73b4c58eeb,1789772872.000,14,0
1789772875.702,22,5740e4c3-75e9-452b-82a3-4f8fd058d431,1789772873.000,18,0
1789772875.702,22,264935d6-5ba8-4e79-bf7c-ffc7b2075f28,1789772873.000,7,0
1789772875.702,22,78e26aad-ee2b-4ba0-a298-5b3ebe72cde6,1789772873.000,1,0
1789772875.872,8,7147d2d7-e45c-4e3b-932e-a3f7c489d032,1789772871.000,13,1
1789772875.872,8,2a71b73a-d9dc-40eb-b927-39eba1e03ae3,1789772871.000,9,1
1789772875.872,8,af6e180a-3d3b-4cdb-8249-bb73b4c58eeb,1789772872.000,14,0
1789772875.872,8,5740e4c3-75e9-452b-82a3-4f8fd058d431,1789772873.000,18,0
1789772875.872,8,264935d6-5ba8-4e79-bf7c-ffc7b2075f28,1789772873.000,7,0
1789772875.872,8,78e26aad-ee2b-4ba0-a298-5b3ebe72cde6,1789772873.000,1,0
1789772875.927,23,7147d2d7-e45c-4e3b-932e-a3f7c489d032,1789772871.000,13,1
1789772875.927,23,2a71b73a-d9dc-40eb-b927-39eba1e03ae3,1789772871.000,9,1
1789772875.927,23,af6e180a-3d3b-4cdb-8249-bb73b4c58eeb,1789772872.000,14,0
1789772875.927,23,5740e4c3-75e9-452b-82a3-4f8fd058d431,1789772873.000,18,0
1789772875.927,23,264935d6-5ba8-4e79-bf7c-ffc7b2075f28,1789772873.000,7,0
1789772875.927,23,78e26aad-ee2b-4ba0-a298-5b3ebe72cde6,1789772873.000,1,0
1789772876.083,9,7147d2d7-e45c-4e3b-932e-a3f7c489d032,1789772871.000,13,1
1789772876.083,9,af6e180a-3d3b-4cdb-8249-bb73b4c58eeb,1789772872.000,14,0
1789772876.083,9,5740e4c3-75e9-452b-82a3-4f8fd058d431,1789772873.000,18,0
1789772876.083,9,264935d6-5ba8-4e79-bf7c-ffc7b2075f28,1789772873.000,7,0
1789772876.083,9,78e26aad-ee2b-4ba0-a298-5b3ebe72cde6,1789772873.000,1,0
1789772876.107,24,7147d2d7-e45c-4e3b-932e-a3f7c489d032,1789772871.000,13,1
1789772876.107,24,2a71b73a-d9dc-40eb-b927-39eba1e03ae3,1789772871.000,9,1
1789772876.107,24,af6e180a-3d3b-4cdb-8249-bb73b4c58eeb,1789772872.000,14,0
1789772876.107,24,5740e4c3-75e9-452b-82a3-4f8fd058d431,1789772873.000,18,0
1789772876.107,24,264935d6-5ba8-4e79-bf7c-ffc7b2075f28,1789772873.000,7,0
1789772876.107,24,78e26aad-ee2b-4ba0-a298-5b3ebe72cde6,1789772873.000,1,0
1789772876.264,10,7147d2d7-e45c-4e3b-932e-a3f7c489d032,1789772871.000,13,1
1789772876.264,10,2a71b73a-d9dc-40eb-b927-39eba1e03ae3,1789772871.000,9,1
1789772876.264,10,af6e180a-3d3b-4cdb-8249-bb73b4c58eeb,1789772872.000,14,0
1789772876.264,10,5740e4c3-75e9-452b-82a3-4f8fd058d431,1789772873.000,18,0
1789772876.264,10,264935d6-5ba8-4e79-bf7c-ffc7b2075f28,1789772873.000,7,0
1789772876.264,10,78e26aad-ee2b-4ba0-a298-5b3ebe72cde6,1789772873.000,1,0
1789772876.472,11,7147d2d7-e45c-4e3b-932e-a3f7c489d032,1789772871.000,13,1
1789772876.472,11,2a71b73a-d9dc-40eb-b927-39eba1e03ae3,1789772871.000,9,1
1789772876.472,11,af6e180a-3d3b-4cdb-8249-bb73b4c58eeb,1789772872.000,14,0
1789772876.472,11,5740e4c3-75e9-452b-82a3-4f8fd058d431,1789772873.000,18,0
1789772876.472,11,264935d6-5ba8-4e79-bf7c-ffc7b2075f28,1789772873.000,7,0
1789772876.472,11,78e26aad-ee2b-4ba0-a298-5b3ebe72cde6,1789772873.000,1,0
1789772876.666,12,7147d2d7-e45c-4e3b-932e-a3f7c489d032,1789772871.000,13,1
1789772876.666,12,2a71b73a-d9dc-40eb-b927-39eba1e03ae3,1789772871.000,9,1
1789772876.666,12,af6e180a-3d3b-4cdb-8249-bb73b4c58eeb,1789772872.000,14,0
1789772876.666,12,5740e4c3-75e9-452b-82a3-4f8fd058d431,1789772873.000,18,0
1789772876.666,12,264935d6-5ba8-4e79-bf7c-ffc7b2075f28,1789772873.000,7,0
1789772876.666,12,78e26aad-ee2b-4ba0-a298-5b3ebe72cde6,1789772873.000,1,0
1789772876.885,13,2a71b73a-d9dc-40eb-b927-39eba1e03ae3,1789772871.000,9,1
1789772876.885,13,af6e180a-3d3b-4cdb-8249-bb73b4c58eeb,1789772872.000,14,0
1789772876.885,13,5740e4c3-75e9-452b-82a3-4f8fd058d431,1789772873.000,18,0
1789772876.885,13,264935d6-5ba8-4e79-bf7c-ffc7b2075f28,1789772873.000,7,0
1789772876.885,13,78e26aad-ee2b-4ba0-a298-5b3ebe72cde6,1789772873.000,1,0
1789772877.110,14,7147d2d7-e45c-4e3b-932e-a3f7c489d032,1789772871.000,13,1
1789772877.110,14,2a71b73a-d9dc-40eb-b927-39eba1e03ae3,1789772871.000,9,1
1789772877.110,14,5740e4c3-75e9-452b-82a3-4f8fd058d431,1789772873.000,18,0
1789772877.110,14,264935d6-5ba8-4e79-bf7c-ffc7b2075f28,1789772873.000,7,0
1789772877.110,14,78e26aad-ee2b-4ba0-a298-5b3ebe72cde6,1789772873.000,1,0
1789772877.667,2,6d637e1f-ce12-48d9-bd1e-d3a8f7a3123b,1789772876.000,24,0
1789772877.667,2,26cf6878-2dd9-4744-b0c6-5de7641d916c,1789772877.000,5,0
1789772877.707,17,6d637e1f-ce12-48d9-bd1e-d3a8f7a3123b,1789772876.000,24,0
1789772877.707,17,26cf6878-2dd9-4744-b0c6-5de7641d916c,1789772877.000,5,0
1789772877.880,3,6d637e1f-ce12-48d9-bd1e-d3a8f7a3123b,1789772876.000,24,0
1789772877.880,3,26cf6878-2dd9-4744-b0c6-5de7641d916c,1789772877.000,5,0
1789772877.929,18,6d637e1f-ce12-48d9-bd1e-d3a8f7a3123b,1789772876.000,24,0
1789772877.929,18,26cf6878-2dd9-4744-b0c6-5de7641d916c,1789772877.000,5,0
1789772878.086,4,6d637e1f-ce12-48d9-bd1e-d3a8f7a3123b,1789772876.000,24,0
1789772878.086,4,26cf6878-2dd9-4744-b0c6-5de7641d916c,1789772877.000,5,0
1789772878.110,19,6d637e1f-ce12-48d9-bd1e-d3a8f7a3123b,1789772876.000,24,0
1789772878.110,19,26cf6878-2dd9-4744-b0c6-5de7641d916c,1789772877.000,5,0
1789772878.273,5,6d637e1f-ce12-48d9-bd1e-d3a8f7a3123b,1789772876.000,24,0
1789772878.273,15,6d637e1f-ce12-48d9-bd1e-d3a8f7a3123b,1789772876.000,24,0
1789772878.273,15,26cf6878-2dd9-4744-b0c6-5de7641d916c,1789772877.000,5,0
1789772878.273,0,6d637e1f-ce12-48d9-bd1e-d3a8f7a3123b,1789772876.000,24,0
1789772878.273,0,26cf6878-2dd9-4744-b0c6-5de7641d916c,1789772877.000,5,0
1789772878.372,20,6d637e1f-ce12-48d9-bd1e-d3a8f7a3123b,1789772876.000,24,0
1789772878.372,1,6d637e1f-ce12-48d9-bd1e-d3a8f7a3123b,1789772838.000,24,0
1789772878.372,6,6d637e1f-ce12-48d9-bd1e-d3a8f7a3123b,1789772876.000,24,0
1789772878.372,1,26cf6878-2dd9-4744-b0c6-5de7641d916c,1789772877.000,5,0
1789772878.372,6,26cf6878-2dd9-4744-b0c6-5de7641d916c,1789772877.000,5,0
1789772878.372,20,26cf6878-2dd9-4744-b0c6-5de7641d916c,,5,0
1789772878.475,21,6d637e1f-ce12-48d9-bd1e-d3a8f7a3123b,1789772876.000,24,0
1789772878.475,21,26cf6878-2dd9-4744-b0c6-5de7641d916c,1789772877.000,5,0
1789772878.475,16,6d637e1f-ce12-48d9-bd1e-d3a8f7a3123b,1789772877.000,24,0
1789772878.475,16,26cf6878-2dd9-4744-b0c6-5de7641d916c,1789772877.000,5,0
1789772878.669,7,6d637e1f-ce12-48d9-bd1e-d3a8f7a3123b,1789772876.000,24,0
1789772878.669,7,26cf6878-2dd9-4744-b0c6-5de7641d916c,1789772877.000,5,0
1789772878.710,22,6d637e1f-ce12-48d9-bd1e-d3a8f7a3123b,1789772876.000,24,0
1789772878.710,22,26cf6878-2dd9-4744-b0c6-5de7641d916c,1789772877.000,5,0
1789772878.883,8,6d637e1f-ce12-48d9-bd1e-d3a8f7a3123b,1789772876.000,24,0
1789772878.883,8,26cf6878-2dd9-4744-b0c6-5de7641d916c,1789772877.000,5,0
1789772878.933,23,6d637e1f-ce12-48d9-bd1e-d3a8f7a3123b,1789772876.000,24,0
1789772878.933,23,26cf6878-2dd9-4744-b0c6-5de7641d916c,1789772877.000,5,0
1789772879.087,9,6d637e1f-ce12-48d9-bd1e-d3a8f7a3123b,1789772876.000,24,0
1789772879.087,9,26cf6878-2dd9-4744-b0c6-5de7641d916c,1789772877.000,5,0
1789772879.112,24,26cf6878-2dd9-4744-b0c6-5de7641d916c,1789772877.000,5,0
1789772879.278,10,6d637e1f-ce12-48d9-bd1e-d3a8f7a3123b,1789772876.000,24,0
1789772879.278,10,26cf6878-2dd9-4744-b0c6-5de7641d916c,1789772877.000,5,0
1789772879.476,11,6d637e1f-ce12-48d9-bd1e-d3a8f7a3123b,1789772876.000,24,0
1789772879.476,11,26cf6878-2dd9-4744-b0c6-5de7641d916c,1789772877.000,5,0
1789772879.672,12,6d637e1f-ce12-48d9-bd1e-d3a8f7a3123b,1789772876.000,24,0
1789772879.672,12,26cf6878-2dd9-4744-b0c6-5de7641d916c,1789772877.000,5,0
1789772879.891,13,6d637e1f-ce12-48d9-bd1e-d3a8f7a3123b,1789772876.000,24,0
1789772879.891,13,26cf6878-2dd9-4744-b0c6-5de7641d916c,1789772877.000,5,0
1789772880.115,14,6d637e1f-ce12-48d9-bd1e-d3a8f7a3123b,1789772876.000,24,0
1789772880.115,14,26cf6878-2dd9-4744-b0c6-5de7641d916c,1789772877.000,5,0
1789772880.675,2,26cf6878-2dd9-4744-b0c6-5de7641d916c,1789772877.000,5,1
1789772880.718,17,26cf6878-2dd9-4744-b0c6-5de7641d916c,1789772877.000,5,1
1789772880.887,3,26cf6878-2dd9-4744-b0c6-5de7641d916c,1789772877.000,5,1
1789772880.939,18,26cf6878-2dd9-4744-b0c6-5de7641d916c,1789772877.000,5,1
1789772881.091,4,26cf6878-2dd9-4744-b0c6-5de7641d916c,1789772877.000,5,1
1789772881.116,19,26cf6878-2dd9-4744-b0c6-5de7641d916c,1789772877.000,5,1
1789772881.282,0,26cf6878-2dd9-4744-b0c6-5de7641d916c,1789772877.000,5,1
1789772881.282,15,26cf6878-2dd9-4744-b0c6-5de7641d916c,1789772877.000,5,1
1789772881.381,1,26cf6878-2dd9-4744-b0c6-5de7641d916c,1789772877.000,5,1
1789772881.381,20,26cf6878-2dd9-4744-b0c6-5de7641d916c,1789772877.000,5,1
1789772881.381,6,26cf6878-2dd9-4744-b0c6-5de7641d916c,1789772877.000,5,1
1789772881.479,16,26cf6878-2dd9-4744-b0c6-5de7641d916c,222688393638.000,5,1
1789772881.479,21,26cf6878-2dd9-4744-b0c6-5de7641d916c,,5,1
1789772881.680,7,26cf6878-2dd9-4744-b0c6-5de7641d916c,1789772877.000,5,1
1789772881.722,22,26cf6878-2dd9-4744-b0c6-5de7641d916c,1789772877.000,5,1
1789772881.888,8,26cf6878-2dd9-4744-b0c6-5de7641d916c,1789772877.000,5,1
1789772881.939,23,26cf6878-2dd9-4744-b0c6-5de7641d916c,1789772877.000,5,1
1789772882.092,9,26cf6878-2dd9-4744-b0c6-5de7641d916c,1789772877.000,5,1
1789772882.121,24,26cf6878-2dd9-4744-b0c6-5de7641d916c,1789772877.000,5,1
1789772882.285,10,26cf6878-2dd9-4744-b0c6-5de7641d916c,1789772877.000,5,1
1789772882.480,11,26cf6878-2dd9-4744-b0c6-5de7641d916c,1789772877.000,5,1
1789772882.683,12,26cf6878-2dd9-4744-b0c6-5de7641d916c,1789772877.000,5,1
1789772882.894,13,26cf6878-2dd9-4744-b0c6-5de7641d916c,1789772877.000,5,1
1789772883.131,14,26cf6878-2dd9-4744-b0c6-5de7641d916c,1789772877.000,5,1
1789772883.688,2,d04ca1f7-b84d-4d2d-b40b-808005eaef6e,1789772880.000,22,0
1789772883.688,2,160f0bbe-22ce-4d8c-bbfd-511f193ea1e4,1789772881.000,15,0
1789772883.688,2,812c24f3-fd92-474c-b594-9af473f7e71b,1789772882.000,4,0
1789772883.688,2,d364654a-68ca-4e24-b338-f81cc5c16eb1,1789772883.000,21,0
1789772883.726,17,d04ca1f7-b84d-4d2d-b40b-808005eaef6e,1789772880.000,22,0
1789772883.726,17,160f0bbe-22ce-4d8c-bbfd-511f193ea1e4,1789772881.000,15,0
1789772883.726,17,812c24f3-fd92-474c-b594-9af473f7e71b,1789772882.000,4,0
1789772883.726,17,d364654a-68ca-4e24-b338-f81cc5c16eb1,1789772883.000,21,0
1789772883.894,3,d04ca1f7-b84d-4d2d-b40b-808005eaef6e,1789772880.000,22,0
1789772883.894,3,160f0bbe-22ce-4d8c-bbfd-511f193ea1e4,1789772881.000,15,0
1789772883.894,3,812c24f3-fd92-474c-b594-9af473f7e71b,1789772882.000,4,0
1789772883.894,3,d364654a-68ca-4e24-b338-f81cc5c16eb1,1789772883.000,21,0
1789772883.942,18,d04ca1f7-b84d-4d2d-b40b-808005eaef6e,1789772880.000,22,0
1789772883.942,18,160f0bbe-22ce-4d8c-bbfd-511f193ea1e4,1789772881.000,15,0
1789772883.942,18,812c24f3-fd92-474c-b594-9af473f7e71b,1789772882.000,4,0
1789772883.942,18,d364654a-68ca-4e24-b338-f81cc5c16eb1,1789772883.000,21,0
1789772884.094,4,d04ca1f7-b84d-4d2d-b40b-808005eaef6e,1789772880.000,22,0
1789772884.094,4,160f0bbe-22ce-4d8c-bbfd-511f193ea1e4,1789772881.000,15,0
1789772884.094,4,d364654a-68ca-4e24-b338-f81cc5c16eb1,1789772883.000,21,0
1789772884.129,19,d04ca1f7-b84d-4d2d-b40b-808005eaef6e,1789772880.000,22,0
1789772884.129,19,160f0bbe-22ce-4d8c-bbfd-511f193ea1e4,1789772881.000,15,0
1789772884.129,19,812c24f3-fd92-474c-b594-9af473f7e71b,1789772882.000,4,0
1789772884.129,19,d364654a-68ca-4e24-b338-f81cc5c16eb1,1789772883.000,21,0
1789772884.288,5,d04ca1f7-b84d-4d2d-b40b-808005eaef6e,1789772880.000,22,0
1789772884.288,5,160f0bbe-22ce-4d8c-bbfd-511f193ea1e4,1789772881.000,15,0
1789772884.288,5,812c24f3-fd92-474c-b594-9af473f7e71b,1789772882.000,4,0
1789772884.288,5,d364654a-68ca-4e24-b338-f81cc5c16eb1,1789772883.000,21,0
1789772884.288,0,d04ca1f7-b84d-4d2d-b40b-808005eaef6e,1789772880.000,22,0
1789772884.288,0,160f0bbe-22ce-4d8c-bbfd-511f193ea1e4,1789772881.000,15,0
1789772884.288,0,812c24f3-fd92-474c-b594-9af473f7e71b,1789772882.000,4,0
1789772884.288,0,d364654a-68ca-4e24-b338-f81cc5c16eb1,1789772883.000,21,0
1789772884.288,15,d04ca1f7-b84d-4d2d-b40b-808005eaef6e,1789772880.000,22,0
1789772884.288,15,812c24f3-fd92-474c-b594-9af473f7e71b,1789772882.000,4,0
1789772884.288,15,d364654a-68ca-4e24-b338-f81cc5c16eb1,1789772883.000,21,0
1789772884.390,6,d04ca1f7-b84d-4d2d-b40b-808005eaef6e,1789772880.000,22,0
1789772884.390,6,160f0bbe-22ce-4d8c-bbfd-511f193ea1e4,1789772881.000,15,0
1789772884.390,1,d04ca1f7-b84d-4d2d-b40b-808005eaef6e,,22,0
1789772884.390,6,812c24f3-fd92-474c-b594-9af473f7e71b,1789772882.000,4,0
1789772884.390,6,d364654a-68ca-4e24-b338-f81cc5c16eb1,1789772883.000,21,0
1789772884.390,20,d04ca1f7-b84d-4d2d-b40b-808005eaef6e,1789772880.000,22,0
1789772884.390,1,160f0bbe-22ce-4d8c-bbfd-511f193ea1e4,1789772881.000,15,0
1789772884.390,1,812c24f3-fd92-474c-b594-9af473f7e71b,1789772882.000,4,0
1789772884.390,20,160f0bbe-22ce-4d8c-bbfd-511f193ea1e4,1789772882.000,15,0
1789772884.390,20,812c24f3-fd92-474c-b594-9af473f7e71b,1789772882.000,4,0
1789772884.390,20,d364654a-68ca-4e24-b338-f81cc5c16eb1,1789772883.000,21,0
1789772884.390,1,d364654a-68ca-4e24-b338-f81cc5c16eb1,1789772883.000,21,0
1789772884.484,16,d04ca1f7-b84d-4d2d-b40b-808005eaef6e,1789772880.000,22,0
1789772884.484,16,160f0bbe-22ce-4d8c-bbfd-511f193ea1e4,1789772881.000,15,0
1789772884.484,16,812c24f3-fd92-474c-b594-9af473f7e71b,1789772882.000,4,0
1789772884.484,16,d364654a-68ca-4e24-b338-f81cc5c16eb1,1789772883.000,21,0
1789772884.484,21,d04ca1f7-b84d-4d2d-b40b-808005eaef6e,1789772880.000,22,0
1789772884.484,21,160f0bbe-22ce-4d8c-bbfd-511f193ea1e4,1789772881.000,15,0
1789772884.484,21,812c24f3-fd92-474c-b594-9af473f7e71b,1789772882.000,4,0
1789772884.690,7,d04ca1f7-b84d-4d2d-b40b-808005eaef6e,1789772880.000,22,0
1789772884.690,7,160f0bbe-22ce-4d8c-bbfd-511f193ea1e4,1789772881.000,15,0
1789772884.690,7,812c24f3-fd92-474c-b594-9af473f7e71b,1789772882.000,4,0
1789772884.690,7,d364654a-68ca-4e24-b338-f81cc5c16eb1,1789772883.000,21,0
1789772884.730,22,160f0bbe-22ce-4d8c-bbfd-511f193ea1e4,1789772881.000,15,0
1789772884.730,22,812c24f3-fd92-474c-b594-9af473f7e71b,1789772882.000,4,0
1789772884.730,22,d364654a-68ca-4e24-b338-f81cc5c16eb1,1789772883.000,21,0
1789772884.894,8,d04ca1f7-b84d-4d2d-b40b-808005eaef6e,1789772880.000,22,0
1789772884.894,8,160f0bbe-22ce-4d8c-bbfd-511f193ea1e4,1789772881.000,15,0
1789772884.894,8,812c24f3-fd92-474c-b594-9af473f7e71b,1789772882.000,4,0
1789772884.894,8,d364654a-68ca-4e24-b338-f81cc5c16eb1,1789772883.000,21,0
1789772884.943,23,d04ca1f7-b84d-4d2d-b40b-808005eaef6e,1789772880.000,22,0
1789772884.943,23,160f0bbe-22ce-4d8c-bbfd-511f193ea1e4,1789772881.000,15,0
1789772884.943,23,812c24f3-fd92-474c-b594-9af473f7e71b,1789772882.000,4,0
1789772884.943,23,d364654a-68ca-4e24-b338-f81cc5c16eb1,1789772883.000,21,0
1789772885.094,9,d04ca1f7-b84d-4d2d-b40b-808005eaef6e,1789772880.000,22,0
1789772885.094,9,160f0bbe-22ce-4d8c-bbfd-511f193ea1e4,1789772881.000,15,0
1789772885.094,9,812c24f3-fd92-474c-b594-9af473f7e71b,1789772882.000,4,0
1789772885.094,9,d364654a-68ca-4e24-b338-f81cc5c16eb1,1789772883.000,21,0
1789772885.131,24,d04ca1f7-b84d-4d2d-b40b-808005eaef6e,1789772880.000,22,0
1789772885.131,24,160f0bbe-22ce-4d8c-bbfd-511f193ea1e4,1789772881.000,15,0
1789772885.131,24,812c24f3-fd92-474c-b594-9af473f7e71b,1789772882.000,4,0
1789772885.131,24,d364654a-68ca-4e24-b338-f81cc5c16eb1,1789772883.000,21,0
1789772885.289,10,d04ca1f7-b84d-4d2d-b40b-808005eaef6e,1789772880.000,22,0
1789772885.289,10,160f0bbe-22ce-4d8c-bbfd-511f193ea1e4,1789772881.000,15,0
1789772885.289,10,812c24f3-fd92-474c-b594-9af473f7e71b,1789772882.000,4,0
1789772885.289,10,d364654a-68ca-4e24-b338-f81cc5c16eb1,1789772883.000,21,0
1789772885.488,11,d04ca1f7-b84d-4d2d-b40b-808005eaef6e,1789772880.000,22,0
1789772885.488,11,160f0bbe-22ce-4d8c-bbfd-511f193ea1e4,1789772881.000,15,0
1789772885.488,11,812c24f3-fd92-474c-b594-9af473f7e71b,1789772882.000,4,0
1789772885.488,11,d364654a-68ca-4e24-b338-f81cc5c16eb1,1789772883.000,21,0
1789772885.694,12,d04ca1f7-b84d-4d2d-b40b-808005eaef6e,1789772880.000,22,0
1789772885.694,12,160f0bbe-22ce-4d8c-bbfd-511f193ea1e4,1789772881.000,15,0
1789772885.694,12,812c24f3-fd92-474c-b594-9af473f7e71b,1789772882.000,4,0
1789772885.694,12,d364654a-68ca-4e24-b338-f81cc5c16eb1,1789772883.000,21,0
1789772885.897,13,d04ca1f7-b84d-4d2d-b40b-808005eaef6e,1789772880.000,22,0
1789772885.897,13,160f0bbe-22ce-4d8c-bbfd-511f193ea1e4,1789772881.000,15,0
1789772885.897,13,812c24f3-fd92-474c-b594-9af473f7e71b,1789772882.000,4,0
1789772885.897,13,d364654a-68ca-4e24-b338-f81cc5c16eb1,1789772883.000,21,0
1789772886.133,14,d04ca1f7-b84d-4d2d-b40b-808005eaef6e,1789772880.000,22,0
1789772886.133,14,160f0bbe-22ce-4d8c-bbfd-511f193ea1e4,1789772881.000,15,0
1789772886.133,14,812c24f3-fd92-474c-b594-9af473f7e71b,1789772882.000,4,0
1789772886.133,14,d364654a-68ca-4e24-b338-f81cc5c16eb1,1789772883.000,21,0
1789772886.696,2,d364654a-68ca-4e24-b338-f81cc5c16eb1,1789772883.000,21,1
1789772886.696,2,0538fcb6-e65f-44a7-873a-782f406fc586,1789772884.000,23,0
1789772886.738,17,d364654a-68ca-4e24-b338-f81cc5c16eb1,1789772883.000,21,1
1789772886.738,17,0538fcb6-e65f-44a7-873a-782f406fc586,1789772884.000,23,0
1789772886.902,3,d364654a-68ca-4e24-b338-f81cc5c16eb1,1789772883.000,21,1
1789772886.902,3,0538fcb6-e65f-44a7-873a-782f406fc586,1789772884.000,23,0
1789772886.946,18,d364654a-68ca-4e24-b338-f81cc5c16eb1,1789772883.000,21,1
1789772886.946,18,0538fcb6-e65f-44a7-873a-782f406fc586,1789772884.000,23,0
1789772887.097,4,d364654a-68ca-4e24-b338-f81cc5c16eb1,1789772883.000,21,1
1789772887.097,4,0538fcb6-e65f-44a7-873a-782f406fc586,1789772884.000,23,0
1789772887.136,19,d364654a-68ca-4e24-b338-f81cc5c16eb1,1789772883.000,21,1
1789772887.136,19,0538fcb6-e65f-44a7-873a-782f406fc586,1789772884.000,23,0
1789772887.296,5,d364654a-68ca-4e24-b338-f81cc5c16eb1,1789772883.000,21,1
1789772887.296,5,0538fcb6-e65f-44a7-873a-782f406fc586,1789772884.000,23,0
1789772887.296,0,d364654a-68ca-4e24-b338-f81cc5c16eb1,1789772883.000,21,1
1789772887.296,0,0538fcb6-e65f-44a7-873a-782f406fc586,1789772884.000,23,0
1789772887.296,15,d364654a-68ca-4e24-b338-f81cc5c16eb1,1789772883.000,21,1
1789772887.296,15,0538fcb6-e65f-44a7-873a-782f406fc586,1789772884.000,23,0
1789772887.400,20,d364654a-68ca-4e24-b338-f81cc5c16eb1,1789772883.000,21,1
1789772887.400,20,0538fcb6-e65f-44a7-873a-782f406fc586,1789772884.000,23,0
1789772887.400,6,d364654a-68ca-4e24-b338-f81cc5c16eb1,1789772883.000,21,1
1789772887.400,6,0538fcb6-e65f-44a7-873a-782f406fc586,1789772884.000,23,0
1789772887.400,1,d364654a-68ca-4e24-b338-f81cc5c16eb1,1789772883.000,21,1
1789772887.400,1,0538fcb6-e65f-44a7-873a-782f406fc586,1789772884.000,23,0
1789772887.490,21,0538fcb6-e65f-44a7-873a-782f406fc586,1789772889.000,23,0
1789772887.490,16,d364654a-68ca-4e24-b338-f81cc5c16eb1,,21,1
1789772887.490,16,0538fcb6-e65f-44a7-873a-782f406fc586,1789772884.000,23,0
1789772887.696,7,d364654a-68ca-4e24-b338-f81cc5c16eb1,1789772883.000,21,1
1789772887.696,7,0538fcb6-e65f-44a7-873a-782f406fc586,1789772884.000,23,0
1789772887.743,22,d364654a-68ca-4e24-b338-f81cc5c16eb1,1789772883.000,21,1
1789772887.743,22,0538fcb6-e65f-44a7-873a-782f406fc586,1789772884.000,23,0
1789772887.902,8,d364654a-68ca-4e24-b338-f81cc5c16eb1,1789772883.000,21,1
1789772887.902,8,0538fcb6-e65f-44a7-873a-782f406fc586,1789772884.000,23,0
1789772887.946,23,d364654a-68ca-4e24-b338-f81cc5c16eb1,1789772883.000,21,1
1789772888.097,9,d364654a-68ca-4e24-b338-f81cc5c16eb1,1789772883.000,21,1
1789772888.097,9,0538fcb6-e65f-44a7-873a-782f406fc586,1789772884.000,23,0
1789772888.138,24,d364654a-68ca-4e24-b338-f81cc5c16eb1,1789772883.000,21,1
1789772888.138,24,0538fcb6-e65f-44a7-873a-782f406fc586,1789772884.000,23,0
1789772888.298,10,d364654a-68ca-4e24-b338-f81cc5c16eb1,1789772883.000,21,1
1789772888.298,10,0538fcb6-e65f-44a7-873a-782f406fc586,1789772884.000,23,0
1789772888.494,11,d364654a-68ca-4e24-b338-f81cc5c16eb1,1789772883.000,21,1
1789772888.494,11,0538fcb6-e65f-44a7-873a-782f406fc586,1789772884.000,23,0
1789772888.703,12,d364654a-68ca-4e24-b338-f81cc5c16eb1,1789772883.000,21,1
1789772888.703,12,0538fcb6-e65f-44a7-873a-782f406fc586,1789772884.000,23,0
1789772888.904,13,d364654a-68ca-4e24-b338-f81cc5c16eb1,1789772883.000,21,1
1789772888.904,13,0538fcb6-e65f-44a7-873a-782f406fc586,1789772884.000,23,0
1789772889.142,14,d364654a-68ca-4e24-b338-f81cc5c16eb1,1789772883.000,21,1
1789772889.142,14,0538fcb6-e65f-44a7-873a-782f406fc586,1789772884.000,23,0
1789772889.497,16,fae70aa4-571e-493f-b4f0-0f9530e57dc6,1789772887.000,0,0
1789772889.497,16,cba2fb10-b736-4201-80d8-5cc8ec2c963c,1789772887.000,2,0
1789772889.497,16,9259f533-7ba8-4450-9f33-f4b9fed9d0cb,1789772888.000,19,0
1789772889.706,2,fae70aa4-571e-493f-b4f0-0f9530e57dc6,1789772887.000,0,0
1789772889.706,2,9259f533-7ba8-4450-9f33-f4b9fed9d0cb,1789772888.000,19,0
1789772889.755,17,fae70aa4-571e-493f-b4f0-0f9530e57dc6,1789772887.000,0,0
1789772889.755,17,cba2fb10-b736-4201-80d8-5cc8ec2c963c,1789772887.000,2,0
1789772889.755,17,9259f533-7ba8-4450-9f33-f4b9fed9d0cb,1789772888.000,19,0
1789772889.909,3,fae70aa4-571e-493f-b4f0-0f9530e57dc6,1789772887.000,0,0
1789772889.909,3,cba2fb10-b736-4201-80d8-5cc8ec2c963c,1789772887.000,2,0
1789772889.909,3,9259f533-7ba8-4450-9f33-f4b9fed9d0cb,1789772888.000,19,0
1789772889.955,18,fae70aa4-571e-493f-b4f0-0f9530e57dc6,1789772887.000,0,0
1789772889.955,18,cba2fb10-b736-4201-80d8-5cc8ec2c963c,1789772887.000,2,0
1789772889.955,18,9259f533-7ba8-4450-9f33-f4b9fed9d0cb,1789772888.000,19,0
1789772890.101,4,fae70aa4-571e-493f-b4f0-0f9530e57dc6,1789772887.000,0,0
1789772890.101,4,cba2fb10-b736-4201-80d8-5cc8ec2c963c,1789772887.000,2,0
1789772890.101,4,9259f533-7ba8-4450-9f33-f4b9fed9d0cb,1789772888.000,19,0
1789772890.145,19,fae70aa4-571e-493f-b4f0-0f9530e57dc6,1789772887.000,0,0
1789772890.145,19,cba2fb10-b736-4201-80d8-5cc8ec2c963c,1789772887.000,2,0
1789772890.303,15,fae70aa4-571e-493f-b4f0-0f9530e57dc6,1813360087.000,0,0
1789772890.303,5,fae70aa4-571e-493f-b4f0-0f9530e57dc6,1813360087.000,0,0
1789772890.303,15,cba2fb10-b736-4201-80d8-5cc8ec2c963c,1789772887.000,2,0
1789772890.303,5,cba2fb10-b736-4201-80d8-5cc8ec2c963c,1789772887.000,2,0
1789772890.303,15,9259f533-7ba8-4450-9f33-f4b9fed9d0cb,1789772888.000,19,0
1789772890.303,5,9259f533-7ba8-4450-9f33-f4b9fed9d0cb,1789772888.000,19,0
1789772890.303,0,cba2fb10-b736-4201-80d8-5cc8ec2c963c,,2,0
1789772890.303,0,9259f533-7ba8-4450-9f33-f4b9fed9d0cb,1789772888.000,19,0
1789772890.412,6,fae70aa4-571e-493f-b4f0-0f9530e57dc6,1789772887.000,0,0
1789772890.412,20,fae70aa4-571e-493f-b4f0-0f9530e57dc6,1789772887.000,0,0
1789772890.412,1,fae70aa4-571e-493f-b4f0-0f9530e57dc6,,0,0
1789772890.412,6,cba2fb10-b736-4201-80d8-5cc8ec2c963c,1789772887.000,2,0
1789772890.412,20,cba2fb10-b736-4201-80d8-5cc8ec2c963c,1789772887.000,2,0
1789772890.412,6,9259f533-7ba8-4450-9f33-f4b9fed9d0cb,1789772888.000,19,0
1789772890.412,20,9259f533-7ba8-4450-9f33-f4b9fed9d0cb,1789772888.000,19,0
1789772890.412,1,cba2fb10-b736-4201-80d8-5cc8ec2c963c,1789772887.000,2,0
1789772890.412,1,9259f533-7ba8-4450-9f33-f4b9fed9d0cb,1789772888.000,19,0
1789772890.497,21,fae70aa4-571e-493f-b4f0-0f9530e57dc6,1789772887.000,0,0
1789772890.497,21,cba2fb10-b736-4201-80d8-5cc8ec2c963c,1789772887.000,2,0
1789772890.497,21,9259f533-7ba8-4450-9f33-f4b9fed9d0cb,1789772888.000,19,0
1789772890.711,7,fae70aa4-571e-493f-b4f0-0f9530e57dc6,1789772887.000,0,0
1789772890.711,7,cba2fb10-b736-4201-80d8-5cc8ec2c963c,1789772887.000,2,0
1789772890.711,7,9259f533-7ba8-4450-9f33-f4b9fed9d0cb,1789772888.000,19,0
1789772890.759,22,fae70aa4-571e-493f-b4f0-0f9530e57dc6,1789772887.000,0,0
1789772890.759,22,cba2fb10-b736-4201-80d8-5cc8ec2c963c,1789772887.000,2,0
1789772890.759,22,9259f533-7ba8-4450-9f33-f4b9fed9d0cb,1789772888.000,19,0
1789772890.913,8,fae70aa4-571e-493f-b4f0-0f9530e57dc6,1789772887.000,0,0
1789772890.913,8,cba2fb10-b736-4201-80d8-5cc8ec2c963c,1789772887.000,2,0
1789772890.913,8,9259f533-7ba8-4450-9f33-f4b9fed9d0cb,1789772888.000,19,0
1789772890.955,23,fae70aa4-571e-493f-b4f0-0f9530e57dc6,1789772887.000,0,0
1789772890.955,23,cba2fb10-b736-4201-80d8-5cc8ec2c963c,1789772887.000,2,0
1789772890.955,23,9259f533-7ba8-4450-9f33-f4b9fed9d0cb,1789772888.000,19,0
1789772891.102,9,fae70aa4-571e-493f-b4f0-0f9530e57dc6,1789772887.000,0,0
1789772891.102,9,cba2fb10-b736-4201-80d8-5cc8ec2c963c,1789772887.000,2,0
1789772891.102,9,9259f533-7ba8-4450-9f33-f4b9fed9d0cb,1789772888.000,19,0
1789772891.146,24,fae70aa4-571e-493f-b4f0-0f9530e57dc6,1789772887.000,0,0
1789772891.146,24,cba2fb10-b736-4201-80d8-5cc8ec2c963c,1789772887.000,2,0
1789772891.146,24,9259f533-7ba8-4450-9f33-f4b9fed9d0cb,1789772888.000,19,0
1789772891.308,10,fae70aa4-571e-493f-b4f0-0f9530e57dc6,1789772887.000,0,0
1789772891.308,10,cba2fb10-b736-4201-80d8-5cc8ec2c963c,1789772887.000,2,0
1789772891.308,10,9259f533-7ba8-4450-9f33-f4b9fed9d0cb,1789772888.000,19,0
1789772891.502,11,fae70aa4-571e-493f-b4f0-0f9530e57dc6,1789772887.000,0,0
1789772891.502,11,cba2fb10-b736-4201-80d8-5cc8ec2c963c,1789772887.000,2,0
1789772891.502,11,9259f533-7ba8-4450-9f33-f4b9fed9d0cb,1789772888.000,19,0
1789772891.716,12,fae70aa4-571e-493f-b4f0-0f9530e57dc6,1789772887.000,0,0
1789772891.716,12,cba2fb10-b736-4201-80d8-5cc8ec2c963c,1789772887.000,2,0
1789772891.716,12,9259f533-7ba8-4450-9f33-f4b9fed9d0cb,1789772888.000,19,0
1789772891.918,13,fae70aa4-571e-493f-b4f0-0f9530e57dc6,1789772887.000,0,0
1789772891.918,13,cba2fb10-b736-4201-80d8-5cc8ec2c963c,1789772887.000,2,0
1789772891.918,13,9259f533-7ba8-4450-9f33-f4b9fed9d0cb,1789772888.000,19,0
1789772892.150,14,fae70aa4-571e-493f-b4f0-0f9530e57dc6,1789772887.000,0,0
1789772892.150,14,cba2fb10-b736-4201-80d8-5cc8ec2c963c,1789772887.000,2,0
1789772892.150,14,9259f533-7ba8-4450-9f33-f4b9fed9d0cb,1789772888.000,19,0
1789772892.717,2,fb7367da-60a7-489f-abbc-3a9f7811f3a6,1789772891.000,11,0
1789772892.717,2,fa536117-2182-4db5-ade7-11b6c190209a,1789772891.000,17,0
1789772892.717,2,3afddcbf-85fd-40b5-979d-3c90b40a7bbf,1789772891.000,6,0
1789772892.768,17,fb7367da-60a7-489f-abbc-3a9f7811f3a6,1789772891.000,11,0
1789772892.768,17,3afddcbf-85fd-40b5-979d-3c90b40a7bbf,1789772891.000,6,0
1789772892.921,3,fb7367da-60a7-489f-abbc-3a9f7811f3a6,1789772891.000,11,0
1789772892.921,3,fa536117-2182-4db5-ade7-11b6c190209a,1789772891.000,17,0
1789772892.921,3,3afddcbf-85fd-40b5-979d-3c90b40a7bbf,1789772891.000,6,0
1789772892.960,18,fb7367da-60a7-489f-abbc-3a9f7811f3a6,1789772891.000,11,0
1789772892.960,18,fa536117-2182-4db5-ade7-11b6c190209a,1789772891.000,17,0
1789772892.960,18,3afddcbf-85fd-40b5-979d-3c90b40a7bbf,1789772891.000,6,0
1789772893.106,4,fb7367da-60a7-489f-abbc-3a9f7811f3a6,1789772891.000,11,0
1789772893.106,4,fa536117-2182-4db5-ade7-11b6c190209a,1789772891.000,17,0
1789772893.106,4,3afddcbf-85fd-40b5-979d-3c90b40a7bbf,1789772891.000,6,0
1789772893.151,19,fb7367da-60a7-489f-abbc-3a9f7811f3a6,1789772891.000,11,0
1789772893.151,19,fa536117-2182-4db5-ade7-11b6c190209a,1789772891.000,17,0
1789772893.151,19,3afddcbf-85fd-40b5-979d-3c90b40a7bbf,1789772891.000,6,0
1789772893.313,15,fb7367da-60a7-489f-abbc-3a9f7811f3a6,1788995291.000,11,0
1789772893.313,5,fb7367da-60a7-489f-abbc-3a9f7811f3a6,,11,0
1789772893.313,15,fa536117-2182-4db5-ade7-11b6c190209a,1789772891.000,17,0
1789772893.313,0,fb7367da-60a7-489f-abbc-3a9f7811f3a6,,11,0
1789772893.313,5,fa536117-2182-4db5-ade7-11b6c190209a,1789772891.000,17,0
1789772893.313,15,3afddcbf-85fd-40b5-979d-3c90b40a7bbf,1789772891.000,6,0
1789772893.313,5,3afddcbf-85fd-40b5-979d-3c90b40a7bbf,1789772891.000,6,0
1789772893.313,0,fa536117-2182-4db5-ade7-11b6c190209a,1789772891.000,17,0
1789772893.313,0,3afddcbf-85fd-40b5-979d-3c90b40a7bbf,1789772891.000,6,0
1789772893.421,1,fb7367da-60a7-489f-abbc-3a9f7811f3a6,1945724891.000,11,0
1789772893.421,6,fb7367da-60a7-489f-abbc-3a9f7811f3a6,-61837217509.000,11,0
1789772893.421,20,fb7367da-60a7-489f-abbc-3a9f7811f3a6,,11,0
1789772893.421,1,fa536117-2182-4db5-ade7-11b6c190209a,1789772889.000,17,0
1789772893.421,20,fa536117-2182-4db5-ade7-11b6c190209a,,17,0
1789772893.421,1,3afddcbf-85fd-40b5-979d-3c90b40a7bbf,1789772891.000,6,0
1789772893.421,6,fa536117-2182-4db5-ade7-11b6c190209a,1789772891.000,17,0
1789772893.421,20,3afddcbf-85fd-40b5-979d-3c90b40a7bbf,1789772891.000,6,0
1789772893.505,16,fb7367da-60a7-489f-abbc-3a9f7811f3a6,1789772891.000,11,0
1789772893.505,21,fb7367da-60a7-489f-abbc-3a9f7811f3a6,1789772891.000,11,0
1789772893.505,16,fa536117-2182-4db5-ade7-11b6c190209a,1789772891.000,17,0
1789772893.505,21,fa536117-2182-4db5-ade7-11b6c190209a,1789772891.000,17,0
1789772893.505,16,3afddcbf-85fd-40b5-979d-3c90b40a7bbf,1789772891.000,6,0
1789772893.505,21,3afddcbf-85fd-40b5-979d-3c90b40a7bbf,1789772891.000,6,0
1789772893.721,7,fb7367da-60a7-489f-abbc-3a9f7811f3a6,1789772891.000,11,0
1789772893.721,7,fa536117-2182-4db5-ade7-11b6c190209a,1789772891.000,17,0
1789772893.721,7,3afddcbf-85fd-40b5-979d-3c90b40a7bbf,1789772891.000,6,0
1789772893.770,22,fb7367da-60a7-489f-abbc-3a9f7811f3a6,1789772891.000,11,0
1789772893.770,22,fa536117-2182-4db5-ade7-11b6c190209a,1789772891.000,17,0
1789772893.770,22,3afddcbf-85fd-40b5-979d-3c90b40a7bbf,1789772891.000,6,0
1789772893.925,8,fb7367da-60a7-489f-abbc-3a9f7811f3a6,1789772891.000,11,0
1789772893.925,8,fa536117-2182-4db5-ade7-11b6c190209a,1789772891.000,17,0
1789772893.925,8,3afddcbf-85fd-40b5-979d-3c90b40a7bbf,1789772891.000,6,0
1789772893.966,23,fb7367da-60a7-489f-abbc-3a9f7811f3a6,1789772891.000,11,0
1789772893.966,23,fa536117-2182-4db5-ade7-11b6c190209a,1789772891.000,17,0
1789772893.966,23,3afddcbf-85fd-40b5-979d-3c90b40a7bbf,1789772891.000,6,0
1789772894.107,9,fb7367da-60a7-489f-abbc-3a9f7811f3a6,1789772891.000,11,0
1789772894.107,9,fa536117-2182-4db5-ade7-11b6c190209a,1789772891.000,17,0
1789772894.107,9,3afddcbf-85fd-40b5-979d-3c90b40a7bbf,1789772891.000,6,0
1789772894.155,24,fb7367da-60a7-489f-abbc-3a9f7811f3a6,1789772891.000,11,0
1789772894.155,24,fa536117-2182-4db5-ade7-11b6c190209a,1789772891.000,17,0
1789772894.155,24,3afddcbf-85fd-40b5-979d-3c90b40a7bbf,1789772891.000,6,0
1789772894.318,10,fb7367da-60a7-489f-abbc-3a9f7811f3a6,1789772891.000,11,0
1789772894.318,10,fa536117-2182-4db5-ade7-11b6c190209a,1789772891.000,17,0
1789772894.318,10,3afddcbf-85fd-40b5-979d-3c90b40a7bbf,1789772891.000,6,0
1789772894.510,11,fa536117-2182-4db5-ade7-11b6c190209a,1789772891.000,17,0
1789772894.510,11,3afddcbf-85fd-40b5-979d-3c90b40a7bbf,1789772891.000,6,0
1789772894.725,12,fb7367da-60a7-489f-abbc-3a9f7811f3a6,1789772891.000,11,0
1789772894.725,12,fa536117-2182-4db5-ade7-11b6c190209a,1789772891.000,17,0
1789772894.725,12,3afddcbf-85fd-40b5-979d-3c90b40a7bbf,1789772891.000,6,0
1789772894.933,13,fb7367da-60a7-489f-abbc-3a9f7811f3a6,1789772891.000,11,0
1789772894.933,13,fa536117-2182-4db5-ade7-11b6c190209a,1789772891.000,17,0
1789772894.933,13,3afddcbf-85fd-40b5-979d-3c90b40a7bbf,1789772891.000,6,0
1789772895.160,14,fb7367da-60a7-489f-abbc-3a9f7811f3a6,1789772891.000,11,0
1789772895.160,14,fa536117-2182-4db5-ade7-11b6c190209a,1789772891.000,17,0
1789772895.160,14,3afddcbf-85fd-40b5-979d-3c90b40a7bbf,1789772891.000,6,0
1789772895.726,2,438bf341-820c-42b1-9255-ff0930c51636,1789772893.000,10,0
1789772895.780,17,438bf341-820c-42b1-9255-ff0930c51636,1789772893.000,10,0
1789772895.938,3,438bf341-820c-42b1-9255-ff0930c51636,1789772893.000,10,0
1789772895.970,18,438bf341-820c-42b1-9255-ff0930c51636,1789772893.000,10,0
1789772896.110,4,438bf341-820c-42b1-9255-ff0930c51636,1789772893.000,10,0
1789772896.161,19,438bf341-820c-42b1-9255-ff0930c51636,1789772893.000,10,0
1789772896.319,15,438bf341-820c-42b1-9255-ff0930c51636,-61861193507.000,10,0
1789772896.319,0,438bf341-820c-42b1-9255-ff0930c51636,,10,0
1789772896.319,5,438bf341-820c-42b1-9255-ff0930c51636,-61861193507.000,10,0
1789772896.431,6,438bf341-820c-42b1-9255-ff0930c51636,1789772893.000,10,0
1789772896.431,1,438bf341-820c-42b1-9255-ff0930c51636,1789772893.000,10,0
1789772896.431,20,438bf341-820c-42b1-9255-ff0930c51636,1789772893.000,10,0
1789772896.518,21,438bf341-820c-42b1-9255-ff0930c51636,1798268893.000,10,0
1789772896.518,16,438bf341-820c-42b1-9255-ff0930c51636,,10,0
1789772896.726,7,438bf341-820c-42b1-9255-ff0930c51636,1789772893.000,10,0
1789772896.783,22,438bf341-820c-42b1-9255-ff0930c51636,1789772893.000,10,0
1789772896.943,8,438bf341-820c-42b1-9255-ff0930c51636,1789772893.000,10,0
1789772896.971,23,438bf341-820c-42b1-9255-ff0930c51636,1789772893.000,10,0
1789772897.110,9,438bf341-820c-42b1-9255-ff0930c51636,1789772893.000,10,0
1789772897.165,24,438bf341-820c-42b1-9255-ff0930c51636,1789772893.000,10,0
1789772897.521,11,438bf341-820c-42b1-9255-ff0930c51636,1789772893.000,10,0
1789772897.729,12,438bf341-820c-42b1-9255-ff0930c51636,1789772893.000,10,0
1789772897.944,13,438bf341-820c-42b1-9255-ff0930c51636,1789772893.000,10,0
1789772898.170,14,438bf341-820c-42b1-9255-ff0930c51636,1789772893.000,10,0
1789772898.525,16,d39d2a3d-0c04-4041-87ff-66698414535e,1789772898.000,8,0
1789772898.730,2,dbb20eaf-fcc3-475a-9416-57df8be655c5,1789772897.000,16,0
1789772898.730,2,d39d2a3d-0c04-4041-87ff-66698414535e,1789772898.000,8,0
1789772898.791,17,dbb20eaf-fcc3-475a-9416-57df8be655c5,1789772897.000,16,0
1789772898.791,17,d39d2a3d-0c04-4041-87ff-66698414535e,1789772898.000,8,0
1789772898.944,3,dbb20eaf-fcc3-475a-9416-57df8be655c5,1789772897.000,16,0
1789772898.944,3,d39d2a3d-0c04-4041-87ff-66698414535e,1789772898.000,8,0
1789772898.974,18,dbb20eaf-fcc3-475a-9416-57df8be655c5,1789772897.000,16,0
1789772898.974,18,d39d2a3d-0c04-4041-87ff-66698414535e,1789772898.000,8,0
1789772899.117,4,dbb20eaf-fcc3-475a-9416-57df8be655c5,1789772897.000,16,0
1789772899.117,4,d39d2a3d-0c04-4041-87ff-66698414535e,1789772898.000,8,0
1789772899.175,19,dbb20eaf-fcc3-475a-9416-57df8be655c5,1789772897.000,16,0
1789772899.175,19,d39d2a3d-0c04-4041-87ff-66698414535e,1789772898.000,8,0
1789772899.323,5,dbb20eaf-fcc3-475a-9416-57df8be655c5,1789720597.000,16,0
1789772899.323,15,dbb20eaf-fcc3-475a-9416-57df8be655c5,1789720597.000,16,0
1789772899.323,0,dbb20eaf-fcc3-475a-9416-57df8be655c5,1789772897.000,16,0
1789772899.323,5,d39d2a3d-0c04-4041-87ff-66698414535e,1789772898.000,8,0
1789772899.323,0,d39d2a3d-0c04-4041-87ff-66698414535e,1789772898.000,8,0
1789772899.323,15,d39d2a3d-0c04-4041-87ff-66698414535e,,8,0
1789772899.442,20,dbb20eaf-fcc3-475a-9416-57df8be655c5,1789754897.000,16,0
1789772899.442,6,dbb20eaf-fcc3-475a-9416-57df8be655c5,,16,0
1789772899.442,20,d39d2a3d-0c04-4041-87ff-66698414535e,1789772898.000,8,0
1789772899.442,6,d39d2a3d-0c04-4041-87ff-66698414535e,1789772898.000,8,0
1789772899.442,1,dbb20eaf-fcc3-475a-9416-57df8be655c5,,16,0
1789772899.442,1,d39d2a3d-0c04-4041-87ff-66698414535e,1789772898.000,8,0
1789772899.528,21,dbb20eaf-fcc3-475a-9416-57df8be655c5,1789772897.000,16,0
1789772899.528,21,d39d2a3d-0c04-4041-87ff-66698414535e,1789772898.000,8,0
1789772899.734,7,dbb20eaf-fcc3-475a-9416-57df8be655c5,1789772897.000,16,0
1789772899.734,7,d39d2a3d-0c04-4041-87ff-66698414535e,1789772898.000,8,0
1789772899.792,22,dbb20eaf-fcc3-475a-9416-57df8be655c5,1789772897.000,16,0
1789772899.792,22,d39d2a3d-0c04-4041-87ff-66698414535e,1789772898.000,8,0
1789772899.948,8,dbb20eaf-fcc3-475a-9416-57df8be655c5,1789772897.000,16,0
1789772899.974,23,dbb20eaf-fcc3-475a-9416-57df8be655c5,1789772897.000,16,0
1789772899.974,23,d39d2a3d-0c04-4041-87ff-66698414535e,1789772898.000,8,0
1789772900.117,9,dbb20eaf-fcc3-475a-9416-57df8be655c5,1789772897.000,16,0
1789772900.117,9,d39d2a3d-0c04-4041-87ff-66698414535e,1789772898.000,8,0
1789772900.179,24,dbb20eaf-fcc3-475a-9416-57df8be655c5,1789772897.000,16,0
1789772900.179,24,d39d2a3d-0c04-4041-87ff-66698414535e,1789772898.000,8,0
1789772900.327,10,dbb20eaf-fcc3-475a-9416-57df8be655c5,1789772897.000,16,0
1789772900.327,10,d39d2a3d-0c04-4041-87ff-66698414535e,1789772898.000,8,0
1789772900.533,11,dbb20eaf-fcc3-475a-9416-57df8be655c5,1789772897.000,16,0
1789772900.533,11,d39d2a3d-0c04-4041-87ff-66698414535e,1789772898.000,8,0
1789772900.738,12,dbb20eaf-fcc3-475a-9416-57df8be655c5,1789772897.000,16,0
1789772900.738,12,d39d2a3d-0c04-4041-87ff-66698414535e,1789772898.000,8,0
1789772900.951,13,dbb20eaf-fcc3-475a-9416-57df8be655c5,1789772897.000,16,0
1789772900.951,13,d39d2a3d-0c04-4041-87ff-66698414535e,1789772898.000,8,0
1789772901.183,14,dbb20eaf-fcc3-475a-9416-57df8be655c5,1789772897.000,16,0
1789772901.183,14,d39d2a3d-0c04-4041-87ff-66698414535e,1789772898.000,8,0
1789772901.536,16,d39d2a3d-0c04-4041-87ff-66698414535e,1789772898.000,8,1
1789772901.536,16,492ec383-6104-405f-bd52-57c445cd7792,1789772899.000,12,0
1789772901.536,16,491e94b6-6ac0-4d2c-884f-1d7808223173,1789772899.000,20,0
1789772901.536,16,8e1ee503-6ba9-4f3b-94ef-2b39da1469bf,1789772901.000,3,0
1789772901.739,2,d39d2a3d-0c04-4041-87ff-66698414535e,1789772898.000,8,1
1789772901.739,2,492ec383-6104-405f-bd52-57c445cd7792,1789772899.000,12,0
1789772901.739,2,491e94b6-6ac0-4d2c-884f-1d7808223173,1789772899.000,20,0
1789772901.739,2,8e1ee503-6ba9-4f3b-94ef-2b39da1469bf,1789772901.000,3,0
1789772901.799,17,d39d2a3d-0c04-4041-87ff-66698414535e,1789772898.000,8,1
1789772901.799,17,492ec383-6104-405f-bd52-57c445cd7792,1789772899.000,12,0
1789772901.799,17,491e94b6-6ac0-4d2c-884f-1d7808223173,1789772899.000,20,0
1789772901.799,17,8e1ee503-6ba9-4f3b-94ef-2b39da1469bf,1789772901.000,3,0
1789772901.952,3,d39d2a3d-0c04-4041-87ff-66698414535e,1789772898.000,8,1
1789772901.952,3,492ec383-6104-405f-bd52-57c445cd7792,1789772899.000,12,0
1789772901.952,3,491e94b6-6ac0-4d2c-884f-1d7808223173,1789772899.000,20,0
1789772901.982,18,d39d2a3d-0c04-4041-87ff-66698414535e,1789772898.000,8,1
1789772901.982,18,492ec383-6104-405f-bd52-57c445cd7792,1789772899.000,12,0
1789772901.982,18,491e94b6-6ac0-4d2c-884f-1d7808223173,1789772899.000,20,0
1789772901.982,18,8e1ee503-6ba9-4f3b-94ef-2b39da1469bf,1789772901.000,3,0
1789772902.121,4,d39d2a3d-0c04-4041-87ff-66698414535e,1789772898.000,8,1
1789772902.121,4,492ec383-6104-405f-bd52-57c445cd7792,1789772899.000,12,0
1789772902.121,4,491e94b6-6ac0-4d2c-884f-1d7808223173,1789772899.000,20,0
1789772902.121,4,8e1ee503-6ba9-4f3b-94ef-2b39da1469bf,1789772901.000,3,0
1789772902.184,19,d39d2a3d-0c04-4041-87ff-66698414535e,1789772898.000,8,1
1789772902.184,19,492ec383-6104-405f-bd52-57c445cd7792,1789772899.000,12,0
1789772902.184,19,491e94b6-6ac0-4d2c-884f-1d7808223173,1789772899.000,20,0
1789772902.184,19,8e1ee503-6ba9-4f3b-94ef-2b39da1469bf,1789772901.000,3,0
1789772902.331,5,d39d2a3d-0c04-4041-87ff-66698414535e,1789772898.000,8,1
1789772902.331,5,492ec383-6104-405f-bd52-57c445cd7792,1789772899.000,12,0
1789772902.331,5,491e94b6-6ac0-4d2c-884f-1d7808223173,1789772899.000,20,0
1789772902.331,5,8e1ee503-6ba9-4f3b-94ef-2b39da1469bf,1789772901.000,3,0
1789772902.331,0,d39d2a3d-0c04-4041-87ff-66698414535e,1789772898.000,8,1
1789772902.331,0,492ec383-6104-405f-bd52-57c445cd7792,1789772899.000,12,0
1789772902.331,0,491e94b6-6ac0-4d2c-884f-1d7808223173,1789772899.000,20,0
1789772902.331,0,8e1ee503-6ba9-4f3b-94ef-2b39da1469bf,1789772901.000,3,0
1789772902.331,15,d39d2a3d-0c04-4041-87ff-66698414535e,1789772898.000,8,1
1789772902.331,15,492ec383-6104-405f-bd52-57c445cd7792,1789772899.000,12,0
1789772902.331,15,491e94b6-6ac0-4d2c-884f-1d7808223173,1789772899.000,20,0
1789772902.331,15,8e1ee503-6ba9-4f3b-94ef-2b39da1469bf,1789772901.000,3,0
1789772902.454,6,d39d2a3d-0c04-4041-87ff-66698414535e,1789772898.000,8,1
1789772902.454,1,d39d2a3d-0c04-4041-87ff-66698414535e,1789772898.000,8,1
1789772902.454,20,d39d2a3d-0c04-4041-87ff-66698414535e,1789772898.000,8,1
1789772902.454,6,492ec383-6104-405f-bd52-57c445cd7792,1789772899.000,12,0
1789772902.454,1,492ec383-6104-405f-bd52-57c445cd7792,1789772899.000,12,0
1789772902.454,6,491e94b6-6ac0-4d2c-884f-1d7808223173,27072227299.000,20,0
1789772902.454,20,492ec383-6104-405f-bd52-57c445cd7792,27072227299.000,12,0
1789772902.454,1,491e94b6-6ac0-4d2c-884f-1d7808223173,1789772899.000,20,0
1789772902.454,6,8e1ee503-6ba9-4f3b-94ef-2b39da1469bf,1789772901.000,3,0
1789772902.454,20,8e1ee503-6ba9-4f3b-94ef-2b39da1469bf,1789772901.000,3,0
1789772902.454,1,8e1ee503-6ba9-4f3b-94ef-2b39da1469bf,1789772901.000,3,0
1789772902.538,21,d39d2a3d-0c04-4041-87ff-66698414535e,1789772898.000,8,1
1789772902.538,21,492ec383-6104-405f-bd52-57c445cd7792,1789772899.000,12,0
1789772902.538,21,491e94b6-6ac0-4d2c-884f-1d7808223173,1789772899.000,20,0
1789772902.538,21,8e1ee503-6ba9-4f3b-94ef-2b39da1469bf,1789772901.000,3,0
1789772902.744,7,d39d2a3d-0c04-4041-87ff-66698414535e,1789772898.000,8,1
1789772902.744,7,492ec383-6104-405f-bd52-57c445cd7792,1789772899.000,12,0
1789772902.744,7,491e94b6-6ac0-4d2c-884f-1d7808223173,1789772899.000,20,0
1789772902.744,7,8e1ee503-6ba9-4f3b-94ef-2b39da1469bf,1789772901.000,3,0
1789772902.802,22,d39d2a3d-0c04-4041-87ff-66698414535e,1789772898.000,8,1
1789772902.802,22,492ec383-6104-405f-bd52-57c445cd7792,1789772899.000,12,0
1789772902.802,22,491e94b6-6ac0-4d2c-884f-1d7808223173,1789772899.000,20,0
1789772902.802,22,8e1ee503-6ba9-4f3b-94ef-2b39da1469bf,1789772901.000,3,0
1789772902.955,8,492ec383-6104-405f-bd52-57c445cd7792,1789772899.000,12,0
1789772902.955,8,491e94b6-6ac0-4d2c-884f-1d7808223173,1789772899.000,20,0
1789772902.955,8,8e1ee503-6ba9-4f3b-94ef-2b39da1469bf,1789772901.000,3,0
1789772902.986,23,d39d2a3d-0c04-4041-87ff-66698414535e,1789772898.000,8,1
1789772902.986,23,492ec383-6104-405f-bd52-57c445cd7792,1789772899.000,12,0
1789772902.986,23,491e94b6-6ac0-4d2c-884f-1d7808223173,1789772899.000,20,0
1789772902.986,23,8e1ee503-6ba9-4f3b-94ef-2b39da1469bf,1789772901.000,3,0
1789772903.122,9,d39d2a3d-0c04-4041-87ff-66698414535e,1789772898.000,8,1
1789772903.122,9,492ec383-6104-405f-bd52-57c445cd7792,1789772899.000,12,0
1789772903.122,9,491e94b6-6ac0-4d2c-884f-1d7808223173,1789772899.000,20,0
1789772903.122,9,8e1ee503-6ba9-4f3b-94ef-2b39da1469bf,1789772901.000,3,0
1789772903.187,24,d39d2a3d-0c04-4041-87ff-66698414535e,1789772898.000,8,1
1789772903.187,24,492ec383-6104-405f-bd52-57c445cd7792,1789772899.000,12,0
1789772903.187,24,491e94b6-6ac0-4d2c-884f-1d7808223173,1789772899.000,20,0
1789772903.187,24,8e1ee503-6ba9-4f3b-94ef-2b39da1469bf,1789772901.000,3,0
1789772903.332,10,d39d2a3d-0c04-4041-87ff-66698414535e,1789772898.000,8,1
1789772903.332,10,492ec383-6104-405f-bd52-57c445cd7792,1789772899.000,12,0
1789772903.332,10,491e94b6-6ac0-4d2c-884f-1d7808223173,1789772899.000,20,0
1789772903.332,10,8e1ee503-6ba9-4f3b-94ef-2b39da1469bf,1789772901.000,3,0
1789772903.542,11,d39d2a3d-0c04-4041-87ff-66698414535e,1789772898.000,8,1
1789772903.542,11,492ec383-6104-405f-bd52-57c445cd7792,1789772899.000,12,0
1789772903.542,11,491e94b6-6ac0-4d2c-884f-1d7808223173,1789772899.000,20,0
1789772903.542,11,8e1ee503-6ba9-4f3b-94ef-2b39da1469bf,1789772901.000,3,0
1789772903.748,12,d39d2a3d-0c04-4041-87ff-66698414535e,1789772898.000,8,1
1789772903.748,12,491e94b6-6ac0-4d2c-884f-1d7808223173,1789772899.000,20,0
1789772903.748,12,8e1ee503-6ba9-4f3b-94ef-2b39da1469bf,1789772901.000,3,0
1789772903.960,13,d39d2a3d-0c04-4041-87ff-66698414535e,1789772898.000,8,1
1789772903.960,13,492ec383-6104-405f-bd52-57c445cd7792,1789772899.000,12,0
1789772903.960,13,491e94b6-6ac0-4d2c-884f-1d7808223173,1789772899.000,20,0
1789772903.960,13,8e1ee503-6ba9-4f3b-94ef-2b39da1469bf,1789772901.000,3,0
1789772904.189,14,d39d2a3d-0c04-4041-87ff-66698414535e,1789772898.000,8,1
1789772904.189,14,492ec383-6104-405f-bd52-57c445cd7792,1789772899.000,12,0
1789772904.189,14,491e94b6-6ac0-4d2c-884f-1d7808223173,1789772899.000,20,0
1789772904.189,14,8e1ee503-6ba9-4f3b-94ef-2b39da1469bf,1789772901.000,3,0
1789772904.547,16,02564a9d-1db4-430a-bcf0-1558f75a4c09,1789772901.000,13,0
1789772904.547,16,09ea3446-10b8-4f60-bfc9-33e9c80fb9bc,1789772901.000,9,0
1789772904.547,16,8e1ee503-6ba9-4f3b-94ef-2b39da1469bf,1789772901.000,3,1
1789772904.547,16,9153ed55-afbc-4d77-94ef-d97ec24201d5,1789772902.000,14,0
1789772904.547,16,34782b5d-592e-4aa1-a5b1-526523bb8d5b,1789772903.000,18,0
1789772904.547,16,8f36c443-5b09-4e09-9e28-e783def1b51c,1789772903.000,7,0
1789772904.547,16,6dba732b-d45e-4af8-8083-5f516d676fc4,1789772903.000,1,0
1789772904.748,2,02564a9d-1db4-430a-bcf0-1558f75a4c09,1789772901.000,13,0
1789772904.748,2,09ea3446-10b8-4f60-bfc9-33e9c80fb9bc,1789772901.000,9,0
1789772904.748,2,8e1ee503-6ba9-4f3b-94ef-2b39da1469bf,1789772901.000,3,1
1789772904.748,2,9153ed55-afbc-4d77-94ef-d97ec24201d5,1789772902.000,14,0
1789772904.748,2,34782b5d-592e-4aa1-a5b1-526523bb8d5b,1789772903.000,18,0
1789772904.748,2,8f36c443-5b09-4e09-9e28-e783def1b51c,1789772903.000,7,0
1789772904.748,2,6dba732b-d45e-4af8-8083-5f516d676fc4,1789772903.000,1,0
1789772904.807,17,02564a9d-1db4-430a-bcf0-1558f75a4c09,1789772901.000,13,0
1789772904.807,17,09ea3446-10b8-4f60-bfc9-33e9c80fb9bc,1789772901.000,9,0
1789772904.807,17,8e1ee503-6ba9-4f3b-94ef-2b39da1469bf,1789772901.000,3,1
1789772904.807,17,9153ed55-afbc-4d77-94ef-d97ec24201d5,1789772902.000,14,0
1789772904.807,17,34782b5d-592e-4aa1-a5b1-526523bb8d5b,1789772903.000,18,0
1789772904.807,17,8f36c443-5b09-4e09-9e28-e783def1b51c,1789772903.000,7,0
1789772904.807,17,6dba732b-d45e-4af8-8083-5f516d676fc4,1789772903.000,1,0
1789772904.961,3,02564a9d-1db4-430a-bcf0-1558f75a4c09,1789772901.000,13,0
1789772904.961,3,09ea3446-10b8-4f60-bfc9-33e9c80fb9bc,1789772901.000,9,0
1789772904.961,3,9153ed55-afbc-4d77-94ef-d97ec24201d5,1789772902.000,14,0
1789772904.961,3,34782b5d-592e-4aa1-a5b1-526523bb8d5b,1789772903.000,18,0
1789772904.961,3,8f36c443-5b09-4e09-9e28-e783def1b51c,1789772903.000,7,0
1789772904.961,3,6dba732b-d45e-4af8-8083-5f516d676fc4,1789772903.000,1,0
1789772904.993,18,02564a9d-1db4-430a-bcf0-1558f75a4c09,1789772901.000,13,0
1789772904.993,18,09ea3446-10b8-4f60-bfc9-33e9c80fb9bc,1789772901.000,9,0
1789772904.993,18,8e1ee503-6ba9-4f3b-94ef-2b39da1469bf,1789772901.000,3,1
1789772904.993,18,9153ed55-afbc-4d77-94ef-d97ec24201d5,1789772902.000,14,0
1789772904.993,18,8f36c443-5b09-4e09-9e28-e783def1b51c,1789772903.000,7,0
1789772904.993,18,6dba732b-d45e-4af8-8083-5f516d676fc4,1789772903.000,1,0
1789772905.132,4,02564a9d-1db4-430a-bcf0-1558f75a4c09,1789772901.000,13,0
1789772905.132,4,09ea3446-10b8-4f60-bfc9-33e9c80fb9bc,1789772901.000,9,0
1789772905.132,4,8e1ee503-6ba9-4f3b-94ef-2b39da1469bf,1789772901.000,3,1
1789772905.132,4,9153ed55-afbc-4d77-94ef-d97ec24201d5,1789772902.000,14,0
1789772905.132,4,34782b5d-592e-4aa1-a5b1-526523bb8d5b,1789772903.000,18,0
1789772905.132,4,8f36c443-5b09-4e09-9e28-e783def1b51c,1789772903.000,7,0
1789772905.132,4,6dba732b-d45e-4af8-8083-5f516d676fc4,1789772903.000,1,0
1789772905.194,19,02564a9d-1db4-430a-bcf0-1558f75a4c09,1789772901.000,13,0
1789772905.194,19,09ea3446-10b8-4f60-bfc9-33e9c80fb9bc,1789772901.000,9,0
1789772905.194,19,8e1ee503-6ba9-4f3b-94ef-2b39da1469bf,1789772901.000,3,1
1789772905.194,19,9153ed55-afbc-4d77-94ef-d97ec24201d5,1789772902.000,14,0
1789772905.194,19,34782b5d-592e-4aa1-a5b1-526523bb8d5b,1789772903.000,18,0
1789772905.194,19,8f36c443-5b09-4e09-9e28-e783def1b51c,1789772903.000,7,0
1789772905.194,19,6dba732b-d45e-4af8-8083-5f516d676fc4,1789772903.000,1,0
1789772905.338,0,02564a9d-1db4-430a-bcf0-1558f75a4c09,1789772901.000,13,0
1789772905.338,5,02564a9d-1db4-430a-bcf0-1558f75a4c09,1789772901.000,13,0
1789772905.338,0,09ea3446-10b8-4f60-bfc9-33e9c80fb9bc,1789772901.000,9,0
1789772905.338,0,8e1ee503-6ba9-4f3b-94ef-2b39da1469bf,1789772901.000,3,1
1789772905.338,0,9153ed55-afbc-4d77-94ef-d97ec24201d5,1789772902.000,14,0
1789772905.338,0,34782b5d-592e-4aa1-a5b1-526523bb8d5b,1789773801.000,18,0
1789772905.338,0,8f36c443-5b09-4e09-9e28-e783def1b51c,1789772903.000,7,0
1789772905.338,0,6dba732b-d45e-4af8-8083-5f516d676fc4,1789772903.000,1,0
1789772905.338,5,09ea3446-10b8-4f60-bfc9-33e9c80fb9bc,-59273080599.000,9,0
1789772905.338,5,8e1ee503-6ba9-4f3b-94ef-2b39da1469bf,1789772901.000,3,1
1789772905.338,5,9153ed55-afbc-4d77-94ef-d97ec24201d5,1789772902.000,14,0
1789772905.338,5,34782b5d-592e-4aa1-a5b1-526523bb8d5b,1789772903.000,18,0
1789772905.338,5,8f36c443-5b09-4e09-9e28-e783def1b51c,1789772903.000,7,0
1789772905.338,5,6dba732b-d45e-4af8-8083-5f516d676fc4,1789772903.000,1,0
1789772905.338,15,02564a9d-1db4-430a-bcf0-1558f75a4c09,1789772901.000,13,0
1789772905.338,15,09ea3446-10b8-4f60-bfc9-33e9c80fb9bc,1789772901.000,9,0
1789772905.338,15,8e1ee503-6ba9-4f3b-94ef-2b39da1469bf,1789772901.000,3,1
1789772905.338,15,9153ed55-afbc-4d77-94ef-d97ec24201d5,1789772902.000,14,0
1789772905.338,15,34782b5d-592e-4aa1-a5b1-526523bb8d5b,1789772903.000,18,0
1789772905.338,15,8f36c443-5b09-4e09-9e28-e783def1b51c,1789772903.000,7,0
1789772905.338,15,6dba732b-d45e-4af8-8083-5f516d676fc4,1789772903.000,1,0
1789772905.463,1,02564a9d-1db4-430a-bcf0-1558f75a4c09,1789772901.000,13,0
1789772905.463,1,09ea3446-10b8-4f60-bfc9-33e9c80fb9bc,1789772901.000,9,0
1789772905.463,1,8e1ee503-6ba9-4f3b-94ef-2b39da1469bf,1789772901.000,3,1
1789772905.463,1,9153ed55-afbc-4d77-94ef-d97ec24201d5,1789772902.000,14,0
1789772905.463,20,02564a9d-1db4-430a-bcf0-1558f75a4c09,1789772901.000,13,0
1789772905.463,1,34782b5d-592e-4aa1-a5b1-526523bb8d5b,1789772903.000,18,0
1789772905.463,20,09ea3446-10b8-4f60-bfc9-33e9c80fb9bc,1789772901.000,9,0
1789772905.463,1,8f36c443-5b09-4e09-9e28-e783def1b51c,1789772903.000,7,0
1789772905.464,6,02564a9d-1db4-430a-bcf0-1558f75a4c09,1789772901.000,13,0
1789772905.464,6,09ea3446-10b8-4f60-bfc9-33e9c80fb9bc,1789772901.000,9,0
1789772905.463,20,8e1ee503-6ba9-4f3b-94ef-2b39da1469bf,1789772901.000,3,1
1789772905.464,6,8e1ee503-6ba9-4f3b-94ef-2b39da1469bf,1789772901.000,3,1
1789772905.464,6,9153ed55-afbc-4d77-94ef-d97ec24201d5,1789772902.000,14,0
1789772905.464,6,34782b5d-592e-4aa1-a5b1-526523bb8d5b,1789772903.000,18,0
1789772905.464,6,8f36c443-5b09-4e09-9e28-e783def1b51c,1789772903.000,7,0
1789772905.464,6,6dba732b-d45e-4af8-8083-5f516d676fc4,1789772903.000,1,0
1789772905.463,20,9153ed55-afbc-4d77-94ef-d97ec24201d5,1789772902.000,14,0
1789772905.463,20,34782b5d-592e-4aa1-a5b1-526523bb8d5b,1789772903.000,18,0
1789772905.463,20,8f36c443-5b09-4e09-9e28-e783def1b51c,1789772903.000,7,0
1789772905.463,20,6dba732b-d45e-4af8-8083-5f516d676fc4,1789772903.000,1,0
1789772905.549,21,02564a9d-1db4-430a-bcf0-1558f75a4c09,1789772901.000,13,0
1789772905.549,21,09ea3446-10b8-4f60-bfc9-33e9c80fb9bc,1789772901.000,9,0
1789772905.549,21,8e1ee503-6ba9-4f3b-94ef-2b39da1469bf,1789772901.000,3,1
1789772905.549,21,9153ed55-afbc-4d77-94ef-d97ec24201d5,1789772902.000,14,0
1789772905.549,21,34782b5d-592e-4aa1-a5b1-526523bb8d5b,1789772903.000,18,0
1789772905.549,21,8f36c443-5b09-4e09-9e28-e783def1b51c,1789772903.000,7,0
1789772905.549,21,6dba732b-d45e-4af8-8083-5f516d676fc4,1789772903.000,1,0
1789772905.752,7,02564a9d-1db4-430a-bcf0-1558f75a4c09,1789772901.000,13,0
1789772905.752,7,09ea3446-10b8-4f60-bfc9-33e9c80fb9bc,1789772901.000,9,0
1789772905.752,7,8e1ee503-6ba9-4f3b-94ef-2b39da1469bf,1789772901.000,3,1
1789772905.752,7,9153ed55-afbc-4d77-94ef-d97ec24201d5,1789772902.000,14,0
1789772905.752,7,34782b5d-592e-4aa1-a5b1-526523bb8d5b,1789772903.000,18,0
1789772905.752,7,6dba732b-d45e-4af8-8083-5f516d676fc4,1789772903.000,1,0
1789772905.812,22,02564a9d-1db4-430a-bcf0-1558f75a4c09,1789772901.000,13,0
1789772905.812,22,09ea3446-10b8-4f60-bfc9-33e9c80fb9bc,1789772901.000,9,0
1789772905.812,22,8e1ee503-6ba9-4f3b-94ef-2b39da1469bf,1789772901.000,3,1
1789772905.812,22,9153ed55-afbc-4d77-94ef-d97ec24201d5,1789772902.000,14,0
1789772905.812,22,34782b5d-592e-4aa1-a5b1-526523bb8d5b,1789772903.000,18,0
1789772905.812,22,8f36c443-5b09-4e09-9e28-e783def1b51c,1789772903.000,7,0
1789772905.812,22,6dba732b-d45e-4af8-8083-5f516d676fc4,1789772903.000,1,0
1789772905.962,8,02564a9d-1db4-430a-bcf0-1558f75a4c09,1789772901.000,13,0
1789772905.962,8,09ea3446-10b8-4f60-bfc9-33e9c80fb9bc,1789772901.000,9,0
1789772905.962,8,8e1ee503-6ba9-4f3b-94ef-2b39da1469bf,1789772901.000,3,1
1789772905.962,8,9153ed55-afbc-4d77-94ef-d97ec24201d5,1789772902.000,14,0
1789772905.962,8,34782b5d-592e-4aa1-a5b1-526523bb8d5b,1789772903.000,18,0
1789772905.962,8,8f36c443-5b09-4e09-9e28-e783def1b51c,1789772903.000,7,0
1789772905.962,8,6dba732b-d45e-4af8-8083-5f516d676fc4,1789772903.000,1,0
1789772905.997,23,02564a9d-1db4-430a-bcf0-1558f75a4c09,1789772901.000,13,0
1789772905.997,23,09ea3446-10b8-4f60-bfc9-33e9c80fb9bc,1789772901.000,9,0
1789772905.997,23,8e1ee503-6ba9-4f3b-94ef-2b39da1469bf,1789772901.000,3,1
1789772905.997,23,9153ed55-afbc-4d77-94ef-d97ec24201d5,1789772902.000,14,0
1789772905.997,23,34782b5d-592e-4aa1-a5b1-526523bb8d5b,1789772903.000,18,0
1789772905.997,23,8f36c443-5b09-4e09-9e28-e783def1b51c,1789772903.000,7,0
1789772905.997,23,6dba732b-d45e-4af8-8083-5f516d676fc4,1789772903.000,1,0
1789772906.135,9,02564a9d-1db4-430a-bcf0-1558f75a4c09,1789772901.000,13,0
1789772906.135,9,8e1ee503-6ba9-4f3b-94ef-2b39da1469bf,1789772901.000,3,1
1789772906.135,9,9153ed55-afbc-4d77-94ef-d97ec24201d5,1789772902.000,14,0
1789772906.135,9,34782b5d-592e-4aa1-a5b1-526523bb8d5b,1789772903.000,18,0
1789772906.135,9,8f36c443-5b09-4e09-9e28-e783def1b51c,1789772903.000,7,0
1789772906.135,9,6dba732b-d45e-4af8-8083-5f516d676fc4,1789772903.000,1,0
1789772906.196,24,02564a9d-1db4-430a-bcf0-1558f75a4c09,1789772901.000,13,0
1789772906.196,24,09ea3446-10b8-4f60-bfc9-33e9c80fb9bc,1789772901.000,9,0
1789772906.196,24,8e1ee503-6ba9-4f3b-94ef-2b39da1469bf,1789772901.000,3,1
1789772906.196,24,9153ed55-afbc-4d77-94ef-d97ec24201d5,1789772902.000,14,0
1789772906.196,24,34782b5d-592e-4aa1-a5b1-526523bb8d5b,1789772903.000,18,0
1789772906.196,24,8f36c443-5b09-4e09-9e28-e783def1b51c,1789772903.000,7,0
1789772906.196,24,6dba732b-d45e-4af8-8083-5f516d676fc4,1789772903.000,1,0
1789772906.339,10,02564a9d-1db4-430a-bcf0-1558f75a4c09,1789772901.000,13,0
1789772906.339,10,09ea3446-10b8-4f60-bfc9-33e9c80fb9bc,1789772901.000,9,0
1789772906.339,10,8e1ee503-6ba9-4f3b-94ef-2b39da1469bf,1789772901.000,3,1
1789772906.339,10,9153ed55-afbc-4d77-94ef-d97ec24201d5,1789772902.000,14,0
1789772906.339,10,34782b5d-592e-4aa1-a5b1-526523bb8d5b,1789772903.000,18,0
1789772906.339,10,8f36c443-5b09-4e09-9e28-e783def1b51c,1789772903.000,7,0
1789772906.339,10,6dba732b-d45e-4af8-8083-5f516d676fc4,1789772903.000,1,0
1789772906.552,11,02564a9d-1db4-430a-bcf0-1558f75a4c09,1789772901.000,13,0
1789772906.552,11,09ea3446-10b8-4f60-bfc9-33e9c80fb9bc,1789772901.000,9,0
1789772906.552,11,8e1ee503-6ba9-4f3b-94ef-2b39da1469bf,1789772901.000,3,1
1789772906.552,11,9153ed55-afbc-4d77-94ef-d97ec24201d5,1789772902.000,14,0
1789772906.552,11,34782b5d-592e-4aa1-a5b1-526523bb8d5b,1789772903.000,18,0
1789772906.552,11,8f36c443-5b09-4e09-9e28-e783def1b51c,1789772903.000,7,0
1789772906.552,11,6dba732b-d45e-4af8-8083-5f516d676fc4,1789772903.000,1,0
1789772906.756,12,02564a9d-1db4-430a-bcf0-1558f75a4c09,1789772901.000,13,0
1789772906.756,12,09ea3446-10b8-4f60-bfc9-33e9c80fb9bc,1789772901.000,9,0
1789772906.756,12,8e1ee503-6ba9-4f3b-94ef-2b39da1469bf,1789772901.000,3,1
1789772906.756,12,9153ed55-afbc-4d77-94ef-d97ec24201d5,1789772902.000,14,0
1789772906.756,12,34782b5d-592e-4aa1-a5b1-526523bb8d5b,1789772903.000,18,0
1789772906.756,12,8f36c443-5b09-4e09-9e28-e783def1b51c,1789772903.000,7,0
1789772906.756,12,6dba732b-d45e-4af8-8083-5f516d676fc4,1789772903.000,1,0
1789772906.966,13,09ea3446-10b8-4f60-bfc9-33e9c80fb9bc,1789772901.000,9,0
1789772906.966,13,8e1ee503-6ba9-4f3b-94ef-2b39da1469bf,1789772901.000,3,1
1789772906.966,13,9153ed55-afbc-4d77-94ef-d97ec24201d5,1789772902.000,14,0
1789772906.966,13,34782b5d-592e-4aa1-a5b1-526523bb8d5b,1789772903.000,18,0
1789772906.966,13,8f36c443-5b09-4e09-9e28-e783def1b51c,1789772903.000,7,0
1789772906.966,13,6dba732b-d45e-4af8-8083-5f516d676fc4,1789772903.000,1,0
1789772907.196,14,02564a9d-1db4-430a-bcf0-1558f75a4c09,1789772901.000,13,0
1789772907.196,14,09ea3446-10b8-4f60-bfc9-33e9c80fb9bc,1789772901.000,9,0
1789772907.196,14,8e1ee503-6ba9-4f3b-94ef-2b39da1469bf,1789772901.000,3,1
1789772907.196,14,34782b5d-592e-4aa1-a5b1-526523bb8d5b,1789772903.000,18,0
1789772907.196,14,8f36c443-5b09-4e09-9e28-e783def1b51c,1789772903.000,7,0
1789772907.196,14,6dba732b-d45e-4af8-8083-5f516d676fc4,1789772903.000,1,0
1789772907.557,16,fd29566e-d49c-4e06-ac8c-4ea1b8fd08dc,1789772906.000,24,0
1789772907.557,16,ffffd7f7-6676-488d-a7f2-b84a8594e46a,1789772907.000,5,0
1789772907.761,2,fd29566e-d49c-4e06-ac8c-4ea1b8fd08dc,1789772906.000,24,0
1789772907.761,2,ffffd7f7-6676-488d-a7f2-b84a8594e46a,1789772907.000,5,0
1789772907.818,17,fd29566e-d49c-4e06-ac8c-4ea1b8fd08dc,1789772906.000,24,0
1789772907.818,17,ffffd7f7-6676-488d-a7f2-b84a8594e46a,1789772907.000,5,0
1789772907.968,3,fd29566e-d49c-4e06-ac8c-4ea1b8fd08dc,1789772906.000,24,0
1789772907.968,3,ffffd7f7-6676-488d-a7f2-b84a8594e46a,1789772907.000,5,0
1789772908.001,18,fd29566e-d49c-4e06-ac8c-4ea1b8fd08dc,1789772906.000,24,0
1789772908.001,18,ffffd7f7-6676-488d-a7f2-b84a8594e46a,1789772907.000,5,0
1789772908.140,4,fd29566e-d49c-4e06-ac8c-4ea1b8fd08dc,1789772906.000,24,0
1789772908.140,4,ffffd7f7-6676-488d-a7f2-b84a8594e46a,1789772907.000,5,0
1789772908.198,19,fd29566e-d49c-4e06-ac8c-4ea1b8fd08dc,1789772906.000,24,0
1789772908.198,19,ffffd7f7-6676-488d-a7f2-b84a8594e46a,1789772907.000,5,0
1789772908.342,0,fd29566e-d49c-4e06-ac8c-4ea1b8fd08dc,1789772906.000,24,0
1789772908.342,15,fd29566e-d49c-4e06-ac8c-4ea1b8fd08dc,1813792106.000,24,0
1789772908.342,5,fd29566e-d49c-4e06-ac8c-4ea1b8fd08dc,1813792106.000,24,0
1789772908.342,15,ffffd7f7-6676-488d-a7f2-b84a8594e46a,1789772907.000,5,0
1789772908.342,0,ffffd7f7-6676-488d-a7f2-b84a8594e46a,1789772907.000,5,0
1789772908.475,20,fd29566e-d49c-4e06-ac8c-4ea1b8fd08dc,1789772906.000,24,0
1789772908.475,20,ffffd7f7-6676-488d-a7f2-b84a8594e46a,1789772907.000,5,0
1789772908.475,1,fd29566e-d49c-4e06-ac8c-4ea1b8fd08dc,1789772906.000,24,0
1789772908.475,1,ffffd7f7-6676-488d-a7f2-b84a8594e46a,1789772907.000,5,0
1789772908.475,6,fd29566e-d49c-4e06-ac8c-4ea1b8fd08dc,1789772906.000,24,0
1789772908.475,6,ffffd7f7-6676-488d-a7f2-b84a8594e46a,1789772907.000,5,0
1789772908.562,21,fd29566e-d49c-4e06-ac8c-4ea1b8fd08dc,1789772906.000,24,0
1789772908.562,21,ffffd7f7-6676-488d-a7f2-b84a8594e46a,1789772907.000,5,0
1789772908.765,7,fd29566e-d49c-4e06-ac8c-4ea1b8fd08dc,1789772906.000,24,0
1789772908.765,7,ffffd7f7-6676-488d-a7f2-b84a8594e46a,1789772907.000,5,0
1789772908.822,22,fd29566e-d49c-4e06-ac8c-4ea1b8fd08dc,1789772906.000,24,0
1789772908.822,22,ffffd7f7-6676-488d-a7f2-b84a8594e46a,1789772907.000,5,0
1789772908.968,8,fd29566e-d49c-4e06-ac8c-4ea1b8fd08dc,1789772906.000,24,0
1789772908.968,8,ffffd7f7-6676-488d-a7f2-b84a8594e46a,1789772907.000,5,0
1789772909.006,23,fd29566e-d49c-4e06-ac8c-4ea1b8fd08dc,1789772906.000,24,0
1789772909.006,23,ffffd7f7-6676-488d-a7f2-b84a8594e46a,1789772907.000,5,0
1789772909.141,9,fd29566e-d49c-4e06-ac8c-4ea1b8fd08dc,1789772906.000,24,0
1789772909.141,9,ffffd7f7-6676-488d-a7f2-b84a8594e46a,1789772907.000,5,0
1789772909.201,24,ffffd7f7-6676-488d-a7f2-b84a8594e46a,1789772907.000,5,0
1789772909.344,10,fd29566e-d49c-4e06-ac8c-4ea1b8fd08dc,1789772906.000,24,0
1789772909.344,10,ffffd7f7-6676-488d-a7f2-b84a8594e46a,1789772907.000,5,0
1789772909.564,11,fd29566e-d49c-4e06-ac8c-4ea1b8fd08dc,1789772906.000,24,0
1789772909.564,11,ffffd7f7-6676-488d-a7f2-b84a8594e46a,1789772907.000,5,0
1789772909.772,12,fd29566e-d49c-4e06-ac8c-4ea1b8fd08dc,1789772906.000,24,0
1789772909.772,12,ffffd7f7-6676-488d-a7f2-b84a8594e46a,1789772907.000,5,0
1789772909.969,13,fd29566e-d49c-4e06-ac8c-4ea1b8fd08dc,1789772906.000,24,0
1789772909.969,13,ffffd7f7-6676-488d-a7f2-b84a8594e46a,1789772907.000,5,0
1789772910.202,14,fd29566e-d49c-4e06-ac8c-4ea1b8fd08dc,1789772906.000,24,0
1789772910.202,14,ffffd7f7-6676-488d-a7f2-b84a8594e46a,1789772907.000,5,0
1789772910.775,2,ffffd7f7-6676-488d-a7f2-b84a8594e46a,1789772907.000,5,1
1789772910.831,17,ffffd7f7-6676-488d-a7f2-b84a8594e46a,1789772907.000,5,1
1789772910.974,3,ffffd7f7-6676-488d-a7f2-b84a8594e46a,1789772907.000,5,1
1789772911.010,18,ffffd7f7-6676-488d-a7f2-b84a8594e46a,1789772907.000,5,1
1789772911.147,4,ffffd7f7-6676-488d-a7f2-b84a8594e46a,1789772907.000,5,1
1789772911.204,19,ffffd7f7-6676-488d-a7f2-b84a8594e46a,1789772907.000,5,1
1789772911.350,15,ffffd7f7-6676-488d-a7f2-b84a8594e46a,1789772907.000,5,1
1789772911.350,0,ffffd7f7-6676-488d-a7f2-b84a8594e46a,1789772907.000,5,1
1789772911.489,20,ffffd7f7-6676-488d-a7f2-b84a8594e46a,1789772907.000,5,1
1789772911.489,6,ffffd7f7-6676-488d-a7f2-b84a8594e46a,1789772907.000,5,1
1789772911.489,1,ffffd7f7-6676-488d-a7f2-b84a8594e46a,1789772907.000,5,1
1789772911.572,16,ffffd7f7-6676-488d-a7f2-b84a8594e46a,1789772907.000,5,1
1789772911.572,21,ffffd7f7-6676-488d-a7f2-b84a8594e46a,1789772907.000,5,1
1789772911.779,7,ffffd7f7-6676-488d-a7f2-b84a8594e46a,1789772907.000,5,1
1789772911.836,22,ffffd7f7-6676-488d-a7f2-b84a8594e46a,1789772907.000,5,1
1789772911.977,8,ffffd7f7-6676-488d-a7f2-b84a8594e46a,1789772907.000,5,1
1789772912.015,23,ffffd7f7-6676-488d-a7f2-b84a8594e46a,1789772907.000,5,1
1789772912.150,9,ffffd7f7-6676-488d-a7f2-b84a8594e46a,1789772907.000,5,1
1789772912.209,24,ffffd7f7-6676-488d-a7f2-b84a8594e46a,1789772907.000,5,1
1789772912.353,10,ffffd7f7-6676-488d-a7f2-b84a8594e46a,1789772907.000,5,1
1789772912.575,11,ffffd7f7-6676-488d-a7f2-b84a8594e46a,1789772907.000,5,1
1789772912.782,12,ffffd7f7-6676-488d-a7f2-b84a8594e46a,1789772907.000,5,1
1789772912.983,13,ffffd7f7-6676-488d-a7f2-b84a8594e46a,1789772907.000,5,1
1789772913.212,14,ffffd7f7-6676-488d-a7f2-b84a8594e46a,1789772907.000,5,1
1789772913.580,16,fbbe5756-8222-4124-91c3-b28de92a0450,1789772910.000,22,0
1789772913.580,16,40681b26-384c-4df4-81ea-f9930defc28c,1789772911.000,15,0
1789772913.580,16,9a0fcfba-bc57-44b1-af1c-3c1f4b645dd1,1789772912.000,4,0
1789772913.580,16,fcb01e5a-6af1-4a5a-89d8-94282f6c7813,1789772913.000,21,0
1789772913.785,2,fbbe5756-8222-4124-91c3-b28de92a0450,1789772910.000,22,0
1789772913.785,2,40681b26-384c-4df4-81ea-f9930defc28c,1789772911.000,15,0
1789772913.785,2,9a0fcfba-bc57-44b1-af1c-3c1f4b645dd1,1789772912.000,4,0
1789772913.785,2,fcb01e5a-6af1-4a5a-89d8-94282f6c7813,1789772913.000,21,0
1789772913.842,17,fbbe5756-8222-4124-91c3-b28de92a0450,1789772910.000,22,0
1789772913.842,17,40681b26-384c-4df4-81ea-f9930defc28c,1789772911.000,15,0
1789772913.842,17,9a0fcfba-bc57-44b1-af1c-3c1f4b645dd1,1789772912.000,4,0
1789772913.842,17,fcb01e5a-6af1-4a5a-89d8-94282f6c7813,1789772913.000,21,0
1789772913.988,3,fbbe5756-8222-4124-91c3-b28de92a0450,1789772910.000,22,0
1789772913.988,3,40681b26-384c-4df4-81ea-f9930defc28c,1789772911.000,15,0
1789772913.988,3,9a0fcfba-bc57-44b1-af1c-3c1f4b645dd1,1789772912.000,4,0
1789772913.988,3,fcb01e5a-6af1-4a5a-89d8-94282f6c7813,1789772913.000,21,0
1789772914.023,18,fbbe5756-8222-4124-91c3-b28de92a0450,1789772910.000,22,0
1789772914.023,18,40681b26-384c-4df4-81ea-f9930defc28c,1789772911.000,15,0
1789772914.023,18,9a0fcfba-bc57-44b1-af1c-3c1f4b645dd1,1789772912.000,4,0
1789772914.023,18,fcb01e5a-6af1-4a5a-89d8-94282f6c7813,1789772913.000,21,0
1789772914.157,4,fbbe5756-8222-4124-91c3-b28de92a0450,1789772910.000,22,0
1789772914.157,4,40681b26-384c-4df4-81ea-f9930defc28c,1789772911.000,15,0
1789772914.157,4,fcb01e5a-6af1-4a5a-89d8-94282f6c7813,1789772913.000,21,0
1789772914.217,19,fbbe5756-8222-4124-91c3-b28de92a0450,1789772910.000,22,0
1789772914.217,19,40681b26-384c-4df4-81ea-f9930defc28c,1789772911.000,15,0
1789772914.217,19,9a0fcfba-bc57-44b1-af1c-3c1f4b645dd1,1789772912.000,4,0
1789772914.217,19,fcb01e5a-6af1-4a5a-89d8-94282f6c7813,1789772913.000,21,0
1789772914.354,5,fbbe5756-8222-4124-91c3-b28de92a0450,1789772910.000,22,0
1789772914.354,5,40681b26-384c-4df4-81ea-f9930defc28c,1789772911.000,15,0
1789772914.354,5,9a0fcfba-bc57-44b1-af1c-3c1f4b645dd1,1789772912.000,4,0
1789772914.354,5,fcb01e5a-6af1-4a5a-89d8-94282f6c7813,1789772913.000,21,0
1789772914.354,15,fbbe5756-8222-4124-91c3-b28de92a0450,1789772910.000,22,0
1789772914.354,15,9a0fcfba-bc57-44b1-af1c-3c1f4b645dd1,1789772912.000,4,0
1789772914.354,15,fcb01e5a-6af1-4a5a-89d8-94282f6c7813,1789772913.000,21,0
1789772914.354,0,fbbe5756-8222-4124-91c3-b28de92a0450,1789772910.000,22,0
1789772914.354,0,40681b26-384c-4df4-81ea-f9930defc28c,1789772911.000,15,0
1789772914.354,0,9a0fcfba-bc57-44b1-af1c-3c1f4b645dd1,1789772912.000,4,0
1789772914.354,0,fcb01e5a-6af1-4a5a-89d8-94282f6c7813,1789772913.000,21,0
1789772914.504,1,fbbe5756-8222-4124-91c3-b28de92a0450,1787094510.000,22,0
1789772914.504,20,fbbe5756-8222-4124-91c3-b28de92a0450,1787094510.000,22,0
1789772914.504,1,40681b26-384c-4df4-81ea-f9930defc28c,1789772911.000,15,0
1789772914.504,20,40681b26-384c-4df4-81ea-f9930defc28c,1789772911.000,15,0
1789772914.504,1,9a0fcfba-bc57-44b1-af1c-3c1f4b645dd1,1789772912.000,4,0
1789772914.504,20,9a0fcfba-bc57-44b1-af1c-3c1f4b645dd1,1789772912.000,4,0
1789772914.504,1,fcb01e5a-6af1-4a5a-89d8-94282f6c7813,1789772913.000,21,0
1789772914.504,20,fcb01e5a-6af1-4a5a-89d8-94282f6c7813,1789772913.000,21,0
1789772914.504,6,fbbe5756-8222-4124-91c3-b28de92a0450,1789772910.000,22,0
1789772914.504,6,40681b26-384c-4df4-81ea-f9930defc28c,1789772911.000,15,0
1789772914.504,6,9a0fcfba-bc57-44b1-af1c-3c1f4b645dd1,1789772912.000,4,0
1789772914.504,6,fcb01e5a-6af1-4a5a-89d8-94282f6c7813,1789772913.000,21,0
1789772914.585,21,fbbe5756-8222-4124-91c3-b28de92a0450,1789772910.000,22,0
1789772914.585,21,40681b26-384c-4df4-81ea-f9930defc28c,1789772911.000,15,0
1789772914.585,21,9a0fcfba-bc57-44b1-af1c-3c1f4b645dd1,1789772912.000,4,0
1789772914.790,7,fbbe5756-8222-4124-91c3-b28de92a0450,1789772910.000,22,0
1789772914.790,7,40681b26-384c-4df4-81ea-f9930defc28c,1789772911.000,15,0
1789772914.790,7,9a0fcfba-bc57-44b1-af1c-3c1f4b645dd1,1789772912.000,4,0
1789772914.790,7,fcb01e5a-6af1-4a5a-89d8-94282f6c7813,1789772913.000,21,0
1789772914.845,22,40681b26-384c-4df4-81ea-f9930defc28c,1789772911.000,15,0
1789772914.845,22,9a0fcfba-bc57-44b1-af1c-3c1f4b645dd1,1789772912.000,4,0
1789772914.845,22,fcb01e5a-6af1-4a5a-89d8-94282f6c7813,1789772913.000,21,0
1789772914.992,8,fbbe5756-8222-4124-91c3-b28de92a0450,1789772910.000,22,0
1789772914.992,8,40681b26-384c-4df4-81ea-f9930defc28c,1789772911.000,15,0
1789772914.992,8,9a0fcfba-bc57-44b1-af1c-3c1f4b645dd1,1789772912.000,4,0
1789772914.992,8,fcb01e5a-6af1-4a5a-89d8-94282f6c7813,1789772913.000,21,0
1789772915.029,23,fbbe5756-8222-4124-91c3-b28de92a0450,1789772910.000,22,0
1789772915.029,23,40681b26-384c-4df4-81ea-f9930defc28c,1789772911.000,15,0
1789772915.029,23,9a0fcfba-bc57-44b1-af1c-3c1f4b645dd1,1789772912.000,4,0
1789772915.029,23,fcb01e5a-6af1-4a5a-89d8-94282f6c7813,1789772913.000,21,0
1789772915.161,9,fbbe5756-8222-4124-91c3-b28de92a0450,1789772910.000,22,0
1789772915.161,9,40681b26-384c-4df4-81ea-f9930defc28c,1789772911.000,15,0
1789772915.161,9,9a0fcfba-bc57-44b1-af1c-3c1f4b645dd1,1789772912.000,4,0
1789772915.161,9,fcb01e5a-6af1-4a5a-89d8-94282f6c7813,1789772913.000,21,0
1789772915.221,24,fbbe5756-8222-4124-91c3-b28de92a0450,1789772910.000,22,0
1789772915.221,24,40681b26-384c-4df4-81ea-f9930defc28c,1789772911.000,15,0
1789772915.221,24,9a0fcfba-bc57-44b1-af1c-3c1f4b645dd1,1789772912.000,4,0
1789772915.221,24,fcb01e5a-6af1-4a5a-89d8-94282f6c7813,1789772913.000,21,0
1789772915.358,10,fbbe5756-8222-4124-91c3-b28de92a0450,1789772910.000,22,0
1789772915.358,10,40681b26-384c-4df4-81ea-f9930defc28c,1789772911.000,15,0
1789772915.358,10,9a0fcfba-bc57-44b1-af1c-3c1f4b645dd1,1789772912.000,4,0
1789772915.358,10,fcb01e5a-6af1-4a5a-89d8-94282f6c7813,1789772913.000,21,0
1789772915.589,11,fbbe5756-8222-4124-91c3-b28de92a0450,1789772910.000,22,0
1789772915.589,11,40681b26-384c-4df4-81ea-f9930defc28c,1789772911.000,15,0
1789772915.589,11,9a0fcfba-bc57-44b1-af1c-3c1f4b645dd1,1789772912.000,4,0
1789772915.589,11,fcb01e5a-6af1-4a5a-89d8-94282f6c7813,1789772913.000,21,0
1789772915.791,12,fbbe5756-8222-4124-91c3-b28de92a0450,1789772910.000,22,0
1789772915.791,12,40681b26-384c-4df4-81ea-f9930defc28c,1789772911.000,15,0
1789772915.791,12,9a0fcfba-bc57-44b1-af1c-3c1f4b645dd1,1789772912.000,4,0
1789772915.791,12,fcb01e5a-6af1-4a5a-89d8-94282f6c7813,1789772913.000,21,0
1789772915.997,13,fbbe5756-8222-4124-91c3-b28de92a0450,1789772910.000,22,0
1789772915.997,13,40681b26-384c-4df4-81ea-f9930defc28c,1789772911.000,15,0
1789772915.997,13,9a0fcfba-bc57-44b1-af1c-3c1f4b645dd1,1789772912.000,4,0
1789772915.997,13,fcb01e5a-6af1-4a5a-89d8-94282f6c7813,1789772913.000,21,0
1789772916.224,14,fbbe5756-8222-4124-91c3-b28de92a0450,1789772910.000,22,0
1789772916.224,14,40681b26-384c-4df4-81ea-f9930defc28c,1789772911.000,15,0
1789772916.224,14,9a0fcfba-bc57-44b1-af1c-3c1f4b645dd1,1789772912.000,4,0
1789772916.224,14,fcb01e5a-6af1-4a5a-89d8-94282f6c7813,1789772913.000,21,0
1789772916.795,2,fcb01e5a-6af1-4a5a-89d8-94282f6c7813,1789772913.000,21,1
1789772916.795,2,bad07983-7c4f-4eea-8600-cd2428dbbc0e,1789772914.000,23,0
1789772916.849,17,fcb01e5a-6af1-4a5a-89d8-94282f6c7813,1789772913.000,21,1
1789772916.849,17,bad07983-7c4f-4eea-8600-cd2428dbbc0e,1789772914.000,23,0
1789772917.006,3,fcb01e5a-6af1-4a5a-89d8-94282f6c7813,1789772913.000,21,1
1789772917.006,3,bad07983-7c4f-4eea-8600-cd2428dbbc0e,1789772914.000,23,0
1789772917.036,18,fcb01e5a-6af1-4a5a-89d8-94282f6c7813,1789772913.000,21,1
1789772917.036,18,bad07983-7c4f-4eea-8600-cd2428dbbc0e,1789772914.000,23,0
1789772917.174,4,fcb01e5a-6af1-4a5a-89d8-94282f6c7813,1789772913.000,21,1
1789772917.174,4,bad07983-7c4f-4eea-8600-cd2428dbbc0e,1789772914.000,23,0
1789772917.227,19,fcb01e5a-6af1-4a5a-89d8-94282f6c7813,1789772913.000,21,1
1789772917.227,19,bad07983-7c4f-4eea-8600-cd2428dbbc0e,1789772914.000,23,0
1789772917.362,15,fcb01e5a-6af1-4a5a-89d8-94282f6c7813,1788977313.000,21,1
1789772917.362,15,bad07983-7c4f-4eea-8600-cd2428dbbc0e,1789772914.000,23,0
1789772917.362,5,fcb01e5a-6af1-4a5a-89d8-94282f6c7813,-62144776287.000,21,1
1789772917.362,0,fcb01e5a-6af1-4a5a-89d8-94282f6c7813,,21,1
1789772917.362,5,bad07983-7c4f-4eea-8600-cd2428dbbc0e,1789772914.000,23,0
1789772917.362,0,bad07983-7c4f-4eea-8600-cd2428dbbc0e,1789772914.000,23,0
1789772917.511,20,fcb01e5a-6af1-4a5a-89d8-94282f6c7813,1789772913.000,21,1
1789772917.511,20,bad07983-7c4f-4eea-8600-cd2428dbbc0e,1789772914.000,23,0
1789772917.511,1,fcb01e5a-6af1-4a5a-89d8-94282f6c7813,1789772913.000,21,1
1789772917.511,1,bad07983-7c4f-4eea-8600-cd2428dbbc0e,1789772914.000,23,0
1789772917.511,6,fcb01e5a-6af1-4a5a-89d8-94282f6c7813,1789772913.000,21,1
1789772917.511,6,bad07983-7c4f-4eea-8600-cd2428dbbc0e,1789772914.000,23,0
1789772917.602,16,fcb01e5a-6af1-4a5a-89d8-94282f6c7813,1789772400.000,21,1
1789772917.602,21,bad07983-7c4f-4eea-8600-cd2428dbbc0e,1789772400.000,23,0
1789772917.602,16,bad07983-7c4f-4eea-8600-cd2428dbbc0e,1789772914.000,23,0
1789772917.801,7,fcb01e5a-6af1-4a5a-89d8-94282f6c7813,1789772913.000,21,1
1789772917.801,7,bad07983-7c4f-4eea-8600-cd2428dbbc0e,1789772914.000,23,0
1789772917.851,22,fcb01e5a-6af1-4a5a-89d8-94282f6c7813,1789772913.000,21,1
1789772917.851,22,bad07983-7c4f-4eea-8600-cd2428dbbc0e,1789772914.000,23,0
1789772918.011,8,fcb01e5a-6af1-4a5a-89d8-94282f6c7813,1789772913.000,21,1
1789772918.011,8,bad07983-7c4f-4eea-8600-cd2428dbbc0e,1789772914.000,23,0
1789772918.038,23,fcb01e5a-6af1-4a5a-89d8-94282f6c7813,1789772913.000,21,1
1789772918.178,9,fcb01e5a-6af1-4a5a-89d8-94282f6c7813,1789772913.000,21,1
1789772918.178,9,bad07983-7c4f-4eea-8600-cd2428dbbc0e,1789772914.000,23,0
1789772918.231,24,fcb01e5a-6af1-4a5a-89d8-94282f6c7813,1789772913.000,21,1
1789772918.231,24,bad07983-7c4f-4eea-8600-cd2428dbbc0e,1789772914.000,23,0
1789772918.364,10,fcb01e5a-6af1-4a5a-89d8-94282f6c7813,1789772913.000,21,1
1789772918.364,10,bad07983-7c4f-4eea-8600-cd2428dbbc0e,1789772914.000,23,0
1789772918.607,11,fcb01e5a-6af1-4a5a-89d8-94282f6c7813,1789772913.000,21,1
1789772918.607,11,bad07983-7c4f-4eea-8600-cd2428dbbc0e,1789772914.000,23,0
1789772918.802,12,fcb01e5a-6af1-4a5a-89d8-94282f6c7813,1789772913.000,21,1
1789772918.802,12,bad07983-7c4f-4eea-8600-cd2428dbbc0e,1789772914.000,23,0
1789772919.013,13,fcb01e5a-6af1-4a5a-89d8-94282f6c7813,1789772913.000,21,1
1789772919.013,13,bad07983-7c4f-4eea-8600-cd2428dbbc0e,1789772914.000,23,0
1789772919.232,14,fcb01e5a-6af1-4a5a-89d8-94282f6c7813,1789772913.000,21,1
1789772919.232,14,bad07983-7c4f-4eea-8600-cd2428dbbc0e,1789772914.000,23,0
1789772919.610,16,70a4d682-c15c-46b3-9195-bcb2ef478d19,1789772917.000,0,0
1789772919.610,16,a8207733-1613-4fc2-9b4e-b6950de80d30,1789772917.000,2,0
1789772919.610,16,7edd4553-b760-4d0d-839b-96eb8d070d68,1789772918.000,19,0
1789772919.806,2,70a4d682-c15c-46b3-9195-bcb2ef478d19,1789772917.000,0,0
1789772919.806,2,7edd4553-b760-4d0d-839b-96eb8d070d68,1789772918.000,19,0
1789772919.861,17,70a4d682-c15c-46b3-9195-bcb2ef478d19,1789772917.000,0,0
1789772919.861,17,a8207733-1613-4fc2-9b4e-b6950de80d30,1789772917.000,2,0
1789772919.861,17,7edd4553-b760-4d0d-839b-96eb8d070d68,1789772918.000,19,0
1789772920.014,3,70a4d682-c15c-46b3-9195-bcb2ef478d19,1789772917.000,0,0
1789772920.014,3,a8207733-1613-4fc2-9b4e-b6950de80d30,1789772917.000,2,0
1789772920.014,3,7edd4553-b760-4d0d-839b-96eb8d070d68,1789772918.000,19,0
1789772920.041,18,70a4d682-c15c-46b3-9195-bcb2ef478d19,1789772917.000,0,0
1789772920.041,18,a8207733-1613-4fc2-9b4e-b6950de80d30,1789772917.000,2,0
1789772920.041,18,7edd4553-b760-4d0d-839b-96eb8d070d68,1789772918.000,19,0
1789772920.186,4,70a4d682-c15c-46b3-9195-bcb2ef478d19,1789772917.000,0,0
1789772920.186,4,a8207733-1613-4fc2-9b4e-b6950de80d30,1789772917.000,2,0
1789772920.186,4,7edd4553-b760-4d0d-839b-96eb8d070d68,1789772918.000,19,0
1789772920.235,19,70a4d682-c15c-46b3-9195-bcb2ef478d19,1789772917.000,0,0
1789772920.235,19,a8207733-1613-4fc2-9b4e-b6950de80d30,1789772917.000,2,0
1789772920.371,15,70a4d682-c15c-46b3-9195-bcb2ef478d19,1789723417.000,0,0
1789772920.371,5,70a4d682-c15c-46b3-9195-bcb2ef478d19,,0,0
1789772920.371,5,a8207733-1613-4fc2-9b4e-b6950de80d30,1789772917.000,2,0
1789772920.371,0,a8207733-1613-4fc2-9b4e-b6950de80d30,1789772917.000,2,0
1789772920.371,15,a8207733-1613-4fc2-9b4e-b6950de80d30,,2,0
1789772920.371,5,7edd4553-b760-4d0d-839b-96eb8d070d68,1789772918.000,19,0
1789772920.371,15,7edd4553-b760-4d0d-839b-96eb8d070d68,1789772918.000,19,0
1789772920.371,0,7edd4553-b760-4d0d-839b-96eb8d070d68,1789772918.000,19,0
1789772920.523,6,70a4d682-c15c-46b3-9195-bcb2ef478d19,1789772917.000,0,0
1789772920.523,1,70a4d682-c15c-46b3-9195-bcb2ef478d19,1789772917.000,0,0
1789772920.523,6,a8207733-1613-4fc2-9b4e-b6950de80d30,1789772917.000,2,0
1789772920.523,20,70a4d682-c15c-46b3-9195-bcb2ef478d19,1789772917.000,0,0
1789772920.523,6,7edd4553-b760-4d0d-839b-96eb8d070d68,1789772918.000,19,0
1789772920.523,1,a8207733-1613-4fc2-9b4e-b6950de80d30,1789772917.000,2,0
1789772920.523,20,a8207733-1613-4fc2-9b4e-b6950de80d30,1789772917.000,2,0
1789772920.523,1,7edd4553-b760-4d0d-839b-96eb8d070d68,1789772918.000,19,0
1789772920.523,20,7edd4553-b760-4d0d-839b-96eb8d070d68,1789772918.000,19,0
1789772920.611,21,70a4d682-c15c-46b3-9195-bcb2ef478d19,1789772917.000,0,0
1789772920.611,21,a8207733-1613-4fc2-9b4e-b6950de80d30,1789772917.000,2,0
1789772920.611,21,7edd4553-b760-4d0d-839b-96eb8d070d68,1789772918.000,19,0
1789772920.806,7,70a4d682-c15c-46b3-9195-bcb2ef478d19,1789772917.000,0,0
1789772920.806,7,a8207733-1613-4fc2-9b4e-b6950de80d30,1789772917.000,2,0
1789772920.806,7,7edd4553-b760-4d0d-839b-96eb8d070d68,1789772918.000,19,0
1789772920.865,22,70a4d682-c15c-46b3-9195-bcb2ef478d19,1789772917.000,0,0
1789772920.865,22,a8207733-1613-4fc2-9b4e-b6950de80d30,1789772917.000,2,0
1789772920.865,22,7edd4553-b760-4d0d-839b-96eb8d070d68,1789772918.000,19,0
1789772921.017,8,70a4d682-c15c-46b3-9195-bcb2ef478d19,1789772917.000,0,0
1789772921.017,8,a8207733-1613-4fc2-9b4e-b6950de80d30,1789772917.000,2,0
1789772921.017,8,7edd4553-b760-4d0d-839b-96eb8d070d68,1789772918.000,19,0
1789772921.046,23,70a4d682-c15c-46b3-9195-bcb2ef478d19,1789772917.000,0,0
1789772921.046,23,a8207733-1613-4fc2-9b4e-b6950de80d30,1789772917.000,2,0
1789772921.046,23,7edd4553-b760-4d0d-839b-96eb8d070d68,1789772918.000,19,0
1789772921.188,9,70a4d682-c15c-46b3-9195-bcb2ef478d19,1789772917.000,0,0
1789772921.188,9,a8207733-1613-4fc2-9b4e-b6950de80d30,1789772917.000,2,0
1789772921.188,9,7edd4553-b760-4d0d-839b-96eb8d070d68,1789772918.000,19,0
1789772921.240,24,70a4d682-c15c-46b3-9195-bcb2ef478d19,1789772917.000,0,0
1789772921.240,24,a8207733-1613-4fc2-9b4e-b6950de80d30,1789772917.000,2,0
1789772921.240,24,7edd4553-b760-4d0d-839b-96eb8d070d68,1789772918.000,19,0
1789772921.375,10,70a4d682-c15c-46b3-9195-bcb2ef478d19,1789772917.000,0,0
1789772921.375,10,a8207733-1613-4fc2-9b4e-b6950de80d30,1789772917.000,2,0
1789772921.375,10,7edd4553-b760-4d0d-839b-96eb8d070d68,1789772918.000,19,0
1789772921.613,11,70a4d682-c15c-46b3-9195-bcb2ef478d19,1789772917.000,0,0
1789772921.613,11,a8207733-1613-4fc2-9b4e-b6950de80d30,1789772917.000,2,0
1789772921.613,11,7edd4553-b760-4d0d-839b-96eb8d070d68,1789772918.000,19,0
1789772921.806,12,70a4d682-c15c-46b3-9195-bcb2ef478d19,1789772917.000,0,0
1789772921.806,12,a8207733-1613-4fc2-9b4e-b6950de80d30,1789772917.000,2,0
1789772921.806,12,7edd4553-b760-4d0d-839b-96eb8d070d68,1789772918.000,19,0
1789772922.022,13,70a4d682-c15c-46b3-9195-bcb2ef478d19,1789772917.000,0,0
1789772922.022,13,a8207733-1613-4fc2-9b4e-b6950de80d30,1789772917.000,2,0
1789772922.022,13,7edd4553-b760-4d0d-839b-96eb8d070d68,1789772918.000,19,0
1789772922.242,14,70a4d682-c15c-46b3-9195-bcb2ef478d19,1789772917.000,0,0
1789772922.242,14,a8207733-1613-4fc2-9b4e-b6950de80d30,1789772917.000,2,0
1789772922.242,14,7edd4553-b760-4d0d-839b-96eb8d070d68,1789772918.000,19,0
1789772922.618,16,9eee7434-0685-4f24-8a2f-a4f103b23056,1789772921.000,11,0
1789772922.618,16,40a1b6a8-43bb-4f74-8ce4-94bebf190119,1789772921.000,17,0
1789772922.618,16,782f2369-964e-49d5-bb37-00d36c3377f5,1789772921.000,6,0
1789772922.809,2,9eee7434-0685-4f24-8a2f-a4f103b23056,1789772921.000,11,0
1789772922.809,2,40a1b6a8-43bb-4f74-8ce4-94bebf190119,1789772921.000,17,0
1789772922.809,2,782f2369-964e-49d5-bb37-00d36c3377f5,1789772921.000,6,0
1789772922.871,17,9eee7434-0685-4f24-8a2f-a4f103b23056,1789772921.000,11,0
1789772922.871,17,782f2369-964e-49d5-bb37-00d36c3377f5,1789772921.000,6,0
1789772923.026,3,9eee7434-0685-4f24-8a2f-a4f103b23056,1789772921.000,11,0
1789772923.026,3,40a1b6a8-43bb-4f74-8ce4-94bebf190119,1789772921.000,17,0
1789772923.026,3,782f2369-964e-49d5-bb37-00d36c3377f5,1789772921.000,6,0
1789772923.051,18,9eee7434-0685-4f24-8a2f-a4f103b23056,1789772921.000,11,0
1789772923.051,18,40a1b6a8-43bb-4f74-8ce4-94bebf190119,1789772921.000,17,0
1789772923.051,18,782f2369-964e-49d5-bb37-00d36c3377f5,1789772921.000,6,0
1789772923.196,4,9eee7434-0685-4f24-8a2f-a4f103b23056,1789772921.000,11,0
1789772923.196,4,40a1b6a8-43bb-4f74-8ce4-94bebf190119,1789772921.000,17,0
1789772923.196,4,782f2369-964e-49d5-bb37-00d36c3377f5,1789772921.000,6,0
1789772923.244,19,9eee7434-0685-4f24-8a2f-a4f103b23056,1789772921.000,11,0
1789772923.244,19,40a1b6a8-43bb-4f74-8ce4-94bebf190119,1789772921.000,17,0
1789772923.244,19,782f2369-964e-49d5-bb37-00d36c3377f5,1789772921.000,6,0
1789772923.377,0,9eee7434-0685-4f24-8a2f-a4f103b23056,1788995298.000,11,0
1789772923.377,5,9eee7434-0685-4f24-8a2f-a4f103b23056,,11,0
1789772923.377,15,9eee7434-0685-4f24-8a2f-a4f103b23056,,11,0
1789772923.377,0,40a1b6a8-43bb-4f74-8ce4-94bebf190119,1789772921.000,17,0
1789772923.377,5,40a1b6a8-43bb-4f74-8ce4-94bebf190119,1789772921.000,17,0
1789772923.377,0,782f2369-964e-49d5-bb37-00d36c3377f5,1789772921.000,6,0
1789772923.377,15,40a1b6a8-43bb-4f74-8ce4-94bebf190119,1789865021.000,17,0
1789772923.377,5,782f2369-964e-49d5-bb37-00d36c3377f5,1789772921.000,6,0
1789772923.377,15,782f2369-964e-49d5-bb37-00d36c3377f5,1789772921.000,6,0
1789772923.530,20,9eee7434-0685-4f24-8a2f-a4f103b23056,1789722521.000,11,0
1789772923.530,6,9eee7434-0685-4f24-8a2f-a4f103b23056,1789722521.000,11,0
1789772923.530,1,9eee7434-0685-4f24-8a2f-a4f103b23056,1027184022521.000,11,0
1789772923.530,1,40a1b6a8-43bb-4f74-8ce4-94bebf190119,1789772921.000,17,0
1789772923.530,20,40a1b6a8-43bb-4f74-8ce4-94bebf190119,1789772921.000,17,0
1789772923.530,6,40a1b6a8-43bb-4f74-8ce4-94bebf190119,1791760121.000,17,0
1789772923.530,20,782f2369-964e-49d5-bb37-00d36c3377f5,1791760121.000,6,0
1789772923.530,1,782f2369-964e-49d5-bb37-00d36c3377f5,,6,0
1789772923.620,21,9eee7434-0685-4f24-8a2f-a4f103b23056,1789772921.000,11,0
1789772923.620,21,40a1b6a8-43bb-4f74-8ce4-94bebf190119,1789772921.000,17,0
1789772923.620,21,782f2369-964e-49d5-bb37-00d36c3377f5,1789772921.000,6,0
1789772923.813,7,9eee7434-0685-4f24-8a2f-a4f103b23056,1789772921.000,11,0
1789772923.813,7,40a1b6a8-43bb-4f74-8ce4-94bebf190119,1789772921.000,17,0
1789772923.813,7,782f2369-964e-49d5-bb37-00d36c3377f5,1789772921.000,6,0
1789772923.876,22,9eee7434-0685-4f24-8a2f-a4f103b23056,1789772921.000,11,0
1789772923.876,22,40a1b6a8-43bb-4f74-8ce4-94bebf190119,1789772921.000,17,0
1789772923.876,22,782f2369-964e-49d5-bb37-00d36c3377f5,1789772921.000,6,0
1789772924.029,8,9eee7434-0685-4f24-8a2f-a4f103b23056,1789772921.000,11,0
1789772924.029,8,40a1b6a8-43bb-4f74-8ce4-94bebf190119,1789772921.000,17,0
1789772924.029,8,782f2369-964e-49d5-bb37-00d36c3377f5,1789772921.000,6,0
1789772924.055,23,9eee7434-0685-4f24-8a2f-a4f103b23056,1789772921.000,11,0
1789772924.055,23,40a1b6a8-43bb-4f74-8ce4-94bebf190119,1789772921.000,17,0
1789772924.055,23,782f2369-964e-49d5-bb37-00d36c3377f5,1789772921.000,6,0
1789772924.201,9,9eee7434-0685-4f24-8a2f-a4f103b23056,1789772921.000,11,0
1789772924.201,9,40a1b6a8-43bb-4f74-8ce4-94bebf190119,1789772921.000,17,0
1789772924.201,9,782f2369-964e-49d5-bb37-00d36c3377f5,1789772921.000,6,0
1789772924.248,24,9eee7434-0685-4f24-8a2f-a4f103b23056,1789772921.000,11,0
1789772924.248,24,40a1b6a8-43bb-4f74-8ce4-94bebf190119,1789772921.000,17,0
1789772924.248,24,782f2369-964e-49d5-bb37-00d36c3377f5,1789772921.000,6,0
1789772924.379,10,9eee7434-0685-4f24-8a2f-a4f103b23056,1789772921.000,11,0
1789772924.379,10,40a1b6a8-43bb-4f74-8ce4-94bebf190119,1789772921.000,17,0
1789772924.379,10,782f2369-964e-49d5-bb37-00d36c3377f5,1789772921.000,6,0
1789772924.625,11,40a1b6a8-43bb-4f74-8ce4-94bebf190119,1789772921.000,17,0
1789772924.625,11,782f2369-964e-49d5-bb37-00d36c3377f5,1789772921.000,6,0
1789772924.816,12,9eee7434-0685-4f24-8a2f-a4f103b23056,1789772921.000,11,0
1789772924.816,12,40a1b6a8-43bb-4f74-8ce4-94bebf190119,1789772921.000,17,0
1789772924.816,12,782f2369-964e-49d5-bb37-00d36c3377f5,1789772921.000,6,0
1789772925.034,13,9eee7434-0685-4f24-8a2f-a4f103b23056,1789772921.000,11,0
1789772925.034,13,40a1b6a8-43bb-4f74-8ce4-94bebf190119,1789772921.000,17,0
1789772925.034,13,782f2369-964e-49d5-bb37-00d36c3377f5,1789772921.000,6,0
1789772925.252,14,9eee7434-0685-4f24-8a2f-a4f103b23056,1789772921.000,11,0
1789772925.252,14,40a1b6a8-43bb-4f74-8ce4-94bebf190119,1789772921.000,17,0
1789772925.252,14,782f2369-964e-49d5-bb37-00d36c3377f5,1789772921.000,6,0
1789772925.537,1,034388ec-d185-4e9f-b4e0-4c7918b65a48,1789772923.000,10,0
1789772925.627,16,034388ec-d185-4e9f-b4e0-4c7918b65a48,1789772923.000,10,0
1789772925.819,2,034388ec-d185-4e9f-b4e0-4c7918b65a48,1789772923.000,10,0
1789772925.885,17,034388ec-d185-4e9f-b4e0-4c7918b65a48,1789772923.000,10,0
1789772926.038,3,034388ec-d185-4e9f-b4e0-4c7918b65a48,1789772923.000,10,0
1789772926.061,18,034388ec-d185-4e9f-b4e0-4c7918b65a48,1789772923.000,10,0
1789772926.207,4,034388ec-d185-4e9f-b4e0-4c7918b65a48,1789772923.000,10,0
1789772926.254,19,034388ec-d185-4e9f-b4e0-4c7918b65a48,1789772923.000,10,0
1789772926.385,5,034388ec-d185-4e9f-b4e0-4c7918b65a48,1789754923.000,10,0
1789772926.385,15,034388ec-d185-4e9f-b4e0-4c7918b65a48,,10,0
1789772926.385,0,034388ec-d185-4e9f-b4e0-4c7918b65a48,1789772923.000,10,0
1789772926.540,20,034388ec-d185-4e9f-b4e0-4c7918b65a48,1789718923.000,10,0
1789772926.540,6,034388ec-d185-4e9f-b4e0-4c7918b65a48,,10,0
1789772926.628,21,034388ec-d185-4e9f-b4e0-4c7918b65a48,1789772923.000,10,0
1789772926.823,7,034388ec-d185-4e9f-b4e0-4c7918b65a48,1789772923.000,10,0
1789772926.890,22,034388ec-d185-4e9f-b4e0-4c7918b65a48,1789772923.000,10,0
1789772927.039,8,034388ec-d185-4e9f-b4e0-4c7918b65a48,1789772923.000,10,0
1789772927.064,23,034388ec-d185-4e9f-b4e0-4c7918b65a48,1789772923.000,10,0
1789772927.213,9,034388ec-d185-4e9f-b4e0-4c7918b65a48,1789772923.000,10,0
1789772927.258,24,034388ec-d185-4e9f-b4e0-4c7918b65a48,1789772923.000,10,0
1789772927.632,11,034388ec-d185-4e9f-b4e0-4c7918b65a48,1789772923.000,10,0
1789772927.824,12,034388ec-d185-4e9f-b4e0-4c7918b65a48,1789772923.000,10,0
1789772928.039,13,034388ec-d185-4e9f-b4e0-4c7918b65a48,1789772923.000,10,0
1789772928.260,14,034388ec-d185-4e9f-b4e0-4c7918b65a48,1789772923.000,10,0
1789772928.543,1,68cd61e3-369a-4c79-a764-e96b02148199,1789772927.000,16,0
1789772928.543,1,6a954026-e167-465b-89bb-e0050b9d27c7,1789772928.000,8,0
1789772928.637,16,6a954026-e167-465b-89bb-e0050b9d27c7,1789772928.000,8,0
1789772928.827,2,68cd61e3-369a-4c79-a764-e96b02148199,1789772927.000,16,0
1789772928.827,2,6a954026-e167-465b-89bb-e0050b9d27c7,1789772928.000,8,0
1789772928.895,17,68cd61e3-369a-4c79-a764-e96b02148199,1789772927.000,16,0
1789772928.895,17,6a954026-e167-465b-89bb-e0050b9d27c7,1789772928.000,8,0
1789772929.039,3,68cd61e3-369a-4c79-a764-e96b02148199,1789772927.000,16,0
1789772929.039,3,6a954026-e167-465b-89bb-e0050b9d27c7,1789772928.000,8,0
1789772929.073,18,68cd61e3-369a-4c79-a764-e96b02148199,1789772927.000,16,0
1789772929.073,18,6a954026-e167-465b-89bb-e0050b9d27c7,1789772928.000,8,0
1789772929.219,4,68cd61e3-369a-4c79-a764-e96b02148199,1789772927.000,16,0
1789772929.219,4,6a954026-e167-465b-89bb-e0050b9d27c7,1789772928.000,8,0
1789772929.263,19,68cd61e3-369a-4c79-a764-e96b02148199,1789772927.000,16,0
1789772929.263,19,6a954026-e167-465b-89bb-e0050b9d27c7,1789772928.000,8,0
1789772929.396,15,68cd61e3-369a-4c79-a764-e96b02148199,1789821827.000,16,0
1789772929.396,15,6a954026-e167-465b-89bb-e0050b9d27c7,1789772928.000,8,0
1789772929.396,5,68cd61e3-369a-4c79-a764-e96b02148199,,16,0
1789772929.396,5,6a954026-e167-465b-89bb-e0050b9d27c7,1789772928.000,8,0
1789772929.396,0,68cd61e3-369a-4c79-a764-e96b02148199,,16,0
1789772929.396,0,6a954026-e167-465b-89bb-e0050b9d27c7,1789772928.000,8,0
1789772929.546,20,68cd61e3-369a-4c79-a764-e96b02148199,1789772927.000,16,0
1789772929.546,6,68cd61e3-369a-4c79-a764-e96b02148199,1789772927.000,16,0
1789772929.546,20,6a954026-e167-465b-89bb-e0050b9d27c7,1789772928.000,8,0
1789772929.546,6,6a954026-e167-465b-89bb-e0050b9d27c7,1789772928.000,8,0
1789772929.638,21,68cd61e3-369a-4c79-a764-e96b02148199,1789772927.000,16,0
1789772929.638,21,6a954026-e167-465b-89bb-e0050b9d27c7,1789772928.000,8,0
1789772929.832,7,68cd61e3-369a-4c79-a764-e96b02148199,1789772927.000,16,0
1789772929.832,7,6a954026-e167-465b-89bb-e0050b9d27c7,1789772928.000,8,0
1789772929.897,22,68cd61e3-369a-4c79-a764-e96b02148199,1789772927.000,16,0
1789772929.897,22,6a954026-e167-465b-89bb-e0050b9d27c7,1789772928.000,8,0
1789772930.040,8,68cd61e3-369a-4c79-a764-e96b02148199,1789772927.000,16,0
1789772930.077,23,68cd61e3-369a-4c79-a764-e96b02148199,1789772927.000,16,0
1789772930.077,23,6a954026-e167-465b-89bb-e0050b9d27c7,1789772928.000,8,0
1789772930.224,9,68cd61e3-369a-4c79-a764-e96b02148199,1789772927.000,16,0
1789772930.224,9,6a954026-e167-465b-89bb-e0050b9d27c7,1789772928.000,8,0
1789772930.267,24,68cd61e3-369a-4c79-a764-e96b02148199,1789772927.000,16,0
1789772930.267,24,6a954026-e167-465b-89bb-e0050b9d27c7,1789772928.000,8,0
1789772930.400,10,68cd61e3-369a-4c79-a764-e96b02148199,1789772927.000,16,0
1789772930.400,10,6a954026-e167-465b-89bb-e0050b9d27c7,1789772928.000,8,0
1789772930.640,11,68cd61e3-369a-4c79-a764-e96b02148199,1789772927.000,16,0
1789772930.640,11,6a954026-e167-465b-89bb-e0050b9d27c7,1789772928.000,8,0
1789772930.837,12,68cd61e3-369a-4c79-a764-e96b02148199,1789772927.000,16,0
1789772930.837,12,6a954026-e167-465b-89bb-e0050b9d27c7,1789772928.000,8,0
1789772931.042,13,68cd61e3-369a-4c79-a764-e96b02148199,1789772927.000,16,0
1789772931.042,13,6a954026-e167-465b-89bb-e0050b9d27c7,1789772928.000,8,0
1789772931.271,14,68cd61e3-369a-4c79-a764-e96b02148199,1789772927.000,16,0
1789772931.271,14,6a954026-e167-465b-89bb-e0050b9d27c7,1789772928.000,8,0
1789772931.643,16,6a954026-e167-465b-89bb-e0050b9d27c7,1789772928.000,8,1
1789772931.643,16,569e75cd-567f-4a53-8402-6d536a835e95,1789772929.000,12,0
1789772931.643,16,aa0660dd-0efe-43d7-b2e9-77b6bd6f45f8,1789772929.000,20,0
1789772931.643,16,4e787641-4027-4341-b4a4-2c0bb079993d,1789772931.000,3,0
1789772931.837,2,6a954026-e167-465b-89bb-e0050b9d27c7,1789772928.000,8,1
1789772931.837,2,569e75cd-567f-4a53-8402-6d536a835e95,1789772929.000,12,0
1789772931.837,2,aa0660dd-0efe-43d7-b2e9-77b6bd6f45f8,1789772929.000,20,0
1789772931.837,2,4e787641-4027-4341-b4a4-2c0bb079993d,1789772931.000,3,0
1789772931.904,17,6a954026-e167-465b-89bb-e0050b9d27c7,1789772928.000,8,1
1789772931.904,17,569e75cd-567f-4a53-8402-6d536a835e95,1789772929.000,12,0
1789772931.904,17,aa0660dd-0efe-43d7-b2e9-77b6bd6f45f8,1789772929.000,20,0
1789772931.904,17,4e787641-4027-4341-b4a4-2c0bb079993d,1789772931.000,3,0
1789772932.043,3,6a954026-e167-465b-89bb-e0050b9d27c7,1789772928.000,8,1
1789772932.043,3,569e75cd-567f-4a53-8402-6d536a835e95,1789772929.000,12,0
1789772932.043,3,aa0660dd-0efe-43d7-b2e9-77b6bd6f45f8,1789772929.000,20,0
1789772932.080,18,6a954026-e167-465b-89bb-e0050b9d27c7,1789772928.000,8,1
1789772932.080,18,569e75cd-567f-4a53-8402-6d536a835e95,1789772929.000,12,0
1789772932.080,18,aa0660dd-0efe-43d7-b2e9-77b6bd6f45f8,1789772929.000,20,0
1789772932.080,18,4e787641-4027-4341-b4a4-2c0bb079993d,1789772931.000,3,0
1789772932.230,4,6a954026-e167-465b-89bb-e0050b9d27c7,1789772928.000,8,1
1789772932.230,4,569e75cd-567f-4a53-8402-6d536a835e95,1789772929.000,12,0
1789772932.230,4,aa0660dd-0efe-43d7-b2e9-77b6bd6f45f8,1789772929.000,20,0
1789772932.230,4,4e787641-4027-4341-b4a4-2c0bb079993d,1789772931.000,3,0
1789772932.275,19,6a954026-e167-465b-89bb-e0050b9d27c7,1789772928.000,8,1
1789772932.275,19,569e75cd-567f-4a53-8402-6d536a835e95,1789772929.000,12,0
1789772932.275,19,aa0660dd-0efe-43d7-b2e9-77b6bd6f45f8,1789772929.000,20,0
1789772932.275,19,4e787641-4027-4341-b4a4-2c0bb079993d,1789772931.000,3,0
1789772932.403,15,6a954026-e167-465b-89bb-e0050b9d27c7,1789772928.000,8,1
1789772932.403,15,569e75cd-567f-4a53-8402-6d536a835e95,1789772929.000,12,0
1789772932.403,15,aa0660dd-0efe-43d7-b2e9-77b6bd6f45f8,1789772929.000,20,0
1789772932.403,15,4e787641-4027-4341-b4a4-2c0bb079993d,1789772931.000,3,0
1789772932.405,0,6a954026-e167-465b-89bb-e0050b9d27c7,1789772928.000,8,1
1789772932.405,0,569e75cd-567f-4a53-8402-6d536a835e95,1789772929.000,12,0
1789772932.405,0,aa0660dd-0efe-43d7-b2e9-77b6bd6f45f8,1789772929.000,20,0
1789772932.405,0,4e787641-4027-4341-b4a4-2c0bb079993d,1789772931.000,3,0
1789772932.405,5,6a954026-e167-465b-89bb-e0050b9d27c7,1789772928.000,8,1
1789772932.405,5,569e75cd-567f-4a53-8402-6d536a835e95,1789772929.000,12,0
1789772932.405,5,aa0660dd-0efe-43d7-b2e9-77b6bd6f45f8,1789772929.000,20,0
1789772932.405,5,4e787641-4027-4341-b4a4-2c0bb079993d,1789772931.000,3,0
1789772932.558,6,6a954026-e167-465b-89bb-e0050b9d27c7,,8,1
1789772932.558,1,6a954026-e167-465b-89bb-e0050b9d27c7,-35383913472.000,8,1
1789772932.558,6,569e75cd-567f-4a53-8402-6d536a835e95,1789772929.000,12,0
1789772932.558,1,569e75cd-567f-4a53-8402-6d536a835e95,1789772929.000,12,0
1789772932.558,6,aa0660dd-0efe-43d7-b2e9-77b6bd6f45f8,1789772929.000,20,0
1789772932.558,1,aa0660dd-0efe-43d7-b2e9-77b6bd6f45f8,1789772929.000,20,0
1789772932.558,6,4e787641-4027-4341-b4a4-2c0bb079993d,1789772931.000,3,0
1789772932.558,1,4e787641-4027-4341-b4a4-2c0bb079993d,1789772931.000,3,0
1789772932.558,20,6a954026-e167-465b-89bb-e0050b9d27c7,,8,1
1789772932.558,20,569e75cd-567f-4a53-8402-6d536a835e95,1789772929.000,12,0
1789772932.558,20,4e787641-4027-4341-b4a4-2c0bb079993d,1789772931.000,3,0
1789772932.648,21,6a954026-e167-465b-89bb-e0050b9d27c7,1789772928.000,8,1
1789772932.648,21,569e75cd-567f-4a53-8402-6d536a835e95,1789772929.000,12,0
1789772932.648,21,aa0660dd-0efe-43d7-b2e9-77b6bd6f45f8,1789772929.000,20,0
1789772932.648,21,4e787641-4027-4341-b4a4-2c0bb079993d,1789772931.000,3,0
1789772932.841,7,6a954026-e167-465b-89bb-e0050b9d27c7,1789772928.000,8,1
1789772932.841,7,569e75cd-567f-4a53-8402-6d536a835e95,1789772929.000,12,0
1789772932.841,7,aa0660dd-0efe-43d7-b2e9-77b6bd6f45f8,1789772929.000,20,0
1789772932.841,7,4e787641-4027-4341-b4a4-2c0bb079993d,1789772931.000,3,0
1789772932.908,22,6a954026-e167-465b-89bb-e0050b9d27c7,1789772928.000,8,1
1789772932.908,22,569e75cd-567f-4a53-8402-6d536a835e95,1789772929.000,12,0
1789772932.908,22,aa0660dd-0efe-43d7-b2e9-77b6bd6f45f8,1789772929.000,20,0
1789772932.908,22,4e787641-4027-4341-b4a4-2c0bb079993d,1789772931.000,3,0
1789772933.047,8,569e75cd-567f-4a53-8402-6d536a835e95,1789772929.000,12,0
1789772933.047,8,aa0660dd-0efe-43d7-b2e9-77b6bd6f45f8,1789772929.000,20,0
1789772933.047,8,4e787641-4027-4341-b4a4-2c0bb079993d,1789772931.000,3,0
1789772933.083,23,6a954026-e167-465b-89bb-e0050b9d27c7,1789772928.000,8,1
1789772933.083,23,569e75cd-567f-4a53-8402-6d536a835e95,1789772929.000,12,0
1789772933.083,23,aa0660dd-0efe-43d7-b2e9-77b6bd6f45f8,1789772929.000,20,0
1789772933.083,23,4e787641-4027-4341-b4a4-2c0bb079993d,1789772931.000,3,0
1789772933.232,9,6a954026-e167-465b-89bb-e0050b9d27c7,1789772928.000,8,1
1789772933.232,9,569e75cd-567f-4a53-8402-6d536a835e95,1789772929.000,12,0
1789772933.232,9,aa0660dd-0efe-43d7-b2e9-77b6bd6f45f8,1789772929.000,20,0
1789772933.232,9,4e787641-4027-4341-b4a4-2c0bb079993d,1789772931.000,3,0
1789772933.275,24,6a954026-e167-465b-89bb-e0050b9d27c7,1789772928.000,8,1
1789772933.275,24,569e75cd-567f-4a53-8402-6d536a835e95,1789772929.000,12,0
1789772933.275,24,aa0660dd-0efe-43d7-b2e9-77b6bd6f45f8,1789772929.000,20,0
1789772933.275,24,4e787641-4027-4341-b4a4-2c0bb079993d,1789772931.000,3,0
1789772933.408,10,6a954026-e167-465b-89bb-e0050b9d27c7,1789772928.000,8,1
1789772933.408,10,569e75cd-567f-4a53-8402-6d536a835e95,1789772929.000,12,0
1789772933.408,10,aa0660dd-0efe-43d7-b2e9-77b6bd6f45f8,1789772929.000,20,0
1789772933.408,10,4e787641-4027-4341-b4a4-2c0bb079993d,1789772931.000,3,0
1789772933.654,11,6a954026-e167-465b-89bb-e0050b9d27c7,1789772928.000,8,1
1789772933.654,11,569e75cd-567f-4a53-8402-6d536a835e95,1789772929.000,12,0
1789772933.654,11,aa0660dd-0efe-43d7-b2e9-77b6bd6f45f8,1789772929.000,20,0
1789772933.654,11,4e787641-4027-4341-b4a4-2c0bb079993d,1789772931.000,3,0
1789772933.843,12,6a954026-e167-465b-89bb-e0050b9d27c7,1789772928.000,8,1
1789772933.843,12,aa0660dd-0efe-43d7-b2e9-77b6bd6f45f8,1789772929.000,20,0
1789772933.843,12,4e787641-4027-4341-b4a4-2c0bb079993d,1789772931.000,3,0
1789772934.052,13,6a954026-e167-465b-89bb-e0050b9d27c7,1789772928.000,8,1
1789772934.052,13,569e75cd-567f-4a53-8402-6d536a835e95,1789772929.000,12,0
1789772934.052,13,aa0660dd-0efe-43d7-b2e9-77b6bd6f45f8,1789772929.000,20,0
1789772934.052,13,4e787641-4027-4341-b4a4-2c0bb079993d,1789772931.000,3,0
1789772934.276,14,6a954026-e167-465b-89bb-e0050b9d27c7,1789772928.000,8,1
1789772934.276,14,569e75cd-567f-4a53-8402-6d536a835e95,1789772929.000,12,0
1789772934.276,14,aa0660dd-0efe-43d7-b2e9-77b6bd6f45f8,1789772929.000,20,0
1789772934.276,14,4e787641-4027-4341-b4a4-2c0bb079993d,1789772931.000,3,0
1789772934.657,16,5418e056-dbc1-4754-aca4-8c3051736bd6,1789772931.000,13,0
1789772934.657,16,3ac519a1-b196-42bc-8c7d-1a990d44c77d,1789772931.000,9,0
1789772934.657,16,4e787641-4027-4341-b4a4-2c0bb079993d,1789772931.000,3,1
1789772934.657,16,3d33f38d-22c1-487d-885b-ebfff031a8bb,1789772932.000,14,0
1789772934.657,16,07ae0aa4-edf2-4e22-a182-f72097d71ab2,1789772933.000,7,0
1789772934.657,16,d658684f-9722-4ffa-a10a-067b6d01bd0a,1789772933.000,1,0
1789772934.657,16,105b5dbf-b1fc-4365-951b-c147335c161d,1789772934.000,18,0
1789772934.843,2,5418e056-dbc1-4754-aca4-8c3051736bd6,1789772931.000,13,0
1789772934.843,2,3ac519a1-b196-42bc-8c7d-1a990d44c77d,1789772931.000,9,0
1789772934.843,2,4e787641-4027-4341-b4a4-2c0bb079993d,1789772931.000,3,1
1789772934.843,2,3d33f38d-22c1-487d-885b-ebfff031a8bb,1789772932.000,14,0
1789772934.843,2,07ae0aa4-edf2-4e22-a182-f72097d71ab2,1789772933.000,7,0
1789772934.843,2,d658684f-9722-4ffa-a10a-067b6d01bd0a,1789772933.000,1,0
1789772934.843,2,105b5dbf-b1fc-4365-951b-c147335c161d,1789772934.000,18,0
1789772934.913,17,5418e056-dbc1-4754-aca4-8c3051736bd6,1789772931.000,13,0
1789772934.913,17,3ac519a1-b196-42bc-8c7d-1a990d44c77d,1789772931.000,9,0
1789772934.913,17,4e787641-4027-4341-b4a4-2c0bb079993d,1789772931.000,3,1
1789772934.913,17,3d33f38d-22c1-487d-885b-ebfff031a8bb,1789772932.000,14,0
1789772934.913,17,07ae0aa4-edf2-4e22-a182-f72097d71ab2,1789772933.000,7,0
1789772934.913,17,d658684f-9722-4ffa-a10a-067b6d01bd0a,1789772933.000,1,0
1789772934.913,17,105b5dbf-b1fc-4365-951b-c147335c161d,1789772934.000,18,0
1789772935.054,3,5418e056-dbc1-4754-aca4-8c3051736bd6,1789772931.000,13,0
1789772935.054,3,3ac519a1-b196-42bc-8c7d-1a990d44c77d,1789772931.000,9,0
1789772935.054,3,3d33f38d-22c1-487d-885b-ebfff031a8bb,1789772932.000,14,0
1789772935.054,3,07ae0aa4-edf2-4e22-a182-f72097d71ab2,1789772933.000,7,0
1789772935.054,3,d658684f-9722-4ffa-a10a-067b6d01bd0a,1789772933.000,1,0
1789772935.054,3,105b5dbf-b1fc-4365-951b-c147335c161d,1789772934.000,18,0
1789772935.087,18,5418e056-dbc1-4754-aca4-8c3051736bd6,1789772931.000,13,0
1789772935.087,18,3ac519a1-b196-42bc-8c7d-1a990d44c77d,1789772931.000,9,0
1789772935.087,18,4e787641-4027-4341-b4a4-2c0bb079993d,1789772931.000,3,1
1789772935.087,18,3d33f38d-22c1-487d-885b-ebfff031a8bb,1789772932.000,14,0
1789772935.087,18,07ae0aa4-edf2-4e22-a182-f72097d71ab2,1789772933.000,7,0
1789772935.087,18,d658684f-9722-4ffa-a10a-067b6d01bd0a,1789772933.000,1,0
1789772935.238,4,5418e056-dbc1-4754-aca4-8c3051736bd6,1789772931.000,13,0
1789772935.238,4,3ac519a1-b196-42bc-8c7d-1a990d44c77d,1789772931.000,9,0
1789772935.238,4,4e787641-4027-4341-b4a4-2c0bb079993d,1789772931.000,3,1
1789772935.238,4,3d33f38d-22c1-487d-885b-ebfff031a8bb,1789772932.000,14,0
1789772935.238,4,07ae0aa4-edf2-4e22-a182-f72097d71ab2,1789772933.000,7,0
1789772935.238,4,d658684f-9722-4ffa-a10a-067b6d01bd0a,1789772933.000,1,0
1789772935.238,4,105b5dbf-b1fc-4365-951b-c147335c161d,1789772934.000,18,0
1789772935.280,19,5418e056-dbc1-4754-aca4-8c3051736bd6,1789772931.000,13,0
1789772935.280,19,3ac519a1-b196-42bc-8c7d-1a990d44c77d,1789772931.000,9,0
1789772935.280,19,4e787641-4027-4341-b4a4-2c0bb079993d,1789772931.000,3,1
1789772935.280,19,3d33f38d-22c1-487d-885b-ebfff031a8bb,1789772932.000,14,0
1789772935.280,19,07ae0aa4-edf2-4e22-a182-f72097d71ab2,1789772933.000,7,0
1789772935.280,19,d658684f-9722-4ffa-a10a-067b6d01bd0a,1789772933.000,1,0
1789772935.280,19,105b5dbf-b1fc-4365-951b-c147335c161d,1789772934.000,18,0
1789772935.413,15,5418e056-dbc1-4754-aca4-8c3051736bd6,-61836742235.000,13,0
1789772935.413,15,3ac519a1-b196-42bc-8c7d-1a990d44c77d,1789772931.000,9,0
1789772935.413,5,5418e056-dbc1-4754-aca4-8c3051736bd6,1789772931.000,13,0
1789772935.413,0,5418e056-dbc1-4754-aca4-8c3051736bd6,,13,0
1789772935.413,15,4e787641-4027-4341-b4a4-2c0bb079993d,1789772931.000,3,1
1789772935.413,0,3ac519a1-b196-42bc-8c7d-1a990d44c77d,1789772931.000,9,0
1789772935.413,15,3d33f38d-22c1-487d-885b-ebfff031a8bb,1789772932.000,14,0
1789772935.413,0,4e787641-4027-4341-b4a4-2c0bb079993d,1789772931.000,3,1
1789772935.413,0,3d33f38d-22c1-487d-885b-ebfff031a8bb,1789772932.000,14,0
1789772935.413,15,07ae0aa4-edf2-4e22-a182-f72097d71ab2,1789772933.000,7,0
1789772935.413,15,d658684f-9722-4ffa-a10a-067b6d01bd0a,1789772933.000,1,0
1789772935.413,5,3ac519a1-b196-42bc-8c7d-1a990d44c77d,1789772931.000,9,0
1789772935.413,0,07ae0aa4-edf2-4e22-a182-f72097d71ab2,1789772933.000,7,0
1789772935.413,15,105b5dbf-b1fc-4365-951b-c147335c161d,1789772934.000,18,0
1789772935.413,0,d658684f-9722-4ffa-a10a-067b6d01bd0a,1789772933.000,1,0
1789772935.413,5,4e787641-4027-4341-b4a4-2c0bb079993d,1789772931.000,3,1
1789772935.413,0,105b5dbf-b1fc-4365-951b-c147335c161d,1789772934.000,18,0
1789772935.413,5,3d33f38d-22c1-487d-885b-ebfff031a8bb,1789772932.000,14,0
1789772935.413,5,07ae0aa4-edf2-4e22-a182-f72097d71ab2,1789772933.000,7,0
1789772935.413,5,d658684f-9722-4ffa-a10a-067b6d01bd0a,1789772933.000,1,0
1789772935.413,5,105b5dbf-b1fc-4365-951b-c147335c161d,1789772934.000,18,0
1789772935.559,1,5418e056-dbc1-4754-aca4-8c3051736bd6,1789772931.000,13,0
1789772935.559,6,5418e056-dbc1-4754-aca4-8c3051736bd6,1789772931.000,13,0
1789772935.559,1,3ac519a1-b196-42bc-8c7d-1a990d44c77d,1789772931.000,9,0
1789772935.559,1,4e787641-4027-4341-b4a4-2c0bb079993d,1789772931.000,3,1
1789772935.559,1,3d33f38d-22c1-487d-885b-ebfff031a8bb,1789772932.000,14,0
1789772935.559,1,07ae0aa4-edf2-4e22-a182-f72097d71ab2,1789772933.000,7,0
1789772935.559,1,105b5dbf-b1fc-4365-951b-c147335c161d,1789772934.000,18,0
1789772935.559,6,3ac519a1-b196-42bc-8c7d-1a990d44c77d,1789772931.000,9,0
1789772935.559,6,4e787641-4027-4341-b4a4-2c0bb079993d,1789772931.000,3,1
1789772935.559,6,3d33f38d-22c1-487d-885b-ebfff031a8bb,1789772932.000,14,0
1789772935.559,6,07ae0aa4-edf2-4e22-a182-f72097d71ab2,1789772933.000,7,0
1789772935.559,6,d658684f-9722-4ffa-a10a-067b6d01bd0a,1789772933.000,1,0
1789772935.559,6,105b5dbf-b1fc-4365-951b-c147335c161d,1789772934.000,18,0
1789772935.559,20,5418e056-dbc1-4754-aca4-8c3051736bd6,1789772931.000,13,0
1789772935.559,20,3ac519a1-b196-42bc-8c7d-1a990d44c77d,1789772931.000,9,0
1789772935.559,20,4e787641-4027-4341-b4a4-2c0bb079993d,1789772931.000,3,1
1789772935.559,20,3d33f38d-22c1-487d-885b-ebfff031a8bb,1789772932.000,14,0
1789772935.559,20,07ae0aa4-edf2-4e22-a182-f72097d71ab2,1789772933.000,7,0
1789772935.559,20,d658684f-9722-4ffa-a10a-067b6d01bd0a,1789772933.000,1,0
1789772935.559,20,105b5dbf-b1fc-4365-951b-c147335c161d,1789772934.000,18,0
1789772935.662,21,5418e056-dbc1-4754-aca4-8c3051736bd6,1789772931.000,13,0
1789772935.662,21,3ac519a1-b196-42bc-8c7d-1a990d44c77d,1789772931.000,9,0
1789772935.662,21,4e787641-4027-4341-b4a4-2c0bb079993d,1789772931.000,3,1
1789772935.662,21,3d33f38d-22c1-487d-885b-ebfff031a8bb,1789772932.000,14,0
1789772935.662,21,07ae0aa4-edf2-4e22-a182-f72097d71ab2,1789772933.000,7,0
1789772935.662,21,d658684f-9722-4ffa-a10a-067b6d01bd0a,1789772933.000,1,0
1789772935.662,21,105b5dbf-b1fc-4365-951b-c147335c161d,1789772934.000,18,0
1789772935.847,7,5418e056-dbc1-4754-aca4-8c3051736bd6,1789772931.000,13,0
1789772935.847,7,3ac519a1-b196-42bc-8c7d-1a990d44c77d,1789772931.000,9,0
1789772935.847,7,4e787641-4027-4341-b4a4-2c0bb079993d,1789772931.000,3,1
1789772935.847,7,3d33f38d-22c1-487d-885b-ebfff031a8bb,1789772932.000,14,0
1789772935.847,7,d658684f-9722-4ffa-a10a-067b6d01bd0a,1789772933.000,1,0
1789772935.847,7,105b5dbf-b1fc-4365-951b-c147335c161d,1789772934.000,18,0
1789772935.914,22,5418e056-dbc1-4754-aca4-8c3051736bd6,1789772931.000,13,0
1789772935.914,22,3ac519a1-b196-42bc-8c7d-1a990d44c77d,1789772931.000,9,0
1789772935.914,22,4e787641-4027-4341-b4a4-2c0bb079993d,1789772931.000,3,1
1789772935.914,22,3d33f38d-22c1-487d-885b-ebfff031a8bb,1789772932.000,14,0
1789772935.914,22,07ae0aa4-edf2-4e22-a182-f72097d71ab2,1789772933.000,7,0
1789772935.914,22,d658684f-9722-4ffa-a10a-067b6d01bd0a,1789772933.000,1,0
1789772935.914,22,105b5dbf-b1fc-4365-951b-c147335c161d,1789772934.000,18,0
1789772936.058,8,5418e056-dbc1-4754-aca4-8c3051736bd6,1789772931.000,13,0
1789772936.058,8,3ac519a1-b196-42bc-8c7d-1a990d44c77d,1789772931.000,9,0
1789772936.058,8,4e787641-4027-4341-b4a4-2c0bb079993d,1789772931.000,3,1
1789772936.058,8,3d33f38d-22c1-487d-885b-ebfff031a8bb,1789772932.000,14,0
1789772936.058,8,07ae0aa4-edf2-4e22-a182-f72097d71ab2,1789772933.000,7,0
1789772936.058,8,d658684f-9722-4ffa-a10a-067b6d01bd0a,1789772933.000,1,0
1789772936.058,8,105b5dbf-b1fc-4365-951b-c147335c161d,1789772934.000,18,0
1789772936.091,23,5418e056-dbc1-4754-aca4-8c3051736bd6,1789772931.000,13,0
1789772936.091,23,3ac519a1-b196-42bc-8c7d-1a990d44c77d,1789772931.000,9,0
1789772936.091,23,4e787641-4027-4341-b4a4-2c0bb079993d,1789772931.000,3,1
1789772936.091,23,3d33f38d-22c1-487d-885b-ebfff031a8bb,1789772932.000,14,0
1789772936.091,23,07ae0aa4-edf2-4e22-a182-f72097d71ab2,1789772933.000,7,0
1789772936.091,23,d658684f-9722-4ffa-a10a-067b6d01bd0a,1789772933.000,1,0
1789772936.091,23,105b5dbf-b1fc-4365-951b-c147335c161d,1789772934.000,18,0
1789772936.240,9,5418e056-dbc1-4754-aca4-8c3051736bd6,1789772931.000,13,0
1789772936.240,9,4e787641-4027-4341-b4a4-2c0bb079993d,1789772931.000,3,1
1789772936.240,9,3d33f38d-22c1-487d-885b-ebfff031a8bb,1789772932.000,14,0
1789772936.240,9,07ae0aa4-edf2-4e22-a182-f72097d71ab2,1789772933.000,7,0
1789772936.240,9,d658684f-9722-4ffa-a10a-067b6d01bd0a,1789772933.000,1,0
1789772936.240,9,105b5dbf-b1fc-4365-951b-c147335c161d,1789772934.000,18,0
1789772936.285,24,5418e056-dbc1-4754-aca4-8c3051736bd6,1789772931.000,13,0
1789772936.285,24,3ac519a1-b196-42bc-8c7d-1a990d44c77d,1789772931.000,9,0
1789772936.285,24,4e787641-4027-4341-b4a4-2c0bb079993d,1789772931.000,3,1
1789772936.285,24,3d33f38d-22c1-487d-885b-ebfff031a8bb,1789772932.000,14,0
1789772936.285,24,07ae0aa4-edf2-4e22-a182-f72097d71ab2,1789772933.000,7,0
1789772936.285,24,d658684f-9722-4ffa-a10a-067b6d01bd0a,1789772933.000,1,0
1789772936.285,24,105b5dbf-b1fc-4365-951b-c147335c161d,1789772934.000,18,0
1789772936.417,10,5418e056-dbc1-4754-aca4-8c3051736bd6,1789772931.000,13,0
1789772936.417,10,3ac519a1-b196-42bc-8c7d-1a990d44c77d,1789772931.000,9,0
1789772936.417,10,4e787641-4027-4341-b4a4-2c0bb079993d,1789772931.000,3,1
1789772936.417,10,3d33f38d-22c1-487d-885b-ebfff031a8bb,1789772932.000,14,0
1789772936.417,10,07ae0aa4-edf2-4e22-a182-f72097d71ab2,1789772933.000,7,0
1789772936.417,10,d658684f-9722-4ffa-a10a-067b6d01bd0a,1789772933.000,1,0
1789772936.417,10,105b5dbf-b1fc-4365-951b-c147335c161d,1789772934.000,18,0
1789772936.665,11,5418e056-dbc1-4754-aca4-8c3051736bd6,1789772931.000,13,0
1789772936.665,11,3ac519a1-b196-42bc-8c7d-1a990d44c77d,1789772931.000,9,0
1789772936.665,11,4e787641-4027-4341-b4a4-2c0bb079993d,1789772931.000,3,1
1789772936.665,11,3d33f38d-22c1-487d-885b-ebfff031a8bb,1789772932.000,14,0
1789772936.665,11,07ae0aa4-edf2-4e22-a182-f72097d71ab2,1789772933.000,7,0
1789772936.665,11,d658684f-9722-4ffa-a10a-067b6d01bd0a,1789772933.000,1,0
1789772936.665,11,105b5dbf-b1fc-4365-951b-c147335c161d,1789772934.000,18,0
1789772936.852,12,5418e056-dbc1-4754-aca4-8c3051736bd6,1789772931.000,13,0
1789772936.852,12,3ac519a1-b196-42bc-8c7d-1a990d44c77d,1789772931.000,9,0
1789772936.852,12,4e787641-4027-4341-b4a4-2c0bb079993d,1789772931.000,3,1
1789772936.852,12,3d33f38d-22c1-487d-885b-ebfff031a8bb,1789772932.000,14,0
1789772936.852,12,07ae0aa4-edf2-4e22-a182-f72097d71ab2,1789772933.000,7,0
1789772936.852,12,d658684f-9722-4ffa-a10a-067b6d01bd0a,1789772933.000,1,0
1789772936.852,12,105b5dbf-b1fc-4365-951b-c147335c161d,1789772934.000,18,0
1789772937.063,13,3ac519a1-b196-42bc-8c7d-1a990d44c77d,1789772931.000,9,0
1789772937.063,13,4e787641-4027-4341-b4a4-2c0bb079993d,1789772931.000,3,1
1789772937.063,13,3d33f38d-22c1-487d-885b-ebfff031a8bb,1789772932.000,14,0
1789772937.063,13,07ae0aa4-edf2-4e22-a182-f72097d71ab2,1789772933.000,7,0
1789772937.063,13,d658684f-9722-4ffa-a10a-067b6d01bd0a,1789772933.000,1,0
1789772937.063,13,105b5dbf-b1fc-4365-951b-c147335c161d,1789772934.000,18,0
1789772937.289,14,5418e056-dbc1-4754-aca4-8c3051736bd6,1789772931.000,13,0
1789772937.289,14,3ac519a1-b196-42bc-8c7d-1a990d44c77d,1789772931.000,9,0
1789772937.289,14,4e787641-4027-4341-b4a4-2c0bb079993d,1789772931.000,3,1
1789772937.289,14,07ae0aa4-edf2-4e22-a182-f72097d71ab2,1789772933.000,7,0
1789772937.289,14,d658684f-9722-4ffa-a10a-067b6d01bd0a,1789772933.000,1,0
1789772937.289,14,105b5dbf-b1fc-4365-951b-c147335c161d,1789772934.000,18,0
1789772937.562,1,105b5dbf-b1fc-4365-951b-c147335c161d,1789772934.000,18,1
1789772937.562,1,9fd898eb-11a8-4f2a-b9ef-0a9d8095eea8,1789772936.000,24,0
1789772937.562,1,45fd7a23-e371-43b6-bacc-735b34d3ae2a,1789772937.000,5,0
1789772937.670,16,105b5dbf-b1fc-4365-951b-c147335c161d,1789772934.000,18,1
1789772937.670,16,9fd898eb-11a8-4f2a-b9ef-0a9d8095eea8,1789772936.000,24,0
1789772937.670,16,45fd7a23-e371-43b6-bacc-735b34d3ae2a,1789772937.000,5,0
1789772937.855,2,105b5dbf-b1fc-4365-951b-c147335c161d,1789772934.000,18,1
1789772937.855,2,9fd898eb-11a8-4f2a-b9ef-0a9d8095eea8,1789772936.000,24,0
1789772937.855,2,45fd7a23-e371-43b6-bacc-735b34d3ae2a,1789772937.000,5,0
1789772937.921,17,105b5dbf-b1fc-4365-951b-c147335c161d,1789772934.000,18,1
1789772937.921,17,9fd898eb-11a8-4f2a-b9ef-0a9d8095eea8,1789772936.000,24,0
1789772937.921,17,45fd7a23-e371-43b6-bacc-735b34d3ae2a,1789772937.000,5,0
1789772938.066,3,105b5dbf-b1fc-4365-951b-c147335c161d,1789772934.000,18,1
1789772938.066,3,9fd898eb-11a8-4f2a-b9ef-0a9d8095eea8,1789772936.000,24,0
1789772938.066,3,45fd7a23-e371-43b6-bacc-735b34d3ae2a,1789772937.000,5,0
1789772938.095,18,9fd898eb-11a8-4f2a-b9ef-0a9d8095eea8,1789772936.000,24,0
1789772938.095,18,45fd7a23-e371-43b6-bacc-735b34d3ae2a,1789772937.000,5,0
1789772938.243,4,105b5dbf-b1fc-4365-951b-c147335c161d,1789772934.000,18,1
1789772938.243,4,9fd898eb-11a8-4f2a-b9ef-0a9d8095eea8,1789772936.000,24,0
1789772938.243,4,45fd7a23-e371-43b6-bacc-735b34d3ae2a,1789772937.000,5,0
1789772938.294,19,105b5dbf-b1fc-4365-951b-c147335c161d,1789772934.000,18,1
1789772938.294,19,9fd898eb-11a8-4f2a-b9ef-0a9d8095eea8,1789772936.000,24,0
1789772938.294,19,45fd7a23-e371-43b6-bacc-735b34d3ae2a,1789772937.000,5,0
1789772938.425,15,105b5dbf-b1fc-4365-951b-c147335c161d,1789772934.000,18,1
1789772938.425,5,105b5dbf-b1fc-4365-951b-c147335c161d,1789772934.000,18,1
1789772938.425,15,9fd898eb-11a8-4f2a-b9ef-0a9d8095eea8,1789772936.000,24,0
1789772938.425,5,9fd898eb-11a8-4f2a-b9ef-0a9d8095eea8,1789772936.000,24,0
1789772938.425,15,45fd7a23-e371-43b6-bacc-735b34d3ae2a,1789772937.000,5,0
1789772938.425,0,105b5dbf-b1fc-4365-951b-c147335c161d,,18,1
1789772938.425,0,9fd898eb-11a8-4f2a-b9ef-0a9d8095eea8,1789772936.000,24,0
1789772938.425,0,45fd7a23-e371-43b6-bacc-735b34d3ae2a,1789772937.000,5,0
1789772938.564,6,105b5dbf-b1fc-4365-951b-c147335c161d,1826579288.000,18,1
1789772938.564,20,105b5dbf-b1fc-4365-951b-c147335c161d,,18,1
1789772938.564,6,9fd898eb-11a8-4f2a-b9ef-0a9d8095eea8,1789772936.000,24,0
1789772938.564,6,45fd7a23-e371-43b6-bacc-735b34d3ae2a,1789772937.000,5,0
1789772938.564,20,9fd898eb-11a8-4f2a-b9ef-0a9d8095eea8,1789772937.000,24,0
1789772938.564,20,45fd7a23-e371-43b6-bacc-735b34d3ae2a,1789772937.000,5,0
1789772938.672,21,105b5dbf-b1fc-4365-951b-c147335c161d,1789772934.000,18,1
1789772938.672,21,9fd898eb-11a8-4f2a-b9ef-0a9d8095eea8,1789772936.000,24,0
1789772938.672,21,45fd7a23-e371-43b6-bacc-735b34d3ae2a,1789772937.000,5,0
1789772938.859,7,105b5dbf-b1fc-4365-951b-c147335c161d,1789772934.000,18,1
1789772938.859,7,9fd898eb-11a8-4f2a-b9ef-0a9d8095eea8,1789772936.000,24,0
1789772938.859,7,45fd7a23-e371-43b6-bacc-735b34d3ae2a,1789772937.000,5,0
1789772938.921,22,105b5dbf-b1fc-4365-951b-c147335c161d,1789772934.000,18,1
1789772938.921,22,9fd898eb-11a8-4f2a-b9ef-0a9d8095eea8,1789772936.000,24,0
1789772938.921,22,45fd7a23-e371-43b6-bacc-735b34d3ae2a,1789772937.000,5,0
1789772939.071,8,105b5dbf-b1fc-4365-951b-c147335c161d,1789772934.000,18,1
1789772939.071,8,9fd898eb-11a8-4f2a-b9ef-0a9d8095eea8,1789772936.000,24,0
1789772939.071,8,45fd7a23-e371-43b6-bacc-735b34d3ae2a,1789772937.000,5,0
1789772939.096,23,105b5dbf-b1fc-4365-951b-c147335c161d,1789772934.000,18,1
1789772939.096,23,9fd898eb-11a8-4f2a-b9ef-0a9d8095eea8,1789772936.000,24,0
1789772939.096,23,45fd7a23-e371-43b6-bacc-735b34d3ae2a,1789772937.000,5,0
1789772939.246,9,105b5dbf-b1fc-4365-951b-c147335c161d,1789772934.000,18,1
1789772939.246,9,9fd898eb-11a8-4f2a-b9ef-0a9d8095eea8,1789772936.000,24,0
1789772939.246,9,45fd7a23-e371-43b6-bacc-735b34d3ae2a,1789772937.000,5,0
1789772939.295,24,105b5dbf-b1fc-4365-951b-c147335c161d,1789772934.000,18,1
1789772939.295,24,45fd7a23-e371-43b6-bacc-735b34d3ae2a,1789772937.000,5,0
1789772939.430,10,105b5dbf-b1fc-4365-951b-c147335c161d,1789772934.000,18,1
1789772939.430,10,9fd898eb-11a8-4f2a-b9ef-0a9d8095eea8,1789772936.000,24,0
1789772939.430,10,45fd7a23-e371-43b6-bacc-735b34d3ae2a,1789772937.000,5,0
1789772939.677,11,105b5dbf-b1fc-4365-951b-c147335c161d,1789772934.000,18,1
1789772939.677,11,9fd898eb-11a8-4f2a-b9ef-0a9d8095eea8,1789772936.000,24,0
1789772939.677,11,45fd7a23-e371-43b6-bacc-735b34d3ae2a,1789772937.000,5,0
1789772939.866,12,105b5dbf-b1fc-4365-951b-c147335c161d,1789772934.000,18,1
1789772939.866,12,9fd898eb-11a8-4f2a-b9ef-0a9d8095eea8,1789772936.000,24,0
1789772939.866,12,45fd7a23-e371-43b6-bacc-735b34d3ae2a,1789772937.000,5,0
1789772940.075,13,105b5dbf-b1fc-4365-951b-c147335c161d,1789772934.000,18,1
1789772940.075,13,9fd898eb-11a8-4f2a-b9ef-0a9d8095eea8,1789772936.000,24,0
1789772940.075,13,45fd7a23-e371-43b6-bacc-735b34d3ae2a,1789772937.000,5,0
1789772940.300,14,105b5dbf-b1fc-4365-951b-c147335c161d,1789772934.000,18,1
1789772940.300,14,9fd898eb-11a8-4f2a-b9ef-0a9d8095eea8,1789772936.000,24,0
1789772940.300,14,45fd7a23-e371-43b6-bacc-735b34d3ae2a,1789772937.000,5,0
1789772940.571,1,45fd7a23-e371-43b6-bacc-735b34d3ae2a,1789772937.000,5,1
1789772940.680,16,45fd7a23-e371-43b6-bacc-735b34d3ae2a,1789772937.000,5,1
1789772940.870,2,45fd7a23-e371-43b6-bacc-735b34d3ae2a,1789772937.000,5,1
1789772940.927,17,45fd7a23-e371-43b6-bacc-735b34d3ae2a,1789772937.000,5,1
1789772941.079,3,45fd7a23-e371-43b6-bacc-735b34d3ae2a,1789772937.000,5,1
1789772941.100,18,45fd7a23-e371-43b6-bacc-735b34d3ae2a,1789772937.000,5,1
1789772941.255,4,45fd7a23-e371-43b6-bacc-735b34d3ae2a,1789772937.000,5,1
1789772941.302,19,45fd7a23-e371-43b6-bacc-735b34d3ae2a,1789772937.000,5,1
1789772941.438,15,45fd7a23-e371-43b6-bacc-735b34d3ae2a,1789772937.000,5,1
1789772941.438,0,45fd7a23-e371-43b6-bacc-735b34d3ae2a,1789772937.000,5,1
1789772941.576,6,45fd7a23-e371-43b6-bacc-735b34d3ae2a,-60346079463.000,5,1
1789772941.576,20,45fd7a23-e371-43b6-bacc-735b34d3ae2a,-60346079463.000,5,1
1789772941.684,21,45fd7a23-e371-43b6-bacc-735b34d3ae2a,1789772937.000,5,1
1789772941.872,7,45fd7a23-e371-43b6-bacc-735b34d3ae2a,1789772937.000,5,1
1789772941.928,22,45fd7a23-e371-43b6-bacc-735b34d3ae2a,1789772937.000,5,1
1789772942.080,8,45fd7a23-e371-43b6-bacc-735b34d3ae2a,1789772937.000,5,1
1789772942.102,23,45fd7a23-e371-43b6-bacc-735b34d3ae2a,1789772937.000,5,1
1789772942.259,9,45fd7a23-e371-43b6-bacc-735b34d3ae2a,1789772937.000,5,1
1789772942.305,24,45fd7a23-e371-43b6-bacc-735b34d3ae2a,1789772937.000,5,1
1789772942.443,10,45fd7a23-e371-43b6-bacc-735b34d3ae2a,1789772937.000,5,1
1789772942.685,11,45fd7a23-e371-43b6-bacc-735b34d3ae2a,1789772937.000,5,1
1789772942.875,12,45fd7a23-e371-43b6-bacc-735b34d3ae2a,1789772937.000,5,1
1789772943.084,13,45fd7a23-e371-43b6-bacc-735b34d3ae2a,1789772937.000,5,1
1789772943.310,14,45fd7a23-e371-43b6-bacc-735b34d3ae2a,1789772937.000,5,1
1789772943.584,1,2e825692-0a6c-46b0-b2c5-1b6e9a69a81b,1789772940.000,22,0
1789772943.584,1,37eca5ca-a461-49ed-af20-2f75c1ff96a8,1789772941.000,15,0
1789772943.584,1,3e9adeb1-df46-43f8-a01a-ea33cbbf5980,1789772942.000,4,0
1789772943.584,1,f2a3a58e-ea2d-47ae-9c70-cf927ef52528,1789772943.000,21,0
1789772943.690,16,2e825692-0a6c-46b0-b2c5-1b6e9a69a81b,1789772940.000,22,0
1789772943.690,16,37eca5ca-a461-49ed-af20-2f75c1ff96a8,1789772941.000,15,0
1789772943.690,16,3e9adeb1-df46-43f8-a01a-ea33cbbf5980,1789772942.000,4,0
1789772943.690,16,f2a3a58e-ea2d-47ae-9c70-cf927ef52528,1789772943.000,21,0
1789772943.880,2,2e825692-0a6c-46b0-b2c5-1b6e9a69a81b,1789772940.000,22,0
1789772943.880,2,37eca5ca-a461-49ed-af20-2f75c1ff96a8,1789772941.000,15,0
1789772943.880,2,3e9adeb1-df46-43f8-a01a-ea33cbbf5980,1789772942.000,4,0
1789772943.880,2,f2a3a58e-ea2d-47ae-9c70-cf927ef52528,1789772943.000,21,0
1789772943.934,17,2e825692-0a6c-46b0-b2c5-1b6e9a69a81b,1789772940.000,22,0
1789772943.934,17,37eca5ca-a461-49ed-af20-2f75c1ff96a8,1789772941.000,15,0
1789772943.934,17,3e9adeb1-df46-43f8-a01a-ea33cbbf5980,1789772942.000,4,0
1789772943.934,17,f2a3a58e-ea2d-47ae-9c70-cf927ef52528,1789772943.000,21,0
1789772944.086,3,2e825692-0a6c-46b0-b2c5-1b6e9a69a81b,1789772940.000,22,0
1789772944.086,3,37eca5ca-a461-49ed-af20-2f75c1ff96a8,1789772941.000,15,0
1789772944.086,3,3e9adeb1-df46-43f8-a01a-ea33cbbf5980,1789772942.000,4,0
1789772944.086,3,f2a3a58e-ea2d-47ae-9c70-cf927ef52528,1789772943.000,21,0
1789772944.112,18,2e825692-0a6c-46b0-b2c5-1b6e9a69a81b,1789772940.000,22,0
1789772944.112,18,37eca5ca-a461-49ed-af20-2f75c1ff96a8,1789772941.000,15,0
1789772944.112,18,3e9adeb1-df46-43f8-a01a-ea33cbbf5980,1789772942.000,4,0
1789772944.112,18,f2a3a58e-ea2d-47ae-9c70-cf927ef52528,1789772943.000,21,0
1789772944.268,4,2e825692-0a6c-46b0-b2c5-1b6e9a69a81b,1789772940.000,22,0
1789772944.268,4,37eca5ca-a461-49ed-af20-2f75c1ff96a8,1789772941.000,15,0
1789772944.268,4,f2a3a58e-ea2d-47ae-9c70-cf927ef52528,1789772943.000,21,0
1789772944.313,19,2e825692-0a6c-46b0-b2c5-1b6e9a69a81b,1789772940.000,22,0
1789772944.313,19,37eca5ca-a461-49ed-af20-2f75c1ff96a8,1789772941.000,15,0
1789772944.313,19,3e9adeb1-df46-43f8-a01a-ea33cbbf5980,1789772942.000,4,0
1789772944.313,19,f2a3a58e-ea2d-47ae-9c70-cf927ef52528,1789772943.000,21,0
1789772944.449,15,2e825692-0a6c-46b0-b2c5-1b6e9a69a81b,-61577628660.000,22,0
1789772944.449,5,2e825692-0a6c-46b0-b2c5-1b6e9a69a81b,-59273945460.000,22,0
1789772944.449,15,3e9adeb1-df46-43f8-a01a-ea33cbbf5980,1789772942.000,4,0
1789772944.449,5,37eca5ca-a461-49ed-af20-2f75c1ff96a8,1789772941.000,15,0
1789772944.449,15,f2a3a58e-ea2d-47ae-9c70-cf927ef52528,1789772943.000,21,0
1789772944.449,5,3e9adeb1-df46-43f8-a01a-ea33cbbf5980,1789772942.000,4,0
1789772944.449,0,2e825692-0a6c-46b0-b2c5-1b6e9a69a81b,-59273945460.000,22,0
1789772944.449,5,f2a3a58e-ea2d-47ae-9c70-cf927ef52528,1789772943.000,21,0
1789772944.449,0,37eca5ca-a461-49ed-af20-2f75c1ff96a8,1789772941.000,15,0
1789772944.449,0,3e9adeb1-df46-43f8-a01a-ea33cbbf5980,1789772942.000,4,0
1789772944.449,0,f2a3a58e-ea2d-47ae-9c70-cf927ef52528,1789772943.000,21,0
1789772944.586,20,2e825692-0a6c-46b0-b2c5-1b6e9a69a81b,1789722540.000,22,0
1789772944.586,20,37eca5ca-a461-49ed-af20-2f75c1ff96a8,1789772941.000,15,0
1789772944.586,20,3e9adeb1-df46-43f8-a01a-ea33cbbf5980,1789772942.000,4,0
1789772944.586,6,2e825692-0a6c-46b0-b2c5-1b6e9a69a81b,,22,0
1789772944.586,20,f2a3a58e-ea2d-47ae-9c70-cf927ef52528,1789772943.000,21,0
1789772944.586,6,37eca5ca-a461-49ed-af20-2f75c1ff96a8,1789772941.000,15,0
1789772944.586,6,3e9adeb1-df46-43f8-a01a-ea33cbbf5980,1789772942.000,4,0
1789772944.586,6,f2a3a58e-ea2d-47ae-9c70-cf927ef52528,1789772943.000,21,0
1789772944.695,21,2e825692-0a6c-46b0-b2c5-1b6e9a69a81b,1789772940.000,22,0
1789772944.695,21,37eca5ca-a461-49ed-af20-2f75c1ff96a8,1789772941.000,15,0
1789772944.695,21,3e9adeb1-df46-43f8-a01a-ea33cbbf5980,1789772942.000,4,0
1789772944.883,7,2e825692-0a6c-46b0-b2c5-1b6e9a69a81b,1789772940.000,22,0
1789772944.883,7,37eca5ca-a461-49ed-af20-2f75c1ff96a8,1789772941.000,15,0
1789772944.883,7,3e9adeb1-df46-43f8-a01a-ea33cbbf5980,1789772942.000,4,0
1789772944.883,7,f2a3a58e-ea2d-47ae-9c70-cf927ef52528,1789772943.000,21,0
1789772944.935,22,37eca5ca-a461-49ed-af20-2f75c1ff96a8,1789772941.000,15,0
1789772944.935,22,3e9adeb1-df46-43f8-a01a-ea33cbbf5980,1789772942.000,4,0
1789772944.935,22,f2a3a58e-ea2d-47ae-9c70-cf927ef52528,1789772943.000,21,0
1789772945.090,8,2e825692-0a6c-46b0-b2c5-1b6e9a69a81b,1789772940.000,22,0
1789772945.090,8,37eca5ca-a461-49ed-af20-2f75c1ff96a8,1789772941.000,15,0
1789772945.090,8,3e9adeb1-df46-43f8-a01a-ea33cbbf5980,1789772942.000,4,0
1789772945.090,8,f2a3a58e-ea2d-47ae-9c70-cf927ef52528,1789772943.000,21,0
1789772945.115,23,2e825692-0a6c-46b0-b2c5-1b6e9a69a81b,1789772940.000,22,0
1789772945.115,23,37eca5ca-a461-49ed-af20-2f75c1ff96a8,1789772941.000,15,0
1789772945.115,23,3e9adeb1-df46-43f8-a01a-ea33cbbf5980,1789772942.000,4,0
1789772945.115,23,f2a3a58e-ea2d-47ae-9c70-cf927ef52528,1789772943.000,21,0
1789772945.270,9,2e825692-0a6c-46b0-b2c5-1b6e9a69a81b,1789772940.000,22,0
1789772945.270,9,37eca5ca-a461-49ed-af20-2f75c1ff96a8,1789772941.000,15,0
1789772945.270,9,3e9adeb1-df46-43f8-a01a-ea33cbbf5980,1789772942.000,4,0
1789772945.270,9,f2a3a58e-ea2d-47ae-9c70-cf927ef52528,1789772943.000,21,0
1789772945.317,24,2e825692-0a6c-46b0-b2c5-1b6e9a69a81b,1789772940.000,22,0
1789772945.317,24,37eca5ca-a461-49ed-af20-2f75c1ff96a8,1789772941.000,15,0
1789772945.317,24,3e9adeb1-df46-43f8-a01a-ea33cbbf5980,1789772942.000,4,0
1789772945.317,24,f2a3a58e-ea2d-47ae-9c70-cf927ef52528,1789772943.000,21,0
1789772945.454,10,2e825692-0a6c-46b0-b2c5-1b6e9a69a81b,1789772940.000,22,0
1789772945.454,10,37eca5ca-a461-49ed-af20-2f75c1ff96a8,1789772941.000,15,0
1789772945.454,10,3e9adeb1-df46-43f8-a01a-ea33cbbf5980,1789772942.000,4,0
1789772945.454,10,f2a3a58e-ea2d-47ae-9c70-cf927ef52528,1789772943.000,21,0
1789772945.697,11,2e825692-0a6c-46b0-b2c5-1b6e9a69a81b,1789772940.000,22,0
1789772945.697,11,37eca5ca-a461-49ed-af20-2f75c1ff96a8,1789772941.000,15,0
1789772945.697,11,3e9adeb1-df46-43f8-a01a-ea33cbbf5980,1789772942.000,4,0
1789772945.697,11,f2a3a58e-ea2d-47ae-9c70-cf927ef52528,1789772943.000,21,0
1789772945.888,12,2e825692-0a6c-46b0-b2c5-1b6e9a69a81b,1789772940.000,22,0
1789772945.888,12,37eca5ca-a461-49ed-af20-2f75c1ff96a8,1789772941.000,15,0
1789772945.888,12,3e9adeb1-df46-43f8-a01a-ea33cbbf5980,1789772942.000,4,0
1789772945.888,12,f2a3a58e-ea2d-47ae-9c70-cf927ef52528,1789772943.000,21,0
1789772946.094,13,2e825692-0a6c-46b0-b2c5-1b6e9a69a81b,1789772940.000,22,0
1789772946.094,13,37eca5ca-a461-49ed-af20-2f75c1ff96a8,1789772941.000,15,0
1789772946.094,13,3e9adeb1-df46-43f8-a01a-ea33cbbf5980,1789772942.000,4,0
1789772946.094,13,f2a3a58e-ea2d-47ae-9c70-cf927ef52528,1789772943.000,21,0
1789772946.319,14,2e825692-0a6c-46b0-b2c5-1b6e9a69a81b,1789772940.000,22,0
1789772946.319,14,37eca5ca-a461-49ed-af20-2f75c1ff96a8,1789772941.000,15,0
1789772946.319,14,3e9adeb1-df46-43f8-a01a-ea33cbbf5980,1789772942.000,4,0
1789772946.319,14,f2a3a58e-ea2d-47ae-9c70-cf927ef52528,1789772943.000,21,0
1789772946.590,1,f2a3a58e-ea2d-47ae-9c70-cf927ef52528,1789772943.000,21,1
1789772946.590,1,05df5321-6157-48d6-b87c-630bec7c274c,1789772944.000,23,0
1789772946.698,16,f2a3a58e-ea2d-47ae-9c70-cf927ef52528,1789772943.000,21,1
1789772946.698,16,05df5321-6157-48d6-b87c-630bec7c274c,1789772944.000,23,0
1789772946.891,2,f2a3a58e-ea2d-47ae-9c70-cf927ef52528,1789772943.000,21,1
1789772946.891,2,05df5321-6157-48d6-b87c-630bec7c274c,1789772944.000,23,0
1789772946.941,17,f2a3a58e-ea2d-47ae-9c70-cf927ef52528,1789772943.000,21,1
1789772946.941,17,05df5321-6157-48d6-b87c-630bec7c274c,1789772944.000,23,0
1789772947.097,3,f2a3a58e-ea2d-47ae-9c70-cf927ef52528,1789772943.000,21,1
1789772947.097,3,05df5321-6157-48d6-b87c-630bec7c274c,1789772944.000,23,0
1789772947.123,18,f2a3a58e-ea2d-47ae-9c70-cf927ef52528,1789772943.000,21,1
1789772947.123,18,05df5321-6157-48d6-b87c-630bec7c274c,1789772944.000,23,0
1789772947.280,4,f2a3a58e-ea2d-47ae-9c70-cf927ef52528,1789772943.000,21,1
1789772947.280,4,05df5321-6157-48d6-b87c-630bec7c274c,1789772944.000,23,0
1789772947.322,19,f2a3a58e-ea2d-47ae-9c70-cf927ef52528,1789772943.000,21,1
1789772947.322,19,05df5321-6157-48d6-b87c-630bec7c274c,1789772944.000,23,0
1789772947.464,5,f2a3a58e-ea2d-47ae-9c70-cf927ef52528,1788995343.000,21,1
1789772947.464,0,f2a3a58e-ea2d-47ae-9c70-cf927ef52528,,21,1
1789772947.464,5,05df5321-6157-48d6-b87c-630bec7c274c,1789772944.000,23,0
1789772947.464,0,05df5321-6157-48d6-b87c-630bec7c274c,1789772944.000,23,0
1789772947.464,15,f2a3a58e-ea2d-47ae-9c70-cf927ef52528,,21,1
1789772947.464,15,05df5321-6157-48d6-b87c-630bec7c274c,1789772944.000,23,0
1789772947.590,20,f2a3a58e-ea2d-47ae-9c70-cf927ef52528,1789772943.000,21,1
1789772947.590,20,05df5321-6157-48d6-b87c-630bec7c274c,1789772944.000,23,0
1789772947.590,6,f2a3a58e-ea2d-47ae-9c70-cf927ef52528,1789772944.000,21,1
1789772947.590,6,05df5321-6157-48d6-b87c-630bec7c274c,1789772944.000,23,0
1789772947.700,21,05df5321-6157-48d6-b87c-630bec7c274c,1789772944.000,23,0
1789772947.893,7,f2a3a58e-ea2d-47ae-9c70-cf927ef52528,1789772943.000,21,1
1789772947.893,7,05df5321-6157-48d6-b87c-630bec7c274c,1789772944.000,23,0
1789772947.943,22,f2a3a58e-ea2d-47ae-9c70-cf927ef52528,1789772943.000,21,1
1789772947.943,22,05df5321-6157-48d6-b87c-630bec7c274c,1789772944.000,23,0
1789772948.102,8,f2a3a58e-ea2d-47ae-9c70-cf927ef52528,1789772943.000,21,1
1789772948.102,8,05df5321-6157-48d6-b87c-630bec7c274c,1789772944.000,23,0
1789772948.127,23,f2a3a58e-ea2d-47ae-9c70-cf927ef52528,1789772943.000,21,1
1789772948.284,9,f2a3a58e-ea2d-47ae-9c70-cf927ef52528,1789772943.000,21,1
1789772948.284,9,05df5321-6157-48d6-b87c-630bec7c274c,1789772944.000,23,0
1789772948.325,24,f2a3a58e-ea2d-47ae-9c70-cf927ef52528,1789772943.000,21,1
1789772948.325,24,05df5321-6157-48d6-b87c-630bec7c274c,1789772944.000,23,0
1789772948.469,10,f2a3a58e-ea2d-47ae-9c70-cf927ef52528,1789772943.000,21,1
1789772948.469,10,05df5321-6157-48d6-b87c-630bec7c274c,1789772944.000,23,0
1789772948.700,11,f2a3a58e-ea2d-47ae-9c70-cf927ef52528,1789772943.000,21,1
1789772948.700,11,05df5321-6157-48d6-b87c-630bec7c274c,1789772944.000,23,0
1789772948.897,12,f2a3a58e-ea2d-47ae-9c70-cf927ef52528,1789772943.000,21,1
1789772948.897,12,05df5321-6157-48d6-b87c-630bec7c274c,1789772944.000,23,0
1789772949.105,13,f2a3a58e-ea2d-47ae-9c70-cf927ef52528,1789772943.000,21,1
1789772949.105,13,05df5321-6157-48d6-b87c-630bec7c274c,1789772944.000,23,0
1789772949.326,14,f2a3a58e-ea2d-47ae-9c70-cf927ef52528,1789772943.000,21,1
1789772949.326,14,05df5321-6157-48d6-b87c-630bec7c274c,1789772944.000,23,0
1789772949.596,1,9a6ecaa2-b65a-4aeb-829b-0a899e98ae15,1789772947.000,0,0
1789772949.596,1,cc5ff1cd-b4f9-4c4b-a8b8-5a2c0144fb32,1789772947.000,2,0
1789772949.596,1,b1d068e2-1cac-4852-81a5-c439f765e4e0,1789772948.000,19,0
1789772949.703,16,9a6ecaa2-b65a-4aeb-829b-0a899e98ae15,1789772947.000,0,0
1789772949.703,16,cc5ff1cd-b4f9-4c4b-a8b8-5a2c0144fb32,1789772947.000,2,0
1789772949.703,16,b1d068e2-1cac-4852-81a5-c439f765e4e0,1789772948.000,19,0
1789772949.899,2,9a6ecaa2-b65a-4aeb-829b-0a899e98ae15,1789772947.000,0,0
1789772949.899,2,b1d068e2-1cac-4852-81a5-c439f765e4e0,1789772948.000,19,0
1789772949.945,17,9a6ecaa2-b65a-4aeb-829b-0a899e98ae15,1789772947.000,0,0
1789772949.945,17,cc5ff1cd-b4f9-4c4b-a8b8-5a2c0144fb32,1789772947.000,2,0
1789772949.945,17,b1d068e2-1cac-4852-81a5-c439f765e4e0,1789772948.000,19,0
1789772950.109,3,9a6ecaa2-b65a-4aeb-829b-0a899e98ae15,1789772947.000,0,0
1789772950.109,3,cc5ff1cd-b4f9-4c4b-a8b8-5a2c0144fb32,1789772947.000,2,0
1789772950.109,3,b1d068e2-1cac-4852-81a5-c439f765e4e0,1789772948.000,19,0
1789772950.136,18,9a6ecaa2-b65a-4aeb-829b-0a899e98ae15,1789772947.000,0,0
1789772950.136,18,cc5ff1cd-b4f9-4c4b-a8b8-5a2c0144fb32,1789772947.000,2,0
1789772950.136,18,b1d068e2-1cac-4852-81a5-c439f765e4e0,1789772948.000,19,0
1789772950.294,4,9a6ecaa2-b65a-4aeb-829b-0a899e98ae15,1789772947.000,0,0
1789772950.294,4,cc5ff1cd-b4f9-4c4b-a8b8-5a2c0144fb32,1789772947.000,2,0
1789772950.294,4,b1d068e2-1cac-4852-81a5-c439f765e4e0,1789772948.000,19,0
1789772950.331,19,9a6ecaa2-b65a-4aeb-829b-0a899e98ae15,1789772947.000,0,0
1789772950.331,19,cc5ff1cd-b4f9-4c4b-a8b8-5a2c0144fb32,1789772947.000,2,0
1789772950.475,15,9a6ecaa2-b65a-4aeb-829b-0a899e98ae15,1790204827.000,0,0
1789772950.475,15,cc5ff1cd-b4f9-4c4b-a8b8-5a2c0144fb32,1789772947.000,2,0
1789772950.475,5,9a6ecaa2-b65a-4aeb-829b-0a899e98ae15,1789772947.000,0,0
1789772950.475,15,b1d068e2-1cac-4852-81a5-c439f765e4e0,1789772948.000,19,0
1789772950.475,5,cc5ff1cd-b4f9-4c4b-a8b8-5a2c0144fb32,1789772947.000,2,0
1789772950.475,0,cc5ff1cd-b4f9-4c4b-a8b8-5a2c0144fb32,,2,0
1789772950.475,5,b1d068e2-1cac-4852-81a5-c439f765e4e0,1789772948.000,19,0
1789772950.475,0,b1d068e2-1cac-4852-81a5-c439f765e4e0,1789772948.000,19,0
1789772950.600,20,9a6ecaa2-b65a-4aeb-829b-0a899e98ae15,1789772947.000,0,0
1789772950.600,6,9a6ecaa2-b65a-4aeb-829b-0a899e98ae15,1789772947.000,0,0
1789772950.600,20,cc5ff1cd-b4f9-4c4b-a8b8-5a2c0144fb32,1789772947.000,2,0
1789772950.600,6,cc5ff1cd-b4f9-4c4b-a8b8-5a2c0144fb32,1789772947.000,2,0
1789772950.600,20,b1d068e2-1cac-4852-81a5-c439f765e4e0,1789772948.000,19,0
1789772950.600,6,b1d068e2-1cac-4852-81a5-c439f765e4e0,1789772948.000,19,0
1789772950.704,21,9a6ecaa2-b65a-4aeb-829b-0a899e98ae15,1789772947.000,0,0
1789772950.704,21,cc5ff1cd-b4f9-4c4b-a8b8-5a2c0144fb32,1789772947.000,2,0
1789772950.704,21,b1d068e2-1cac-4852-81a5-c439f765e4e0,1789772948.000,19,0
1789772950.901,7,9a6ecaa2-b65a-4aeb-829b-0a899e98ae15,1789772947.000,0,0
1789772950.901,7,cc5ff1cd-b4f9-4c4b-a8b8-5a2c0144fb32,1789772947.000,2,0
1789772950.901,7,b1d068e2-1cac-4852-81a5-c439f765e4e0,1789772948.000,19,0
1789772950.949,22,9a6ecaa2-b65a-4aeb-829b-0a899e98ae15,1789772947.000,0,0
1789772950.949,22,cc5ff1cd-b4f9-4c4b-a8b8-5a2c0144fb32,1789772947.000,2,0
1789772950.949,22,b1d068e2-1cac-4852-81a5-c439f765e4e0,1789772948.000,19,0
1789772951.113,8,9a6ecaa2-b65a-4aeb-829b-0a899e98ae15,1789772947.000,0,0
1789772951.113,8,cc5ff1cd-b4f9-4c4b-a8b8-5a2c0144fb32,1789772947.000,2,0
1789772951.113,8,b1d068e2-1cac-4852-81a5-c439f765e4e0,1789772948.000,19,0
1789772951.140,23,9a6ecaa2-b65a-4aeb-829b-0a899e98ae15,1789772947.000,0,0
1789772951.140,23,cc5ff1cd-b4f9-4c4b-a8b8-5a2c0144fb32,1789772947.000,2,0
1789772951.140,23,b1d068e2-1cac-4852-81a5-c439f765e4e0,1789772948.000,19,0
1789772951.295,9,9a6ecaa2-b65a-4aeb-829b-0a899e98ae15,1789772947.000,0,0
1789772951.295,9,cc5ff1cd-b4f9-4c4b-a8b8-5a2c0144fb32,1789772947.000,2,0
1789772951.295,9,b1d068e2-1cac-4852-81a5-c439f765e4e0,1789772948.000,19,0
1789772951.334,24,9a6ecaa2-b65a-4aeb-829b-0a899e98ae15,1789772947.000,0,0
1789772951.334,24,cc5ff1cd-b4f9-4c4b-a8b8-5a2c0144fb32,1789772947.000,2,0
1789772951.334,24,b1d068e2-1cac-4852-81a5-c439f765e4e0,1789772948.000,19,0
1789772951.477,10,9a6ecaa2-b65a-4aeb-829b-0a899e98ae15,1789772947.000,0,0
1789772951.477,10,cc5ff1cd-b4f9-4c4b-a8b8-5a2c0144fb32,1789772947.000,2,0
1789772951.477,10,b1d068e2-1cac-4852-81a5-c439f765e4e0,1789772948.000,19,0
1789772951.704,11,9a6ecaa2-b65a-4aeb-829b-0a899e98ae15,1789772947.000,0,0
1789772951.704,11,cc5ff1cd-b4f9-4c4b-a8b8-5a2c0144fb32,1789772947.000,2,0
1789772951.704,11,b1d068e2-1cac-4852-81a5-c439f765e4e0,1789772948.000,19,0
1789772951.904,12,9a6ecaa2-b65a-4aeb-829b-0a899e98ae15,1789772947.000,0,0
1789772951.904,12,cc5ff1cd-b4f9-4c4b-a8b8-5a2c0144fb32,1789772947.000,2,0
1789772951.904,12,b1d068e2-1cac-4852-81a5-c439f765e4e0,1789772948.000,19,0
1789772952.118,13,9a6ecaa2-b65a-4aeb-829b-0a899e98ae15,1789772947.000,0,0
1789772952.118,13,cc5ff1cd-b4f9-4c4b-a8b8-5a2c0144fb32,1789772947.000,2,0
1789772952.118,13,b1d068e2-1cac-4852-81a5-c439f765e4e0,1789772948.000,19,0
1789772952.334,14,9a6ecaa2-b65a-4aeb-829b-0a899e98ae15,1789772947.000,0,0
1789772952.334,14,cc5ff1cd-b4f9-4c4b-a8b8-5a2c0144fb32,1789772947.000,2,0
1789772952.334,14,b1d068e2-1cac-4852-81a5-c439f765e4e0,1789772948.000,19,0
1789772952.606,1,0765e693-d737-49e4-bb7f-329418c33b78,1789772951.000,11,0
1789772952.606,1,638c2403-6250-4265-b285-6f30a90a0425,1789772951.000,17,0
1789772952.606,1,b06a96e8-3ee2-44b5-a12d-aae72e63147f,1789772951.000,6,0
1789772952.709,16,0765e693-d737-49e4-bb7f-329418c33b78,1789772951.000,11,0
1789772952.709,16,638c2403-6250-4265-b285-6f30a90a0425,1789772951.000,17,0
1789772952.709,16,b06a96e8-3ee2-44b5-a12d-aae72e63147f,1789772951.000,6,0
1789772952.905,2,0765e693-d737-49e4-bb7f-329418c33b78,1789772951.000,11,0
1789772952.905,2,638c2403-6250-4265-b285-6f30a90a0425,1789772951.000,17,0
1789772952.905,2,b06a96e8-3ee2-44b5-a12d-aae72e63147f,1789772951.000,6,0
1789772952.951,17,0765e693-d737-49e4-bb7f-329418c33b78,1789772951.000,11,0
1789772952.951,17,b06a96e8-3ee2-44b5-a12d-aae72e63147f,1789772951.000,6,0
1789772953.120,3,0765e693-d737-49e4-bb7f-329418c33b78,1789772951.000,11,0
1789772953.120,3,638c2403-6250-4265-b285-6f30a90a0425,1789772951.000,17,0
1789772953.120,3,b06a96e8-3ee2-44b5-a12d-aae72e63147f,1789772951.000,6,0
1789772953.141,18,0765e693-d737-49e4-bb7f-329418c33b78,1789772951.000,11,0
1789772953.141,18,638c2403-6250-4265-b285-6f30a90a0425,1789772951.000,17,0
1789772953.141,18,b06a96e8-3ee2-44b5-a12d-aae72e63147f,1789772951.000,6,0
1789772953.305,4,0765e693-d737-49e4-bb7f-329418c33b78,1789772951.000,11,0
1789772953.305,4,638c2403-6250-4265-b285-6f30a90a0425,1789772951.000,17,0
1789772953.305,4,b06a96e8-3ee2-44b5-a12d-aae72e63147f,1789772951.000,6,0
1789772953.335,19,0765e693-d737-49e4-bb7f-329418c33b78,1789772951.000,11,0
1789772953.335,19,638c2403-6250-4265-b285-6f30a90a0425,1789772951.000,17,0
1789772953.335,19,b06a96e8-3ee2-44b5-a12d-aae72e63147f,1789772951.000,6,0
1789772953.485,15,0765e693-d737-49e4-bb7f-329418c33b78,1789773571.000,11,0
1789772953.485,0,0765e693-d737-49e4-bb7f-329418c33b78,,11,0
1789772953.485,5,0765e693-d737-49e4-bb7f-329418c33b78,,11,0
1789772953.485,15,638c2403-6250-4265-b285-6f30a90a0425,1789772951.000,17,0
1789772953.485,5,638c2403-6250-4265-b285-6f30a90a0425,,17,0
1789772953.485,0,638c2403-6250-4265-b285-6f30a90a0425,1788995351.000,17,0
1789772953.485,15,b06a96e8-3ee2-44b5-a12d-aae72e63147f,1789772951.000,6,0
1789772953.485,5,b06a96e8-3ee2-44b5-a12d-aae72e63147f,1789772951.000,6,0
1789772953.485,0,b06a96e8-3ee2-44b5-a12d-aae72e63147f,1789772951.000,6,0
1789772953.609,6,0765e693-d737-49e4-bb7f-329418c33b78,1789772951.000,11,0
1789772953.609,20,0765e693-d737-49e4-bb7f-329418c33b78,,11,0
1789772953.609,6,638c2403-6250-4265-b285-6f30a90a0425,1789772951.000,17,0
1789772953.609,20,638c2403-6250-4265-b285-6f30a90a0425,1789772951.000,17,0
1789772953.609,20,b06a96e8-3ee2-44b5-a12d-aae72e63147f,1789772951.000,6,0
1789772953.709,21,0765e693-d737-49e4-bb7f-329418c33b78,1789772951.000,11,0
1789772953.709,21,638c2403-6250-4265-b285-6f30a90a0425,1789772951.000,17,0
1789772953.709,21,b06a96e8-3ee2-44b5-a12d-aae72e63147f,1789772951.000,6,0
1789772953.910,7,0765e693-d737-49e4-bb7f-329418c33b78,1789772951.000,11,0
1789772953.910,7,638c2403-6250-4265-b285-6f30a90a0425,1789772951.000,17,0
1789772953.910,7,b06a96e8-3ee2-44b5-a12d-aae72e63147f,1789772951.000,6,0
1789772953.956,22,0765e693-d737-49e4-bb7f-329418c33b78,1789772951.000,11,0
1789772953.956,22,638c2403-6250-4265-b285-6f30a90a0425,1789772951.000,17,0
1789772953.956,22,b06a96e8-3ee2-44b5-a12d-aae72e63147f,1789772951.000,6,0
1789772954.122,8,0765e693-d737-49e4-bb7f-329418c33b78,1789772951.000,11,0
1789772954.122,8,638c2403-6250-4265-b285-6f30a90a0425,1789772951.000,17,0
1789772954.122,8,b06a96e8-3ee2-44b5-a12d-aae72e63147f,1789772951.000,6,0
1789772954.145,23,0765e693-d737-49e4-bb7f-329418c33b78,1789772951.000,11,0
1789772954.145,23,638c2403-6250-4265-b285-6f30a90a0425,1789772951.000,17,0
1789772954.145,23,b06a96e8-3ee2-44b5-a12d-aae72e63147f,1789772951.000,6,0
1789772954.307,9,0765e693-d737-49e4-bb7f-329418c33b78,1789772951.000,11,0
1789772954.307,9,638c2403-6250-4265-b285-6f30a90a0425,1789772951.000,17,0
1789772954.307,9,b06a96e8-3ee2-44b5-a12d-aae72e63147f,1789772951.000,6,0
1789772954.338,24,0765e693-d737-49e4-bb7f-329418c33b78,1789772951.000,11,0
1789772954.338,24,638c2403-6250-4265-b285-6f30a90a0425,1789772951.000,17,0
1789772954.338,24,b06a96e8-3ee2-44b5-a12d-aae72e63147f,1789772951.000,6,0
1789772954.490,10,0765e693-d737-49e4-bb7f-329418c33b78,1789772951.000,11,0
1789772954.490,10,638c2403-6250-4265-b285-6f30a90a0425,1789772951.000,17,0
1789772954.490,10,b06a96e8-3ee2-44b5-a12d-aae72e63147f,1789772951.000,6,0
1789772954.711,11,638c2403-6250-4265-b285-6f30a90a0425,1789772951.000,17,0
1789772954.711,11,b06a96e8-3ee2-44b5-a12d-aae72e63147f,1789772951.000,6,0
1789772954.911,12,0765e693-d737-49e4-bb7f-329418c33b78,1789772951.000,11,0
1789772954.911,12,638c2403-6250-4265-b285-6f30a90a0425,1789772951.000,17,0
1789772954.911,12,b06a96e8-3ee2-44b5-a12d-aae72e63147f,1789772951.000,6,0
1789772955.125,13,0765e693-d737-49e4-bb7f-329418c33b78,1789772951.000,11,0
1789772955.125,13,638c2403-6250-4265-b285-6f30a90a0425,1789772951.000,17,0
1789772955.125,13,b06a96e8-3ee2-44b5-a12d-aae72e63147f,1789772951.000,6,0
1789772955.339,14,0765e693-d737-49e4-bb7f-329418c33b78,1789772951.000,11,0
1789772955.339,14,638c2403-6250-4265-b285-6f30a90a0425,1789772951.000,17,0
1789772955.339,14,b06a96e8-3ee2-44b5-a12d-aae72e63147f,1789772951.000,6,0
1789772955.616,1,552c9f9e-1bc7-488e-b194-ee25976f3c59,1789772954.000,10,0
1789772955.713,16,552c9f9e-1bc7-488e-b194-ee25976f3c59,1789772954.000,10,0
1789772955.913,2,552c9f9e-1bc7-488e-b194-ee25976f3c59,1789772954.000,10,0
1789772955.961,17,552c9f9e-1bc7-488e-b194-ee25976f3c59,1789772954.000,10,0
1789772956.126,3,552c9f9e-1bc7-488e-b194-ee25976f3c59,1789772954.000,10,0
1789772956.152,18,552c9f9e-1bc7-488e-b194-ee25976f3c59,1789772954.000,10,0
1789772956.312,4,552c9f9e-1bc7-488e-b194-ee25976f3c59,1789772954.000,10,0
1789772956.341,19,552c9f9e-1bc7-488e-b194-ee25976f3c59,1789772954.000,10,0
1789772956.494,0,552c9f9e-1bc7-488e-b194-ee25976f3c59,1813360154.000,10,0
1789772956.494,15,552c9f9e-1bc7-488e-b194-ee25976f3c59,1813360154.000,10,0
1789772956.494,5,552c9f9e-1bc7-488e-b194-ee25976f3c59,,10,0
1789772956.617,6,552c9f9e-1bc7-488e-b194-ee25976f3c59,1790204954.000,10,0
1789772956.617,20,552c9f9e-1bc7-488e-b194-ee25976f3c59,,10,0
1789772956.713,21,552c9f9e-1bc7-488e-b194-ee25976f3c59,1789772954.000,10,0
1789772956.916,7,552c9f9e-1bc7-488e-b194-ee25976f3c59,1789772954.000,10,0
1789772956.965,22,552c9f9e-1bc7-488e-b194-ee25976f3c59,1789772954.000,10,0
1789772957.130,8,552c9f9e-1bc7-488e-b194-ee25976f3c59,1789772954.000,10,0
1789772957.157,23,552c9f9e-1bc7-488e-b194-ee25976f3c59,1789772954.000,10,0
1789772957.316,9,552c9f9e-1bc7-488e-b194-ee25976f3c59,1789772954.000,10,0
1789772957.345,24,552c9f9e-1bc7-488e-b194-ee25976f3c59,1789772954.000,10,0
1789772957.717,11,552c9f9e-1bc7-488e-b194-ee25976f3c59,1789772954.000,10,0
1789772957.921,12,552c9f9e-1bc7-488e-b194-ee25976f3c59,1789772954.000,10,0
1789772958.133,13,552c9f9e-1bc7-488e-b194-ee25976f3c59,1789772954.000,10,0
1789772958.345,14,552c9f9e-1bc7-488e-b194-ee25976f3c59,1789772954.000,10,0
1789772958.625,1,933af5aa-9e2e-4e3a-b673-da8d6adb60d6,1789772958.000,8,0
1789772958.625,1,dadf5d25-427f-44d4-8391-84f93f5e4faf,1789772958.000,16,0
1789772958.722,16,933af5aa-9e2e-4e3a-b673-da8d6adb60d6,1789772958.000,8,0
1789772958.923,2,933af5aa-9e2e-4e3a-b673-da8d6adb60d6,1789772958.000,8,0
1789772958.923,2,dadf5d25-427f-44d4-8391-84f93f5e4faf,1789772958.000,16,0
1789772958.967,17,933af5aa-9e2e-4e3a-b673-da8d6adb60d6,1789772958.000,8,0
1789772958.967,17,dadf5d25-427f-44d4-8391-84f93f5e4faf,1789772958.000,16,0
1789772959.135,3,933af5aa-9e2e-4e3a-b673-da8d6adb60d6,1789772958.000,8,0
1789772959.135,3,dadf5d25-427f-44d4-8391-84f93f5e4faf,1789772958.000,16,0
1789772959.165,18,933af5aa-9e2e-4e3a-b673-da8d6adb60d6,1789772958.000,8,0
1789772959.165,18,dadf5d25-427f-44d4-8391-84f93f5e4faf,1789772958.000,16,0
1789772959.320,4,933af5aa-9e2e-4e3a-b673-da8d6adb60d6,1789772958.000,8,0
1789772959.320,4,dadf5d25-427f-44d4-8391-84f93f5e4faf,1789772958.000,16,0
1789772959.350,19,933af5aa-9e2e-4e3a-b673-da8d6adb60d6,1789772958.000,8,0
1789772959.350,19,dadf5d25-427f-44d4-8391-84f93f5e4faf,1789772958.000,16,0
1789772959.508,0,933af5aa-9e2e-4e3a-b673-da8d6adb60d6,-61576764642.000,8,0
1789772959.509,5,933af5aa-9e2e-4e3a-b673-da8d6adb60d6,1789772958.000,8,0
1789772959.508,15,933af5aa-9e2e-4e3a-b673-da8d6adb60d6,,8,0
1789772959.508,0,dadf5d25-427f-44d4-8391-84f93f5e4faf,1789772958.000,16,0
1789772959.509,5,dadf5d25-427f-44d4-8391-84f93f5e4faf,1789772958.000,16,0
1789772959.508,15,dadf5d25-427f-44d4-8391-84f93f5e4faf,1789772958.000,16,0
1789772959.626,20,933af5aa-9e2e-4e3a-b673-da8d6adb60d6,-61860761442.000,8,0
1789772959.626,6,933af5aa-9e2e-4e3a-b673-da8d6adb60d6,-61860761442.000,8,0
1789772959.626,20,dadf5d25-427f-44d4-8391-84f93f5e4faf,1789772958.000,16,0
1789772959.626,6,dadf5d25-427f-44d4-8391-84f93f5e4faf,1789772958.000,16,0
1789772959.724,21,933af5aa-9e2e-4e3a-b673-da8d6adb60d6,1789772958.000,8,0
1789772959.724,21,dadf5d25-427f-44d4-8391-84f93f5e4faf,1789772958.000,16,0
1789772959.924,7,933af5aa-9e2e-4e3a-b673-da8d6adb60d6,1789772958.000,8,0
1789772959.924,7,dadf5d25-427f-44d4-8391-84f93f5e4faf,1789772958.000,16,0
1789772959.969,22,933af5aa-9e2e-4e3a-b673-da8d6adb60d6,1789772958.000,8,0
1789772959.969,22,dadf5d25-427f-44d4-8391-84f93f5e4faf,1789772958.000,16,0
1789772960.139,8,dadf5d25-427f-44d4-8391-84f93f5e4faf,1789772958.000,16,0
1789772960.166,23,933af5aa-9e2e-4e3a-b673-da8d6adb60d6,1789772958.000,8,0
1789772960.166,23,dadf5d25-427f-44d4-8391-84f93f5e4faf,1789772958.000,16,0
1789772960.325,9,933af5aa-9e2e-4e3a-b673-da8d6adb60d6,1789772958.000,8,0
1789772960.325,9,dadf5d25-427f-44d4-8391-84f93f5e4faf,1789772958.000,16,0
1789772960.354,24,933af5aa-9e2e-4e3a-b673-da8d6adb60d6,1789772958.000,8,0
1789772960.354,24,dadf5d25-427f-44d4-8391-84f93f5e4faf,1789772958.000,16,0
1789772960.513,10,933af5aa-9e2e-4e3a-b673-da8d6adb60d6,1789772958.000,8,0
1789772960.513,10,dadf5d25-427f-44d4-8391-84f93f5e4faf,1789772958.000,16,0
1789772960.729,11,933af5aa-9e2e-4e3a-b673-da8d6adb60d6,1789772958.000,8,0
1789772960.729,11,dadf5d25-427f-44d4-8391-84f93f5e4faf,1789772958.000,16,0
1789772960.929,12,933af5aa-9e2e-4e3a-b673-da8d6adb60d6,1789772958.000,8,0
1789772960.929,12,dadf5d25-427f-44d4-8391-84f93f5e4faf,1789772958.000,16,0
1789772961.142,13,933af5aa-9e2e-4e3a-b673-da8d6adb60d6,1789772958.000,8,0
1789772961.142,13,dadf5d25-427f-44d4-8391-84f93f5e4faf,1789772958.000,16,0
1789772961.357,14,933af5aa-9e2e-4e3a-b673-da8d6adb60d6,1789772958.000,8,0
1789772961.357,14,dadf5d25-427f-44d4-8391-84f93f5e4faf,1789772958.000,16,0
1789772961.635,1,933af5aa-9e2e-4e3a-b673-da8d6adb60d6,1789772958.000,8,1
1789772961.635,1,dadf5d25-427f-44d4-8391-84f93f5e4faf,1789772958.000,16,1
1789772961.635,1,037a79db-dbf6-48e9-8583-029fd0b2fcc2,1789772959.000,12,0
1789772961.635,1,12559cc6-723a-4930-8756-200967bddda7,1789772959.000,20,0
1789772961.635,1,e8cc2067-ccac-4b0b-81d1-0bff6988fdbe,1789772961.000,3,0
1789772961.729,16,933af5aa-9e2e-4e3a-b673-da8d6adb60d6,1789772958.000,8,1
1789772961.729,16,037a79db-dbf6-48e9-8583-029fd0b2fcc2,1789772959.000,12,0
1789772961.729,16,12559cc6-723a-4930-8756-200967bddda7,1789772959.000,20,0
1789772961.729,16,e8cc2067-ccac-4b0b-81d1-0bff6988fdbe,1789772961.000,3,0
1789772961.934,2,933af5aa-9e2e-4e3a-b673-da8d6adb60d6,1789772958.000,8,1
1789772961.934,2,dadf5d25-427f-44d4-8391-84f93f5e4faf,1789772958.000,16,1
1789772961.934,2,037a79db-dbf6-48e9-8583-029fd0b2fcc2,1789772959.000,12,0
1789772961.934,2,12559cc6-723a-4930-8756-200967bddda7,1789772959.000,20,0
1789772961.934,2,e8cc2067-ccac-4b0b-81d1-0bff6988fdbe,1789772961.000,3,0
1789772961.975,17,933af5aa-9e2e-4e3a-b673-da8d6adb60d6,1789772958.000,8,1
1789772961.975,17,dadf5d25-427f-44d4-8391-84f93f5e4faf,1789772958.000,16,1
1789772961.975,17,037a79db-dbf6-48e9-8583-029fd0b2fcc2,1789772959.000,12,0
1789772961.975,17,12559cc6-723a-4930-8756-200967bddda7,1789772959.000,20,0
1789772961.975,17,e8cc2067-ccac-4b0b-81d1-0bff6988fdbe,1789772961.000,3,0
1789772962.145,3,933af5aa-9e2e-4e3a-b673-da8d6adb60d6,1789772958.000,8,1
1789772962.145,3,dadf5d25-427f-44d4-8391-84f93f5e4faf,1789772958.000,16,1
1789772962.145,3,037a79db-dbf6-48e9-8583-029fd0b2fcc2,1789772959.000,12,0
1789772962.145,3,12559cc6-723a-4930-8756-200967bddda7,1789772959.000,20,0
1789772962.170,18,933af5aa-9e2e-4e3a-b673-da8d6adb60d6,1789772958.000,8,1
1789772962.170,18,dadf5d25-427f-44d4-8391-84f93f5e4faf,1789772958.000,16,1
1789772962.170,18,037a79db-dbf6-48e9-8583-029fd0b2fcc2,1789772959.000,12,0
1789772962.170,18,12559cc6-723a-4930-8756-200967bddda7,1789772959.000,20,0
1789772962.170,18,e8cc2067-ccac-4b0b-81d1-0bff6988fdbe,1789772961.000,3,0
1789772962.332,4,933af5aa-9e2e-4e3a-b673-da8d6adb60d6,1789772958.000,8,1
1789772962.332,4,dadf5d25-427f-44d4-8391-84f93f5e4faf,1789772958.000,16,1
1789772962.332,4,037a79db-dbf6-48e9-8583-029fd0b2fcc2,1789772959.000,12,0
1789772962.332,4,12559cc6-723a-4930-8756-200967bddda7,1789772959.000,20,0
1789772962.332,4,e8cc2067-ccac-4b0b-81d1-0bff6988fdbe,1789772961.000,3,0
1789772962.360,19,933af5aa-9e2e-4e3a-b673-da8d6adb60d6,1789772958.000,8,1
1789772962.360,19,dadf5d25-427f-44d4-8391-84f93f5e4faf,1789772958.000,16,1
1789772962.360,19,037a79db-dbf6-48e9-8583-029fd0b2fcc2,1789772959.000,12,0
1789772962.360,19,12559cc6-723a-4930-8756-200967bddda7,1789772959.000,20,0
1789772962.360,19,e8cc2067-ccac-4b0b-81d1-0bff6988fdbe,1789772961.000,3,0
1789772962.518,0,933af5aa-9e2e-4e3a-b673-da8d6adb60d6,-61395324642.000,8,1
1789772962.518,5,933af5aa-9e2e-4e3a-b673-da8d6adb60d6,-61395324642.000,8,1
1789772962.518,0,dadf5d25-427f-44d4-8391-84f93f5e4faf,1789772958.000,16,1
1789772962.518,5,dadf5d25-427f-44d4-8391-84f93f5e4faf,1789772958.000,16,1
1789772962.518,15,933af5aa-9e2e-4e3a-b673-da8d6adb60d6,-61395324642.000,8,1
1789772962.518,5,037a79db-dbf6-48e9-8583-029fd0b2fcc2,1789772959.000,12,0
1789772962.518,15,dadf5d25-427f-44d4-8391-84f93f5e4faf,1789772958.000,16,1
1789772962.518,5,12559cc6-723a-4930-8756-200967bddda7,1789772959.000,20,0
1789772962.518,15,037a79db-dbf6-48e9-8583-029fd0b2fcc2,1789772959.000,12,0
1789772962.518,0,037a79db-dbf6-48e9-8583-029fd0b2fcc2,1789772959.000,12,0
1789772962.518,15,12559cc6-723a-4930-8756-200967bddda7,1789772959.000,20,0
1789772962.518,0,12559cc6-723a-4930-8756-200967bddda7,-61545228641.000,20,0
1789772962.518,5,e8cc2067-ccac-4b0b-81d1-0bff6988fdbe,1790024959.000,3,0
1789772962.518,0,e8cc2067-ccac-4b0b-81d1-0bff6988fdbe,1789772961.000,3,0
1789772962.518,15,e8cc2067-ccac-4b0b-81d1-0bff6988fdbe,,3,0
1789772962.636,6,933af5aa-9e2e-4e3a-b673-da8d6adb60d6,-59278024242.000,8,1
1789772962.636,20,933af5aa-9e2e-4e3a-b673-da8d6adb60d6,-59278024242.000,8,1
1789772962.636,6,dadf5d25-427f-44d4-8391-84f93f5e4faf,1789772958.000,16,1
1789772962.636,20,dadf5d25-427f-44d4-8391-84f93f5e4faf,1789772958.000,16,1
1789772962.636,6,037a79db-dbf6-48e9-8583-029fd0b2fcc2,1789772959.000,12,0
1789772962.636,20,037a79db-dbf6-48e9-8583-029fd0b2fcc2,1789772959.000,12,0
1789772962.636,6,12559cc6-723a-4930-8756-200967bddda7,1789772959.000,20,0
1789772962.636,20,e8cc2067-ccac-4b0b-81d1-0bff6988fdbe,1789772961.000,3,0
1789772962.636,6,e8cc2067-ccac-4b0b-81d1-0bff6988fdbe,1789772961.000,3,0
1789772962.730,21,933af5aa-9e2e-4e3a-b673-da8d6adb60d6,1789772958.000,8,1
1789772962.730,21,dadf5d25-427f-44d4-8391-84f93f5e4faf,1789772958.000,16,1
1789772962.730,21,037a79db-dbf6-48e9-8583-029fd0b2fcc2,1789772959.000,12,0
1789772962.730,21,12559cc6-723a-4930-8756-200967bddda7,1789772959.000,20,0
1789772962.730,21,e8cc2067-ccac-4b0b-81d1-0bff6988fdbe,1789772961.000,3,0
1789772962.935,7,933af5aa-9e2e-4e3a-b673-da8d6adb60d6,1789772958.000,8,1
1789772962.935,7,dadf5d25-427f-44d4-8391-84f93f5e4faf,1789772958.000,16,1
1789772962.935,7,037a79db-dbf6-48e9-8583-029fd0b2fcc2,1789772959.000,12,0
1789772962.935,7,12559cc6-723a-4930-8756-200967bddda7,1789772959.000,20,0
1789772962.935,7,e8cc2067-ccac-4b0b-81d1-0bff6988fdbe,1789772961.000,3,0
1789772962.977,22,933af5aa-9e2e-4e3a-b673-da8d6adb60d6,1789772958.000,8,1
1789772962.977,22,dadf5d25-427f-44d4-8391-84f93f5e4faf,1789772958.000,16,1
1789772962.977,22,037a79db-dbf6-48e9-8583-029fd0b2fcc2,1789772959.000,12,0
1789772962.977,22,12559cc6-723a-4930-8756-200967bddda7,1789772959.000,20,0
1789772962.977,22,e8cc2067-ccac-4b0b-81d1-0bff6988fdbe,1789772961.000,3,0
1789772963.149,8,dadf5d25-427f-44d4-8391-84f93f5e4faf,1789772958.000,16,1
1789772963.149,8,037a79db-dbf6-48e9-8583-029fd0b2fcc2,1789772959.000,12,0
1789772963.149,8,12559cc6-723a-4930-8756-200967bddda7,1789772959.000,20,0
1789772963.149,8,e8cc2067-ccac-4b0b-81d1-0bff6988fdbe,1789772961.000,3,0
1789772963.175,23,933af5aa-9e2e-4e3a-b673-da8d6adb60d6,1789772958.000,8,1
1789772963.175,23,dadf5d25-427f-44d4-8391-84f93f5e4faf,1789772958.000,16,1
1789772963.175,23,037a79db-dbf6-48e9-8583-029fd0b2fcc2,1789772959.000,12,0
1789772963.175,23,12559cc6-723a-4930-8756-200967bddda7,1789772959.000,20,0
1789772963.175,23,e8cc2067-ccac-4b0b-81d1-0bff6988fdbe,1789772961.000,3,0
1789772963.337,9,933af5aa-9e2e-4e3a-b673-da8d6adb60d6,1789772958.000,8,1
1789772963.337,9,dadf5d25-427f-44d4-8391-84f93f5e4faf,1789772958.000,16,1
1789772963.337,9,037a79db-dbf6-48e9-8583-029fd0b2fcc2,1789772959.000,12,0
1789772963.337,9,12559cc6-723a-4930-8756-200967bddda7,1789772959.000,20,0
1789772963.337,9,e8cc2067-ccac-4b0b-81d1-0bff6988fdbe,1789772961.000,3,0
1789772963.362,24,933af5aa-9e2e-4e3a-b673-da8d6adb60d6,1789772958.000,8,1
1789772963.362,24,dadf5d25-427f-44d4-8391-84f93f5e4faf,1789772958.000,16,1
1789772963.362,24,037a79db-dbf6-48e9-8583-029fd0b2fcc2,1789772959.000,12,0
1789772963.362,24,12559cc6-723a-4930-8756-200967bddda7,1789772959.000,20,0
1789772963.362,24,e8cc2067-ccac-4b0b-81d1-0bff6988fdbe,1789772961.000,3,0
1789772963.522,10,933af5aa-9e2e-4e3a-b673-da8d6adb60d6,1789772958.000,8,1
1789772963.522,10,dadf5d25-427f-44d4-8391-84f93f5e4faf,1789772958.000,16,1
1789772963.522,10,037a79db-dbf6-48e9-8583-029fd0b2fcc2,1789772959.000,12,0
1789772963.522,10,12559cc6-723a-4930-8756-200967bddda7,1789772959.000,20,0
1789772963.522,10,e8cc2067-ccac-4b0b-81d1-0bff6988fdbe,1789772961.000,3,0
1789772963.733,11,933af5aa-9e2e-4e3a-b673-da8d6adb60d6,1789772958.000,8,1
1789772963.733,11,dadf5d25-427f-44d4-8391-84f93f5e4faf,1789772958.000,16,1
1789772963.733,11,037a79db-dbf6-48e9-8583-029fd0b2fcc2,1789772959.000,12,0
1789772963.733,11,12559cc6-723a-4930-8756-200967bddda7,1789772959.000,20,0
1789772963.733,11,e8cc2067-ccac-4b0b-81d1-0bff6988fdbe,1789772961.000,3,0
1789772963.937,12,933af5aa-9e2e-4e3a-b673-da8d6adb60d6,1789772958.000,8,1
1789772963.937,12,dadf5d25-427f-44d4-8391-84f93f5e4faf,1789772958.000,16,1
1789772963.937,12,12559cc6-723a-4930-8756-200967bddda7,1789772959.000,20,0
1789772963.937,12,e8cc2067-ccac-4b0b-81d1-0bff6988fdbe,1789772961.000,3,0
1789772964.150,13,933af5aa-9e2e-4e3a-b673-da8d6adb60d6,1789772958.000,8,1
1789772964.150,13,dadf5d25-427f-44d4-8391-84f93f5e4faf,1789772958.000,16,1
1789772964.150,13,037a79db-dbf6-48e9-8583-029fd0b2fcc2,1789772959.000,12,0
1789772964.150,13,12559cc6-723a-4930-8756-200967bddda7,1789772959.000,20,0
1789772964.150,13,e8cc2067-ccac-4b0b-81d1-0bff6988fdbe,1789772961.000,3,0
1789772964.365,14,933af5aa-9e2e-4e3a-b673-da8d6adb60d6,1789772958.000,8,1
1789772964.365,14,dadf5d25-427f-44d4-8391-84f93f5e4faf,1789772958.000,16,1
1789772964.365,14,037a79db-dbf6-48e9-8583-029fd0b2fcc2,1789772959.000,12,0
1789772964.365,14,12559cc6-723a-4930-8756-200967bddda7,1789772959.000,20,0
1789772964.365,14,e8cc2067-ccac-4b0b-81d1-0bff6988fdbe,1789772961.000,3,0
1789772964.645,1,ea5137ee-602c-4721-acd0-6bfb36f6cfd3,1789772961.000,13,0
1789772964.645,1,cf77a47c-a48d-4688-b08a-f37be7153e19,1789772961.000,9,0
1789772964.645,1,e8cc2067-ccac-4b0b-81d1-0bff6988fdbe,1789772961.000,3,1
1789772964.645,1,46bec143-2acd-4b1b-b1bc-e64f375d8cf5,1789772962.000,14,0
1789772964.645,1,a146ef88-270d-4684-8a26-2a20e6bf3672,1789772963.000,7,0
1789772964.645,1,eb1e3a64-f076-497d-b51f-4c679a147203,1789772964.000,18,0
1789772964.734,16,ea5137ee-602c-4721-acd0-6bfb36f6cfd3,1789772961.000,13,0
1789772964.734,16,cf77a47c-a48d-4688-b08a-f37be7153e19,1789772961.000,9,0
1789772964.734,16,e8cc2067-ccac-4b0b-81d1-0bff6988fdbe,1789772961.000,3,1
1789772964.734,16,46bec143-2acd-4b1b-b1bc-e64f375d8cf5,1789772962.000,14,0
1789772964.734,16,a146ef88-270d-4684-8a26-2a20e6bf3672,1789772963.000,7,0
1789772964.734,16,a8dc9ca1-2a79-4bf2-bfe3-dc35316107be,1789772963.000,1,0
1789772964.734,16,eb1e3a64-f076-497d-b51f-4c679a147203,1789772964.000,18,0
1789772964.939,2,ea5137ee-602c-4721-acd0-6bfb36f6cfd3,1789772961.000,13,0
1789772964.939,2,cf77a47c-a48d-4688-b08a-f37be7153e19,1789772961.000,9,0
1789772964.939,2,e8cc2067-ccac-4b0b-81d1-0bff6988fdbe,1789772961.000,3,1
1789772964.939,2,46bec143-2acd-4b1b-b1bc-e64f375d8cf5,1789772962.000,14,0
1789772964.939,2,a146ef88-270d-4684-8a26-2a20e6bf3672,1789772963.000,7,0
1789772964.939,2,a8dc9ca1-2a79-4bf2-bfe3-dc35316107be,1789772963.000,1,0
1789772964.939,2,eb1e3a64-f076-497d-b51f-4c679a147203,1789772964.000,18,0
1789772964.982,17,ea5137ee-602c-4721-acd0-6bfb36f6cfd3,1789772961.000,13,0
1789772964.982,17,cf77a47c-a48d-4688-b08a-f37be7153e19,1789772961.000,9,0
1789772964.982,17,e8cc2067-ccac-4b0b-81d1-0bff6988fdbe,1789772961.000,3,1
1789772964.982,17,46bec143-2acd-4b1b-b1bc-e64f375d8cf5,1789772962.000,14,0
1789772964.982,17,a146ef88-270d-4684-8a26-2a20e6bf3672,1789772963.000,7,0
1789772964.982,17,a8dc9ca1-2a79-4bf2-bfe3-dc35316107be,1789772963.000,1,0
1789772964.982,17,eb1e3a64-f076-497d-b51f-4c679a147203,1789772964.000,18,0
1789772965.151,3,ea5137ee-602c-4721-acd0-6bfb36f6cfd3,1789772961.000,13,0
1789772965.151,3,cf77a47c-a48d-4688-b08a-f37be7153e19,1789772961.000,9,0
1789772965.151,3,46bec143-2acd-4b1b-b1bc-e64f375d8cf5,1789772962.000,14,0
1789772965.151,3,a146ef88-270d-4684-8a26-2a20e6bf3672,1789772963.000,7,0
1789772965.151,3,a8dc9ca1-2a79-4bf2-bfe3-dc35316107be,1789772963.000,1,0
1789772965.151,3,eb1e3a64-f076-497d-b51f-4c679a147203,1789772964.000,18,0
1789772965.180,18,ea5137ee-602c-4721-acd0-6bfb36f6cfd3,1789772961.000,13,0
1789772965.180,18,cf77a47c-a48d-4688-b08a-f37be7153e19,1789772961.000,9,0
1789772965.180,18,e8cc2067-ccac-4b0b-81d1-0bff6988fdbe,1789772961.000,3,1
1789772965.180,18,46bec143-2acd-4b1b-b1bc-e64f375d8cf5,1789772962.000,14,0
1789772965.180,18,a146ef88-270d-4684-8a26-2a20e6bf3672,1789772963.000,7,0
1789772965.180,18,a8dc9ca1-2a79-4bf2-bfe3-dc35316107be,1789772963.000,1,0
1789772965.347,4,ea5137ee-602c-4721-acd0-6bfb36f6cfd3,1789772961.000,13,0
1789772965.347,4,cf77a47c-a48d-4688-b08a-f37be7153e19,1789772961.000,9,0
1789772965.347,4,e8cc2067-ccac-4b0b-81d1-0bff6988fdbe,1789772961.000,3,1
1789772965.347,4,46bec143-2acd-4b1b-b1bc-e64f375d8cf5,1789772962.000,14,0
1789772965.347,4,a146ef88-270d-4684-8a26-2a20e6bf3672,1789772963.000,7,0
1789772965.347,4,a8dc9ca1-2a79-4bf2-bfe3-dc35316107be,1789772963.000,1,0
1789772965.347,4,eb1e3a64-f076-497d-b51f-4c679a147203,1789772964.000,18,0
1789772965.369,19,ea5137ee-602c-4721-acd0-6bfb36f6cfd3,1789772961.000,13,0
1789772965.369,19,cf77a47c-a48d-4688-b08a-f37be7153e19,1789772961.000,9,0
1789772965.369,19,e8cc2067-ccac-4b0b-81d1-0bff6988fdbe,1789772961.000,3,1
1789772965.369,19,46bec143-2acd-4b1b-b1bc-e64f375d8cf5,1789772962.000,14,0
1789772965.369,19,a146ef88-270d-4684-8a26-2a20e6bf3672,1789772963.000,7,0
1789772965.369,19,a8dc9ca1-2a79-4bf2-bfe3-dc35316107be,1789772963.000,1,0
1789772965.369,19,eb1e3a64-f076-497d-b51f-4c679a147203,1789772964.000,18,0
1789772965.532,0,ea5137ee-602c-4721-acd0-6bfb36f6cfd3,-61576332639.000,13,0
1789772965.532,15,ea5137ee-602c-4721-acd0-6bfb36f6cfd3,,13,0
1789772965.532,0,cf77a47c-a48d-4688-b08a-f37be7153e19,1789772961.000,9,0
1789772965.532,15,cf77a47c-a48d-4688-b08a-f37be7153e19,1789772961.000,9,0
1789772965.532,15,e8cc2067-ccac-4b0b-81d1-0bff6988fdbe,1789772961.000,3,1
1789772965.532,0,e8cc2067-ccac-4b0b-81d1-0bff6988fdbe,1789772961.000,3,1
1789772965.532,15,46bec143-2acd-4b1b-b1bc-e64f375d8cf5,1789772962.000,14,0
1789772965.532,0,46bec143-2acd-4b1b-b1bc-e64f375d8cf5,1789772962.000,14,0
1789772965.532,15,a146ef88-270d-4684-8a26-2a20e6bf3672,1789772963.000,7,0
1789772965.532,0,a146ef88-270d-4684-8a26-2a20e6bf3672,1789772963.000,7,0
1789772965.532,15,a8dc9ca1-2a79-4bf2-bfe3-dc35316107be,1789772963.000,1,0
1789772965.532,0,a8dc9ca1-2a79-4bf2-bfe3-dc35316107be,1789772963.000,1,0
1789772965.532,15,eb1e3a64-f076-497d-b51f-4c679a147203,1789772964.000,18,0
1789772965.532,0,eb1e3a64-f076-497d-b51f-4c679a147203,1789772964.000,18,0
1789772965.532,5,ea5137ee-602c-4721-acd0-6bfb36f6cfd3,1789772961.000,13,0
1789772965.532,5,cf77a47c-a48d-4688-b08a-f37be7153e19,1789772961.000,9,0
1789772965.532,5,e8cc2067-ccac-4b0b-81d1-0bff6988fdbe,1789772961.000,3,1
1789772965.532,5,46bec143-2acd-4b1b-b1bc-e64f375d8cf5,1789772962.000,14,0
1789772965.532,5,a146ef88-270d-4684-8a26-2a20e6bf3672,1789772963.000,7,0
1789772965.532,5,a8dc9ca1-2a79-4bf2-bfe3-dc35316107be,1789772963.000,1,0
1789772965.532,5,eb1e3a64-f076-497d-b51f-4c679a147203,1789772964.000,18,0
1789772965.647,20,ea5137ee-602c-4721-acd0-6bfb36f6cfd3,1789772958.000,13,0
1789772965.647,6,ea5137ee-602c-4721-acd0-6bfb36f6cfd3,,13,0
1789772965.647,20,cf77a47c-a48d-4688-b08a-f37be7153e19,1789772961.000,9,0
1789772965.647,6,cf77a47c-a48d-4688-b08a-f37be7153e19,1789772961.000,9,0
1789772965.647,20,e8cc2067-ccac-4b0b-81d1-0bff6988fdbe,1789772961.000,3,1
1789772965.647,6,e8cc2067-ccac-4b0b-81d1-0bff6988fdbe,1789772961.000,3,1
1789772965.647,20,46bec143-2acd-4b1b-b1bc-e64f375d8cf5,1789772962.000,14,0
1789772965.647,6,46bec143-2acd-4b1b-b1bc-e64f375d8cf5,1789772962.000,14,0
1789772965.647,20,a146ef88-270d-4684-8a26-2a20e6bf3672,1789772963.000,7,0
1789772965.647,6,a146ef88-270d-4684-8a26-2a20e6bf3672,1789772963.000,7,0
1789772965.647,20,a8dc9ca1-2a79-4bf2-bfe3-dc35316107be,1789772963.000,1,0
1789772965.647,6,a8dc9ca1-2a79-4bf2-bfe3-dc35316107be,1789772963.000,1,0
1789772965.647,20,eb1e3a64-f076-497d-b51f-4c679a147203,1789772964.000,18,0
1789772965.647,6,eb1e3a64-f076-497d-b51f-4c679a147203,1789772964.000,18,0
1789772965.736,21,ea5137ee-602c-4721-acd0-6bfb36f6cfd3,1789772961.000,13,0
1789772965.736,21,cf77a47c-a48d-4688-b08a-f37be7153e19,1789772961.000,9,0
1789772965.736,21,e8cc2067-ccac-4b0b-81d1-0bff6988fdbe,1789772961.000,3,1
1789772965.736,21,46bec143-2acd-4b1b-b1bc-e64f375d8cf5,1789772962.000,14,0
1789772965.736,21,a146ef88-270d-4684-8a26-2a20e6bf3672,1789772963.000,7,0
1789772965.736,21,a8dc9ca1-2a79-4bf2-bfe3-dc35316107be,1789772963.000,1,0
1789772965.736,21,eb1e3a64-f076-497d-b51f-4c679a147203,1789772964.000,18,0
1789772965.940,7,ea5137ee-602c-4721-acd0-6bfb36f6cfd3,1789772961.000,13,0
1789772965.940,7,cf77a47c-a48d-4688-b08a-f37be7153e19,1789772961.000,9,0
1789772965.940,7,e8cc2067-ccac-4b0b-81d1-0bff6988fdbe,1789772961.000,3,1
1789772965.940,7,46bec143-2acd-4b1b-b1bc-e64f375d8cf5,1789772962.000,14,0
1789772965.940,7,a8dc9ca1-2a79-4bf2-bfe3-dc35316107be,1789772963.000,1,0
1789772965.940,7,eb1e3a64-f076-497d-b51f-4c679a147203,1789772964.000,18,0
1789772965.985,22,ea5137ee-602c-4721-acd0-6bfb36f6cfd3,1789772961.000,13,0
1789772965.985,22,cf77a47c-a48d-4688-b08a-f37be7153e19,1789772961.000,9,0
1789772965.985,22,e8cc2067-ccac-4b0b-81d1-0bff6988fdbe,1789772961.000,3,1
1789772965.985,22,46bec143-2acd-4b1b-b1bc-e64f375d8cf5,1789772962.000,14,0
1789772965.985,22,a146ef88-270d-4684-8a26-2a20e6bf3672,1789772963.000,7,0
1789772965.985,22,a8dc9ca1-2a79-4bf2-bfe3-dc35316107be,1789772963.000,1,0
1789772965.985,22,eb1e3a64-f076-497d-b51f-4c679a147203,1789772964.000,18,0
1789772966.151,8,ea5137ee-602c-4721-acd0-6bfb36f6cfd3,1789772961.000,13,0
1789772966.151,8,cf77a47c-a48d-4688-b08a-f37be7153e19,1789772961.000,9,0
1789772966.151,8,e8cc2067-ccac-4b0b-81d1-0bff6988fdbe,1789772961.000,3,1
1789772966.151,8,46bec143-2acd-4b1b-b1bc-e64f375d8cf5,1789772962.000,14,0
1789772966.151,8,a146ef88-270d-4684-8a26-2a20e6bf3672,1789772963.000,7,0
1789772966.151,8,a8dc9ca1-2a79-4bf2-bfe3-dc35316107be,1789772963.000,1,0
1789772966.151,8,eb1e3a64-f076-497d-b51f-4c679a147203,1789772964.000,18,0
1789772966.184,23,ea5137ee-602c-4721-acd0-6bfb36f6cfd3,1789772961.000,13,0
1789772966.184,23,cf77a47c-a48d-4688-b08a-f37be7153e19,1789772961.000,9,0
1789772966.184,23,e8cc2067-ccac-4b0b-81d1-0bff6988fdbe,1789772961.000,3,1
1789772966.184,23,46bec143-2acd-4b1b-b1bc-e64f375d8cf5,1789772962.000,14,0
1789772966.184,23,a146ef88-270d-4684-8a26-2a20e6bf3672,1789772963.000,7,0
1789772966.184,23,a8dc9ca1-2a79-4bf2-bfe3-dc35316107be,1789772963.000,1,0
1789772966.184,23,eb1e3a64-f076-497d-b51f-4c679a147203,1789772964.000,18,0
1789772966.352,9,ea5137ee-602c-4721-acd0-6bfb36f6cfd3,1789772961.000,13,0
1789772966.352,9,e8cc2067-ccac-4b0b-81d1-0bff6988fdbe,1789772961.000,3,1
1789772966.352,9,46bec143-2acd-4b1b-b1bc-e64f375d8cf5,1789772962.000,14,0
1789772966.352,9,a146ef88-270d-4684-8a26-2a20e6bf3672,1789772963.000,7,0
1789772966.352,9,a8dc9ca1-2a79-4bf2-bfe3-dc35316107be,1789772963.000,1,0
1789772966.352,9,eb1e3a64-f076-497d-b51f-4c679a147203,1789772964.000,18,0
1789772966.372,24,ea5137ee-602c-4721-acd0-6bfb36f6cfd3,1789772961.000,13,0
1789772966.372,24,cf77a47c-a48d-4688-b08a-f37be7153e19,1789772961.000,9,0
1789772966.372,24,e8cc2067-ccac-4b0b-81d1-0bff6988fdbe,1789772961.000,3,1
1789772966.372,24,46bec143-2acd-4b1b-b1bc-e64f375d8cf5,1789772962.000,14,0
1789772966.372,24,a146ef88-270d-4684-8a26-2a20e6bf3672,1789772963.000,7,0
1789772966.372,24,a8dc9ca1-2a79-4bf2-bfe3-dc35316107be,1789772963.000,1,0
1789772966.372,24,eb1e3a64-f076-497d-b51f-4c679a147203,1789772964.000,18,0
1789772966.537,10,ea5137ee-602c-4721-acd0-6bfb36f6cfd3,1789772961.000,13,0
1789772966.537,10,cf77a47c-a48d-4688-b08a-f37be7153e19,1789772961.000,9,0
1789772966.537,10,e8cc2067-ccac-4b0b-81d1-0bff6988fdbe,1789772961.000,3,1
1789772966.537,10,46bec143-2acd-4b1b-b1bc-e64f375d8cf5,1789772962.000,14,0
1789772966.537,10,a146ef88-270d-4684-8a26-2a20e6bf3672,1789772963.000,7,0
1789772966.537,10,a8dc9ca1-2a79-4bf2-bfe3-dc35316107be,1789772963.000,1,0
1789772966.537,10,eb1e3a64-f076-497d-b51f-4c679a147203,1789772964.000,18,0
1789772966.740,11,ea5137ee-602c-4721-acd0-6bfb36f6cfd3,1789772961.000,13,0
1789772966.740,11,cf77a47c-a48d-4688-b08a-f37be7153e19,1789772961.000,9,0
1789772966.740,11,e8cc2067-ccac-4b0b-81d1-0bff6988fdbe,1789772961.000,3,1
1789772966.740,11,46bec143-2acd-4b1b-b1bc-e64f375d8cf5,1789772962.000,14,0
1789772966.740,11,a146ef88-270d-4684-8a26-2a20e6bf3672,1789772963.000,7,0
1789772966.740,11,a8dc9ca1-2a79-4bf2-bfe3-dc35316107be,1789772963.000,1,0
1789772966.740,11,eb1e3a64-f076-497d-b51f-4c679a147203,1789772964.000,18,0
1789772966.945,12,ea5137ee-602c-4721-acd0-6bfb36f6cfd3,1789772961.000,13,0
1789772966.945,12,cf77a47c-a48d-4688-b08a-f37be7153e19,1789772961.000,9,0
1789772966.945,12,e8cc2067-ccac-4b0b-81d1-0bff6988fdbe,1789772961.000,3,1
1789772966.945,12,46bec143-2acd-4b1b-b1bc-e64f375d8cf5,1789772962.000,14,0
1789772966.945,12,a146ef88-270d-4684-8a26-2a20e6bf3672,1789772963.000,7,0
1789772966.945,12,a8dc9ca1-2a79-4bf2-bfe3-dc35316107be,1789772963.000,1,0
1789772966.945,12,eb1e3a64-f076-497d-b51f-4c679a147203,1789772964.000,18,0
1789772967.154,13,cf77a47c-a48d-4688-b08a-f37be7153e19,1789772961.000,9,0
1789772967.154,13,e8cc2067-ccac-4b0b-81d1-0bff6988fdbe,1789772961.000,3,1
1789772967.154,13,46bec143-2acd-4b1b-b1bc-e64f375d8cf5,1789772962.000,14,0
1789772967.154,13,a146ef88-270d-4684-8a26-2a20e6bf3672,1789772963.000,7,0
1789772967.154,13,a8dc9ca1-2a79-4bf2-bfe3-dc35316107be,1789772963.000,1,0
1789772967.154,13,eb1e3a64-f076-497d-b51f-4c679a147203,1789772964.000,18,0
1789772967.376,14,ea5137ee-602c-4721-acd0-6bfb36f6cfd3,1789772961.000,13,0
1789772967.376,14,cf77a47c-a48d-4688-b08a-f37be7153e19,1789772961.000,9,0
1789772967.376,14,e8cc2067-ccac-4b0b-81d1-0bff6988fdbe,1789772961.000,3,1
1789772967.376,14,a146ef88-270d-4684-8a26-2a20e6bf3672,1789772963.000,7,0
1789772967.376,14,a8dc9ca1-2a79-4bf2-bfe3-dc35316107be,1789772963.000,1,0
1789772967.376,14,eb1e3a64-f076-497d-b51f-4c679a147203,1789772964.000,18,0
1789772967.650,1,eb1e3a64-f076-497d-b51f-4c679a147203,1789772964.000,18,1
1789772967.650,1,95ef6823-b8e5-4773-b2d1-487309476563,1789772966.000,24,0
1789772967.650,1,94ad59a0-8c83-484e-801f-3b4412273518,1789772967.000,5,0
1789772967.742,16,eb1e3a64-f076-497d-b51f-4c679a147203,1789772964.000,18,1
1789772967.742,16,95ef6823-b8e5-4773-b2d1-487309476563,1789772966.000,24,0
1789772967.742,16,94ad59a0-8c83-484e-801f-3b4412273518,1789772967.000,5,0
1789772967.946,2,eb1e3a64-f076-497d-b51f-4c679a147203,1789772964.000,18,1
1789772967.946,2,95ef6823-b8e5-4773-b2d1-487309476563,1789772966.000,24,0
1789772967.946,2,94ad59a0-8c83-484e-801f-3b4412273518,1789772967.000,5,0
1789772967.991,17,eb1e3a64-f076-497d-b51f-4c679a147203,1789772964.000,18,1
1789772967.991,17,95ef6823-b8e5-4773-b2d1-487309476563,1789772966.000,24,0
1789772967.991,17,94ad59a0-8c83-484e-801f-3b4412273518,1789772967.000,5,0
1789772968.154,3,eb1e3a64-f076-497d-b51f-4c679a147203,1789772964.000,18,1
1789772968.154,3,95ef6823-b8e5-4773-b2d1-487309476563,1789772966.000,24,0
1789772968.154,3,94ad59a0-8c83-484e-801f-3b4412273518,1789772967.000,5,0
1789772968.190,18,95ef6823-b8e5-4773-b2d1-487309476563,1789772966.000,24,0
1789772968.190,18,94ad59a0-8c83-484e-801f-3b4412273518,1789772967.000,5,0
1789772968.355,4,eb1e3a64-f076-497d-b51f-4c679a147203,1789772964.000,18,1
1789772968.355,4,95ef6823-b8e5-4773-b2d1-487309476563,1789772966.000,24,0
1789772968.355,4,94ad59a0-8c83-484e-801f-3b4412273518,1789772967.000,5,0
1789772968.376,19,eb1e3a64-f076-497d-b51f-4c679a147203,1789772964.000,18,1
1789772968.376,19,95ef6823-b8e5-4773-b2d1-487309476563,1789772966.000,24,0
1789772968.376,19,94ad59a0-8c83-484e-801f-3b4412273518,1789772967.000,5,0
1789772968.543,5,eb1e3a64-f076-497d-b51f-4c679a147203,1789722564.000,18,1
1789772968.543,0,eb1e3a64-f076-497d-b51f-4c679a147203,,18,1
1789772968.543,15,eb1e3a64-f076-497d-b51f-4c679a147203,,18,1
1789772968.543,0,95ef6823-b8e5-4773-b2d1-487309476563,1789772966.000,24,0
1789772968.543,15,95ef6823-b8e5-4773-b2d1-487309476563,1789772966.000,24,0
1789772968.543,0,94ad59a0-8c83-484e-801f-3b4412273518,1789772967.000,5,0
1789772968.543,15,94ad59a0-8c83-484e-801f-3b4412273518,1789772967.000,5,0
1789772968.543,5,95ef6823-b8e5-4773-b2d1-487309476563,1789772966.000,24,0
1789772968.653,20,eb1e3a64-f076-497d-b51f-4c679a147203,1997651364.000,18,1
1789772968.653,6,eb1e3a64-f076-497d-b51f-4c679a147203,1997651364.000,18,1
1789772968.653,20,95ef6823-b8e5-4773-b2d1-487309476563,1789772966.000,24,0
1789772968.653,6,95ef6823-b8e5-4773-b2d1-487309476563,1789772966.000,24,0
1789772968.653,20,94ad59a0-8c83-484e-801f-3b4412273518,1789772967.000,5,0
1789772968.653,6,94ad59a0-8c83-484e-801f-3b4412273518,1789772967.000,5,0
1789772968.746,21,eb1e3a64-f076-497d-b51f-4c679a147203,1789772964.000,18,1
1789772968.746,21,95ef6823-b8e5-4773-b2d1-487309476563,1789772966.000,24,0
1789772968.746,21,94ad59a0-8c83-484e-801f-3b4412273518,1789772967.000,5,0
1789772968.949,7,eb1e3a64-f076-497d-b51f-4c679a147203,1789772964.000,18,1
1789772968.949,7,95ef6823-b8e5-4773-b2d1-487309476563,1789772966.000,24,0
1789772968.949,7,94ad59a0-8c83-484e-801f-3b4412273518,1789772967.000,5,0
1789772968.992,22,eb1e3a64-f076-497d-b51f-4c679a147203,1789772964.000,18,1
1789772968.992,22,95ef6823-b8e5-4773-b2d1-487309476563,1789772966.000,24,0
1789772968.992,22,94ad59a0-8c83-484e-801f-3b4412273518,1789772967.000,5,0
1789772969.156,8,eb1e3a64-f076-497d-b51f-4c679a147203,1789772964.000,18,1
1789772969.156,8,95ef6823-b8e5-4773-b2d1-487309476563,1789772966.000,24,0
1789772969.156,8,94ad59a0-8c83-484e-801f-3b4412273518,1789772967.000,5,0
1789772969.191,23,eb1e3a64-f076-497d-b51f-4c679a147203,1789772964.000,18,1
1789772969.191,23,95ef6823-b8e5-4773-b2d1-487309476563,1789772966.000,24,0
1789772969.191,23,94ad59a0-8c83-484e-801f-3b4412273518,1789772967.000,5,0
1789772969.357,9,eb1e3a64-f076-497d-b51f-4c679a147203,1789772964.000,18,1
1789772969.357,9,95ef6823-b8e5-4773-b2d1-487309476563,1789772966.000,24,0
1789772969.357,9,94ad59a0-8c83-484e-801f-3b4412273518,1789772967.000,5,0
1789772969.381,24,eb1e3a64-f076-497d-b51f-4c679a147203,1789772964.000,18,1
1789772969.381,24,94ad59a0-8c83-484e-801f-3b4412273518,1789772967.000,5,0
1789772969.547,10,eb1e3a64-f076-497d-b51f-4c679a147203,1789772964.000,18,1
1789772969.547,10,95ef6823-b8e5-4773-b2d1-487309476563,1789772966.000,24,0
1789772969.547,10,94ad59a0-8c83-484e-801f-3b4412273518,1789772967.000,5,0
1789772969.750,11,eb1e3a64-f076-497d-b51f-4c679a147203,1789772964.000,18,1
1789772969.750,11,95ef6823-b8e5-4773-b2d1-487309476563,1789772966.000,24,0
1789772969.750,11,94ad59a0-8c83-484e-801f-3b4412273518,1789772967.000,5,0
1789772969.950,12,eb1e3a64-f076-497d-b51f-4c679a147203,1789772964.000,18,1
1789772969.950,12,95ef6823-b8e5-4773-b2d1-487309476563,1789772966.000,24,0
1789772969.950,12,94ad59a0-8c83-484e-801f-3b4412273518,1789772967.000,5,0
1789772970.160,13,eb1e3a64-f076-497d-b51f-4c679a147203,1789772964.000,18,1
1789772970.160,13,95ef6823-b8e5-4773-b2d1-487309476563,1789772966.000,24,0
1789772970.160,13,94ad59a0-8c83-484e-801f-3b4412273518,1789772967.000,5,0
1789772970.384,14,eb1e3a64-f076-497d-b51f-4c679a147203,1789772964.000,18,1
1789772970.384,14,95ef6823-b8e5-4773-b2d1-487309476563,1789772966.000,24,0
1789772970.384,14,94ad59a0-8c83-484e-801f-3b4412273518,1789772967.000,5,0
1789772970.549,0,94ad59a0-8c83-484e-801f-3b4412273518,1789881789.000,5,1
1789772970.549,15,94ad59a0-8c83-484e-801f-3b4412273518,,5,1
1789772970.657,1,94ad59a0-8c83-484e-801f-3b4412273518,1789772967.000,5,1
1789772970.750,16,94ad59a0-8c83-484e-801f-3b4412273518,1789772967.000,5,1
1789772970.950,2,94ad59a0-8c83-484e-801f-3b4412273518,1789772967.000,5,1
1789772971.000,17,94ad59a0-8c83-484e-801f-3b4412273518,1789772967.000,5,1
1789772971.160,3,94ad59a0-8c83-484e-801f-3b4412273518,1789772967.000,5,1
1789772971.196,18,94ad59a0-8c83-484e-801f-3b4412273518,1789772967.000,5,1
1789772971.363,4,94ad59a0-8c83-484e-801f-3b4412273518,1789772967.000,5,1
1789772971.385,19,94ad59a0-8c83-484e-801f-3b4412273518,1789772967.000,5,1
1789772971.659,6,94ad59a0-8c83-484e-801f-3b4412273518,1789772967.000,5,1
1789772971.659,20,94ad59a0-8c83-484e-801f-3b4412273518,1789772967.000,5,1
1789772971.755,21,94ad59a0-8c83-484e-801f-3b4412273518,1789772967.000,5,1
1789772971.951,7,94ad59a0-8c83-484e-801f-3b4412273518,1789772967.000,5,1
1789772972.004,22,94ad59a0-8c83-484e-801f-3b4412273518,1789772967.000,5,1
1789772972.163,8,94ad59a0-8c83-484e-801f-3b4412273518,1789772967.000,5,1
1789772972.198,23,94ad59a0-8c83-484e-801f-3b4412273518,1789772967.000,5,1
1789772972.368,9,94ad59a0-8c83-484e-801f-3b4412273518,1789772967.000,5,1
1789772972.387,24,94ad59a0-8c83-484e-801f-3b4412273518,1789772967.000,5,1
1789772972.554,10,94ad59a0-8c83-484e-801f-3b4412273518,1789772967.000,5,1
1789772972.758,11,94ad59a0-8c83-484e-801f-3b4412273518,1789772967.000,5,1
1789772972.954,12,94ad59a0-8c83-484e-801f-3b4412273518,1789772967.000,5,1
1789772973.165,13,94ad59a0-8c83-484e-801f-3b4412273518,1789772967.000,5,1
1789772973.391,14,94ad59a0-8c83-484e-801f-3b4412273518,1789772967.000,5,1
1789772973.665,1,8244ca5a-da65-4239-8a08-96f71e518e7f,1789772970.000,22,0
1789772973.665,1,07f546d6-bf08-4c81-a137-97f83d5de6f0,1789772972.000,4,0
1789772973.665,1,c6709a10-7716-4c56-bce0-7ebb4a39ed13,1789772972.000,15,0
1789772973.665,1,b35a6454-70e0-4308-8647-8178c9069807,1789772973.000,21,0
1789772973.762,16,8244ca5a-da65-4239-8a08-96f71e518e7f,1789772970.000,22,0
1789772973.762,16,07f546d6-bf08-4c81-a137-97f83d5de6f0,1789772972.000,4,0
1789772973.762,16,c6709a10-7716-4c56-bce0-7ebb4a39ed13,1789772972.000,15,0
1789772973.762,16,b35a6454-70e0-4308-8647-8178c9069807,1789772973.000,21,0
1789772973.956,2,8244ca5a-da65-4239-8a08-96f71e518e7f,1789772970.000,22,0
1789772973.956,2,07f546d6-bf08-4c81-a137-97f83d5de6f0,1789772972.000,4,0
1789772973.956,2,c6709a10-7716-4c56-bce0-7ebb4a39ed13,1789772972.000,15,0
1789772973.956,2,b35a6454-70e0-4308-8647-8178c9069807,1789772973.000,21,0
1789772974.007,17,8244ca5a-da65-4239-8a08-96f71e518e7f,1789772970.000,22,0
1789772974.007,17,07f546d6-bf08-4c81-a137-97f83d5de6f0,1789772972.000,4,0
1789772974.007,17,c6709a10-7716-4c56-bce0-7ebb4a39ed13,1789772972.000,15,0
1789772974.007,17,b35a6454-70e0-4308-8647-8178c9069807,1789772973.000,21,0
1789772974.166,3,8244ca5a-da65-4239-8a08-96f71e518e7f,1789772970.000,22,0
1789772974.166,3,07f546d6-bf08-4c81-a137-97f83d5de6f0,1789772972.000,4,0
1789772974.166,3,c6709a10-7716-4c56-bce0-7ebb4a39ed13,1789772972.000,15,0
1789772974.166,3,b35a6454-70e0-4308-8647-8178c9069807,1789772973.000,21,0
1789772974.202,18,8244ca5a-da65-4239-8a08-96f71e518e7f,1789772970.000,22,0
1789772974.202,18,07f546d6-bf08-4c81-a137-97f83d5de6f0,1789772972.000,4,0
1789772974.202,18,c6709a10-7716-4c56-bce0-7ebb4a39ed13,1789772972.000,15,0
1789772974.202,18,b35a6454-70e0-4308-8647-8178c9069807,1789772973.000,21,0
1789772974.372,4,8244ca5a-da65-4239-8a08-96f71e518e7f,1789772970.000,22,0
1789772974.372,4,c6709a10-7716-4c56-bce0-7ebb4a39ed13,1789772972.000,15,0
1789772974.372,4,b35a6454-70e0-4308-8647-8178c9069807,1789772973.000,21,0
1789772974.394,19,8244ca5a-da65-4239-8a08-96f71e518e7f,1789772970.000,22,0
1789772974.394,19,07f546d6-bf08-4c81-a137-97f83d5de6f0,1789772972.000,4,0
1789772974.394,19,c6709a10-7716-4c56-bce0-7ebb4a39ed13,1789772972.000,15,0
1789772974.394,19,b35a6454-70e0-4308-8647-8178c9069807,1789772973.000,21,0
1789772974.562,15,8244ca5a-da65-4239-8a08-96f71e518e7f,1789772970.000,22,0
1789772974.562,5,8244ca5a-da65-4239-8a08-96f71e518e7f,1789772970.000,22,0
1789772974.562,0,8244ca5a-da65-4239-8a08-96f71e518e7f,,22,0
1789772974.562,15,07f546d6-bf08-4c81-a137-97f83d5de6f0,1789772972.000,4,0
1789772974.562,5,07f546d6-bf08-4c81-a137-97f83d5de6f0,1789772972.000,4,0
1789772974.562,0,07f546d6-bf08-4c81-a137-97f83d5de6f0,1789772972.000,4,0
1789772974.562,15,b35a6454-70e0-4308-8647-8178c9069807,1789772973.000,21,0
1789772974.562,0,c6709a10-7716-4c56-bce0-7ebb4a39ed13,1789772972.000,15,0
1789772974.562,0,b35a6454-70e0-4308-8647-8178c9069807,1789772973.000,21,0
1789772974.562,5,c6709a10-7716-4c56-bce0-7ebb4a39ed13,1789772972.000,15,0
1789772974.562,5,b35a6454-70e0-4308-8647-8178c9069807,1789772973.000,21,0
1789772974.667,20,8244ca5a-da65-4239-8a08-96f71e518e7f,1789723103.000,22,0
1789772974.667,6,8244ca5a-da65-4239-8a08-96f71e518e7f,,22,0
1789772974.667,20,07f546d6-bf08-4c81-a137-97f83d5de6f0,1789772972.000,4,0
1789772974.667,6,07f546d6-bf08-4c81-a137-97f83d5de6f0,1789772958.000,4,0
1789772974.667,6,c6709a10-7716-4c56-bce0-7ebb4a39ed13,1789772972.000,15,0
1789772974.667,6,b35a6454-70e0-4308-8647-8178c9069807,1789772973.000,21,0
1789772974.667,20,c6709a10-7716-4c56-bce0-7ebb4a39ed13,1789772973.000,15,0
1789772974.667,20,b35a6454-70e0-4308-8647-8178c9069807,1789772973.000,21,0
1789772974.763,21,8244ca5a-da65-4239-8a08-96f71e518e7f,1789772970.000,22,0
1789772974.763,21,07f546d6-bf08-4c81-a137-97f83d5de6f0,1789772972.000,4,0
1789772974.763,21,c6709a10-7716-4c56-bce0-7ebb4a39ed13,1789772972.000,15,0
1789772974.956,7,8244ca5a-da65-4239-8a08-96f71e518e7f,1789772970.000,22,0
1789772974.956,7,07f546d6-bf08-4c81-a137-97f83d5de6f0,1789772972.000,4,0
1789772974.956,7,c6709a10-7716-4c56-bce0-7ebb4a39ed13,1789772972.000,15,0
1789772974.956,7,b35a6454-70e0-4308-8647-8178c9069807,1789772973.000,21,0
1789772975.010,22,07f546d6-bf08-4c81-a137-97f83d5de6f0,1789772972.000,4,0
1789772975.010,22,c6709a10-7716-4c56-bce0-7ebb4a39ed13,1789772972.000,15,0
1789772975.010,22,b35a6454-70e0-4308-8647-8178c9069807,1789772973.000,21,0
1789772975.171,8,8244ca5a-da65-4239-8a08-96f71e518e7f,1789772970.000,22,0
1789772975.171,8,07f546d6-bf08-4c81-a137-97f83d5de6f0,1789772972.000,4,0
1789772975.171,8,c6709a10-7716-4c56-bce0-7ebb4a39ed13,1789772972.000,15,0
1789772975.171,8,b35a6454-70e0-4308-8647-8178c9069807,1789772973.000,21,0
1789772975.204,23,8244ca5a-da65-4239-8a08-96f71e518e7f,1789772970.000,22,0
1789772975.204,23,07f546d6-bf08-4c81-a137-97f83d5de6f0,1789772972.000,4,0
1789772975.204,23,c6709a10-7716-4c56-bce0-7ebb4a39ed13,1789772972.000,15,0
1789772975.204,23,b35a6454-70e0-4308-8647-8178c9069807,1789772973.000,21,0
1789772975.376,9,8244ca5a-da65-4239-8a08-96f71e518e7f,1789772970.000,22,0
1789772975.376,9,07f546d6-bf08-4c81-a137-97f83d5de6f0,1789772972.000,4,0
1789772975.376,9,c6709a10-7716-4c56-bce0-7ebb4a39ed13,1789772972.000,15,0
1789772975.376,9,b35a6454-70e0-4308-8647-8178c9069807,1789772973.000,21,0
1789772975.398,24,8244ca5a-da65-4239-8a08-96f71e518e7f,1789772970.000,22,0
1789772975.398,24,07f546d6-bf08-4c81-a137-97f83d5de6f0,1789772972.000,4,0
1789772975.398,24,c6709a10-7716-4c56-bce0-7ebb4a39ed13,1789772972.000,15,0
1789772975.398,24,b35a6454-70e0-4308-8647-8178c9069807,1789772973.000,21,0
1789772975.562,10,8244ca5a-da65-4239-8a08-96f71e518e7f,1789772970.000,22,0
1789772975.562,10,07f546d6-bf08-4c81-a137-97f83d5de6f0,1789772972.000,4,0
1789772975.562,10,c6709a10-7716-4c56-bce0-7ebb4a39ed13,1789772972.000,15,0
1789772975.562,10,b35a6454-70e0-4308-8647-8178c9069807,1789772973.000,21,0
1789772975.767,11,8244ca5a-da65-4239-8a08-96f71e518e7f,1789772970.000,22,0
1789772975.767,11,07f546d6-bf08-4c81-a137-97f83d5de6f0,1789772972.000,4,0
1789772975.767,11,c6709a10-7716-4c56-bce0-7ebb4a39ed13,1789772972.000,15,0
1789772975.767,11,b35a6454-70e0-4308-8647-8178c9069807,1789772973.000,21,0
1789772975.960,12,8244ca5a-da65-4239-8a08-96f71e518e7f,1789772970.000,22,0
1789772975.960,12,07f546d6-bf08-4c81-a137-97f83d5de6f0,1789772972.000,4,0
1789772975.960,12,c6709a10-7716-4c56-bce0-7ebb4a39ed13,1789772972.000,15,0
1789772975.960,12,b35a6454-70e0-4308-8647-8178c9069807,1789772973.000,21,0
1789772976.176,13,8244ca5a-da65-4239-8a08-96f71e518e7f,1789772970.000,22,0
1789772976.176,13,07f546d6-bf08-4c81-a137-97f83d5de6f0,1789772972.000,4,0
1789772976.176,13,c6709a10-7716-4c56-bce0-7ebb4a39ed13,1789772972.000,15,0
1789772976.176,13,b35a6454-70e0-4308-8647-8178c9069807,1789772973.000,21,0
1789772976.398,14,8244ca5a-da65-4239-8a08-96f71e518e7f,1789772970.000,22,0
1789772976.398,14,07f546d6-bf08-4c81-a137-97f83d5de6f0,1789772972.000,4,0
1789772976.398,14,c6709a10-7716-4c56-bce0-7ebb4a39ed13,1789772972.000,15,0
1789772976.398,14,b35a6454-70e0-4308-8647-8178c9069807,1789772973.000,21,0
1789772976.567,15,b35a6454-70e0-4308-8647-8178c9069807,1789808973.000,21,1
1789772976.567,0,b35a6454-70e0-4308-8647-8178c9069807,1789808973.000,21,1
1789772976.567,15,da4ad137-c3fb-406c-ad11-8a30150f3685,1789772974.000,23,0
1789772976.567,0,da4ad137-c3fb-406c-ad11-8a30150f3685,1789772974.000,23,0
1789772976.668,1,b35a6454-70e0-4308-8647-8178c9069807,1789772973.000,21,1
1789772976.668,1,da4ad137-c3fb-406c-ad11-8a30150f3685,1789772974.000,23,0
1789772976.768,16,b35a6454-70e0-4308-8647-8178c9069807,1789772973.000,21,1
1789772976.768,16,da4ad137-c3fb-406c-ad11-8a30150f3685,1789772974.000,23,0
1789772976.960,2,b35a6454-70e0-4308-8647-8178c9069807,1789772973.000,21,1
1789772976.960,2,da4ad137-c3fb-406c-ad11-8a30150f3685,1789772974.000,23,0
1789772977.013,17,b35a6454-70e0-4308-8647-8178c9069807,1789772973.000,21,1
1789772977.013,17,da4ad137-c3fb-406c-ad11-8a30150f3685,1789772974.000,23,0
1789772977.178,3,b35a6454-70e0-4308-8647-8178c9069807,1789772973.000,21,1
1789772977.178,3,da4ad137-c3fb-406c-ad11-8a30150f3685,1789772974.000,23,0
1789772977.214,18,b35a6454-70e0-4308-8647-8178c9069807,1789772973.000,21,1
1789772977.214,18,da4ad137-c3fb-406c-ad11-8a30150f3685,1789772974.000,23,0
1789772977.380,4,b35a6454-70e0-4308-8647-8178c9069807,1789772973.000,21,1
1789772977.380,4,da4ad137-c3fb-406c-ad11-8a30150f3685,1789772974.000,23,0
1789772977.402,19,b35a6454-70e0-4308-8647-8178c9069807,1789772973.000,21,1
1789772977.402,19,da4ad137-c3fb-406c-ad11-8a30150f3685,1789772974.000,23,0
1789772977.571,5,b35a6454-70e0-4308-8647-8178c9069807,1789772973.000,21,1
1789772977.571,5,da4ad137-c3fb-406c-ad11-8a30150f3685,1789772974.000,23,0
1789772977.672,6,b35a6454-70e0-4308-8647-8178c9069807,-60566921427.000,21,1
1789772977.672,20,b35a6454-70e0-4308-8647-8178c9069807,-60566921427.000,21,1
1789772977.672,6,da4ad137-c3fb-406c-ad11-8a30150f3685,1789772974.000,23,0
1789772977.672,20,da4ad137-c3fb-406c-ad11-8a30150f3685,1789772974.000,23,0
1789772977.768,21,da4ad137-c3fb-406c-ad11-8a30150f3685,1789772974.000,23,0
1789772977.962,7,b35a6454-70e0-4308-8647-8178c9069807,1789772973.000,21,1
1789772977.962,7,da4ad137-c3fb-406c-ad11-8a30150f3685,1789772974.000,23,0
1789772978.017,22,b35a6454-70e0-4308-8647-8178c9069807,1789772973.000,21,1
1789772978.017,22,da4ad137-c3fb-406c-ad11-8a30150f3685,1789772974.000,23,0
1789772978.180,8,b35a6454-70e0-4308-8647-8178c9069807,1789772973.000,21,1
1789772978.180,8,da4ad137-c3fb-406c-ad11-8a30150f3685,1789772974.000,23,0
1789772978.215,23,b35a6454-70e0-4308-8647-8178c9069807,1789772973.000,21,1
1789772978.382,9,b35a6454-70e0-4308-8647-8178c9069807,1789772973.000,21,1
1789772978.382,9,da4ad137-c3fb-406c-ad11-8a30150f3685,1789772974.000,23,0
1789772978.406,24,b35a6454-70e0-4308-8647-8178c9069807,1789772973.000,21,1
1789772978.406,24,da4ad137-c3fb-406c-ad11-8a30150f3685,1789772974.000,23,0
1789772978.572,10,b35a6454-70e0-4308-8647-8178c9069807,1789772973.000,21,1
1789772978.572,10,da4ad137-c3fb-406c-ad11-8a30150f3685,1789772974.000,23,0
1789772978.773,11,b35a6454-70e0-4308-8647-8178c9069807,1789772973.000,21,1
1789772978.773,11,da4ad137-c3fb-406c-ad11-8a30150f3685,1789772974.000,23,0
1789772978.965,12,b35a6454-70e0-4308-8647-8178c9069807,1789772973.000,21,1
1789772978.965,12,da4ad137-c3fb-406c-ad11-8a30150f3685,1789772974.000,23,0
1789772979.180,13,b35a6454-70e0-4308-8647-8178c9069807,1789772973.000,21,1
1789772979.180,13,da4ad137-c3fb-406c-ad11-8a30150f3685,1789772974.000,23,0
1789772979.409,14,b35a6454-70e0-4308-8647-8178c9069807,1789772973.000,21,1
1789772979.409,14,da4ad137-c3fb-406c-ad11-8a30150f3685,1789772974.000,23,0
1789772979.681,1,f4c4dfa2-8cd8-45ce-b970-661049453691,1789772977.000,0,0
1789772979.681,1,e0fda07c-2da9-436e-9200-5a6f614d2693,1789772977.000,2,0
1789772979.681,1,92942543-1145-4385-a902-ac966393ce6b,1789772978.000,19,0
1789772979.778,16,f4c4dfa2-8cd8-45ce-b970-661049453691,1789772977.000,0,0
1789772979.778,16,e0fda07c-2da9-436e-9200-5a6f614d2693,1789772977.000,2,0
1789772979.778,16,92942543-1145-4385-a902-ac966393ce6b,1789772978.000,19,0
1789772979.966,2,f4c4dfa2-8cd8-45ce-b970-661049453691,1789772977.000,0,0
1789772979.966,2,92942543-1145-4385-a902-ac966393ce6b,1789772978.000,19,0
1789772980.025,17,f4c4dfa2-8cd8-45ce-b970-661049453691,1789772977.000,0,0
1789772980.025,17,e0fda07c-2da9-436e-9200-5a6f614d2693,1789772977.000,2,0
1789772980.025,17,92942543-1145-4385-a902-ac966393ce6b,1789772978.000,19,0
1789772980.180,3,f4c4dfa2-8cd8-45ce-b970-661049453691,1789772977.000,0,0
1789772980.180,3,e0fda07c-2da9-436e-9200-5a6f614d2693,1789772977.000,2,0
1789772980.180,3,92942543-1145-4385-a902-ac966393ce6b,1789772978.000,19,0
1789772980.219,18,f4c4dfa2-8cd8-45ce-b970-661049453691,1789772977.000,0,0
1789772980.219,18,e0fda07c-2da9-436e-9200-5a6f614d2693,1789772977.000,2,0
1789772980.219,18,92942543-1145-4385-a902-ac966393ce6b,1789772978.000,19,0
1789772980.386,4,f4c4dfa2-8cd8-45ce-b970-661049453691,1789772977.000,0,0
1789772980.386,4,e0fda07c-2da9-436e-9200-5a6f614d2693,1789772977.000,2,0
1789772980.386,4,92942543-1145-4385-a902-ac966393ce6b,1789772978.000,19,0
1789772980.410,19,f4c4dfa2-8cd8-45ce-b970-661049453691,1789772977.000,0,0
1789772980.410,19,e0fda07c-2da9-436e-9200-5a6f614d2693,1789772977.000,2,0
1789772980.577,15,f4c4dfa2-8cd8-45ce-b970-661049453691,-61345299023.000,0,0
1789772980.577,5,f4c4dfa2-8cd8-45ce-b970-661049453691,-61345299023.000,0,0
1789772980.577,15,e0fda07c-2da9-436e-9200-5a6f614d2693,1789772977.000,2,0
1789772980.577,5,e0fda07c-2da9-436e-9200-5a6f614d2693,1789772977.000,2,0
1789772980.577,15,92942543-1145-4385-a902-ac966393ce6b,1789772978.000,19,0
1789772980.577,5,92942543-1145-4385-a902-ac966393ce6b,1789772978.000,19,0
1789772980.577,0,e0fda07c-2da9-436e-9200-5a6f614d2693,,2,0
1789772980.577,0,92942543-1145-4385-a902-ac966393ce6b,1789772978.000,19,0
1789772980.682,20,f4c4dfa2-8cd8-45ce-b970-661049453691,1789772977.000,0,0
1789772980.682,6,f4c4dfa2-8cd8-45ce-b970-661049453691,,0,0
1789772980.682,20,e0fda07c-2da9-436e-9200-5a6f614d2693,1789772977.000,2,0
1789772980.682,6,e0fda07c-2da9-436e-9200-5a6f614d2693,1789772977.000,2,0
1789772980.682,20,92942543-1145-4385-a902-ac966393ce6b,1789772978.000,19,0
1789772980.682,6,92942543-1145-4385-a902-ac966393ce6b,1789772978.000,19,0
1789772980.779,21,f4c4dfa2-8cd8-45ce-b970-661049453691,1789772977.000,0,0
1789772980.779,21,e0fda07c-2da9-436e-9200-5a6f614d2693,1789772977.000,2,0
1789772980.779,21,92942543-1145-4385-a902-ac966393ce6b,1789772978.000,19,0
1789772980.969,7,f4c4dfa2-8cd8-45ce-b970-661049453691,1789772977.000,0,0
1789772980.969,7,e0fda07c-2da9-436e-9200-5a6f614d2693,1789772977.000,2,0
1789772980.969,7,92942543-1145-4385-a902-ac966393ce6b,1789772978.000,19,0
1789772981.030,22,f4c4dfa2-8cd8-45ce-b970-661049453691,1789772977.000,0,0
1789772981.030,22,e0fda07c-2da9-436e-9200-5a6f614d2693,1789772977.000,2,0
1789772981.030,22,92942543-1145-4385-a902-ac966393ce6b,1789772978.000,19,0
1789772981.185,8,f4c4dfa2-8cd8-45ce-b970-661049453691,1789772977.000,0,0
1789772981.185,8,e0fda07c-2da9-436e-9200-5a6f614d2693,1789772977.000,2,0
1789772981.185,8,92942543-1145-4385-a902-ac966393ce6b,1789772978.000,19,0
1789772981.223,23,f4c4dfa2-8cd8-45ce-b970-661049453691,1789772977.000,0,0
1789772981.223,23,e0fda07c-2da9-436e-9200-5a6f614d2693,1789772977.000,2,0
1789772981.223,23,92942543-1145-4385-a902-ac966393ce6b,1789772978.000,19,0
1789772981.388,9,f4c4dfa2-8cd8-45ce-b970-661049453691,1789772977.000,0,0
1789772981.388,9,e0fda07c-2da9-436e-9200-5a6f614d2693,1789772977.000,2,0
1789772981.388,9,92942543-1145-4385-a902-ac966393ce6b,1789772978.000,19,0
1789772981.410,24,f4c4dfa2-8cd8-45ce-b970-661049453691,1789772977.000,0,0
1789772981.410,24,e0fda07c-2da9-436e-9200-5a6f614d2693,1789772977.000,2,0
1789772981.410,24,92942543-1145-4385-a902-ac966393ce6b,1789772978.000,19,0
1789772981.579,10,f4c4dfa2-8cd8-45ce-b970-661049453691,1789772977.000,0,0
1789772981.579,10,e0fda07c-2da9-436e-9200-5a6f614d2693,1789772977.000,2,0
1789772981.579,10,92942543-1145-4385-a902-ac966393ce6b,1789772978.000,19,0
1789772981.784,11,f4c4dfa2-8cd8-45ce-b970-661049453691,1789772977.000,0,0
1789772981.784,11,e0fda07c-2da9-436e-9200-5a6f614d2693,1789772977.000,2,0
1789772981.784,11,92942543-1145-4385-a902-ac966393ce6b,1789772978.000,19,0
1789772981.970,12,f4c4dfa2-8cd8-45ce-b970-661049453691,1789772977.000,0,0
1789772981.970,12,e0fda07c-2da9-436e-9200-5a6f614d2693,1789772977.000,2,0
1789772981.970,12,92942543-1145-4385-a902-ac966393ce6b,1789772978.000,19,0
1789772982.186,13,f4c4dfa2-8cd8-45ce-b970-661049453691,1789772977.000,0,0
1789772982.186,13,e0fda07c-2da9-436e-9200-5a6f614d2693,1789772977.000,2,0
1789772982.186,13,92942543-1145-4385-a902-ac966393ce6b,1789772978.000,19,0
1789772982.411,14,f4c4dfa2-8cd8-45ce-b970-661049453691,1789772977.000,0,0
1789772982.411,14,e0fda07c-2da9-436e-9200-5a6f614d2693,1789772977.000,2,0
1789772982.411,14,92942543-1145-4385-a902-ac966393ce6b,1789772978.000,19,0
1789772982.583,0,8c30f646-4938-4010-9418-e7b329f07349,1789772981.000,11,0
1789772982.583,0,da938439-9678-4346-8a8a-56d66a69b508,1789772981.000,17,0
1789772982.583,0,90641515-2a30-4d74-aebe-2e44cb24c6ef,1789772981.000,6,0
1789772982.583,15,8c30f646-4938-4010-9418-e7b329f07349,1789772981.000,11,0
1789772982.583,15,da938439-9678-4346-8a8a-56d66a69b508,1789772981.000,17,0
1789772982.583,15,90641515-2a30-4d74-aebe-2e44cb24c6ef,1789772981.000,6,0
1789772982.685,1,8c30f646-4938-4010-9418-e7b329f07349,1789772981.000,11,0
1789772982.685,1,da938439-9678-4346-8a8a-56d66a69b508,1789772981.000,17,0
1789772982.685,1,90641515-2a30-4d74-aebe-2e44cb24c6ef,1789772981.000,6,0
1789772982.785,16,8c30f646-4938-4010-9418-e7b329f07349,1789772981.000,11,0
1789772982.785,16,da938439-9678-4346-8a8a-56d66a69b508,1789772981.000,17,0
1789772982.785,16,90641515-2a30-4d74-aebe-2e44cb24c6ef,1789772981.000,6,0
1789772982.975,2,8c30f646-4938-4010-9418-e7b329f07349,1789772981.000,11,0
1789772982.975,2,da938439-9678-4346-8a8a-56d66a69b508,1789772981.000,17,0
1789772982.975,2,90641515-2a30-4d74-aebe-2e44cb24c6ef,1789772981.000,6,0
1789772983.034,17,8c30f646-4938-4010-9418-e7b329f07349,1789772981.000,11,0
1789772983.034,17,90641515-2a30-4d74-aebe-2e44cb24c6ef,1789772981.000,6,0
1789772983.188,3,8c30f646-4938-4010-9418-e7b329f07349,1789772981.000,11,0
1789772983.188,3,da938439-9678-4346-8a8a-56d66a69b508,1789772981.000,17,0
1789772983.188,3,90641515-2a30-4d74-aebe-2e44cb24c6ef,1789772981.000,6,0
1789772983.229,18,8c30f646-4938-4010-9418-e7b329f07349,1789772981.000,11,0
1789772983.229,18,da938439-9678-4346-8a8a-56d66a69b508,1789772981.000,17,0
1789772983.229,18,90641515-2a30-4d74-aebe-2e44cb24c6ef,1789772981.000,6,0
1789772983.392,4,8c30f646-4938-4010-9418-e7b329f07349,1789772981.000,11,0
1789772983.392,4,da938439-9678-4346-8a8a-56d66a69b508,1789772981.000,17,0
1789772983.392,4,90641515-2a30-4d74-aebe-2e44cb24c6ef,1789772981.000,6,0
1789772983.415,19,8c30f646-4938-4010-9418-e7b329f07349,1789772981.000,11,0
1789772983.415,19,da938439-9678-4346-8a8a-56d66a69b508,1789772981.000,17,0
1789772983.415,19,90641515-2a30-4d74-aebe-2e44cb24c6ef,1789772981.000,6,0
1789772983.583,5,8c30f646-4938-4010-9418-e7b329f07349,1789772981.000,11,0
1789772983.583,5,da938439-9678-4346-8a8a-56d66a69b508,1789772981.000,17,0
1789772983.583,5,90641515-2a30-4d74-aebe-2e44cb24c6ef,1789772981.000,6,0
1789772983.687,6,8c30f646-4938-4010-9418-e7b329f07349,1789772981.000,11,0
1789772983.687,20,8c30f646-4938-4010-9418-e7b329f07349,1789772981.000,11,0
1789772983.687,6,da938439-9678-4346-8a8a-56d66a69b508,1789772981.000,17,0
1789772983.687,20,da938439-9678-4346-8a8a-56d66a69b508,1789772981.000,17,0
1789772983.687,20,90641515-2a30-4d74-aebe-2e44cb24c6ef,1789772981.000,6,0
1789772983.786,21,8c30f646-4938-4010-9418-e7b329f07349,1789772981.000,11,0
1789772983.786,21,da938439-9678-4346-8a8a-56d66a69b508,1789772981.000,17,0
1789772983.786,21,90641515-2a30-4d74-aebe-2e44cb24c6ef,1789772981.000,6,0
1789772983.980,7,8c30f646-4938-4010-9418-e7b329f07349,1789772981.000,11,0
1789772983.980,7,da938439-9678-4346-8a8a-56d66a69b508,1789772981.000,17,0
1789772983.980,7,90641515-2a30-4d74-aebe-2e44cb24c6ef,1789772981.000,6,0
1789772984.037,22,8c30f646-4938-4010-9418-e7b329f07349,1789772981.000,11,0
1789772984.037,22,da938439-9678-4346-8a8a-56d66a69b508,1789772981.000,17,0
1789772984.037,22,90641515-2a30-4d74-aebe-2e44cb24c6ef,1789772981.000,6,0
1789772984.192,8,8c30f646-4938-4010-9418-e7b329f07349,1789772981.000,11,0
1789772984.192,8,da938439-9678-4346-8a8a-56d66a69b508,1789772981.000,17,0
1789772984.192,8,90641515-2a30-4d74-aebe-2e44cb24c6ef,1789772981.000,6,0
1789772984.230,23,8c30f646-4938-4010-9418-e7b329f07349,1789772981.000,11,0
1789772984.230,23,da938439-9678-4346-8a8a-56d66a69b508,1789772981.000,17,0
1789772984.230,23,90641515-2a30-4d74-aebe-2e44cb24c6ef,1789772981.000,6,0
1789772984.396,9,8c30f646-4938-4010-9418-e7b329f07349,1789772981.000,11,0
1789772984.396,9,da938439-9678-4346-8a8a-56d66a69b508,1789772981.000,17,0
1789772984.396,9,90641515-2a30-4d74-aebe-2e44cb24c6ef,1789772981.000,6,0
1789772984.416,24,8c30f646-4938-4010-9418-e7b329f07349,1789772981.000,11,0
1789772984.416,24,da938439-9678-4346-8a8a-56d66a69b508,1789772981.000,17,0
1789772984.416,24,90641515-2a30-4d74-aebe-2e44cb24c6ef,1789772981.000,6,0
1789772984.586,10,8c30f646-4938-4010-9418-e7b329f07349,1789772981.000,11,0
1789772984.586,10,da938439-9678-4346-8a8a-56d66a69b508,1789772981.000,17,0
1789772984.586,10,90641515-2a30-4d74-aebe-2e44cb24c6ef,1789772981.000,6,0
1789772984.789,11,da938439-9678-4346-8a8a-56d66a69b508,1789772981.000,17,0
1789772984.789,11,90641515-2a30-4d74-aebe-2e44cb24c6ef,1789772981.000,6,0
1789772984.980,12,8c30f646-4938-4010-9418-e7b329f07349,1789772981.000,11,0
1789772984.980,12,da938439-9678-4346-8a8a-56d66a69b508,1789772981.000,17,0
1789772984.980,12,90641515-2a30-4d74-aebe-2e44cb24c6ef,1789772981.000,6,0
1789772985.192,13,8c30f646-4938-4010-9418-e7b329f07349,1789772981.000,11,0
1789772985.192,13,da938439-9678-4346-8a8a-56d66a69b508,1789772981.000,17,0
1789772985.192,13,90641515-2a30-4d74-aebe-2e44cb24c6ef,1789772981.000,6,0
1789772985.416,14,8c30f646-4938-4010-9418-e7b329f07349,1789772981.000,11,0
1789772985.416,14,da938439-9678-4346-8a8a-56d66a69b508,1789772981.000,17,0
1789772985.416,14,90641515-2a30-4d74-aebe-2e44cb24c6ef,1789772981.000,6,0
1789772985.588,0,d5b111d7-992b-48c9-9db8-fc5f8166b017,1789772984.000,10,0
1789772985.588,15,d5b111d7-992b-48c9-9db8-fc5f8166b017,1789772984.000,10,0
1789772985.693,1,d5b111d7-992b-48c9-9db8-fc5f8166b017,1789772984.000,10,0
1789772985.792,16,d5b111d7-992b-48c9-9db8-fc5f8166b017,1789772984.000,10,0
1789772985.984,2,d5b111d7-992b-48c9-9db8-fc5f8166b017,1789772984.000,10,0
1789772986.043,17,d5b111d7-992b-48c9-9db8-fc5f8166b017,1789772984.000,10,0
1789772986.193,3,d5b111d7-992b-48c9-9db8-fc5f8166b017,1789772984.000,10,0
1789772986.237,18,d5b111d7-992b-48c9-9db8-fc5f8166b017,1789772984.000,10,0
1789772986.399,4,d5b111d7-992b-48c9-9db8-fc5f8166b017,1789772984.000,10,0
1789772986.420,19,d5b111d7-992b-48c9-9db8-fc5f8166b017,1789772984.000,10,0
1789772986.588,5,d5b111d7-992b-48c9-9db8-fc5f8166b017,1789772984.000,10,0
1789772986.696,20,d5b111d7-992b-48c9-9db8-fc5f8166b017,70457591384.000,10,0
1789772986.696,6,d5b111d7-992b-48c9-9db8-fc5f8166b017,,10,0
1789772986.792,21,d5b111d7-992b-48c9-9db8-fc5f8166b017,1789772984.000,10,0
1789772986.987,7,d5b111d7-992b-48c9-9db8-fc5f8166b017,1789772984.000,10,0
1789772987.043,22,d5b111d7-992b-48c9-9db8-fc5f8166b017,1789772984.000,10,0
1789772987.198,8,d5b111d7-992b-48c9-9db8-fc5f8166b017,1789772984.000,10,0
1789772987.239,23,d5b111d7-992b-48c9-9db8-fc5f8166b017,1789772984.000,10,0
1789772987.404,9,d5b111d7-992b-48c9-9db8-fc5f8166b017,1789772984.000,10,0
1789772987.420,24,d5b111d7-992b-48c9-9db8-fc5f8166b017,1789772984.000,10,0
1789772987.792,11,d5b111d7-992b-48c9-9db8-fc5f8166b017,1789772984.000,10,0
1789772987.988,12,d5b111d7-992b-48c9-9db8-fc5f8166b017,1789772984.000,10,0
1789772988.200,13,d5b111d7-992b-48c9-9db8-fc5f8166b017,1789772984.000,10,0
1789772988.423,14,d5b111d7-992b-48c9-9db8-fc5f8166b017,1789772984.000,10,0
1789772988.594,0,90272eba-6f69-4f22-942d-9b030b55e02e,1789772988.000,8,0
1789772988.594,0,53ed7872-566a-4710-986f-03d849b45f25,1789772988.000,16,0
1789772988.594,15,90272eba-6f69-4f22-942d-9b030b55e02e,1789772988.000,8,0
1789772988.594,15,53ed7872-566a-4710-986f-03d849b45f25,1789772988.000,16,0
1789772988.705,1,90272eba-6f69-4f22-942d-9b030b55e02e,1789772988.000,8,0
1789772988.705,1,53ed7872-566a-4710-986f-03d849b45f25,1789772988.000,16,0
1789772988.796,16,90272eba-6f69-4f22-942d-9b030b55e02e,1789772988.000,8,0
1789772988.989,2,90272eba-6f69-4f22-942d-9b030b55e02e,1789772988.000,8,0
1789772988.989,2,53ed7872-566a-4710-986f-03d849b45f25,1789772988.000,16,0
1789772989.049,17,90272eba-6f69-4f22-942d-9b030b55e02e,1789772988.000,8,0
1789772989.049,17,53ed7872-566a-4710-986f-03d849b45f25,1789772988.000,16,0
1789772989.203,3,90272eba-6f69-4f22-942d-9b030b55e02e,1789772988.000,8,0
1789772989.203,3,53ed7872-566a-4710-986f-03d849b45f25,1789772988.000,16,0
1789772989.245,18,90272eba-6f69-4f22-942d-9b030b55e02e,1789772988.000,8,0
1789772989.245,18,53ed7872-566a-4710-986f-03d849b45f25,1789772988.000,16,0
1789772989.407,4,90272eba-6f69-4f22-942d-9b030b55e02e,1789772988.000,8,0
1789772989.407,4,53ed7872-566a-4710-986f-03d849b45f25,1789772988.000,16,0
1789772989.426,19,90272eba-6f69-4f22-942d-9b030b55e02e,1789772988.000,8,0
1789772989.426,19,53ed7872-566a-4710-986f-03d849b45f25,1789772988.000,16,0
1789772989.595,5,90272eba-6f69-4f22-942d-9b030b55e02e,1789772988.000,8,0
1789772989.595,5,53ed7872-566a-4710-986f-03d849b45f25,1789772988.000,16,0
1789772989.709,20,90272eba-6f69-4f22-942d-9b030b55e02e,-62076415812.000,8,0
1789772989.709,6,90272eba-6f69-4f22-942d-9b030b55e02e,,8,0
1789772989.709,20,53ed7872-566a-4710-986f-03d849b45f25,1789772988.000,16,0
1789772989.709,6,53ed7872-566a-4710-986f-03d849b45f25,1789772988.000,16,0
1789772989.798,21,90272eba-6f69-4f22-942d-9b030b55e02e,1789772988.000,8,0
1789772989.798,21,53ed7872-566a-4710-986f-03d849b45f25,1789772988.000,16,0
1789772989.994,7,90272eba-6f69-4f22-942d-9b030b55e02e,1789772988.000,8,0
1789772989.994,7,53ed7872-566a-4710-986f-03d849b45f25,1789772988.000,16,0
1789772990.049,22,90272eba-6f69-4f22-942d-9b030b55e02e,1789772988.000,8,0
1789772990.049,22,53ed7872-566a-4710-986f-03d849b45f25,1789772988.000,16,0
1789772990.203,8,53ed7872-566a-4710-986f-03d849b45f25,1789772988.000,16,0
1789772990.246,23,90272eba-6f69-4f22-942d-9b030b55e02e,1789772988.000,8,0
1789772990.246,23,53ed7872-566a-4710-986f-03d849b45f25,1789772988.000,16,0
1789772990.409,9,90272eba-6f69-4f22-942d-9b030b55e02e,1789772988.000,8,0
1789772990.409,9,53ed7872-566a-4710-986f-03d849b45f25,1789772988.000,16,0
1789772990.429,24,90272eba-6f69-4f22-942d-9b030b55e02e,1789772988.000,8,0
1789772990.429,24,53ed7872-566a-4710-986f-03d849b45f25,1789772988.000,16,0
1789772990.598,10,90272eba-6f69-4f22-942d-9b030b55e02e,1789772988.000,8,0
1789772990.598,10,53ed7872-566a-4710-986f-03d849b45f25,1789772988.000,16,0
1789772990.798,11,90272eba-6f69-4f22-942d-9b030b55e02e,1789772988.000,8,0
1789772990.798,11,53ed7872-566a-4710-986f-03d849b45f25,1789772988.000,16,0
1789772990.994,12,90272eba-6f69-4f22-942d-9b030b55e02e,1789772988.000,8,0
1789772990.994,12,53ed7872-566a-4710-986f-03d849b45f25,1789772988.000,16,0
1789772991.205,13,90272eba-6f69-4f22-942d-9b030b55e02e,1789772988.000,8,0
1789772991.205,13,53ed7872-566a-4710-986f-03d849b45f25,1789772988.000,16,0
1789772991.430,14,90272eba-6f69-4f22-942d-9b030b55e02e,1789772988.000,8,0
1789772991.430,14,53ed7872-566a-4710-986f-03d849b45f25,1789772988.000,16,0
1789772991.800,16,90272eba-6f69-4f22-942d-9b030b55e02e,1789772988.000,8,1
1789772991.800,16,8cbfc080-102d-4412-95b2-7a7b1bc6890b,1789772989.000,20,0
1789772991.800,16,a6d7632c-cc9a-4cab-9f52-4ac4df486d80,1789772990.000,12,0
1789772991.800,16,d7db4e68-05fe-4e55-a129-f26d42fb080d,1789772991.000,3,0
1789772991.996,2,90272eba-6f69-4f22-942d-9b030b55e02e,1789772988.000,8,1
1789772991.996,2,53ed7872-566a-4710-986f-03d849b45f25,1789772988.000,16,1
1789772991.996,2,8cbfc080-102d-4412-95b2-7a7b1bc6890b,1789772989.000,20,0
1789772991.996,2,a6d7632c-cc9a-4cab-9f52-4ac4df486d80,1789772990.000,12,0
1789772991.996,2,d7db4e68-05fe-4e55-a129-f26d42fb080d,1789772991.000,3,0
1789772992.054,17,90272eba-6f69-4f22-942d-9b030b55e02e,1789772988.000,8,1
1789772992.054,17,53ed7872-566a-4710-986f-03d849b45f25,1789772988.000,16,1
1789772992.054,17,8cbfc080-102d-4412-95b2-7a7b1bc6890b,1789772989.000,20,0
1789772992.054,17,a6d7632c-cc9a-4cab-9f52-4ac4df486d80,1789772990.000,12,0
1789772992.054,17,d7db4e68-05fe-4e55-a129-f26d42fb080d,1789772991.000,3,0
1789772992.206,3,90272eba-6f69-4f22-942d-9b030b55e02e,1789772988.000,8,1
1789772992.206,3,53ed7872-566a-4710-986f-03d849b45f25,1789772988.000,16,1
1789772992.206,3,8cbfc080-102d-4412-95b2-7a7b1bc6890b,1789772989.000,20,0
1789772992.206,3,a6d7632c-cc9a-4cab-9f52-4ac4df486d80,1789772990.000,12,0
1789772992.246,18,90272eba-6f69-4f22-942d-9b030b55e02e,1789772988.000,8,1
1789772992.246,18,53ed7872-566a-4710-986f-03d849b45f25,1789772988.000,16,1
1789772992.246,18,8cbfc080-102d-4412-95b2-7a7b1bc6890b,1789772989.000,20,0
1789772992.246,18,a6d7632c-cc9a-4cab-9f52-4ac4df486d80,1789772990.000,12,0
1789772992.246,18,d7db4e68-05fe-4e55-a129-f26d42fb080d,1789772991.000,3,0
1789772992.411,4,90272eba-6f69-4f22-942d-9b030b55e02e,1789772988.000,8,1
1789772992.411,4,53ed7872-566a-4710-986f-03d849b45f25,1789772988.000,16,1
1789772992.411,4,8cbfc080-102d-4412-95b2-7a7b1bc6890b,1789772989.000,20,0
1789772992.411,4,a6d7632c-cc9a-4cab-9f52-4ac4df486d80,1789772990.000,12,0
1789772992.411,4,d7db4e68-05fe-4e55-a129-f26d42fb080d,1789772991.000,3,0
1789772992.430,19,90272eba-6f69-4f22-942d-9b030b55e02e,1789772988.000,8,1
1789772992.430,19,53ed7872-566a-4710-986f-03d849b45f25,1789772988.000,16,1
1789772992.430,19,8cbfc080-102d-4412-95b2-7a7b1bc6890b,1789772989.000,20,0
1789772992.430,19,a6d7632c-cc9a-4cab-9f52-4ac4df486d80,1789772990.000,12,0
1789772992.430,19,d7db4e68-05fe-4e55-a129-f26d42fb080d,1789772991.000,3,0
1789772992.599,0,90272eba-6f69-4f22-942d-9b030b55e02e,-61860761412.000,8,1
1789772992.599,15,90272eba-6f69-4f22-942d-9b030b55e02e,,8,1
1789772992.599,0,53ed7872-566a-4710-986f-03d849b45f25,1789772988.000,16,1
1789772992.599,5,90272eba-6f69-4f22-942d-9b030b55e02e,,8,1
1789772992.599,0,8cbfc080-102d-4412-95b2-7a7b1bc6890b,1789772989.000,20,0
1789772992.599,15,53ed7872-566a-4710-986f-03d849b45f25,1789772988.000,16,1
1789772992.599,0,a6d7632c-cc9a-4cab-9f52-4ac4df486d80,1796771349.000,12,0
1789772992.599,15,8cbfc080-102d-4412-95b2-7a7b1bc6890b,1789772989.000,20,0
1789772992.599,0,d7db4e68-05fe-4e55-a129-f26d42fb080d,1789772991.000,3,0
1789772992.599,5,53ed7872-566a-4710-986f-03d849b45f25,,16,1
1789772992.599,15,a6d7632c-cc9a-4cab-9f52-4ac4df486d80,1789772990.000,12,0
1789772992.599,5,8cbfc080-102d-4412-95b2-7a7b1bc6890b,1789772989.000,20,0
1789772992.599,15,d7db4e68-05fe-4e55-a129-f26d42fb080d,1789772991.000,3,0
1789772992.599,5,a6d7632c-cc9a-4cab-9f52-4ac4df486d80,1789772990.000,12,0
1789772992.599,5,d7db4e68-05fe-4e55-a129-f26d42fb080d,1789772991.000,3,0
1789772992.714,6,90272eba-6f69-4f22-942d-9b030b55e02e,-61860778572.000,8,1
1789772992.714,1,90272eba-6f69-4f22-942d-9b030b55e02e,,8,1
1789772992.714,6,53ed7872-566a-4710-986f-03d849b45f25,1789772988.000,16,1
1789772992.714,1,53ed7872-566a-4710-986f-03d849b45f25,1789772988.000,16,1
1789772992.714,20,90272eba-6f69-4f22-942d-9b030b55e02e,,8,1
1789772992.714,6,8cbfc080-102d-4412-95b2-7a7b1bc6890b,1789772989.000,20,0
1789772992.714,20,53ed7872-566a-4710-986f-03d849b45f25,1789772988.000,16,1
1789772992.714,6,a6d7632c-cc9a-4cab-9f52-4ac4df486d80,1789772990.000,12,0
1789772992.714,1,8cbfc080-102d-4412-95b2-7a7b1bc6890b,1789772989.000,20,0
1789772992.714,20,a6d7632c-cc9a-4cab-9f52-4ac4df486d80,1789772945.000,12,0
1789772992.714,1,a6d7632c-cc9a-4cab-9f52-4ac4df486d80,1789772990.000,12,0
1789772992.714,6,d7db4e68-05fe-4e55-a129-f26d42fb080d,,3,0
1789772992.714,20,d7db4e68-05fe-4e55-a129-f26d42fb080d,1789772991.000,3,0
1789772992.714,1,d7db4e68-05fe-4e55-a129-f26d42fb080d,1789772991.000,3,0
1789772992.800,21,90272eba-6f69-4f22-942d-9b030b55e02e,1789772988.000,8,1
1789772992.800,21,53ed7872-566a-4710-986f-03d849b45f25,1789772988.000,16,1
1789772992.800,21,8cbfc080-102d-4412-95b2-7a7b1bc6890b,1789772989.000,20,0
1789772992.800,21,a6d7632c-cc9a-4cab-9f52-4ac4df486d80,1789772990.000,12,0
1789772992.800,21,d7db4e68-05fe-4e55-a129-f26d42fb080d,1789772991.000,3,0
1789772993.000,7,90272eba-6f69-4f22-942d-9b030b55e02e,1789772988.000,8,1
1789772993.000,7,53ed7872-566a-4710-986f-03d849b45f25,1789772988.000,16,1
1789772993.000,7,8cbfc080-102d-4412-95b2-7a7b1bc6890b,1789772989.000,20,0
1789772993.000,7,a6d7632c-cc9a-4cab-9f52-4ac4df486d80,1789772990.000,12,0
1789772993.000,7,d7db4e68-05fe-4e55-a129-f26d42fb080d,1789772991.000,3,0
1789772993.055,22,90272eba-6f69-4f22-942d-9b030b55e02e,1789772988.000,8,1
1789772993.055,22,53ed7872-566a-4710-986f-03d849b45f25,1789772988.000,16,1
1789772993.055,22,8cbfc080-102d-4412-95b2-7a7b1bc6890b,1789772989.000,20,0
1789772993.055,22,a6d7632c-cc9a-4cab-9f52-4ac4df486d80,1789772990.000,12,0
1789772993.055,22,d7db4e68-05fe-4e55-a129-f26d42fb080d,1789772991.000,3,0
1789772993.207,8,53ed7872-566a-4710-986f-03d849b45f25,1789772988.000,16,1
1789772993.207,8,8cbfc080-102d-4412-95b2-7a7b1bc6890b,1789772989.000,20,0
1789772993.207,8,a6d7632c-cc9a-4cab-9f52-4ac4df486d80,1789772990.000,12,0
1789772993.207,8,d7db4e68-05fe-4e55-a129-f26d42fb080d,1789772991.000,3,0
1789772993.250,23,90272eba-6f69-4f22-942d-9b030b55e02e,1789772988.000,8,1
1789772993.250,23,53ed7872-566a-4710-986f-03d849b45f25,1789772988.000,16,1
1789772993.250,23,8cbfc080-102d-4412-95b2-7a7b1bc6890b,1789772989.000,20,0
1789772993.250,23,a6d7632c-cc9a-4cab-9f52-4ac4df486d80,1789772990.000,12,0
1789772993.250,23,d7db4e68-05fe-4e55-a129-f26d42fb080d,1789772991.000,3,0
1789772993.412,9,90272eba-6f69-4f22-942d-9b030b55e02e,1789772988.000,8,1
1789772993.412,9,53ed7872-566a-4710-986f-03d849b45f25,1789772988.000,16,1
1789772993.412,9,8cbfc080-102d-4412-95b2-7a7b1bc6890b,1789772989.000,20,0
1789772993.412,9,a6d7632c-cc9a-4cab-9f52-4ac4df486d80,1789772990.000,12,0
1789772993.412,9,d7db4e68-05fe-4e55-a129-f26d42fb080d,1789772991.000,3,0
1789772993.433,24,90272eba-6f69-4f22-942d-9b030b55e02e,1789772988.000,8,1
1789772993.433,24,53ed7872-566a-4710-986f-03d849b45f25,1789772988.000,16,1
1789772993.433,24,8cbfc080-102d-4412-95b2-7a7b1bc6890b,1789772989.000,20,0
1789772993.433,24,a6d7632c-cc9a-4cab-9f52-4ac4df486d80,1789772990.000,12,0
1789772993.433,24,d7db4e68-05fe-4e55-a129-f26d42fb080d,1789772991.000,3,0
1789772993.604,10,90272eba-6f69-4f22-942d-9b030b55e02e,1789772988.000,8,1
1789772993.604,10,53ed7872-566a-4710-986f-03d849b45f25,1789772988.000,16,1
1789772993.604,10,8cbfc080-102d-4412-95b2-7a7b1bc6890b,1789772989.000,20,0
1789772993.604,10,a6d7632c-cc9a-4cab-9f52-4ac4df486d80,1789772990.000,12,0
1789772993.604,10,d7db4e68-05fe-4e55-a129-f26d42fb080d,1789772991.000,3,0
1789772993.801,11,90272eba-6f69-4f22-942d-9b030b55e02e,1789772988.000,8,1
1789772993.801,11,53ed7872-566a-4710-986f-03d849b45f25,1789772988.000,16,1
1789772993.801,11,8cbfc080-102d-4412-95b2-7a7b1bc6890b,1789772989.000,20,0
1789772993.801,11,a6d7632c-cc9a-4cab-9f52-4ac4df486d80,1789772990.000,12,0
1789772993.801,11,d7db4e68-05fe-4e55-a129-f26d42fb080d,1789772991.000,3,0
1789772994.000,12,90272eba-6f69-4f22-942d-9b030b55e02e,1789772988.000,8,1
1789772994.000,12,53ed7872-566a-4710-986f-03d849b45f25,1789772988.000,16,1
1789772994.000,12,8cbfc080-102d-4412-95b2-7a7b1bc6890b,1789772989.000,20,0
1789772994.000,12,d7db4e68-05fe-4e55-a129-f26d42fb080d,1789772991.000,3,0
1789772994.209,13,90272eba-6f69-4f22-942d-9b030b55e02e,1789772988.000,8,1
1789772994.209,13,53ed7872-566a-4710-986f-03d849b45f25,1789772988.000,16,1
1789772994.209,13,8cbfc080-102d-4412-95b2-7a7b1bc6890b,1789772989.000,20,0
1789772994.209,13,a6d7632c-cc9a-4cab-9f52-4ac4df486d80,1789772990.000,12,0
1789772994.209,13,d7db4e68-05fe-4e55-a129-f26d42fb080d,1789772991.000,3,0
1789772994.435,14,90272eba-6f69-4f22-942d-9b030b55e02e,1789772988.000,8,1
1789772994.435,14,53ed7872-566a-4710-986f-03d849b45f25,1789772988.000,16,1
1789772994.435,14,8cbfc080-102d-4412-95b2-7a7b1bc6890b,1789772989.000,20,0
1789772994.435,14,a6d7632c-cc9a-4cab-9f52-4ac4df486d80,1789772990.000,12,0
1789772994.435,14,d7db4e68-05fe-4e55-a129-f26d42fb080d,1789772991.000,3,0
1789772994.605,0,b759982d-3e2c-47d3-8110-00d531661ade,1789772991.000,9,0
1789772994.605,0,d7db4e68-05fe-4e55-a129-f26d42fb080d,1789772991.000,3,1
1789772994.605,0,c4b3d1e6-46c5-41bd-b633-c5d0e7204160,1789772992.000,14,0
1789772994.605,15,b759982d-3e2c-47d3-8110-00d531661ade,1789773831.000,9,0
1789772994.605,15,d7db4e68-05fe-4e55-a129-f26d42fb080d,1789772991.000,3,1
1789772994.605,15,c4b3d1e6-46c5-41bd-b633-c5d0e7204160,1789772992.000,14,0
1789772994.605,15,8aa1359d-de51-4be8-8cab-aa288e7618b7,1789772992.000,13,0
1789772994.605,15,848eace9-800c-430c-919e-7384e4eb0ba2,1789772993.000,1,0
1789772994.605,15,da6ce33b-8d5d-4a37-8d62-3e9264cc72ce,1789772993.000,7,0
1789772994.605,15,6e1d6690-771b-49a0-9b70-4f93628cd234,1789772994.000,18,0
1789772994.605,0,8aa1359d-de51-4be8-8cab-aa288e7618b7,,13,0
1789772994.605,0,848eace9-800c-430c-919e-7384e4eb0ba2,1789772993.000,1,0
1789772994.605,0,da6ce33b-8d5d-4a37-8d62-3e9264cc72ce,1789772993.000,7,0
1789772994.605,0,6e1d6690-771b-49a0-9b70-4f93628cd234,1789772994.000,18,0
1789772994.718,1,b759982d-3e2c-47d3-8110-00d531661ade,1789772991.000,9,0
1789772994.718,1,d7db4e68-05fe-4e55-a129-f26d42fb080d,1789772991.000,3,1
1789772994.718,1,c4b3d1e6-46c5-41bd-b633-c5d0e7204160,1789772992.000,14,0
1789772994.718,1,8aa1359d-de51-4be8-8cab-aa288e7618b7,1789772992.000,13,0
1789772994.718,1,da6ce33b-8d5d-4a37-8d62-3e9264cc72ce,1789772993.000,7,0
1789772994.718,1,6e1d6690-771b-49a0-9b70-4f93628cd234,1789772994.000,18,0
1789772994.805,16,b759982d-3e2c-47d3-8110-00d531661ade,1789772991.000,9,0
1789772994.805,16,d7db4e68-05fe-4e55-a129-f26d42fb080d,1789772991.000,3,1
1789772994.805,16,c4b3d1e6-46c5-41bd-b633-c5d0e7204160,1789772992.000,14,0
1789772994.805,16,8aa1359d-de51-4be8-8cab-aa288e7618b7,1789772992.000,13,0
1789772994.805,16,848eace9-800c-430c-919e-7384e4eb0ba2,1789772993.000,1,0
1789772994.805,16,da6ce33b-8d5d-4a37-8d62-3e9264cc72ce,1789772993.000,7,0
1789772994.805,16,6e1d6690-771b-49a0-9b70-4f93628cd234,1789772994.000,18,0
1789772995.005,2,b759982d-3e2c-47d3-8110-00d531661ade,1789772991.000,9,0
1789772995.005,2,d7db4e68-05fe-4e55-a129-f26d42fb080d,1789772991.000,3,1
1789772995.005,2,c4b3d1e6-46c5-41bd-b633-c5d0e7204160,1789772992.000,14,0
1789772995.005,2,8aa1359d-de51-4be8-8cab-aa288e7618b7,1789772992.000,13,0
1789772995.005,2,848eace9-800c-430c-919e-7384e4eb0ba2,1789772993.000,1,0
1789772995.005,2,da6ce33b-8d5d-4a37-8d62-3e9264cc72ce,1789772993.000,7,0
1789772995.005,2,6e1d6690-771b-49a0-9b70-4f93628cd234,1789772994.000,18,0
1789772995.059,17,b759982d-3e2c-47d3-8110-00d531661ade,1789772991.000,9,0
1789772995.059,17,d7db4e68-05fe-4e55-a129-f26d42fb080d,1789772991.000,3,1
1789772995.059,17,c4b3d1e6-46c5-41bd-b633-c5d0e7204160,1789772992.000,14,0
1789772995.059,17,8aa1359d-de51-4be8-8cab-aa288e7618b7,1789772992.000,13,0
1789772995.059,17,848eace9-800c-430c-919e-7384e4eb0ba2,1789772993.000,1,0
1789772995.059,17,da6ce33b-8d5d-4a37-8d62-3e9264cc72ce,1789772993.000,7,0
1789772995.059,17,6e1d6690-771b-49a0-9b70-4f93628cd234,1789772994.000,18,0
1789772995.210,3,b759982d-3e2c-47d3-8110-00d531661ade,1789772991.000,9,0
1789772995.210,3,c4b3d1e6-46c5-41bd-b633-c5d0e7204160,1789772992.000,14,0
1789772995.210,3,8aa1359d-de51-4be8-8cab-aa288e7618b7,1789772992.000,13,0
1789772995.210,3,848eace9-800c-430c-919e-7384e4eb0ba2,1789772993.000,1,0
1789772995.210,3,da6ce33b-8d5d-4a37-8d62-3e9264cc72ce,1789772993.000,7,0
1789772995.210,3,6e1d6690-771b-49a0-9b70-4f93628cd234,1789772994.000,18,0
1789772995.257,18,b759982d-3e2c-47d3-8110-00d531661ade,1789772991.000,9,0
1789772995.257,18,d7db4e68-05fe-4e55-a129-f26d42fb080d,1789772991.000,3,1
1789772995.257,18,c4b3d1e6-46c5-41bd-b633-c5d0e7204160,1789772992.000,14,0
1789772995.257,18,8aa1359d-de51-4be8-8cab-aa288e7618b7,1789772992.000,13,0
1789772995.257,18,848eace9-800c-430c-919e-7384e4eb0ba2,1789772993.000,1,0
1789772995.257,18,da6ce33b-8d5d-4a37-8d62-3e9264cc72ce,1789772993.000,7,0
1789772995.412,4,b759982d-3e2c-47d3-8110-00d531661ade,1789772991.000,9,0
1789772995.412,4,d7db4e68-05fe-4e55-a129-f26d42fb080d,1789772991.000,3,1
1789772995.412,4,c4b3d1e6-46c5-41bd-b633-c5d0e7204160,1789772992.000,14,0
1789772995.412,4,8aa1359d-de51-4be8-8cab-aa288e7618b7,1789772992.000,13,0
1789772995.412,4,848eace9-800c-430c-919e-7384e4eb0ba2,1789772993.000,1,0
1789772995.412,4,da6ce33b-8d5d-4a37-8d62-3e9264cc72ce,1789772993.000,7,0
1789772995.412,4,6e1d6690-771b-49a0-9b70-4f93628cd234,1789772994.000,18,0
1789772995.440,19,b759982d-3e2c-47d3-8110-00d531661ade,1789772991.000,9,0
1789772995.440,19,d7db4e68-05fe-4e55-a129-f26d42fb080d,1789772991.000,3,1
1789772995.440,19,c4b3d1e6-46c5-41bd-b633-c5d0e7204160,1789772992.000,14,0
1789772995.440,19,8aa1359d-de51-4be8-8cab-aa288e7618b7,1789772992.000,13,0
1789772995.440,19,848eace9-800c-430c-919e-7384e4eb0ba2,1789772993.000,1,0
1789772995.440,19,da6ce33b-8d5d-4a37-8d62-3e9264cc72ce,1789772993.000,7,0
1789772995.440,19,6e1d6690-771b-49a0-9b70-4f93628cd234,1789772994.000,18,0
1789772995.607,5,b759982d-3e2c-47d3-8110-00d531661ade,1789772991.000,9,0
1789772995.607,5,d7db4e68-05fe-4e55-a129-f26d42fb080d,1789772991.000,3,1
1789772995.607,5,c4b3d1e6-46c5-41bd-b633-c5d0e7204160,1789772992.000,14,0
1789772995.607,5,8aa1359d-de51-4be8-8cab-aa288e7618b7,1789772992.000,13,0
1789772995.607,5,848eace9-800c-430c-919e-7384e4eb0ba2,1789772993.000,1,0
1789772995.607,5,da6ce33b-8d5d-4a37-8d62-3e9264cc72ce,1789772993.000,7,0
1789772995.607,5,6e1d6690-771b-49a0-9b70-4f93628cd234,1789772994.000,18,0
1789772995.721,20,b759982d-3e2c-47d3-8110-00d531661ade,1789772991.000,9,0
1789772995.721,20,d7db4e68-05fe-4e55-a129-f26d42fb080d,1789772991.000,3,1
1789772995.721,20,c4b3d1e6-46c5-41bd-b633-c5d0e7204160,1789772992.000,14,0
1789772995.721,20,8aa1359d-de51-4be8-8cab-aa288e7618b7,1789772992.000,13,0
1789772995.721,20,848eace9-800c-430c-919e-7384e4eb0ba2,1789772993.000,1,0
1789772995.721,20,da6ce33b-8d5d-4a37-8d62-3e9264cc72ce,1789772993.000,7,0
1789772995.721,20,6e1d6690-771b-49a0-9b70-4f93628cd234,1789772994.000,18,0
1789772995.721,6,b759982d-3e2c-47d3-8110-00d531661ade,,9,0
1789772995.721,6,d7db4e68-05fe-4e55-a129-f26d42fb080d,1789772991.000,3,1
1789772995.721,6,c4b3d1e6-46c5-41bd-b633-c5d0e7204160,1789772992.000,14,0
1789772995.721,6,8aa1359d-de51-4be8-8cab-aa288e7618b7,1789772992.000,13,0
1789772995.721,6,848eace9-800c-430c-919e-7384e4eb0ba2,1789772993.000,1,0
1789772995.721,6,da6ce33b-8d5d-4a37-8d62-3e9264cc72ce,1789772993.000,7,0
1789772995.721,6,6e1d6690-771b-49a0-9b70-4f93628cd234,1789772994.000,18,0
1789772995.809,21,b759982d-3e2c-47d3-8110-00d531661ade,1789772991.000,9,0
1789772995.809,21,d7db4e68-05fe-4e55-a129-f26d42fb080d,1789772991.000,3,1
1789772995.809,21,c4b3d1e6-46c5-41bd-b633-c5d0e7204160,1789772992.000,14,0
1789772995.809,21,8aa1359d-de51-4be8-8cab-aa288e7618b7,1789772992.000,13,0
1789772995.809,21,848eace9-800c-430c-919e-7384e4eb0ba2,1789772993.000,1,0
1789772995.809,21,da6ce33b-8d5d-4a37-8d62-3e9264cc72ce,1789772993.000,7,0
1789772995.809,21,6e1d6690-771b-49a0-9b70-4f93628cd234,1789772994.000,18,0
1789772996.007,7,b759982d-3e2c-47d3-8110-00d531661ade,1789772991.000,9,0
1789772996.007,7,d7db4e68-05fe-4e55-a129-f26d42fb080d,1789772991.000,3,1
1789772996.007,7,c4b3d1e6-46c5-41bd-b633-c5d0e7204160,1789772992.000,14,0
1789772996.007,7,8aa1359d-de51-4be8-8cab-aa288e7618b7,1789772992.000,13,0
1789772996.007,7,848eace9-800c-430c-919e-7384e4eb0ba2,1789772993.000,1,0
1789772996.007,7,6e1d6690-771b-49a0-9b70-4f93628cd234,1789772994.000,18,0
1789772996.060,22,b759982d-3e2c-47d3-8110-00d531661ade,1789772991.000,9,0
1789772996.060,22,d7db4e68-05fe-4e55-a129-f26d42fb080d,1789772991.000,3,1
1789772996.060,22,c4b3d1e6-46c5-41bd-b633-c5d0e7204160,1789772992.000,14,0
1789772996.060,22,8aa1359d-de51-4be8-8cab-aa288e7618b7,1789772992.000,13,0
1789772996.060,22,848eace9-800c-430c-919e-7384e4eb0ba2,1789772993.000,1,0
1789772996.060,22,da6ce33b-8d5d-4a37-8d62-3e9264cc72ce,1789772993.000,7,0
1789772996.060,22,6e1d6690-771b-49a0-9b70-4f93628cd234,1789772994.000,18,0
1789772996.212,8,b759982d-3e2c-47d3-8110-00d531661ade,1789772991.000,9,0
1789772996.212,8,d7db4e68-05fe-4e55-a129-f26d42fb080d,1789772991.000,3,1
1789772996.212,8,c4b3d1e6-46c5-41bd-b633-c5d0e7204160,1789772992.000,14,0
1789772996.212,8,8aa1359d-de51-4be8-8cab-aa288e7618b7,1789772992.000,13,0
1789772996.212,8,848eace9-800c-430c-919e-7384e4eb0ba2,1789772993.000,1,0
1789772996.212,8,da6ce33b-8d5d-4a37-8d62-3e9264cc72ce,1789772993.000,7,0
1789772996.212,8,6e1d6690-771b-49a0-9b70-4f93628cd234,1789772994.000,18,0
1789772996.260,23,b759982d-3e2c-47d3-8110-00d531661ade,1789772991.000,9,0
1789772996.260,23,d7db4e68-05fe-4e55-a129-f26d42fb080d,1789772991.000,3,1
1789772996.260,23,c4b3d1e6-46c5-41bd-b633-c5d0e7204160,1789772992.000,14,0
1789772996.260,23,8aa1359d-de51-4be8-8cab-aa288e7618b7,1789772992.000,13,0
1789772996.260,23,848eace9-800c-430c-919e-7384e4eb0ba2,1789772993.000,1,0
1789772996.260,23,da6ce33b-8d5d-4a37-8d62-3e9264cc72ce,1789772993.000,7,0
1789772996.260,23,6e1d6690-771b-49a0-9b70-4f93628cd234,1789772994.000,18,0
1789772996.416,9,d7db4e68-05fe-4e55-a129-f26d42fb080d,1789772991.000,3,1
1789772996.416,9,c4b3d1e6-46c5-41bd-b633-c5d0e7204160,1789772992.000,14,0
1789772996.416,9,8aa1359d-de51-4be8-8cab-aa288e7618b7,1789772992.000,13,0
1789772996.416,9,848eace9-800c-430c-919e-7384e4eb0ba2,1789772993.000,1,0
1789772996.416,9,da6ce33b-8d5d-4a37-8d62-3e9264cc72ce,1789772993.000,7,0
1789772996.416,9,6e1d6690-771b-49a0-9b70-4f93628cd234,1789772994.000,18,0
1789772996.440,24,b759982d-3e2c-47d3-8110-00d531661ade,1789772991.000,9,0
1789772996.440,24,d7db4e68-05fe-4e55-a129-f26d42fb080d,1789772991.000,3,1
1789772996.440,24,c4b3d1e6-46c5-41bd-b633-c5d0e7204160,1789772992.000,14,0
1789772996.440,24,8aa1359d-de51-4be8-8cab-aa288e7618b7,1789772992.000,13,0
1789772996.440,24,848eace9-800c-430c-919e-7384e4eb0ba2,1789772993.000,1,0
1789772996.440,24,da6ce33b-8d5d-4a37-8d62-3e9264cc72ce,1789772993.000,7,0
1789772996.440,24,6e1d6690-771b-49a0-9b70-4f93628cd234,1789772994.000,18,0
1789772996.612,10,b759982d-3e2c-47d3-8110-00d531661ade,1789772991.000,9,0
1789772996.612,10,d7db4e68-05fe-4e55-a129-f26d42fb080d,1789772991.000,3,1
1789772996.612,10,c4b3d1e6-46c5-41bd-b633-c5d0e7204160,1789772992.000,14,0
1789772996.612,10,8aa1359d-de51-4be8-8cab-aa288e7618b7,1789772992.000,13,0
1789772996.612,10,848eace9-800c-430c-919e-7384e4eb0ba2,1789772993.000,1,0
1789772996.612,10,da6ce33b-8d5d-4a37-8d62-3e9264cc72ce,1789772993.000,7,0
1789772996.612,10,6e1d6690-771b-49a0-9b70-4f93628cd234,1789772994.000,18,0
1789772996.810,11,b759982d-3e2c-47d3-8110-00d531661ade,1789772991.000,9,0
1789772996.810,11,d7db4e68-05fe-4e55-a129-f26d42fb080d,1789772991.000,3,1
1789772996.810,11,c4b3d1e6-46c5-41bd-b633-c5d0e7204160,1789772992.000,14,0
1789772996.810,11,8aa1359d-de51-4be8-8cab-aa288e7618b7,1789772992.000,13,0
1789772996.810,11,848eace9-800c-430c-919e-7384e4eb0ba2,1789772993.000,1,0
1789772996.810,11,da6ce33b-8d5d-4a37-8d62-3e9264cc72ce,1789772993.000,7,0
1789772996.810,11,6e1d6690-771b-49a0-9b70-4f93628cd234,1789772994.000,18,0
1789772997.009,12,b759982d-3e2c-47d3-8110-00d531661ade,1789772991.000,9,0
1789772997.009,12,d7db4e68-05fe-4e55-a129-f26d42fb080d,1789772991.000,3,1
1789772997.009,12,c4b3d1e6-46c5-41bd-b633-c5d0e7204160,1789772992.000,14,0
1789772997.009,12,8aa1359d-de51-4be8-8cab-aa288e7618b7,1789772992.000,13,0
1789772997.009,12,848eace9-800c-430c-919e-7384e4eb0ba2,1789772993.000,1,0
1789772997.009,12,da6ce33b-8d5d-4a37-8d62-3e9264cc72ce,1789772993.000,7,0
1789772997.009,12,6e1d6690-771b-49a0-9b70-4f93628cd234,1789772994.000,18,0
1789772997.213,13,b759982d-3e2c-47d3-8110-00d531661ade,1789772991.000,9,0
1789772997.213,13,d7db4e68-05fe-4e55-a129-f26d42fb080d,1789772991.000,3,1
1789772997.213,13,c4b3d1e6-46c5-41bd-b633-c5d0e7204160,1789772992.000,14,0
1789772997.213,13,848eace9-800c-430c-919e-7384e4eb0ba2,1789772993.000,1,0
1789772997.213,13,da6ce33b-8d5d-4a37-8d62-3e9264cc72ce,1789772993.000,7,0
1789772997.213,13,6e1d6690-771b-49a0-9b70-4f93628cd234,1789772994.000,18,0
1789772997.444,14,b759982d-3e2c-47d3-8110-00d531661ade,1789772991.000,9,0
1789772997.444,14,d7db4e68-05fe-4e55-a129-f26d42fb080d,1789772991.000,3,1
1789772997.444,14,8aa1359d-de51-4be8-8cab-aa288e7618b7,1789772992.000,13,0
1789772997.444,14,848eace9-800c-430c-919e-7384e4eb0ba2,1789772993.000,1,0
1789772997.444,14,da6ce33b-8d5d-4a37-8d62-3e9264cc72ce,1789772993.000,7,0
1789772997.444,14,6e1d6690-771b-49a0-9b70-4f93628cd234,1789772994.000,18,0
1789772997.613,15,6e1d6690-771b-49a0-9b70-4f93628cd234,,18,1
1789772997.613,0,6e1d6690-771b-49a0-9b70-4f93628cd234,-61837173366.000,18,1
1789772997.613,15,e8036372-f91f-410b-8a2a-da6735d73b0b,1789772996.000,24,0
1789772997.613,0,e8036372-f91f-410b-8a2a-da6735d73b0b,1789772996.000,24,0
1789772997.613,15,321deb73-d734-4503-aff2-9afa4c3e0973,1789772997.000,5,0
1789772997.613,0,321deb73-d734-4503-aff2-9afa4c3e0973,1789772997.000,5,0
1789772997.730,1,6e1d6690-771b-49a0-9b70-4f93628cd234,1789772994.000,18,1
1789772997.730,1,e8036372-f91f-410b-8a2a-da6735d73b0b,1789772996.000,24,0
1789772997.730,1,321deb73-d734-4503-aff2-9afa4c3e0973,1789772997.000,5,0
1789772997.811,16,6e1d6690-771b-49a0-9b70-4f93628cd234,1789772994.000,18,1
1789772997.811,16,e8036372-f91f-410b-8a2a-da6735d73b0b,1789772996.000,24,0
1789772997.811,16,321deb73-d734-4503-aff2-9afa4c3e0973,1789772997.000,5,0
1789772998.013,2,6e1d6690-771b-49a0-9b70-4f93628cd234,1789772994.000,18,1
1789772998.013,2,e8036372-f91f-410b-8a2a-da6735d73b0b,1789772996.000,24,0
1789772998.013,2,321deb73-d734-4503-aff2-9afa4c3e0973,1789772997.000,5,0
1789772998.065,17,6e1d6690-771b-49a0-9b70-4f93628cd234,1789772994.000,18,1
1789772998.065,17,e8036372-f91f-410b-8a2a-da6735d73b0b,1789772996.000,24,0
1789772998.065,17,321deb73-d734-4503-aff2-9afa4c3e0973,1789772997.000,5,0
1789772998.218,3,6e1d6690-771b-49a0-9b70-4f93628cd234,1789772994.000,18,1
1789772998.218,3,e8036372-f91f-410b-8a2a-da6735d73b0b,1789772996.000,24,0
1789772998.218,3,321deb73-d734-4503-aff2-9afa4c3e0973,1789772997.000,5,0
1789772998.267,18,e8036372-f91f-410b-8a2a-da6735d73b0b,1789772996.000,24,0
1789772998.267,18,321deb73-d734-4503-aff2-9afa4c3e0973,1789772997.000,5,0
1789772998.419,4,6e1d6690-771b-49a0-9b70-4f93628cd234,1789772994.000,18,1
1789772998.419,4,e8036372-f91f-410b-8a2a-da6735d73b0b,1789772996.000,24,0
1789772998.419,4,321deb73-d734-4503-aff2-9afa4c3e0973,1789772997.000,5,0
1789772998.447,19,6e1d6690-771b-49a0-9b70-4f93628cd234,1789772994.000,18,1
1789772998.447,19,e8036372-f91f-410b-8a2a-da6735d73b0b,1789772996.000,24,0
1789772998.447,19,321deb73-d734-4503-aff2-9afa4c3e0973,1789772997.000,5,0
1789772998.615,5,6e1d6690-771b-49a0-9b70-4f93628cd234,1789772994.000,18,1
1789772998.615,5,e8036372-f91f-410b-8a2a-da6735d73b0b,1789772996.000,24,0
1789772998.734,6,6e1d6690-771b-49a0-9b70-4f93628cd234,1789772949.000,18,1
1789772998.734,20,6e1d6690-771b-49a0-9b70-4f93628cd234,,18,1
1789772998.734,6,e8036372-f91f-410b-8a2a-da6735d73b0b,1789772996.000,24,0
1789772998.734,6,321deb73-d734-4503-aff2-9afa4c3e0973,1789772997.000,5,0
1789772998.734,20,e8036372-f91f-410b-8a2a-da6735d73b0b,1789772996.000,24,0
1789772998.734,20,321deb73-d734-4503-aff2-9afa4c3e0973,1789772997.000,5,0
1789772998.815,21,6e1d6690-771b-49a0-9b70-4f93628cd234,1789772994.000,18,1
1789772998.815,21,e8036372-f91f-410b-8a2a-da6735d73b0b,1789772996.000,24,0
1789772998.815,21,321deb73-d734-4503-aff2-9afa4c3e0973,1789772997.000,5,0
1789772999.017,7,6e1d6690-771b-49a0-9b70-4f93628cd234,1789772994.000,18,1
1789772999.017,7,e8036372-f91f-410b-8a2a-da6735d73b0b,1789772996.000,24,0
1789772999.017,7,321deb73-d734-4503-aff2-9afa4c3e0973,1789772997.000,5,0
1789772999.067,22,6e1d6690-771b-49a0-9b70-4f93628cd234,1789772994.000,18,1
1789772999.067,22,e8036372-f91f-410b-8a2a-da6735d73b0b,1789772996.000,24,0
1789772999.067,22,321deb73-d734-4503-aff2-9afa4c3e0973,1789772997.000,5,0
1789772999.220,8,6e1d6690-771b-49a0-9b70-4f93628cd234,1789772994.000,18,1
1789772999.220,8,e8036372-f91f-410b-8a2a-da6735d73b0b,1789772996.000,24,0
1789772999.220,8,321deb73-d734-4503-aff2-9afa4c3e0973,1789772997.000,5,0
1789772999.269,23,6e1d6690-771b-49a0-9b70-4f93628cd234,1789772994.000,18,1
1789772999.269,23,e8036372-f91f-410b-8a2a-da6735d73b0b,1789772996.000,24,0
1789772999.269,23,321deb73-d734-4503-aff2-9afa4c3e0973,1789772997.000,5,0
1789772999.421,9,6e1d6690-771b-49a0-9b70-4f93628cd234,1789772994.000,18,1
1789772999.421,9,e8036372-f91f-410b-8a2a-da6735d73b0b,1789772996.000,24,0
1789772999.421,9,321deb73-d734-4503-aff2-9afa4c3e0973,1789772997.000,5,0
1789772999.450,24,6e1d6690-771b-49a0-9b70-4f93628cd234,1789772994.000,18,1
1789772999.450,24,321deb73-d734-4503-aff2-9afa4c3e0973,1789772997.000,5,0
1789772999.620,10,6e1d6690-771b-49a0-9b70-4f93628cd234,1789772994.000,18,1
1789772999.620,10,e8036372-f91f-410b-8a2a-da6735d73b0b,1789772996.000,24,0
1789772999.620,10,321deb73-d734-4503-aff2-9afa4c3e0973,1789772997.000,5,0
1789772999.816,11,6e1d6690-771b-49a0-9b70-4f93628cd234,1789772994.000,18,1
1789772999.816,11,e8036372-f91f-410b-8a2a-da6735d73b0b,1789772996.000,24,0
1789772999.816,11,321deb73-d734-4503-aff2-9afa4c3e0973,1789772997.000,5,0
1789773000.022,12,6e1d6690-771b-49a0-9b70-4f93628cd234,1789772994.000,18,1
1789773000.022,12,e8036372-f91f-410b-8a2a-da6735d73b0b,1789772996.000,24,0
1789773000.022,12,321deb73-d734-4503-aff2-9afa4c3e0973,1789772997.000,5,0
1789773000.221,13,6e1d6690-771b-49a0-9b70-4f93628cd234,1789772994.000,18,1
1789773000.221,13,e8036372-f91f-410b-8a2a-da6735d73b0b,1789772996.000,24,0
1789773000.221,13,321deb73-d734-4503-aff2-9afa4c3e0973,1789772997.000,5,0
1789773000.450,14,6e1d6690-771b-49a0-9b70-4f93628cd234,1789772994.000,18,1
1789773000.450,14,e8036372-f91f-410b-8a2a-da6735d73b0b,1789772996.000,24,0
1789773000.450,14,321deb73-d734-4503-aff2-9afa4c3e0973,1789772997.000,5,0
1789773000.742,1,321deb73-d734-4503-aff2-9afa4c3e0973,1789772997.000,5,1
1789773000.817,16,321deb73-d734-4503-aff2-9afa4c3e0973,1789772997.000,5,1
1789773001.027,2,321deb73-d734-4503-aff2-9afa4c3e0973,1789772997.000,5,1
1789773001.068,17,321deb73-d734-4503-aff2-9afa4c3e0973,1789772997.000,5,1
1789773001.224,3,321deb73-d734-4503-aff2-9afa4c3e0973,1789772997.000,5,1
1789773001.275,18,321deb73-d734-4503-aff2-9afa4c3e0973,1789772997.000,5,1
1789773001.425,4,321deb73-d734-4503-aff2-9afa4c3e0973,1789772997.000,5,1
1789773001.452,19,321deb73-d734-4503-aff2-9afa4c3e0973,1789772997.000,5,1
1789773001.624,15,321deb73-d734-4503-aff2-9afa4c3e0973,1789772997.000,5,1
1789773001.624,0,321deb73-d734-4503-aff2-9afa4c3e0973,1789772997.000,5,1
1789773001.743,20,321deb73-d734-4503-aff2-9afa4c3e0973,1788978189.000,5,1
1789773001.743,6,321deb73-d734-4503-aff2-9afa4c3e0973,,5,1
1789773001.820,21,321deb73-d734-4503-aff2-9afa4c3e0973,1789772997.000,5,1
1789773002.029,7,321deb73-d734-4503-aff2-9afa4c3e0973,1789772997.000,5,1
1789773002.068,22,321deb73-d734-4503-aff2-9afa4c3e0973,1789772997.000,5,1
1789773002.225,8,321deb73-d734-4503-aff2-9afa4c3e0973,1789772997.000,5,1
1789773002.278,23,321deb73-d734-4503-aff2-9afa4c3e0973,1789772997.000,5,1
1789773002.426,9,321deb73-d734-4503-aff2-9afa4c3e0973,1789772997.000,5,1
1789773002.454,24,321deb73-d734-4503-aff2-9afa4c3e0973,1789772997.000,5,1
1789773002.630,10,321deb73-d734-4503-aff2-9afa4c3e0973,1789772997.000,5,1
1789773002.822,11,321deb73-d734-4503-aff2-9afa4c3e0973,1789772997.000,5,1
1789773003.032,12,321deb73-d734-4503-aff2-9afa4c3e0973,1789772997.000,5,1
1789773003.227,13,321deb73-d734-4503-aff2-9afa4c3e0973,1789772997.000,5,1
1789773003.456,14,321deb73-d734-4503-aff2-9afa4c3e0973,1789772997.000,5,1
1789773003.634,0,b99160ae-67f6-4bcc-bf77-4f509acffef0,1789772470.000,22,0
1789773003.634,0,e9a449d2-7556-4a23-82f4-4855ef2a1a38,1789773002.000,4,0
1789773003.634,0,68bbb9f5-3e0b-4687-9f4c-b2d30747258a,1789773002.000,15,0
1789773003.634,15,b99160ae-67f6-4bcc-bf77-4f509acffef0,,22,0
1789773003.634,0,b96f43f7-b578-4139-9b07-bb62e71ee66a,1789773003.000,21,0
1789773003.634,15,e9a449d2-7556-4a23-82f4-4855ef2a1a38,1789773002.000,4,0
1789773003.634,15,b96f43f7-b578-4139-9b07-bb62e71ee66a,1789773003.000,21,0
1789773003.751,1,b99160ae-67f6-4bcc-bf77-4f509acffef0,1789773001.000,22,0
1789773003.751,1,e9a449d2-7556-4a23-82f4-4855ef2a1a38,1789773002.000,4,0
1789773003.751,1,68bbb9f5-3e0b-4687-9f4c-b2d30747258a,1789773002.000,15,0
1789773003.751,1,b96f43f7-b578-4139-9b07-bb62e71ee66a,1789773003.000,21,0
1789773003.825,16,b99160ae-67f6-4bcc-bf77-4f509acffef0,1789773001.000,22,0
1789773003.825,16,e9a449d2-7556-4a23-82f4-4855ef2a1a38,1789773002.000,4,0
1789773003.825,16,68bbb9f5-3e0b-4687-9f4c-b2d30747258a,1789773002.000,15,0
1789773003.825,16,b96f43f7-b578-4139-9b07-bb62e71ee66a,1789773003.000,21,0
1789773004.033,2,b99160ae-67f6-4bcc-bf77-4f509acffef0,1789773001.000,22,0
1789773004.033,2,e9a449d2-7556-4a23-82f4-4855ef2a1a38,1789773002.000,4,0
1789773004.033,2,68bbb9f5-3e0b-4687-9f4c-b2d30747258a,1789773002.000,15,0
1789773004.033,2,b96f43f7-b578-4139-9b07-bb62e71ee66a,1789773003.000,21,0
1789773004.075,17,b99160ae-67f6-4bcc-bf77-4f509acffef0,1789773001.000,22,0
1789773004.075,17,e9a449d2-7556-4a23-82f4-4855ef2a1a38,1789773002.000,4,0
1789773004.075,17,68bbb9f5-3e0b-4687-9f4c-b2d30747258a,1789773002.000,15,0
1789773004.075,17,b96f43f7-b578-4139-9b07-bb62e71ee66a,1789773003.000,21,0
1789773004.230,3,b99160ae-67f6-4bcc-bf77-4f509acffef0,1789773001.000,22,0
1789773004.230,3,e9a449d2-7556-4a23-82f4-4855ef2a1a38,1789773002.000,4,0
1789773004.230,3,68bbb9f5-3e0b-4687-9f4c-b2d30747258a,1789773002.000,15,0
1789773004.230,3,b96f43f7-b578-4139-9b07-bb62e71ee66a,1789773003.000,21,0
1789773004.283,18,b99160ae-67f6-4bcc-bf77-4f509acffef0,1789773001.000,22,0
1789773004.283,18,e9a449d2-7556-4a23-82f4-4855ef2a1a38,1789773002.000,4,0
1789773004.283,18,68bbb9f5-3e0b-4687-9f4c-b2d30747258a,1789773002.000,15,0
1789773004.283,18,b96f43f7-b578-4139-9b07-bb62e71ee66a,1789773003.000,21,0
1789773004.430,4,b99160ae-67f6-4bcc-bf77-4f509acffef0,1789773001.000,22,0
1789773004.430,4,68bbb9f5-3e0b-4687-9f4c-b2d30747258a,1789773002.000,15,0
1789773004.430,4,b96f43f7-b578-4139-9b07-bb62e71ee66a,1789773003.000,21,0
1789773004.457,19,b99160ae-67f6-4bcc-bf77-4f509acffef0,1789773001.000,22,0
1789773004.457,19,e9a449d2-7556-4a23-82f4-4855ef2a1a38,1789773002.000,4,0
1789773004.457,19,68bbb9f5-3e0b-4687-9f4c-b2d30747258a,1789773002.000,15,0
1789773004.457,19,b96f43f7-b578-4139-9b07-bb62e71ee66a,1789773003.000,21,0
1789773004.637,5,b99160ae-67f6-4bcc-bf77-4f509acffef0,1789773001.000,22,0
1789773004.637,5,e9a449d2-7556-4a23-82f4-4855ef2a1a38,1789773002.000,4,0
1789773004.637,5,68bbb9f5-3e0b-4687-9f4c-b2d30747258a,1789773002.000,15,0
1789773004.637,5,b96f43f7-b578-4139-9b07-bb62e71ee66a,1789773003.000,21,0
1789773004.755,6,b99160ae-67f6-4bcc-bf77-4f509acffef0,1788304201.000,22,0
1789773004.755,20,b99160ae-67f6-4bcc-bf77-4f509acffef0,1788304201.000,22,0
1789773004.755,6,e9a449d2-7556-4a23-82f4-4855ef2a1a38,1789773002.000,4,0
1789773004.755,6,68bbb9f5-3e0b-4687-9f4c-b2d30747258a,1789773002.000,15,0
1789773004.755,20,e9a449d2-7556-4a23-82f4-4855ef2a1a38,1789773002.000,4,0
1789773004.755,6,b96f43f7-b578-4139-9b07-bb62e71ee66a,1789773003.000,21,0
1789773004.755,20,68bbb9f5-3e0b-4687-9f4c-b2d30747258a,1789773002.000,15,0
1789773004.755,20,b96f43f7-b578-4139-9b07-bb62e71ee66a,1789773003.000,21,0
1789773004.827,21,b99160ae-67f6-4bcc-bf77-4f509acffef0,1789773001.000,22,0
1789773004.827,21,e9a449d2-7556-4a23-82f4-4855ef2a1a38,1789773002.000,4,0
1789773004.827,21,68bbb9f5-3e0b-4687-9f4c-b2d30747258a,1789773002.000,15,0
1789773005.037,7,b99160ae-67f6-4bcc-bf77-4f509acffef0,1789773001.000,22,0
1789773005.037,7,e9a449d2-7556-4a23-82f4-4855ef2a1a38,1789773002.000,4,0
1789773005.037,7,68bbb9f5-3e0b-4687-9f4c-b2d30747258a,1789773002.000,15,0
1789773005.037,7,b96f43f7-b578-4139-9b07-bb62e71ee66a,1789773003.000,21,0
1789773005.077,22,e9a449d2-7556-4a23-82f4-4855ef2a1a38,1789773002.000,4,0
1789773005.077,22,68bbb9f5-3e0b-4687-9f4c-b2d30747258a,1789773002.000,15,0
1789773005.077,22,b96f43f7-b578-4139-9b07-bb62e71ee66a,1789773003.000,21,0
1789773005.233,8,b99160ae-67f6-4bcc-bf77-4f509acffef0,1789773001.000,22,0
1789773005.233,8,e9a449d2-7556-4a23-82f4-4855ef2a1a38,1789773002.000,4,0
1789773005.233,8,68bbb9f5-3e0b-4687-9f4c-b2d30747258a,1789773002.000,15,0
1789773005.233,8,b96f43f7-b578-4139-9b07-bb62e71ee66a,1789773003.000,21,0
1789773005.286,23,b99160ae-67f6-4bcc-bf77-4f509acffef0,1789773001.000,22,0
1789773005.286,23,e9a449d2-7556-4a23-82f4-4855ef2a1a38,1789773002.000,4,0
1789773005.286,23,68bbb9f5-3e0b-4687-9f4c-b2d30747258a,1789773002.000,15,0
1789773005.286,23,b96f43f7-b578-4139-9b07-bb62e71ee66a,1789773003.000,21,0
1789773005.431,9,b99160ae-67f6-4bcc-bf77-4f509acffef0,1789773001.000,22,0
1789773005.431,9,e9a449d2-7556-4a23-82f4-4855ef2a1a38,1789773002.000,4,0
1789773005.431,9,68bbb9f5-3e0b-4687-9f4c-b2d30747258a,1789773002.000,15,0
1789773005.431,9,b96f43f7-b578-4139-9b07-bb62e71ee66a,1789773003.000,21,0
1789773005.459,24,b99160ae-67f6-4bcc-bf77-4f509acffef0,1789773001.000,22,0
1789773005.459,24,e9a449d2-7556-4a23-82f4-4855ef2a1a38,1789773002.000,4,0
1789773005.459,24,68bbb9f5-3e0b-4687-9f4c-b2d30747258a,1789773002.000,15,0
1789773005.459,24,b96f43f7-b578-4139-9b07-bb62e71ee66a,1789773003.000,21,0
1789773005.642,10,b99160ae-67f6-4bcc-bf77-4f509acffef0,1789773001.000,22,0
1789773005.642,10,e9a449d2-7556-4a23-82f4-4855ef2a1a38,1789773002.000,4,0
1789773005.642,10,68bbb9f5-3e0b-4687-9f4c-b2d30747258a,1789773002.000,15,0
1789773005.642,10,b96f43f7-b578-4139-9b07-bb62e71ee66a,1789773003.000,21,0
1789773005.831,11,b99160ae-67f6-4bcc-bf77-4f509acffef0,1789773001.000,22,0
1789773005.831,11,e9a449d2-7556-4a23-82f4-4855ef2a1a38,1789773002.000,4,0
1789773005.831,11,68bbb9f5-3e0b-4687-9f4c-b2d30747258a,1789773002.000,15,0
1789773005.831,11,b96f43f7-b578-4139-9b07-bb62e71ee66a,1789773003.000,21,0
1789773006.042,12,b99160ae-67f6-4bcc-bf77-4f509acffef0,1789773001.000,22,0
1789773006.042,12,e9a449d2-7556-4a23-82f4-4855ef2a1a38,1789773002.000,4,0
1789773006.042,12,68bbb9f5-3e0b-4687-9f4c-b2d30747258a,1789773002.000,15,0
1789773006.042,12,b96f43f7-b578-4139-9b07-bb62e71ee66a,1789773003.000,21,0
1789773006.237,13,b99160ae-67f6-4bcc-bf77-4f509acffef0,1789773001.000,22,0
1789773006.237,13,e9a449d2-7556-4a23-82f4-4855ef2a1a38,1789773002.000,4,0
1789773006.237,13,68bbb9f5-3e0b-4687-9f4c-b2d30747258a,1789773002.000,15,0
1789773006.237,13,b96f43f7-b578-4139-9b07-bb62e71ee66a,1789773003.000,21,0
1789773006.460,14,b96f43f7-b578-4139-9b07-bb62e71ee66a,1789773003.000,21,0
1789773006.460,14,f9d50367-9005-4681-b66c-9b01303d38a9,1789773004.000,23,0
1789773006.646,15,b96f43f7-b578-4139-9b07-bb62e71ee66a,,21,1
1789773006.646,0,b96f43f7-b578-4139-9b07-bb62e71ee66a,-61837174190.000,21,1
1789773006.646,15,f9d50367-9005-4681-b66c-9b01303d38a9,-61837174190.000,23,0
1789773006.646,0,f9d50367-9005-4681-b66c-9b01303d38a9,1789773004.000,23,0
1789773006.761,1,b96f43f7-b578-4139-9b07-bb62e71ee66a,1789773003.000,21,1
1789773006.761,1,f9d50367-9005-4681-b66c-9b01303d38a9,1789773004.000,23,0
1789773006.834,16,b96f43f7-b578-4139-9b07-bb62e71ee66a,1789773003.000,21,1
1789773006.834,16,f9d50367-9005-4681-b66c-9b01303d38a9,1789773004.000,23,0
1789773007.046,2,b96f43f7-b578-4139-9b07-bb62e71ee66a,1789773003.000,21,1
1789773007.046,2,f9d50367-9005-4681-b66c-9b01303d38a9,1789773004.000,23,0
1789773007.084,17,b96f43f7-b578-4139-9b07-bb62e71ee66a,1789773003.000,21,1
1789773007.084,17,f9d50367-9005-4681-b66c-9b01303d38a9,1789773004.000,23,0
1789773007.240,3,b96f43f7-b578-4139-9b07-bb62e71ee66a,1789773003.000,21,1
1789773007.240,3,f9d50367-9005-4681-b66c-9b01303d38a9,1789773004.000,23,0
1789773007.292,18,b96f43f7-b578-4139-9b07-bb62e71ee66a,1789773003.000,21,1
1789773007.292,18,f9d50367-9005-4681-b66c-9b01303d38a9,1789773004.000,23,0
1789773007.434,4,b96f43f7-b578-4139-9b07-bb62e71ee66a,1789773003.000,21,1
1789773007.434,4,f9d50367-9005-4681-b66c-9b01303d38a9,1789773004.000,23,0
1789773007.461,19,b96f43f7-b578-4139-9b07-bb62e71ee66a,1789773003.000,21,1
1789773007.461,19,f9d50367-9005-4681-b66c-9b01303d38a9,1789773004.000,23,0
1789773007.651,5,b96f43f7-b578-4139-9b07-bb62e71ee66a,1789773003.000,21,1
1789773007.651,5,f9d50367-9005-4681-b66c-9b01303d38a9,1789773004.000,23,0
1789773007.764,20,b96f43f7-b578-4139-9b07-bb62e71ee66a,1813360223.000,21,1
1789773007.764,6,b96f43f7-b578-4139-9b07-bb62e71ee66a,,21,1
1789773007.764,20,f9d50367-9005-4681-b66c-9b01303d38a9,1789773004.000,23,0
1789773007.764,6,f9d50367-9005-4681-b66c-9b01303d38a9,1789773004.000,23,0
1789773007.839,21,f9d50367-9005-4681-b66c-9b01303d38a9,1789773004.000,23,0
1789773008.051,7,b96f43f7-b578-4139-9b07-bb62e71ee66a,1789773003.000,21,1
1789773008.051,7,f9d50367-9005-4681-b66c-9b01303d38a9,1789773004.000,23,0
1789773008.088,22,b96f43f7-b578-4139-9b07-bb62e71ee66a,1789773003.000,21,1
1789773008.088,22,f9d50367-9005-4681-b66c-9b01303d38a9,1789773004.000,23,0
1789773008.244,8,b96f43f7-b578-4139-9b07-bb62e71ee66a,1789773003.000,21,1
1789773008.244,8,f9d50367-9005-4681-b66c-9b01303d38a9,1789773004.000,23,0
1789773008.296,23,b96f43f7-b578-4139-9b07-bb62e71ee66a,1789773003.000,21,1
1789773008.435,9,b96f43f7-b578-4139-9b07-bb62e71ee66a,1789773003.000,21,1
1789773008.435,9,f9d50367-9005-4681-b66c-9b01303d38a9,1789773004.000,23,0
1789773008.466,24,b96f43f7-b578-4139-9b07-bb62e71ee66a,1789773003.000,21,1
1789773008.466,24,f9d50367-9005-4681-b66c-9b01303d38a9,1789773004.000,23,0
1789773008.655,10,b96f43f7-b578-4139-9b07-bb62e71ee66a,1789773003.000,21,1
1789773008.655,10,f9d50367-9005-4681-b66c-9b01303d38a9,1789773004.000,23,0
1789773008.844,11,b96f43f7-b578-4139-9b07-bb62e71ee66a,1789773003.000,21,1
1789773008.844,11,f9d50367-9005-4681-b66c-9b01303d38a9,1789773004.000,23,0
1789773009.054,12,b96f43f7-b578-4139-9b07-bb62e71ee66a,1789773003.000,21,1
1789773009.054,12,f9d50367-9005-4681-b66c-9b01303d38a9,1789773004.000,23,0
1789773009.245,13,b96f43f7-b578-4139-9b07-bb62e71ee66a,1789773003.000,21,1
1789773009.245,13,f9d50367-9005-4681-b66c-9b01303d38a9,1789773004.000,23,0
1789773009.470,14,47d2e0c1-f29c-4569-85ef-d11b2a45e6b2,1789773007.000,0,0
1789773009.470,14,36aaa64e-55b4-4428-a188-e0e59ae04da8,1789773007.000,2,0
1789773009.470,14,3e21d5db-687a-4bc3-bcea-3c9094600597,1789773008.000,19,0
1789773009.658,15,47d2e0c1-f29c-4569-85ef-d11b2a45e6b2,1788996190.000,0,0
1789773009.658,15,36aaa64e-55b4-4428-a188-e0e59ae04da8,1789773007.000,2,0
1789773009.658,15,3e21d5db-687a-4bc3-bcea-3c9094600597,1789773008.000,19,0
1789773009.658,0,36aaa64e-55b4-4428-a188-e0e59ae04da8,,2,0
1789773009.658,0,3e21d5db-687a-4bc3-bcea-3c9094600597,1789773008.000,19,0
1789773009.771,1,47d2e0c1-f29c-4569-85ef-d11b2a45e6b2,1789773007.000,0,0
1789773009.771,1,36aaa64e-55b4-4428-a188-e0e59ae04da8,1789773007.000,2,0
1789773009.771,1,3e21d5db-687a-4bc3-bcea-3c9094600597,1789773008.000,19,0
1789773009.844,16,47d2e0c1-f29c-4569-85ef-d11b2a45e6b2,1789773007.000,0,0
1789773009.844,16,36aaa64e-55b4-4428-a188-e0e59ae04da8,1789773007.000,2,0
1789773009.844,16,3e21d5db-687a-4bc3-bcea-3c9094600597,1789773008.000,19,0
1789773010.054,2,47d2e0c1-f29c-4569-85ef-d11b2a45e6b2,1789773007.000,0,0
1789773010.054,2,3e21d5db-687a-4bc3-bcea-3c9094600597,1789773008.000,19,0
1789773010.095,17,47d2e0c1-f29c-4569-85ef-d11b2a45e6b2,1789773007.000,0,0
1789773010.095,17,36aaa64e-55b4-4428-a188-e0e59ae04da8,1789773007.000,2,0
1789773010.095,17,3e21d5db-687a-4bc3-bcea-3c9094600597,1789773008.000,19,0
1789773010.245,3,47d2e0c1-f29c-4569-85ef-d11b2a45e6b2,1789773007.000,0,0
1789773010.245,3,36aaa64e-55b4-4428-a188-e0e59ae04da8,1789773007.000,2,0
1789773010.245,3,3e21d5db-687a-4bc3-bcea-3c9094600597,1789773008.000,19,0
1789773010.303,18,47d2e0c1-f29c-4569-85ef-d11b2a45e6b2,1789773007.000,0,0
1789773010.303,18,36aaa64e-55b4-4428-a188-e0e59ae04da8,1789773007.000,2,0
1789773010.303,18,3e21d5db-687a-4bc3-bcea-3c9094600597,1789773008.000,19,0
1789773010.438,4,47d2e0c1-f29c-4569-85ef-d11b2a45e6b2,1789773007.000,0,0
1789773010.438,4,36aaa64e-55b4-4428-a188-e0e59ae04da8,1789773007.000,2,0
1789773010.438,4,3e21d5db-687a-4bc3-bcea-3c9094600597,1789773008.000,19,0
1789773010.472,19,47d2e0c1-f29c-4569-85ef-d11b2a45e6b2,1789773007.000,0,0
1789773010.472,19,36aaa64e-55b4-4428-a188-e0e59ae04da8,1789773007.000,2,0
1789773010.663,5,47d2e0c1-f29c-4569-85ef-d11b2a45e6b2,1789773007.000,0,0
1789773010.663,5,36aaa64e-55b4-4428-a188-e0e59ae04da8,1789773007.000,2,0
1789773010.663,5,3e21d5db-687a-4bc3-bcea-3c9094600597,1789773008.000,19,0
1789773010.772,6,47d2e0c1-f29c-4569-85ef-d11b2a45e6b2,1789773007.000,0,0
1789773010.772,6,36aaa64e-55b4-4428-a188-e0e59ae04da8,1789773007.000,2,0
1789773010.772,20,47d2e0c1-f29c-4569-85ef-d11b2a45e6b2,1789773007.000,0,0
1789773010.772,6,3e21d5db-687a-4bc3-bcea-3c9094600597,1789773008.000,19,0
1789773010.772,20,36aaa64e-55b4-4428-a188-e0e59ae04da8,1789773007.000,2,0
1789773010.772,20,3e21d5db-687a-4bc3-bcea-3c9094600597,1789773008.000,19,0
1789773010.848,21,47d2e0c1-f29c-4569-85ef-d11b2a45e6b2,1789773007.000,0,0
1789773010.848,21,36aaa64e-55b4-4428-a188-e0e59ae04da8,1789773007.000,2,0
1789773010.848,21,3e21d5db-687a-4bc3-bcea-3c9094600597,1789773008.000,19,0
1789773011.061,7,47d2e0c1-f29c-4569-85ef-d11b2a45e6b2,1789773007.000,0,0
1789773011.061,7,36aaa64e-55b4-4428-a188-e0e59ae04da8,1789773007.000,2,0
1789773011.061,7,3e21d5db-687a-4bc3-bcea-3c9094600597,1789773008.000,19,0
1789773011.099,22,47d2e0c1-f29c-4569-85ef-d11b2a45e6b2,1789773007.000,0,0
1789773011.099,22,36aaa64e-55b4-4428-a188-e0e59ae04da8,1789773007.000,2,0
1789773011.099,22,3e21d5db-687a-4bc3-bcea-3c9094600597,1789773008.000,19,0
1789773011.247,8,47d2e0c1-f29c-4569-85ef-d11b2a45e6b2,1789773007.000,0,0
1789773011.247,8,36aaa64e-55b4-4428-a188-e0e59ae04da8,1789773007.000,2,0
1789773011.247,8,3e21d5db-687a-4bc3-bcea-3c9094600597,1789773008.000,19,0
1789773011.306,23,47d2e0c1-f29c-4569-85ef-d11b2a45e6b2,1789773007.000,0,0
1789773011.306,23,36aaa64e-55b4-4428-a188-e0e59ae04da8,1789773007.000,2,0
1789773011.306,23,3e21d5db-687a-4bc3-bcea-3c9094600597,1789773008.000,19,0
1789773011.438,9,47d2e0c1-f29c-4569-85ef-d11b2a45e6b2,1789773007.000,0,0
1789773011.438,9,36aaa64e-55b4-4428-a188-e0e59ae04da8,1789773007.000,2,0
1789773011.438,9,3e21d5db-687a-4bc3-bcea-3c9094600597,1789773008.000,19,0
1789773011.473,24,47d2e0c1-f29c-4569-85ef-d11b2a45e6b2,1789773007.000,0,0
1789773011.473,24,36aaa64e-55b4-4428-a188-e0e59ae04da8,1789773007.000,2,0
1789773011.473,24,3e21d5db-687a-4bc3-bcea-3c9094600597,1789773008.000,19,0
1789773011.663,10,47d2e0c1-f29c-4569-85ef-d11b2a45e6b2,1789773007.000,0,0
1789773011.663,10,36aaa64e-55b4-4428-a188-e0e59ae04da8,1789773007.000,2,0
1789773011.663,10,3e21d5db-687a-4bc3-bcea-3c9094600597,1789773008.000,19,0
1789773011.852,11,47d2e0c1-f29c-4569-85ef-d11b2a45e6b2,1789773007.000,0,0
1789773011.852,11,36aaa64e-55b4-4428-a188-e0e59ae04da8,1789773007.000,2,0
1789773011.852,11,3e21d5db-687a-4bc3-bcea-3c9094600597,1789773008.000,19,0
1789773012.065,12,47d2e0c1-f29c-4569-85ef-d11b2a45e6b2,1789773007.000,0,0
1789773012.065,12,36aaa64e-55b4-4428-a188-e0e59ae04da8,1789773007.000,2,0
1789773012.065,12,3e21d5db-687a-4bc3-bcea-3c9094600597,1789773008.000,19,0
1789773012.250,13,47d2e0c1-f29c-4569-85ef-d11b2a45e6b2,1789773007.000,0,0
1789773012.250,13,36aaa64e-55b4-4428-a188-e0e59ae04da8,1789773007.000,2,0
1789773012.250,13,3e21d5db-687a-4bc3-bcea-3c9094600597,1789773008.000,19,0
1789773012.478,14,fbc0f33d-f60f-4c5f-a797-34c328c22147,1789773011.000,11,0
1789773012.478,14,5d8caa8b-c354-4fd9-a79f-fee2b3869bd0,1789773011.000,17,0
1789773012.478,14,cd727d77-9a43-44ca-8722-c988519ac3fb,1789773011.000,6,0
1789773012.664,15,fbc0f33d-f60f-4c5f-a797-34c328c22147,-61837174129.000,11,0
1789773012.664,0,fbc0f33d-f60f-4c5f-a797-34c328c22147,-61837174129.000,11,0
1789773012.664,15,5d8caa8b-c354-4fd9-a79f-fee2b3869bd0,1789773011.000,17,0
1789773012.664,0,5d8caa8b-c354-4fd9-a79f-fee2b3869bd0,1789773011.000,17,0
1789773012.664,15,cd727d77-9a43-44ca-8722-c988519ac3fb,1789773011.000,6,0
1789773012.664,0,cd727d77-9a43-44ca-8722-c988519ac3fb,1789773011.000,6,0
1789773012.778,1,fbc0f33d-f60f-4c5f-a797-34c328c22147,1789773011.000,11,0
1789773012.778,1,5d8caa8b-c354-4fd9-a79f-fee2b3869bd0,1789773011.000,17,0
1789773012.778,1,cd727d77-9a43-44ca-8722-c988519ac3fb,1789773011.000,6,0
1789773012.854,16,fbc0f33d-f60f-4c5f-a797-34c328c22147,1789773011.000,11,0
1789773012.854,16,5d8caa8b-c354-4fd9-a79f-fee2b3869bd0,1789773011.000,17,0
1789773012.854,16,cd727d77-9a43-44ca-8722-c988519ac3fb,1789773011.000,6,0
1789773013.066,2,fbc0f33d-f60f-4c5f-a797-34c328c22147,1789773011.000,11,0
1789773013.066,2,5d8caa8b-c354-4fd9-a79f-fee2b3869bd0,1789773011.000,17,0
1789773013.066,2,cd727d77-9a43-44ca-8722-c988519ac3fb,1789773011.000,6,0
1789773013.105,17,fbc0f33d-f60f-4c5f-a797-34c328c22147,1789773011.000,11,0
1789773013.105,17,cd727d77-9a43-44ca-8722-c988519ac3fb,1789773011.000,6,0
1789773013.250,3,fbc0f33d-f60f-4c5f-a797-34c328c22147,1789773011.000,11,0
1789773013.250,3,5d8caa8b-c354-4fd9-a79f-fee2b3869bd0,1789773011.000,17,0
1789773013.250,3,cd727d77-9a43-44ca-8722-c988519ac3fb,1789773011.000,6,0
1789773013.312,18,fbc0f33d-f60f-4c5f-a797-34c328c22147,1789773011.000,11,0
1789773013.312,18,5d8caa8b-c354-4fd9-a79f-fee2b3869bd0,1789773011.000,17,0
1789773013.312,18,cd727d77-9a43-44ca-8722-c988519ac3fb,1789773011.000,6,0
1789773013.444,4,fbc0f33d-f60f-4c5f-a797-34c328c22147,1789773011.000,11,0
1789773013.444,4,5d8caa8b-c354-4fd9-a79f-fee2b3869bd0,1789773011.000,17,0
1789773013.444,4,cd727d77-9a43-44ca-8722-c988519ac3fb,1789773011.000,6,0
1789773013.480,19,fbc0f33d-f60f-4c5f-a797-34c328c22147,1789773011.000,11,0
1789773013.480,19,5d8caa8b-c354-4fd9-a79f-fee2b3869bd0,1789773011.000,17,0
1789773013.480,19,cd727d77-9a43-44ca-8722-c988519ac3fb,1789773011.000,6,0
1789773013.669,5,fbc0f33d-f60f-4c5f-a797-34c328c22147,1789773011.000,11,0
1789773013.669,5,5d8caa8b-c354-4fd9-a79f-fee2b3869bd0,1789773011.000,17,0
1789773013.669,5,cd727d77-9a43-44ca-8722-c988519ac3fb,1789773011.000,6,0
1789773013.779,6,fbc0f33d-f60f-4c5f-a797-34c328c22147,1789773011.000,11,0
1789773013.779,6,5d8caa8b-c354-4fd9-a79f-fee2b3869bd0,1789773011.000,17,0
1789773013.779,20,fbc0f33d-f60f-4c5f-a797-34c328c22147,-62144758189.000,11,0
1789773013.779,20,5d8caa8b-c354-4fd9-a79f-fee2b3869bd0,1789773011.000,17,0
1789773013.779,20,cd727d77-9a43-44ca-8722-c988519ac3fb,1789773011.000,6,0
1789773013.858,21,fbc0f33d-f60f-4c5f-a797-34c328c22147,1789773011.000,11,0
1789773013.858,21,5d8caa8b-c354-4fd9-a79f-fee2b3869bd0,1789773011.000,17,0
1789773013.858,21,cd727d77-9a43-44ca-8722-c988519ac3fb,1789773011.000,6,0
1789773014.071,7,fbc0f33d-f60f-4c5f-a797-34c328c22147,1789773011.000,11,0
1789773014.071,7,5d8caa8b-c354-4fd9-a79f-fee2b3869bd0,1789773011.000,17,0
1789773014.071,7,cd727d77-9a43-44ca-8722-c988519ac3fb,1789773011.000,6,0
1789773014.108,22,fbc0f33d-f60f-4c5f-a797-34c328c22147,1789773011.000,11,0
1789773014.108,22,5d8caa8b-c354-4fd9-a79f-fee2b3869bd0,1789773011.000,17,0
1789773014.108,22,cd727d77-9a43-44ca-8722-c988519ac3fb,1789773011.000,6,0
1789773014.255,8,fbc0f33d-f60f-4c5f-a797-34c328c22147,1789773011.000,11,0
1789773014.255,8,5d8caa8b-c354-4fd9-a79f-fee2b3869bd0,1789773011.000,17,0
1789773014.255,8,cd727d77-9a43-44ca-8722-c988519ac3fb,1789773011.000,6,0
1789773014.315,23,fbc0f33d-f60f-4c5f-a797-34c328c22147,1789773011.000,11,0
1789773014.315,23,5d8caa8b-c354-4fd9-a79f-fee2b3869bd0,1789773011.000,17,0
1789773014.315,23,cd727d77-9a43-44ca-8722-c988519ac3fb,1789773011.000,6,0
1789773014.446,9,fbc0f33d-f60f-4c5f-a797-34c328c22147,1789773011.000,11,0
1789773014.446,9,5d8caa8b-c354-4fd9-a79f-fee2b3869bd0,1789773011.000,17,0
1789773014.446,9,cd727d77-9a43-44ca-8722-c988519ac3fb,1789773011.000,6,0
1789773014.483,24,fbc0f33d-f60f-4c5f-a797-34c328c22147,1789773011.000,11,0
1789773014.483,24,5d8caa8b-c354-4fd9-a79f-fee2b3869bd0,1789773011.000,17,0
1789773014.483,24,cd727d77-9a43-44ca-8722-c988519ac3fb,1789773011.000,6,0
1789773014.672,10,fbc0f33d-f60f-4c5f-a797-34c328c22147,1789773011.000,11,0
1789773014.672,10,5d8caa8b-c354-4fd9-a79f-fee2b3869bd0,1789773011.000,17,0
1789773014.672,10,cd727d77-9a43-44ca-8722-c988519ac3fb,1789773011.000,6,0
1789773014.863,11,5d8caa8b-c354-4fd9-a79f-fee2b3869bd0,1789773011.000,17,0
1789773014.863,11,cd727d77-9a43-44ca-8722-c988519ac3fb,1789773011.000,6,0
1789773015.075,12,fbc0f33d-f60f-4c5f-a797-34c328c22147,1789773011.000,11,0
1789773015.075,12,5d8caa8b-c354-4fd9-a79f-fee2b3869bd0,1789773011.000,17,0
1789773015.075,12,cd727d77-9a43-44ca-8722-c988519ac3fb,1789773011.000,6,0
1789773015.259,13,fbc0f33d-f60f-4c5f-a797-34c328c22147,1789773011.000,11,0
1789773015.259,13,5d8caa8b-c354-4fd9-a79f-fee2b3869bd0,1789773011.000,17,0
1789773015.259,13,cd727d77-9a43-44ca-8722-c988519ac3fb,1789773011.000,6,0
1789773015.488,14,405009c8-8509-40ed-aebf-0e450c601613,1789773014.000,10,0
1789773015.676,15,405009c8-8509-40ed-aebf-0e450c601613,1789773014.000,10,0
1789773015.676,0,405009c8-8509-40ed-aebf-0e450c601613,1789773014.000,10,0
1789773015.780,1,405009c8-8509-40ed-aebf-0e450c601613,1789773014.000,10,0
1789773015.867,16,405009c8-8509-40ed-aebf-0e450c601613,1789773014.000,10,0
1789773016.078,2,405009c8-8509-40ed-aebf-0e450c601613,1789773014.000,10,0
1789773016.117,17,405009c8-8509-40ed-aebf-0e450c601613,1789773014.000,10,0
1789773016.260,3,405009c8-8509-40ed-aebf-0e450c601613,1789773014.000,10,0
1789773016.317,18,405009c8-8509-40ed-aebf-0e450c601613,1789773014.000,10,0
1789773016.452,4,405009c8-8509-40ed-aebf-0e450c601613,1789773014.000,10,0
1789773016.492,19,405009c8-8509-40ed-aebf-0e450c601613,1789773014.000,10,0
1789773016.677,5,405009c8-8509-40ed-aebf-0e450c601613,1789773014.000,10,0
1789773016.781,6,405009c8-8509-40ed-aebf-0e450c601613,1789773023.000,10,0
1789773016.781,20,405009c8-8509-40ed-aebf-0e450c601613,,10,0
1789773016.871,21,405009c8-8509-40ed-aebf-0e450c601613,1789773014.000,10,0
1789773017.078,7,405009c8-8509-40ed-aebf-0e450c601613,1789773014.000,10,0
1789773017.119,22,405009c8-8509-40ed-aebf-0e450c601613,1789773014.000,10,0
1789773017.264,8,405009c8-8509-40ed-aebf-0e450c601613,1789773014.000,10,0
1789773017.322,23,405009c8-8509-40ed-aebf-0e450c601613,1789773014.000,10,0
1789773017.454,9,405009c8-8509-40ed-aebf-0e450c601613,1789773014.000,10,0
1789773017.494,24,405009c8-8509-40ed-aebf-0e450c601613,1789773014.000,10,0
1789773017.875,11,405009c8-8509-40ed-aebf-0e450c601613,1789773014.000,10,0
1789773018.082,12,405009c8-8509-40ed-aebf-0e450c601613,1789773014.000,10,0
1789773018.266,13,405009c8-8509-40ed-aebf-0e450c601613,1789773014.000,10,0
1789773018.497,14,5a42e157-49a2-4f53-b031-89fba53e1899,1789773018.000,16,0
1789773018.686,15,5a42e157-49a2-4f53-b031-89fba53e1899,1789773018.000,16,0
1789773018.686,0,5a42e157-49a2-4f53-b031-89fba53e1899,,16,0
1789773018.784,1,5a42e157-49a2-4f53-b031-89fba53e1899,1789773018.000,16,0
1789773019.085,2,5a42e157-49a2-4f53-b031-89fba53e1899,1789773018.000,16,0
1789773019.125,17,5a42e157-49a2-4f53-b031-89fba53e1899,1789773018.000,16,0
1789773019.267,3,5a42e157-49a2-4f53-b031-89fba53e1899,1789773018.000,16,0
1789773019.327,18,5a42e157-49a2-4f53-b031-89fba53e1899,1789773018.000,16,0
1789773019.462,4,5a42e157-49a2-4f53-b031-89fba53e1899,1789773018.000,16,0
1789773019.502,19,5a42e157-49a2-4f53-b031-89fba53e1899,1789773018.000,16,0
1789773019.691,5,5a42e157-49a2-4f53-b031-89fba53e1899,1789773018.000,16,0
1789773019.784,6,5a42e157-49a2-4f53-b031-89fba53e1899,1789722618.000,16,0
1789773019.784,20,5a42e157-49a2-4f53-b031-89fba53e1899,,16,0
1789773019.883,21,5a42e157-49a2-4f53-b031-89fba53e1899,1789773018.000,16,0
1789773020.086,7,5a42e157-49a2-4f53-b031-89fba53e1899,1789773018.000,16,0
1789773020.129,22,5a42e157-49a2-4f53-b031-89fba53e1899,1789773018.000,16,0
1789773020.269,8,5a42e157-49a2-4f53-b031-89fba53e1899,1789773018.000,16,0
1789773020.332,23,5a42e157-49a2-4f53-b031-89fba53e1899,1789773018.000,16,0
1789773020.464,9,5a42e157-49a2-4f53-b031-89fba53e1899,1789773018.000,16,0
1789773020.505,24,5a42e157-49a2-4f53-b031-89fba53e1899,1789773018.000,16,0
1789773020.696,10,5a42e157-49a2-4f53-b031-89fba53e1899,1789773018.000,16,0
1789773020.888,11,5a42e157-49a2-4f53-b031-89fba53e1899,1789773018.000,16,0
1789773021.090,12,5a42e157-49a2-4f53-b031-89fba53e1899,1789773018.000,16,0
1789773021.273,13,5a42e157-49a2-4f53-b031-89fba53e1899,1789773018.000,16,0
1789773021.508,14,589fba13-6677-4e57-9c5e-918d60db61f5,1789773018.000,8,0
1789773021.508,14,5a42e157-49a2-4f53-b031-89fba53e1899,1789773018.000,16,1
1789773021.508,14,01a9307a-ace7-4c38-a5ef-ff37fe674b1f,1789773019.000,20,0
1789773021.508,14,b05a967b-8292-4346-9a50-9fb6b3a8e4e0,1789773020.000,12,0
1789773021.700,0,589fba13-6677-4e57-9c5e-918d60db61f5,1789773018.000,8,0
1789773021.700,15,589fba13-6677-4e57-9c5e-918d60db61f5,1789773018.000,8,0
1789773021.700,0,5a42e157-49a2-4f53-b031-89fba53e1899,1789773018.000,16,1
1789773021.700,15,5a42e157-49a2-4f53-b031-89fba53e1899,1789773018.000,16,1
1789773021.700,0,01a9307a-ace7-4c38-a5ef-ff37fe674b1f,1789773019.000,20,0
1789773021.700,15,01a9307a-ace7-4c38-a5ef-ff37fe674b1f,1789773019.000,20,0
1789773021.700,0,b05a967b-8292-4346-9a50-9fb6b3a8e4e0,1789773020.000,12,0
1789773021.700,15,b05a967b-8292-4346-9a50-9fb6b3a8e4e0,1789773020.000,12,0
1789773021.788,1,589fba13-6677-4e57-9c5e-918d60db61f5,1789773018.000,8,0
1789773021.788,1,5a42e157-49a2-4f53-b031-89fba53e1899,1789773018.000,16,1
1789773021.788,1,01a9307a-ace7-4c38-a5ef-ff37fe674b1f,1789773019.000,20,0
1789773021.788,1,b05a967b-8292-4346-9a50-9fb6b3a8e4e0,1789773020.000,12,0
1789773021.892,16,589fba13-6677-4e57-9c5e-918d60db61f5,1789773018.000,8,0
1789773021.892,16,01a9307a-ace7-4c38-a5ef-ff37fe674b1f,1789773019.000,20,0
1789773021.892,16,b05a967b-8292-4346-9a50-9fb6b3a8e4e0,1789773020.000,12,0
1789773022.093,2,589fba13-6677-4e57-9c5e-918d60db61f5,1789773018.000,8,0
1789773022.093,2,5a42e157-49a2-4f53-b031-89fba53e1899,1789773018.000,16,1
1789773022.093,2,01a9307a-ace7-4c38-a5ef-ff37fe674b1f,1789773019.000,20,0
1789773022.093,2,b05a967b-8292-4346-9a50-9fb6b3a8e4e0,1789773020.000,12,0
1789773022.137,17,589fba13-6677-4e57-9c5e-918d60db61f5,1789773018.000,8,0
1789773022.137,17,5a42e157-49a2-4f53-b031-89fba53e1899,1789773018.000,16,1
1789773022.137,17,01a9307a-ace7-4c38-a5ef-ff37fe674b1f,1789773019.000,20,0
1789773022.137,17,b05a967b-8292-4346-9a50-9fb6b3a8e4e0,1789773020.000,12,0
1789773022.274,3,589fba13-6677-4e57-9c5e-918d60db61f5,1789773018.000,8,0
1789773022.274,3,5a42e157-49a2-4f53-b031-89fba53e1899,1789773018.000,16,1
1789773022.274,3,01a9307a-ace7-4c38-a5ef-ff37fe674b1f,1789773019.000,20,0
1789773022.274,3,b05a967b-8292-4346-9a50-9fb6b3a8e4e0,1789773020.000,12,0
1789773022.338,18,589fba13-6677-4e57-9c5e-918d60db61f5,1789773018.000,8,0
1789773022.338,18,5a42e157-49a2-4f53-b031-89fba53e1899,1789773018.000,16,1
1789773022.338,18,01a9307a-ace7-4c38-a5ef-ff37fe674b1f,1789773019.000,20,0
1789773022.338,18,b05a967b-8292-4346-9a50-9fb6b3a8e4e0,1789773020.000,12,0
1789773022.471,4,589fba13-6677-4e57-9c5e-918d60db61f5,1789773018.000,8,0
1789773022.471,4,5a42e157-49a2-4f53-b031-89fba53e1899,1789773018.000,16,1
1789773022.471,4,01a9307a-ace7-4c38-a5ef-ff37fe674b1f,1789773019.000,20,0
1789773022.471,4,b05a967b-8292-4346-9a50-9fb6b3a8e4e0,1789773020.000,12,0
1789773022.513,19,589fba13-6677-4e57-9c5e-918d60db61f5,1789773018.000,8,0
1789773022.513,19,5a42e157-49a2-4f53-b031-89fba53e1899,1789773018.000,16,1
1789773022.513,19,01a9307a-ace7-4c38-a5ef-ff37fe674b1f,1789773019.000,20,0
1789773022.513,19,b05a967b-8292-4346-9a50-9fb6b3a8e4e0,1789773020.000,12,0
1789773022.700,5,589fba13-6677-4e57-9c5e-918d60db61f5,1789773018.000,8,0
1789773022.700,5,5a42e157-49a2-4f53-b031-89fba53e1899,1789773018.000,16,1
1789773022.700,5,01a9307a-ace7-4c38-a5ef-ff37fe674b1f,1789773019.000,20,0
1789773022.700,5,b05a967b-8292-4346-9a50-9fb6b3a8e4e0,1789773020.000,12,0
1789773022.788,20,589fba13-6677-4e57-9c5e-918d60db61f5,1789773018.000,8,0
1789773022.788,6,589fba13-6677-4e57-9c5e-918d60db61f5,-61576764582.000,8,0
1789773022.788,20,5a42e157-49a2-4f53-b031-89fba53e1899,1789773018.000,16,1
1789773022.788,6,5a42e157-49a2-4f53-b031-89fba53e1899,1789773018.000,16,1
1789773022.788,20,b05a967b-8292-4346-9a50-9fb6b3a8e4e0,1789773020.000,12,0
1789773022.788,6,01a9307a-ace7-4c38-a5ef-ff37fe674b1f,1789773019.000,20,0
1789773022.788,6,b05a967b-8292-4346-9a50-9fb6b3a8e4e0,1789773020.000,12,0
1789773022.896,21,589fba13-6677-4e57-9c5e-918d60db61f5,1789773018.000,8,0
1789773022.896,21,5a42e157-49a2-4f53-b031-89fba53e1899,1789773018.000,16,1
1789773022.896,21,01a9307a-ace7-4c38-a5ef-ff37fe674b1f,1789773019.000,20,0
1789773022.896,21,b05a967b-8292-4346-9a50-9fb6b3a8e4e0,1789773020.000,12,0
1789773023.096,7,589fba13-6677-4e57-9c5e-918d60db61f5,1789773018.000,8,0
1789773023.096,7,5a42e157-49a2-4f53-b031-89fba53e1899,1789773018.000,16,1
1789773023.096,7,01a9307a-ace7-4c38-a5ef-ff37fe674b1f,1789773019.000,20,0
1789773023.096,7,b05a967b-8292-4346-9a50-9fb6b3a8e4e0,1789773020.000,12,0
1789773023.142,22,589fba13-6677-4e57-9c5e-918d60db61f5,1789773018.000,8,0
1789773023.142,22,5a42e157-49a2-4f53-b031-89fba53e1899,1789773018.000,16,1
1789773023.142,22,01a9307a-ace7-4c38-a5ef-ff37fe674b1f,1789773019.000,20,0
1789773023.142,22,b05a967b-8292-4346-9a50-9fb6b3a8e4e0,1789773020.000,12,0
1789773023.278,8,5a42e157-49a2-4f53-b031-89fba53e1899,1789773018.000,16,1
1789773023.278,8,01a9307a-ace7-4c38-a5ef-ff37fe674b1f,1789773019.000,20,0
1789773023.278,8,b05a967b-8292-4346-9a50-9fb6b3a8e4e0,1789773020.000,12,0
1789773023.340,23,589fba13-6677-4e57-9c5e-918d60db61f5,1789773018.000,8,0
1789773023.340,23,5a42e157-49a2-4f53-b031-89fba53e1899,1789773018.000,16,1
1789773023.340,23,01a9307a-ace7-4c38-a5ef-ff37fe674b1f,1789773019.000,20,0
1789773023.340,23,b05a967b-8292-4346-9a50-9fb6b3a8e4e0,1789773020.000,12,0
1789773023.475,9,589fba13-6677-4e57-9c5e-918d60db61f5,1789773018.000,8,0
1789773023.475,9,5a42e157-49a2-4f53-b031-89fba53e1899,1789773018.000,16,1
1789773023.475,9,01a9307a-ace7-4c38-a5ef-ff37fe674b1f,1789773019.000,20,0
1789773023.475,9,b05a967b-8292-4346-9a50-9fb6b3a8e4e0,1789773020.000,12,0
1789773023.517,24,589fba13-6677-4e57-9c5e-918d60db61f5,1789773018.000,8,0
1789773023.517,24,5a42e157-49a2-4f53-b031-89fba53e1899,1789773018.000,16,1
1789773023.517,24,01a9307a-ace7-4c38-a5ef-ff37fe674b1f,1789773019.000,20,0
1789773023.517,24,b05a967b-8292-4346-9a50-9fb6b3a8e4e0,1789773020.000,12,0
1789773023.704,10,589fba13-6677-4e57-9c5e-918d60db61f5,1789773018.000,8,0
1789773023.704,10,5a42e157-49a2-4f53-b031-89fba53e1899,1789773018.000,16,1
1789773023.704,10,01a9307a-ace7-4c38-a5ef-ff37fe674b1f,1789773019.000,20,0
1789773023.704,10,b05a967b-8292-4346-9a50-9fb6b3a8e4e0,1789773020.000,12,0
1789773023.901,11,589fba13-6677-4e57-9c5e-918d60db61f5,1789773018.000,8,0
1789773023.901,11,5a42e157-49a2-4f53-b031-89fba53e1899,1789773018.000,16,1
1789773023.901,11,01a9307a-ace7-4c38-a5ef-ff37fe674b1f,1789773019.000,20,0
1789773023.901,11,b05a967b-8292-4346-9a50-9fb6b3a8e4e0,1789773020.000,12,0
1789773024.100,12,589fba13-6677-4e57-9c5e-918d60db61f5,1789773018.000,8,0
1789773024.100,12,5a42e157-49a2-4f53-b031-89fba53e1899,1789773018.000,16,1
1789773024.100,12,01a9307a-ace7-4c38-a5ef-ff37fe674b1f,1789773019.000,20,0
1789773024.278,13,589fba13-6677-4e57-9c5e-918d60db61f5,1789773018.000,8,0
1789773024.278,13,5a42e157-49a2-4f53-b031-89fba53e1899,1789773018.000,16,1
1789773024.278,13,01a9307a-ace7-4c38-a5ef-ff37fe674b1f,1789773019.000,20,0
1789773024.278,13,b05a967b-8292-4346-9a50-9fb6b3a8e4e0,1789773020.000,12,0
1789773024.522,14,c9fef895-50f1-4090-9268-3d66f10a5206,1789773021.000,9,0
1789773024.522,14,63595a3b-09f2-4b5f-97de-860615cf53a2,1789773021.000,3,0
1789773024.522,14,c9d802b4-7e20-44c7-976f-79fc617173ef,1789773022.000,13,0
1789773024.522,14,589e9b93-f9d1-4be0-a8a2-71ac39ffb103,1789773023.000,7,0
1789773024.522,14,6544d69f-0639-47f1-9d09-2e43f84866df,1789773023.000,1,0
1789773024.522,14,6cbff3e3-ef5e-4b43-b93f-a38a4e6e748b,1789773024.000,18,0
1789773024.709,0,c9fef895-50f1-4090-9268-3d66f10a5206,1788995421.000,9,0
1789773024.709,0,63595a3b-09f2-4b5f-97de-860615cf53a2,1789773021.000,3,0
1789773024.709,15,c9fef895-50f1-4090-9268-3d66f10a5206,,9,0
1789773024.709,0,6a454b1c-062c-4606-bf16-56646f37ee89,1789773022.000,14,0
1789773024.709,15,63595a3b-09f2-4b5f-97de-860615cf53a2,1789773021.000,3,0
1789773024.709,0,c9d802b4-7e20-44c7-976f-79fc617173ef,1789773022.000,13,0
1789773024.709,15,6a454b1c-062c-4606-bf16-56646f37ee89,1789773022.000,14,0
1789773024.709,0,589e9b93-f9d1-4be0-a8a2-71ac39ffb103,1789773023.000,7,0
1789773024.709,15,c9d802b4-7e20-44c7-976f-79fc617173ef,1789773022.000,13,0
1789773024.709,0,6544d69f-0639-47f1-9d09-2e43f84866df,1789773023.000,1,0
1789773024.709,15,589e9b93-f9d1-4be0-a8a2-71ac39ffb103,1789773023.000,7,0
1789773024.709,0,6cbff3e3-ef5e-4b43-b93f-a38a4e6e748b,1789773024.000,18,0
1789773024.709,15,6544d69f-0639-47f1-9d09-2e43f84866df,1789773023.000,1,0
1789773024.709,15,6cbff3e3-ef5e-4b43-b93f-a38a4e6e748b,1789773024.000,18,0
1789773024.793,1,c9fef895-50f1-4090-9268-3d66f10a5206,1789773021.000,9,0
1789773024.793,1,63595a3b-09f2-4b5f-97de-860615cf53a2,1789773021.000,3,0
1789773024.793,1,6a454b1c-062c-4606-bf16-56646f37ee89,1789773022.000,14,0
1789773024.793,1,c9d802b4-7e20-44c7-976f-79fc617173ef,1789773022.000,13,0
1789773024.793,1,589e9b93-f9d1-4be0-a8a2-71ac39ffb103,1789773023.000,7,0
1789773024.793,1,6cbff3e3-ef5e-4b43-b93f-a38a4e6e748b,1789773024.000,18,0
1789773024.907,16,c9fef895-50f1-4090-9268-3d66f10a5206,1789773021.000,9,0
1789773024.907,16,63595a3b-09f2-4b5f-97de-860615cf53a2,1789773021.000,3,0
1789773024.907,16,6a454b1c-062c-4606-bf16-56646f37ee89,1789773022.000,14,0
1789773024.907,16,c9d802b4-7e20-44c7-976f-79fc617173ef,1789773022.000,13,0
1789773024.907,16,589e9b93-f9d1-4be0-a8a2-71ac39ffb103,1789773023.000,7,0
1789773024.907,16,6544d69f-0639-47f1-9d09-2e43f84866df,1789773023.000,1,0
1789773024.907,16,6cbff3e3-ef5e-4b43-b93f-a38a4e6e748b,1789773024.000,18,0
1789773025.104,2,c9fef895-50f1-4090-9268-3d66f10a5206,1789773021.000,9,0
1789773025.104,2,63595a3b-09f2-4b5f-97de-860615cf53a2,1789773021.000,3,0
1789773025.104,2,6a454b1c-062c-4606-bf16-56646f37ee89,1789773022.000,14,0
1789773025.104,2,c9d802b4-7e20-44c7-976f-79fc617173ef,1789773022.000,13,0
1789773025.104,2,589e9b93-f9d1-4be0-a8a2-71ac39ffb103,1789773023.000,7,0
1789773025.104,2,6544d69f-0639-47f1-9d09-2e43f84866df,1789773023.000,1,0
1789773025.104,2,6cbff3e3-ef5e-4b43-b93f-a38a4e6e748b,1789773024.000,18,0
1789773025.148,17,c9fef895-50f1-4090-9268-3d66f10a5206,1789773021.000,9,0
1789773025.148,17,63595a3b-09f2-4b5f-97de-860615cf53a2,1789773021.000,3,0
1789773025.148,17,6a454b1c-062c-4606-bf16-56646f37ee89,1789773022.000,14,0
1789773025.148,17,c9d802b4-7e20-44c7-976f-79fc617173ef,1789773022.000,13,0
1789773025.148,17,589e9b93-f9d1-4be0-a8a2-71ac39ffb103,1789773023.000,7,0
1789773025.148,17,6544d69f-0639-47f1-9d09-2e43f84866df,1789773023.000,1,0
1789773025.148,17,6cbff3e3-ef5e-4b43-b93f-a38a4e6e748b,1789773024.000,18,0
1789773025.283,3,c9fef895-50f1-4090-9268-3d66f10a5206,1789773021.000,9,0
1789773025.283,3,6a454b1c-062c-4606-bf16-56646f37ee89,1789773022.000,14,0
1789773025.283,3,c9d802b4-7e20-44c7-976f-79fc617173ef,1789773022.000,13,0
1789773025.283,3,589e9b93-f9d1-4be0-a8a2-71ac39ffb103,1789773023.000,7,0
1789773025.283,3,6544d69f-0639-47f1-9d09-2e43f84866df,1789773023.000,1,0
1789773025.283,3,6cbff3e3-ef5e-4b43-b93f-a38a4e6e748b,1789773024.000,18,0
1789773025.349,18,c9fef895-50f1-4090-9268-3d66f10a5206,1789773021.000,9,0
1789773025.349,18,63595a3b-09f2-4b5f-97de-860615cf53a2,1789773021.000,3,0
1789773025.349,18,6a454b1c-062c-4606-bf16-56646f37ee89,1789773022.000,14,0
1789773025.349,18,c9d802b4-7e20-44c7-976f-79fc617173ef,1789773022.000,13,0
1789773025.349,18,589e9b93-f9d1-4be0-a8a2-71ac39ffb103,1789773023.000,7,0
1789773025.349,18,6544d69f-0639-47f1-9d09-2e43f84866df,1789773023.000,1,0
1789773025.480,4,c9fef895-50f1-4090-9268-3d66f10a5206,1789773021.000,9,0
1789773025.480,4,63595a3b-09f2-4b5f-97de-860615cf53a2,1789773021.000,3,0
1789773025.480,4,6a454b1c-062c-4606-bf16-56646f37ee89,1789773022.000,14,0
1789773025.480,4,c9d802b4-7e20-44c7-976f-79fc617173ef,1789773022.000,13,0
1789773025.480,4,589e9b93-f9d1-4be0-a8a2-71ac39ffb103,1789773023.000,7,0
1789773025.480,4,6544d69f-0639-47f1-9d09-2e43f84866df,1789773023.000,1,0
1789773025.480,4,6cbff3e3-ef5e-4b43-b93f-a38a4e6e748b,1789773024.000,18,0
1789773025.523,19,c9fef895-50f1-4090-9268-3d66f10a5206,1789773021.000,9,0
1789773025.523,19,63595a3b-09f2-4b5f-97de-860615cf53a2,1789773021.000,3,0
1789773025.523,19,6a454b1c-062c-4606-bf16-56646f37ee89,1789773022.000,14,0
1789773025.523,19,c9d802b4-7e20-44c7-976f-79fc617173ef,1789773022.000,13,0
1789773025.523,19,589e9b93-f9d1-4be0-a8a2-71ac39ffb103,1789773023.000,7,0
1789773025.523,19,6544d69f-0639-47f1-9d09-2e43f84866df,1789773023.000,1,0
1789773025.523,19,6cbff3e3-ef5e-4b43-b93f-a38a4e6e748b,1789773024.000,18,0
1789773025.710,5,c9fef895-50f1-4090-9268-3d66f10a5206,1789773021.000,9,0
1789773025.710,5,63595a3b-09f2-4b5f-97de-860615cf53a2,1789773021.000,3,0
1789773025.710,5,6a454b1c-062c-4606-bf16-56646f37ee89,1789773022.000,14,0
1789773025.710,5,c9d802b4-7e20-44c7-976f-79fc617173ef,1789773022.000,13,0
1789773025.710,5,589e9b93-f9d1-4be0-a8a2-71ac39ffb103,1789773023.000,7,0
1789773025.710,5,6544d69f-0639-47f1-9d09-2e43f84866df,1789773023.000,1,0
1789773025.710,5,6cbff3e3-ef5e-4b43-b93f-a38a4e6e748b,1789773024.000,18,0
1789773025.793,20,c9fef895-50f1-4090-9268-3d66f10a5206,1789773021.000,9,0
1789773025.793,6,c9fef895-50f1-4090-9268-3d66f10a5206,1789773021.000,9,0
1789773025.793,20,63595a3b-09f2-4b5f-97de-860615cf53a2,1789773021.000,3,0
1789773025.793,6,63595a3b-09f2-4b5f-97de-860615cf53a2,1789773021.000,3,0
1789773025.793,20,6a454b1c-062c-4606-bf16-56646f37ee89,1789773022.000,14,0
1789773025.793,6,6a454b1c-062c-4606-bf16-56646f37ee89,1789773022.000,14,0
1789773025.793,20,c9d802b4-7e20-44c7-976f-79fc617173ef,1789773022.000,13,0
1789773025.793,6,c9d802b4-7e20-44c7-976f-79fc617173ef,1789773022.000,13,0
1789773025.793,20,589e9b93-f9d1-4be0-a8a2-71ac39ffb103,1789773023.000,7,0
1789773025.793,6,589e9b93-f9d1-4be0-a8a2-71ac39ffb103,1789773023.000,7,0
1789773025.793,20,6544d69f-0639-47f1-9d09-2e43f84866df,1789773023.000,1,0
1789773025.793,6,6544d69f-0639-47f1-9d09-2e43f84866df,1789773023.000,1,0
1789773025.793,20,6cbff3e3-ef5e-4b43-b93f-a38a4e6e748b,1789773024.000,18,0
1789773025.793,6,6cbff3e3-ef5e-4b43-b93f-a38a4e6e748b,1789773024.000,18,0
1789773025.911,21,c9fef895-50f1-4090-9268-3d66f10a5206,1789773021.000,9,0
1789773025.911,21,63595a3b-09f2-4b5f-97de-860615cf53a2,1789773021.000,3,0
1789773025.911,21,6a454b1c-062c-4606-bf16-56646f37ee89,1789773022.000,14,0
1789773025.911,21,c9d802b4-7e20-44c7-976f-79fc617173ef,1789773022.000,13,0
1789773025.911,21,589e9b93-f9d1-4be0-a8a2-71ac39ffb103,1789773023.000,7,0
1789773025.911,21,6544d69f-0639-47f1-9d09-2e43f84866df,1789773023.000,1,0
1789773025.911,21,6cbff3e3-ef5e-4b43-b93f-a38a4e6e748b,1789773024.000,18,0
1789773026.105,7,c9fef895-50f1-4090-9268-3d66f10a5206,1789773021.000,9,0
1789773026.105,7,63595a3b-09f2-4b5f-97de-860615cf53a2,1789773021.000,3,0
1789773026.105,7,6a454b1c-062c-4606-bf16-56646f37ee89,1789773022.000,14,0
1789773026.105,7,c9d802b4-7e20-44c7-976f-79fc617173ef,1789773022.000,13,0
1789773026.105,7,6544d69f-0639-47f1-9d09-2e43f84866df,1789773023.000,1,0
1789773026.105,7,6cbff3e3-ef5e-4b43-b93f-a38a4e6e748b,1789773024.000,18,0
1789773026.150,22,c9fef895-50f1-4090-9268-3d66f10a5206,1789773021.000,9,0
1789773026.150,22,63595a3b-09f2-4b5f-97de-860615cf53a2,1789773021.000,3,0
1789773026.150,22,6a454b1c-062c-4606-bf16-56646f37ee89,1789773022.000,14,0
1789773026.150,22,c9d802b4-7e20-44c7-976f-79fc617173ef,1789773022.000,13,0
1789773026.150,22,589e9b93-f9d1-4be0-a8a2-71ac39ffb103,1789773023.000,7,0
1789773026.150,22,6544d69f-0639-47f1-9d09-2e43f84866df,1789773023.000,1,0
1789773026.150,22,6cbff3e3-ef5e-4b43-b93f-a38a4e6e748b,1789773024.000,18,0
1789773026.287,8,c9fef895-50f1-4090-9268-3d66f10a5206,1789773021.000,9,0
1789773026.287,8,63595a3b-09f2-4b5f-97de-860615cf53a2,1789773021.000,3,0
1789773026.287,8,6a454b1c-062c-4606-bf16-56646f37ee89,1789773022.000,14,0
1789773026.287,8,c9d802b4-7e20-44c7-976f-79fc617173ef,1789773022.000,13,0
1789773026.287,8,589e9b93-f9d1-4be0-a8a2-71ac39ffb103,1789773023.000,7,0
1789773026.287,8,6544d69f-0639-47f1-9d09-2e43f84866df,1789773023.000,1,0
1789773026.287,8,6cbff3e3-ef5e-4b43-b93f-a38a4e6e748b,1789773024.000,18,0
1789773026.350,23,c9fef895-50f1-4090-9268-3d66f10a5206,1789773021.000,9,0
1789773026.350,23,63595a3b-09f2-4b5f-97de-860615cf53a2,1789773021.000,3,0
1789773026.350,23,6a454b1c-062c-4606-bf16-56646f37ee89,1789773022.000,14,0
1789773026.350,23,c9d802b4-7e20-44c7-976f-79fc617173ef,1789773022.000,13,0
1789773026.350,23,589e9b93-f9d1-4be0-a8a2-71ac39ffb103,1789773023.000,7,0
1789773026.350,23,6544d69f-0639-47f1-9d09-2e43f84866df,1789773023.000,1,0
1789773026.350,23,6cbff3e3-ef5e-4b43-b93f-a38a4e6e748b,1789773024.000,18,0
1789773026.484,9,63595a3b-09f2-4b5f-97de-860615cf53a2,1789773021.000,3,0
1789773026.484,9,6a454b1c-062c-4606-bf16-56646f37ee89,1789773022.000,14,0
1789773026.484,9,c9d802b4-7e20-44c7-976f-79fc617173ef,1789773022.000,13,0
1789773026.484,9,589e9b93-f9d1-4be0-a8a2-71ac39ffb103,1789773023.000,7,0
1789773026.484,9,6544d69f-0639-47f1-9d09-2e43f84866df,1789773023.000,1,0
1789773026.484,9,6cbff3e3-ef5e-4b43-b93f-a38a4e6e748b,1789773024.000,18,0
1789773026.524,24,c9fef895-50f1-4090-9268-3d66f10a5206,1789773021.000,9,0
1789773026.524,24,63595a3b-09f2-4b5f-97de-860615cf53a2,1789773021.000,3,0
1789773026.524,24,6a454b1c-062c-4606-bf16-56646f37ee89,1789773022.000,14,0
1789773026.524,24,c9d802b4-7e20-44c7-976f-79fc617173ef,1789773022.000,13,0
1789773026.524,24,589e9b93-f9d1-4be0-a8a2-71ac39ffb103,1789773023.000,7,0
1789773026.524,24,6544d69f-0639-47f1-9d09-2e43f84866df,1789773023.000,1,0
1789773026.524,24,6cbff3e3-ef5e-4b43-b93f-a38a4e6e748b,1789773024.000,18,0
1789773026.713,10,c9fef895-50f1-4090-9268-3d66f10a5206,1789773021.000,9,0
1789773026.713,10,63595a3b-09f2-4b5f-97de-860615cf53a2,1789773021.000,3,0
1789773026.713,10,6a454b1c-062c-4606-bf16-56646f37ee89,1789773022.000,14,0
1789773026.713,10,c9d802b4-7e20-44c7-976f-79fc617173ef,1789773022.000,13,0
1789773026.713,10,589e9b93-f9d1-4be0-a8a2-71ac39ffb103,1789773023.000,7,0
1789773026.713,10,6544d69f-0639-47f1-9d09-2e43f84866df,1789773023.000,1,0
1789773026.713,10,6cbff3e3-ef5e-4b43-b93f-a38a4e6e748b,1789773024.000,18,0
1789773026.914,11,c9fef895-50f1-4090-9268-3d66f10a5206,1789773021.000,9,0
1789773026.914,11,63595a3b-09f2-4b5f-97de-860615cf53a2,1789773021.000,3,0
1789773026.914,11,6a454b1c-062c-4606-bf16-56646f37ee89,1789773022.000,14,0
1789773026.914,11,c9d802b4-7e20-44c7-976f-79fc617173ef,1789773022.000,13,0
1789773026.914,11,589e9b93-f9d1-4be0-a8a2-71ac39ffb103,1789773023.000,7,0
1789773026.914,11,6544d69f-0639-47f1-9d09-2e43f84866df,1789773023.000,1,0
1789773026.914,11,6cbff3e3-ef5e-4b43-b93f-a38a4e6e748b,1789773024.000,18,0
1789773027.106,12,c9fef895-50f1-4090-9268-3d66f10a5206,1789773021.000,9,0
1789773027.106,12,63595a3b-09f2-4b5f-97de-860615cf53a2,1789773021.000,3,0
1789773027.106,12,6a454b1c-062c-4606-bf16-56646f37ee89,1789773022.000,14,0
1789773027.106,12,c9d802b4-7e20-44c7-976f-79fc617173ef,1789773022.000,13,0
1789773027.106,12,589e9b93-f9d1-4be0-a8a2-71ac39ffb103,1789773023.000,7,0
1789773027.106,12,6544d69f-0639-47f1-9d09-2e43f84866df,1789773023.000,1,0
1789773027.106,12,6cbff3e3-ef5e-4b43-b93f-a38a4e6e748b,1789773024.000,18,0
1789773027.288,13,c9fef895-50f1-4090-9268-3d66f10a5206,1789773021.000,9,0
1789773027.288,13,63595a3b-09f2-4b5f-97de-860615cf53a2,1789773021.000,3,0
1789773027.288,13,6a454b1c-062c-4606-bf16-56646f37ee89,1789773022.000,14,0
1789773027.288,13,589e9b93-f9d1-4be0-a8a2-71ac39ffb103,1789773023.000,7,0
1789773027.288,13,6544d69f-0639-47f1-9d09-2e43f84866df,1789773023.000,1,0
1789773027.288,13,6cbff3e3-ef5e-4b43-b93f-a38a4e6e748b,1789773024.000,18,0
1789773027.529,14,6cbff3e3-ef5e-4b43-b93f-a38a4e6e748b,1789773024.000,18,1
1789773027.529,14,7e1ab731-ff64-4c2e-a08a-3ec8cfb7a794,1789773026.000,24,0
1789773027.718,0,6cbff3e3-ef5e-4b43-b93f-a38a4e6e748b,1788995423.000,18,1
1789773027.718,0,7e1ab731-ff64-4c2e-a08a-3ec8cfb7a794,1789773026.000,24,0
1789773027.718,15,6cbff3e3-ef5e-4b43-b93f-a38a4e6e748b,,18,1
1789773027.718,15,7e1ab731-ff64-4c2e-a08a-3ec8cfb7a794,1789773026.000,24,0
1789773027.799,1,6cbff3e3-ef5e-4b43-b93f-a38a4e6e748b,1789773024.000,18,1
1789773027.799,1,7e1ab731-ff64-4c2e-a08a-3ec8cfb7a794,1789773026.000,24,0
1789773027.916,16,6cbff3e3-ef5e-4b43-b93f-a38a4e6e748b,1789773024.000,18,1
1789773027.916,16,7e1ab731-ff64-4c2e-a08a-3ec8cfb7a794,1789773026.000,24,0
1789773028.111,2,6cbff3e3-ef5e-4b43-b93f-a38a4e6e748b,1789773024.000,18,1
1789773028.111,2,7e1ab731-ff64-4c2e-a08a-3ec8cfb7a794,1789773026.000,24,0
1789773028.159,17,6cbff3e3-ef5e-4b43-b93f-a38a4e6e748b,1789773024.000,18,1
1789773028.159,17,7e1ab731-ff64-4c2e-a08a-3ec8cfb7a794,1789773026.000,24,0
1789773028.292,3,6cbff3e3-ef5e-4b43-b93f-a38a4e6e748b,1789773024.000,18,1
1789773028.292,3,7e1ab731-ff64-4c2e-a08a-3ec8cfb7a794,1789773026.000,24,0
1789773028.360,18,7e1ab731-ff64-4c2e-a08a-3ec8cfb7a794,1789773026.000,24,0
1789773028.488,4,6cbff3e3-ef5e-4b43-b93f-a38a4e6e748b,1789773024.000,18,1
1789773028.488,4,7e1ab731-ff64-4c2e-a08a-3ec8cfb7a794,1789773026.000,24,0
1789773028.529,19,6cbff3e3-ef5e-4b43-b93f-a38a4e6e748b,1789773024.000,18,1
1789773028.529,19,7e1ab731-ff64-4c2e-a08a-3ec8cfb7a794,1789773026.000,24,0
1789773028.723,5,6cbff3e3-ef5e-4b43-b93f-a38a4e6e748b,1789773024.000,18,1
1789773028.723,5,7e1ab731-ff64-4c2e-a08a-3ec8cfb7a794,1789773026.000,24,0
1789773028.799,6,6cbff3e3-ef5e-4b43-b93f-a38a4e6e748b,1789773024.000,18,1
1789773028.799,6,7e1ab731-ff64-4c2e-a08a-3ec8cfb7a794,1789773026.000,24,0
1789773028.799,20,6cbff3e3-ef5e-4b43-b93f-a38a4e6e748b,,18,1
1789773028.799,20,7e1ab731-ff64-4c2e-a08a-3ec8cfb7a794,1789773026.000,24,0
1789773028.921,21,6cbff3e3-ef5e-4b43-b93f-a38a4e6e748b,1789773024.000,18,1
1789773028.921,21,7e1ab731-ff64-4c2e-a08a-3ec8cfb7a794,1789773026.000,24,0
1789773029.113,7,6cbff3e3-ef5e-4b43-b93f-a38a4e6e748b,1789773024.000,18,1
1789773029.113,7,7e1ab731-ff64-4c2e-a08a-3ec8cfb7a794,1789773026.000,24,0
1789773029.164,22,6cbff3e3-ef5e-4b43-b93f-a38a4e6e748b,1789773024.000,18,1
1789773029.164,22,7e1ab731-ff64-4c2e-a08a-3ec8cfb7a794,1789773026.000,24,0
1789773029.294,8,6cbff3e3-ef5e-4b43-b93f-a38a4e6e748b,1789773024.000,18,1
1789773029.294,8,7e1ab731-ff64-4c2e-a08a-3ec8cfb7a794,1789773026.000,24,0
1789773029.365,23,6cbff3e3-ef5e-4b43-b93f-a38a4e6e748b,1789773024.000,18,1
1789773029.365,23,7e1ab731-ff64-4c2e-a08a-3ec8cfb7a794,1789773026.000,24,0
1789773029.492,9,6cbff3e3-ef5e-4b43-b93f-a38a4e6e748b,1789773024.000,18,1
1789773029.492,9,7e1ab731-ff64-4c2e-a08a-3ec8cfb7a794,1789773026.000,24,0
1789773029.531,24,6cbff3e3-ef5e-4b43-b93f-a38a4e6e748b,1789773024.000,18,1
1789773029.725,10,6cbff3e3-ef5e-4b43-b93f-a38a4e6e748b,1789773024.000,18,1
1789773029.725,10,7e1ab731-ff64-4c2e-a08a-3ec8cfb7a794,1789773026.000,24,0
1789773029.925,11,6cbff3e3-ef5e-4b43-b93f-a38a4e6e748b,1789773024.000,18,1
1789773029.925,11,7e1ab731-ff64-4c2e-a08a-3ec8cfb7a794,1789773026.000,24,0
1789773030.120,12,6cbff3e3-ef5e-4b43-b93f-a38a4e6e748b,1789773024.000,18,1
1789773030.120,12,7e1ab731-ff64-4c2e-a08a-3ec8cfb7a794,1789773026.000,24,0
1789773030.299,13,6cbff3e3-ef5e-4b43-b93f-a38a4e6e748b,1789773024.000,18,1
1789773030.299,13,7e1ab731-ff64-4c2e-a08a-3ec8cfb7a794,1789773026.000,24,0
1789773030.535,14,f047bad4-a374-4995-a8ce-8e0ba2868f7c,1789773027.000,5,0
1789773030.725,0,f047bad4-a374-4995-a8ce-8e0ba2868f7c,1789773027.000,5,0
1789773030.725,15,f047bad4-a374-4995-a8ce-8e0ba2868f7c,,5,0
1789773030.805,1,f047bad4-a374-4995-a8ce-8e0ba2868f7c,1789773027.000,5,0
1789773030.929,16,f047bad4-a374-4995-a8ce-8e0ba2868f7c,1789773027.000,5,0
1789773031.125,2,f047bad4-a374-4995-a8ce-8e0ba2868f7c,1789773027.000,5,0
1789773031.168,17,f047bad4-a374-4995-a8ce-8e0ba2868f7c,1789773027.000,5,0
1789773031.302,3,f047bad4-a374-4995-a8ce-8e0ba2868f7c,1789773027.000,5,0
1789773031.372,18,f047bad4-a374-4995-a8ce-8e0ba2868f7c,1789773027.000,5,0
1789773031.496,4,f047bad4-a374-4995-a8ce-8e0ba2868f7c,1789773027.000,5,0
1789773031.536,19,f047bad4-a374-4995-a8ce-8e0ba2868f7c,1789773027.000,5,0
1789773031.806,20,f047bad4-a374-4995-a8ce-8e0ba2868f7c,1789773027.000,5,0
1789773031.806,6,f047bad4-a374-4995-a8ce-8e0ba2868f7c,1789773027.000,5,0
1789773031.934,21,f047bad4-a374-4995-a8ce-8e0ba2868f7c,1789773027.000,5,0
1789773032.126,7,f047bad4-a374-4995-a8ce-8e0ba2868f7c,1789773027.000,5,0
1789773032.171,22,f047bad4-a374-4995-a8ce-8e0ba2868f7c,1789773027.000,5,0
1789773032.305,8,f047bad4-a374-4995-a8ce-8e0ba2868f7c,1789773027.000,5,0
1789773032.376,23,f047bad4-a374-4995-a8ce-8e0ba2868f7c,1789773027.000,5,0
1789773032.500,9,f047bad4-a374-4995-a8ce-8e0ba2868f7c,1789773027.000,5,0
1789773032.541,24,f047bad4-a374-4995-a8ce-8e0ba2868f7c,1789773027.000,5,0
1789773032.727,10,f047bad4-a374-4995-a8ce-8e0ba2868f7c,1789773027.000,5,0
1789773032.936,11,f047bad4-a374-4995-a8ce-8e0ba2868f7c,1789773027.000,5,0
1789773033.127,12,f047bad4-a374-4995-a8ce-8e0ba2868f7c,1789773027.000,5,0
1789773033.306,13,f047bad4-a374-4995-a8ce-8e0ba2868f7c,1789773027.000,5,0
1789773033.544,14,53b591a0-a758-4464-a37f-f9d9310e9165,1789773031.000,22,0
1789773033.544,14,0257b3eb-0ba8-4514-89a8-96b9127377de,1789773032.000,4,0
1789773033.544,14,e1ecf00b-5274-47a2-9c5c-92481e91a1ba,1789773032.000,15,0
1789773033.728,15,53b591a0-a758-4464-a37f-f9d9310e9165,-61823953709.000,22,0
1789773033.728,15,0257b3eb-0ba8-4514-89a8-96b9127377de,1789773032.000,4,0
1789773033.728,0,53b591a0-a758-4464-a37f-f9d9310e9165,,22,0
1789773033.728,0,0257b3eb-0ba8-4514-89a8-96b9127377de,1789773032.000,4,0
1789773033.728,0,e1ecf00b-5274-47a2-9c5c-92481e91a1ba,1789773032.000,15,0
1789773033.809,1,53b591a0-a758-4464-a37f-f9d9310e9165,1789773031.000,22,0
1789773033.809,1,0257b3eb-0ba8-4514-89a8-96b9127377de,1789773032.000,4,0
1789773033.809,1,e1ecf00b-5274-47a2-9c5c-92481e91a1ba,1789773032.000,15,0
1789773033.939,16,53b591a0-a758-4464-a37f-f9d9310e9165,1789773031.000,22,0
1789773033.939,16,0257b3eb-0ba8-4514-89a8-96b9127377de,1789773032.000,4,0
1789773033.939,16,e1ecf00b-5274-47a2-9c5c-92481e91a1ba,1789773032.000,15,0
1789773034.130,2,53b591a0-a758-4464-a37f-f9d9310e9165,1789773031.000,22,0
1789773034.130,2,0257b3eb-0ba8-4514-89a8-96b9127377de,1789773032.000,4,0
1789773034.130,2,e1ecf00b-5274-47a2-9c5c-92481e91a1ba,1789773032.000,15,0
1789773034.179,17,53b591a0-a758-4464-a37f-f9d9310e9165,1789773031.000,22,0
1789773034.179,17,0257b3eb-0ba8-4514-89a8-96b9127377de,1789773032.000,4,0
1789773034.179,17,e1ecf00b-5274-47a2-9c5c-92481e91a1ba,1789773032.000,15,0
1789773034.308,3,53b591a0-a758-4464-a37f-f9d9310e9165,1789773031.000,22,0
1789773034.308,3,0257b3eb-0ba8-4514-89a8-96b9127377de,1789773032.000,4,0
1789773034.308,3,e1ecf00b-5274-47a2-9c5c-92481e91a1ba,1789773032.000,15,0
1789773034.384,18,53b591a0-a758-4464-a37f-f9d9310e9165,1789773031.000,22,0
1789773034.384,18,0257b3eb-0ba8-4514-89a8-96b9127377de,1789773032.000,4,0
1789773034.384,18,e1ecf00b-5274-47a2-9c5c-92481e91a1ba,1789773032.000,15,0
1789773034.502,4,53b591a0-a758-4464-a37f-f9d9310e9165,1789773031.000,22,0
1789773034.502,4,e1ecf00b-5274-47a2-9c5c-92481e91a1ba,1789773032.000,15,0
1789773034.545,19,53b591a0-a758-4464-a37f-f9d9310e9165,1789773031.000,22,0
1789773034.545,19,0257b3eb-0ba8-4514-89a8-96b9127377de,1789773032.000,4,0
1789773034.545,19,e1ecf00b-5274-47a2-9c5c-92481e91a1ba,1789773032.000,15,0
1789773034.733,5,53b591a0-a758-4464-a37f-f9d9310e9165,1789773031.000,22,0
1789773034.733,5,0257b3eb-0ba8-4514-89a8-96b9127377de,1789773032.000,4,0
1789773034.733,5,e1ecf00b-5274-47a2-9c5c-92481e91a1ba,1789773032.000,15,0
1789773034.810,6,53b591a0-a758-4464-a37f-f9d9310e9165,1789773031.000,22,0
1789773034.810,20,53b591a0-a758-4464-a37f-f9d9310e9165,1789773031.000,22,0
1789773034.810,6,0257b3eb-0ba8-4514-89a8-96b9127377de,1789773032.000,4,0
1789773034.810,6,e1ecf00b-5274-47a2-9c5c-92481e91a1ba,1789773032.000,15,0
1789773034.810,20,0257b3eb-0ba8-4514-89a8-96b9127377de,1789773032.000,4,0
1789773034.810,20,e1ecf00b-5274-47a2-9c5c-92481e91a1ba,1789773032.000,15,0
1789773034.941,21,53b591a0-a758-4464-a37f-f9d9310e9165,1789773031.000,22,0
1789773034.941,21,0257b3eb-0ba8-4514-89a8-96b9127377de,1789773032.000,4,0
1789773034.941,21,e1ecf00b-5274-47a2-9c5c-92481e91a1ba,1789773032.000,15,0
1789773035.131,7,53b591a0-a758-4464-a37f-f9d9310e9165,1789773031.000,22,0
1789773035.131,7,0257b3eb-0ba8-4514-89a8-96b9127377de,1789773032.000,4,0
1789773035.131,7,e1ecf00b-5274-47a2-9c5c-92481e91a1ba,1789773032.000,15,0
1789773035.183,22,0257b3eb-0ba8-4514-89a8-96b9127377de,1789773032.000,4,0
1789773035.183,22,e1ecf00b-5274-47a2-9c5c-92481e91a1ba,1789773032.000,15,0
1789773035.311,8,53b591a0-a758-4464-a37f-f9d9310e9165,1789773031.000,22,0
1789773035.311,8,0257b3eb-0ba8-4514-89a8-96b9127377de,1789773032.000,4,0
1789773035.311,8,e1ecf00b-5274-47a2-9c5c-92481e91a1ba,1789773032.000,15,0
1789773035.388,23,53b591a0-a758-4464-a37f-f9d9310e9165,1789773031.000,22,0
1789773035.388,23,0257b3eb-0ba8-4514-89a8-96b9127377de,1789773032.000,4,0
1789773035.388,23,e1ecf00b-5274-47a2-9c5c-92481e91a1ba,1789773032.000,15,0
1789773035.505,9,53b591a0-a758-4464-a37f-f9d9310e9165,1789773031.000,22,0
1789773035.505,9,0257b3eb-0ba8-4514-89a8-96b9127377de,1789773032.000,4,0
1789773035.505,9,e1ecf00b-5274-47a2-9c5c-92481e91a1ba,1789773032.000,15,0
1789773035.548,24,53b591a0-a758-4464-a37f-f9d9310e9165,1789773031.000,22,0
1789773035.548,24,0257b3eb-0ba8-4514-89a8-96b9127377de,1789773032.000,4,0
1789773035.548,24,e1ecf00b-5274-47a2-9c5c-92481e91a1ba,1789773032.000,15,0
1789773035.738,10,53b591a0-a758-4464-a37f-f9d9310e9165,1789773031.000,22,0
1789773035.738,10,0257b3eb-0ba8-4514-89a8-96b9127377de,1789773032.000,4,0
1789773035.738,10,e1ecf00b-5274-47a2-9c5c-92481e91a1ba,1789773032.000,15,0
1789773035.947,11,53b591a0-a758-4464-a37f-f9d9310e9165,1789773031.000,22,0
1789773035.947,11,0257b3eb-0ba8-4514-89a8-96b9127377de,1789773032.000,4,0
1789773035.947,11,e1ecf00b-5274-47a2-9c5c-92481e91a1ba,1789773032.000,15,0
1789773036.135,12,53b591a0-a758-4464-a37f-f9d9310e9165,1789773031.000,22,0
1789773036.135,12,0257b3eb-0ba8-4514-89a8-96b9127377de,1789773032.000,4,0
1789773036.135,12,e1ecf00b-5274-47a2-9c5c-92481e91a1ba,1789773032.000,15,0
1789773036.313,13,53b591a0-a758-4464-a37f-f9d9310e9165,1789773031.000,22,0
1789773036.313,13,0257b3eb-0ba8-4514-89a8-96b9127377de,1789773032.000,4,0
1789773036.313,13,e1ecf00b-5274-47a2-9c5c-92481e91a1ba,1789773032.000,15,0
1789773036.740,15,e4819c02-cde2-4b14-9e2c-95579c9698e4,1789773033.000,21,0
1789773036.740,15,b078a0e1-51e2-4b08-a26a-57f16becfb85,1789773034.000,23,0
1789773036.740,0,e4819c02-cde2-4b14-9e2c-95579c9698e4,-51730793367.000,21,0
1789773036.740,0,b078a0e1-51e2-4b08-a26a-57f16becfb85,1789773034.000,23,0
1789773036.815,1,e4819c02-cde2-4b14-9e2c-95579c9698e4,1789773033.000,21,0
1789773036.815,1,b078a0e1-51e2-4b08-a26a-57f16becfb85,1789773034.000,23,0
1789773036.951,16,e4819c02-cde2-4b14-9e2c-95579c9698e4,1789773033.000,21,0
1789773036.951,16,b078a0e1-51e2-4b08-a26a-57f16becfb85,1789773034.000,23,0
1789773037.140,2,e4819c02-cde2-4b14-9e2c-95579c9698e4,1789773033.000,21,0
1789773037.140,2,b078a0e1-51e2-4b08-a26a-57f16becfb85,1789773034.000,23,0
1789773037.193,17,e4819c02-cde2-4b14-9e2c-95579c9698e4,1789773033.000,21,0
1789773037.193,17,b078a0e1-51e2-4b08-a26a-57f16becfb85,1789773034.000,23,0
1789773037.317,3,e4819c02-cde2-4b14-9e2c-95579c9698e4,1789773033.000,21,0
1789773037.317,3,b078a0e1-51e2-4b08-a26a-57f16becfb85,1789773034.000,23,0
1789773037.392,18,e4819c02-cde2-4b14-9e2c-95579c9698e4,1789773033.000,21,0
1789773037.392,18,b078a0e1-51e2-4b08-a26a-57f16becfb85,1789773034.000,23,0
1789773037.512,4,e4819c02-cde2-4b14-9e2c-95579c9698e4,1789773033.000,21,0
1789773037.512,4,b078a0e1-51e2-4b08-a26a-57f16becfb85,1789773034.000,23,0
1789773037.557,14,e4819c02-cde2-4b14-9e2c-95579c9698e4,1789117833.000,21,0
1789773037.557,14,b078a0e1-51e2-4b08-a26a-57f16becfb85,1789773034.000,23,0
1789773037.557,19,e4819c02-cde2-4b14-9e2c-95579c9698e4,,21,0
1789773037.557,19,b078a0e1-51e2-4b08-a26a-57f16becfb85,1789773034.000,23,0
1789773037.744,5,e4819c02-cde2-4b14-9e2c-95579c9698e4,1789773033.000,21,0
1789773037.744,5,b078a0e1-51e2-4b08-a26a-57f16becfb85,1789773034.000,23,0
1789773037.817,6,e4819c02-cde2-4b14-9e2c-95579c9698e4,-61537538967.000,21,0
1789773037.817,20,e4819c02-cde2-4b14-9e2c-95579c9698e4,-61537538967.000,21,0
1789773037.817,6,b078a0e1-51e2-4b08-a26a-57f16becfb85,1789773034.000,23,0
1789773037.817,20,b078a0e1-51e2-4b08-a26a-57f16becfb85,1789773034.000,23,0
1789773037.955,21,b078a0e1-51e2-4b08-a26a-57f16becfb85,1789773034.000,23,0
1789773038.145,7,e4819c02-cde2-4b14-9e2c-95579c9698e4,1789773033.000,21,0
1789773038.145,7,b078a0e1-51e2-4b08-a26a-57f16becfb85,1789773034.000,23,0
1789773038.198,22,e4819c02-cde2-4b14-9e2c-95579c9698e4,1789773033.000,21,0
1789773038.198,22,b078a0e1-51e2-4b08-a26a-57f16becfb85,1789773034.000,23,0
1789773038.322,8,e4819c02-cde2-4b14-9e2c-95579c9698e4,1789773033.000,21,0
1789773038.322,8,b078a0e1-51e2-4b08-a26a-57f16becfb85,1789773034.000,23,0
1789773038.395,23,e4819c02-cde2-4b14-9e2c-95579c9698e4,1789773033.000,21,0
1789773038.515,9,e4819c02-cde2-4b14-9e2c-95579c9698e4,1789773033.000,21,0
1789773038.515,9,b078a0e1-51e2-4b08-a26a-57f16becfb85,1789773034.000,23,0
1789773038.561,24,e4819c02-cde2-4b14-9e2c-95579c9698e4,1789773033.000,21,0
1789773038.561,24,b078a0e1-51e2-4b08-a26a-57f16becfb85,1789773034.000,23,0
1789773038.749,10,e4819c02-cde2-4b14-9e2c-95579c9698e4,1789773033.000,21,0
1789773038.749,10,b078a0e1-51e2-4b08-a26a-57f16becfb85,1789773034.000,23,0
1789773038.960,11,e4819c02-cde2-4b14-9e2c-95579c9698e4,1789773033.000,21,0
1789773038.960,11,b078a0e1-51e2-4b08-a26a-57f16becfb85,1789773034.000,23,0
1789773039.146,12,e4819c02-cde2-4b14-9e2c-95579c9698e4,1789773033.000,21,0
1789773039.146,12,b078a0e1-51e2-4b08-a26a-57f16becfb85,1789773034.000,23,0
1789773039.325,13,e4819c02-cde2-4b14-9e2c-95579c9698e4,1789773033.000,21,0
1789773039.325,13,b078a0e1-51e2-4b08-a26a-57f16becfb85,1789773034.000,23,0
1789773039.561,14,3635573e-914d-4789-9de2-b9ebeec3c023,1789773037.000,0,0
1789773039.561,14,611d640e-10c0-42c9-a90b-59ef54cb9335,1789773037.000,2,0
1789773039.561,14,72329ebf-28a5-47d4-9515-3d9178f449b7,1789773038.000,19,0
1789773039.752,15,3635573e-914d-4789-9de2-b9ebeec3c023,-61647785363.000,0,0
1789773039.752,0,611d640e-10c0-42c9-a90b-59ef54cb9335,,2,0
1789773039.752,15,611d640e-10c0-42c9-a90b-59ef54cb9335,1789773037.000,2,0
1789773039.752,0,72329ebf-28a5-47d4-9515-3d9178f449b7,1789773038.000,19,0
1789773039.752,15,72329ebf-28a5-47d4-9515-3d9178f449b7,1789773038.000,19,0
1789773039.824,1,3635573e-914d-4789-9de2-b9ebeec3c023,1789773037.000,0,0
1789773039.824,1,611d640e-10c0-42c9-a90b-59ef54cb9335,1789773037.000,2,0
1789773039.824,1,72329ebf-28a5-47d4-9515-3d9178f449b7,1789773038.000,19,0
1789773039.963,16,3635573e-914d-4789-9de2-b9ebeec3c023,1789773037.000,0,0
1789773039.963,16,611d640e-10c0-42c9-a90b-59ef54cb9335,1789773037.000,2,0
1789773039.963,16,72329ebf-28a5-47d4-9515-3d9178f449b7,1789773038.000,19,0
1789773040.148,2,3635573e-914d-4789-9de2-b9ebeec3c023,1789773037.000,0,0
1789773040.148,2,72329ebf-28a5-47d4-9515-3d9178f449b7,1789773038.000,19,0
1789773040.203,17,3635573e-914d-4789-9de2-b9ebeec3c023,1789773037.000,0,0
1789773040.203,17,611d640e-10c0-42c9-a90b-59ef54cb9335,1789773037.000,2,0
1789773040.203,17,72329ebf-28a5-47d4-9515-3d9178f449b7,1789773038.000,19,0
1789773040.330,3,3635573e-914d-4789-9de2-b9ebeec3c023,1789773037.000,0,0
1789773040.330,3,611d640e-10c0-42c9-a90b-59ef54cb9335,1789773037.000,2,0
1789773040.330,3,72329ebf-28a5-47d4-9515-3d9178f449b7,1789773038.000,19,0
1789773040.404,18,3635573e-914d-4789-9de2-b9ebeec3c023,1789773037.000,0,0
1789773040.404,18,611d640e-10c0-42c9-a90b-59ef54cb9335,1789773037.000,2,0
1789773040.404,18,72329ebf-28a5-47d4-9515-3d9178f449b7,1789773038.000,19,0
1789773040.524,4,3635573e-914d-4789-9de2-b9ebeec3c023,1789773037.000,0,0
1789773040.524,4,611d640e-10c0-42c9-a90b-59ef54cb9335,1789773037.000,2,0
1789773040.524,4,72329ebf-28a5-47d4-9515-3d9178f449b7,1789773038.000,19,0
1789773040.564,19,3635573e-914d-4789-9de2-b9ebeec3c023,1789773037.000,0,0
1789773040.564,19,611d640e-10c0-42c9-a90b-59ef54cb9335,1789773037.000,2,0
1789773040.754,5,3635573e-914d-4789-9de2-b9ebeec3c023,1789773037.000,0,0
1789773040.754,5,611d640e-10c0-42c9-a90b-59ef54cb9335,1789773037.000,2,0
1789773040.754,5,72329ebf-28a5-47d4-9515-3d9178f449b7,1789773038.000,19,0
1789773040.824,6,3635573e-914d-4789-9de2-b9ebeec3c023,-61860761382.000,0,0
1789773040.824,20,3635573e-914d-4789-9de2-b9ebeec3c023,,0,0
1789773040.824,6,611d640e-10c0-42c9-a90b-59ef54cb9335,1789773037.000,2,0
1789773040.824,20,611d640e-10c0-42c9-a90b-59ef54cb9335,1789773037.000,2,0
1789773040.824,6,72329ebf-28a5-47d4-9515-3d9178f449b7,1789773038.000,19,0
1789773040.824,20,72329ebf-28a5-47d4-9515-3d9178f449b7,1789773038.000,19,0
1789773040.964,21,3635573e-914d-4789-9de2-b9ebeec3c023,1789773037.000,0,0
1789773040.964,21,611d640e-10c0-42c9-a90b-59ef54cb9335,1789773037.000,2,0
1789773040.964,21,72329ebf-28a5-47d4-9515-3d9178f449b7,1789773038.000,19,0
1789773041.153,7,3635573e-914d-4789-9de2-b9ebeec3c023,1789773037.000,0,0
1789773041.153,7,611d640e-10c0-42c9-a90b-59ef54cb9335,1789773037.000,2,0
1789773041.153,7,72329ebf-28a5-47d4-9515-3d9178f449b7,1789773038.000,19,0
1789773041.205,22,3635573e-914d-4789-9de2-b9ebeec3c023,1789773037.000,0,0
1789773041.205,22,611d640e-10c0-42c9-a90b-59ef54cb9335,1789773037.000,2,0
1789773041.205,22,72329ebf-28a5-47d4-9515-3d9178f449b7,1789773038.000,19,0
1789773041.335,8,3635573e-914d-4789-9de2-b9ebeec3c023,1789773037.000,0,0
1789773041.335,8,611d640e-10c0-42c9-a90b-59ef54cb9335,1789773037.000,2,0
1789773041.335,8,72329ebf-28a5-47d4-9515-3d9178f449b7,1789773038.000,19,0
1789773041.406,23,3635573e-914d-4789-9de2-b9ebeec3c023,1789773037.000,0,0
1789773041.406,23,611d640e-10c0-42c9-a90b-59ef54cb9335,1789773037.000,2,0
1789773041.406,23,72329ebf-28a5-47d4-9515-3d9178f449b7,1789773038.000,19,0
1789773041.527,9,3635573e-914d-4789-9de2-b9ebeec3c023,1789773037.000,0,0
1789773041.527,9,611d640e-10c0-42c9-a90b-59ef54cb9335,1789773037.000,2,0
1789773041.527,9,72329ebf-28a5-47d4-9515-3d9178f449b7,1789773038.000,19,0
1789773041.567,24,3635573e-914d-4789-9de2-b9ebeec3c023,1789773037.000,0,0
1789773041.567,24,611d640e-10c0-42c9-a90b-59ef54cb9335,1789773037.000,2,0
1789773041.567,24,72329ebf-28a5-47d4-9515-3d9178f449b7,1789773038.000,19,0
1789773041.755,10,3635573e-914d-4789-9de2-b9ebeec3c023,1789773037.000,0,0
1789773041.755,10,611d640e-10c0-42c9-a90b-59ef54cb9335,1789773037.000,2,0
1789773041.755,10,72329ebf-28a5-47d4-9515-3d9178f449b7,1789773038.000,19,0
1789773041.967,11,3635573e-914d-4789-9de2-b9ebeec3c023,1789773037.000,0,0
1789773041.967,11,611d640e-10c0-42c9-a90b-59ef54cb9335,1789773037.000,2,0
1789773041.967,11,72329ebf-28a5-47d4-9515-3d9178f449b7,1789773038.000,19,0
1789773042.155,12,3635573e-914d-4789-9de2-b9ebeec3c023,1789773037.000,0,0
1789773042.155,12,611d640e-10c0-42c9-a90b-59ef54cb9335,1789773037.000,2,0
1789773042.155,12,72329ebf-28a5-47d4-9515-3d9178f449b7,1789773038.000,19,0
1789773042.339,13,3635573e-914d-4789-9de2-b9ebeec3c023,1789773037.000,0,0
1789773042.339,13,611d640e-10c0-42c9-a90b-59ef54cb9335,1789773037.000,2,0
1789773042.339,13,72329ebf-28a5-47d4-9515-3d9178f449b7,1789773038.000,19,0
1789773042.569,14,c01a580a-5b95-4e9e-98cc-743ee22b2e05,1789773041.000,11,0
1789773042.569,14,caf71e1c-3867-44eb-8030-68b30006203c,1789773041.000,17,0
1789773042.569,14,f475263e-9943-49f2-8a32-77f4665fdbe8,1789773041.000,6,0
1789773042.759,0,c01a580a-5b95-4e9e-98cc-743ee22b2e05,1796253041.000,11,0
1789773042.759,15,c01a580a-5b95-4e9e-98cc-743ee22b2e05,,11,0
1789773042.759,0,caf71e1c-3867-44eb-8030-68b30006203c,1789773041.000,17,0
1789773042.759,15,caf71e1c-3867-44eb-8030-68b30006203c,1789773041.000,17,0
1789773042.759,0,f475263e-9943-49f2-8a32-77f4665fdbe8,1789773041.000,6,0
1789773042.759,15,f475263e-9943-49f2-8a32-77f4665fdbe8,1789773041.000,6,0
1789773042.826,1,c01a580a-5b95-4e9e-98cc-743ee22b2e05,1789773041.000,11,0
1789773042.826,1,caf71e1c-3867-44eb-8030-68b30006203c,1789773041.000,17,0
1789773042.826,1,f475263e-9943-49f2-8a32-77f4665fdbe8,1789773041.000,6,0
1789773042.970,16,c01a580a-5b95-4e9e-98cc-743ee22b2e05,1789773041.000,11,0
1789773042.970,16,caf71e1c-3867-44eb-8030-68b30006203c,1789773041.000,17,0
1789773042.970,16,f475263e-9943-49f2-8a32-77f4665fdbe8,1789773041.000,6,0
1789773043.160,2,c01a580a-5b95-4e9e-98cc-743ee22b2e05,1789773041.000,11,0
1789773043.160,2,caf71e1c-3867-44eb-8030-68b30006203c,1789773041.000,17,0
1789773043.160,2,f475263e-9943-49f2-8a32-77f4665fdbe8,1789773041.000,6,0
1789773043.212,17,c01a580a-5b95-4e9e-98cc-743ee22b2e05,1789773041.000,11,0
1789773043.212,17,f475263e-9943-49f2-8a32-77f4665fdbe8,1789773041.000,6,0
1789773043.342,3,c01a580a-5b95-4e9e-98cc-743ee22b2e05,1789773041.000,11,0
1789773043.342,3,caf71e1c-3867-44eb-8030-68b30006203c,1789773041.000,17,0
1789773043.342,3,f475263e-9943-49f2-8a32-77f4665fdbe8,1789773041.000,6,0
1789773043.413,18,c01a580a-5b95-4e9e-98cc-743ee22b2e05,1789773041.000,11,0
1789773043.413,18,caf71e1c-3867-44eb-8030-68b30006203c,1789773041.000,17,0
1789773043.413,18,f475263e-9943-49f2-8a32-77f4665fdbe8,1789773041.000,6,0
1789773043.532,4,c01a580a-5b95-4e9e-98cc-743ee22b2e05,1789773041.000,11,0
1789773043.532,4,caf71e1c-3867-44eb-8030-68b30006203c,1789773041.000,17,0
1789773043.532,4,f475263e-9943-49f2-8a32-77f4665fdbe8,1789773041.000,6,0
1789773043.574,19,c01a580a-5b95-4e9e-98cc-743ee22b2e05,1789773041.000,11,0
1789773043.574,19,caf71e1c-3867-44eb-8030-68b30006203c,1789773041.000,17,0
1789773043.574,19,f475263e-9943-49f2-8a32-77f4665fdbe8,1789773041.000,6,0
1789773043.760,5,c01a580a-5b95-4e9e-98cc-743ee22b2e05,1789773041.000,11,0
1789773043.760,5,caf71e1c-3867-44eb-8030-68b30006203c,1789773041.000,17,0
1789773043.760,5,f475263e-9943-49f2-8a32-77f4665fdbe8,1789773041.000,6,0
1789773043.827,20,c01a580a-5b95-4e9e-98cc-743ee22b2e05,-61837174177.000,11,0
1789773043.827,6,c01a580a-5b95-4e9e-98cc-743ee22b2e05,,11,0
1789773043.827,20,caf71e1c-3867-44eb-8030-68b30006203c,1789773041.000,17,0
1789773043.827,6,caf71e1c-3867-44eb-8030-68b30006203c,1789773041.000,17,0
1789773043.827,20,f475263e-9943-49f2-8a32-77f4665fdbe8,1789773041.000,6,0
1789773043.974,21,c01a580a-5b95-4e9e-98cc-743ee22b2e05,1789773041.000,11,0
1789773043.974,21,caf71e1c-3867-44eb-8030-68b30006203c,1789773041.000,17,0
1789773043.974,21,f475263e-9943-49f2-8a32-77f4665fdbe8,1789773041.000,6,0
1789773044.162,7,c01a580a-5b95-4e9e-98cc-743ee22b2e05,1789773041.000,11,0
1789773044.162,7,caf71e1c-3867-44eb-8030-68b30006203c,1789773041.000,17,0
1789773044.162,7,f475263e-9943-49f2-8a32-77f4665fdbe8,1789773041.000,6,0
1789773044.212,22,c01a580a-5b95-4e9e-98cc-743ee22b2e05,1789773041.000,11,0
1789773044.212,22,caf71e1c-3867-44eb-8030-68b30006203c,1789773041.000,17,0
1789773044.212,22,f475263e-9943-49f2-8a32-77f4665fdbe8,1789773041.000,6,0
1789773044.345,8,c01a580a-5b95-4e9e-98cc-743ee22b2e05,1789773041.000,11,0
1789773044.345,8,caf71e1c-3867-44eb-8030-68b30006203c,1789773041.000,17,0
1789773044.345,8,f475263e-9943-49f2-8a32-77f4665fdbe8,1789773041.000,6,0
1789773044.417,23,c01a580a-5b95-4e9e-98cc-743ee22b2e05,1789773041.000,11,0
1789773044.417,23,caf71e1c-3867-44eb-8030-68b30006203c,1789773041.000,17,0
1789773044.417,23,f475263e-9943-49f2-8a32-77f4665fdbe8,1789773041.000,6,0
1789773044.534,9,c01a580a-5b95-4e9e-98cc-743ee22b2e05,1789773041.000,11,0
1789773044.534,9,caf71e1c-3867-44eb-8030-68b30006203c,1789773041.000,17,0
1789773044.534,9,f475263e-9943-49f2-8a32-77f4665fdbe8,1789773041.000,6,0
1789773044.576,24,c01a580a-5b95-4e9e-98cc-743ee22b2e05,1789773041.000,11,0
1789773044.576,24,caf71e1c-3867-44eb-8030-68b30006203c,1789773041.000,17,0
1789773044.576,24,f475263e-9943-49f2-8a32-77f4665fdbe8,1789773041.000,6,0
1789773044.761,10,c01a580a-5b95-4e9e-98cc-743ee22b2e05,1789773041.000,11,0
1789773044.761,10,caf71e1c-3867-44eb-8030-68b30006203c,1789773041.000,17,0
1789773044.761,10,f475263e-9943-49f2-8a32-77f4665fdbe8,1789773041.000,6,0
1789773044.976,11,caf71e1c-3867-44eb-8030-68b30006203c,1789773041.000,17,0
1789773044.976,11,f475263e-9943-49f2-8a32-77f4665fdbe8,1789773041.000,6,0
1789773045.166,12,c01a580a-5b95-4e9e-98cc-743ee22b2e05,1789773041.000,11,0
1789773045.166,12,caf71e1c-3867-44eb-8030-68b30006203c,1789773041.000,17,0
1789773045.166,12,f475263e-9943-49f2-8a32-77f4665fdbe8,1789773041.000,6,0
1789773045.346,13,c01a580a-5b95-4e9e-98cc-743ee22b2e05,1789773041.000,11,0
1789773045.346,13,caf71e1c-3867-44eb-8030-68b30006203c,1789773041.000,17,0
1789773045.346,13,f475263e-9943-49f2-8a32-77f4665fdbe8,1789773041.000,6,0
1789773045.579,14,e55cfae9-03fd-485f-982f-541e73ef48ba,1789773044.000,10,0
1789773045.761,0,e55cfae9-03fd-485f-982f-541e73ef48ba,1789773044.000,10,0
1789773045.761,15,e55cfae9-03fd-485f-982f-541e73ef48ba,,10,0
1789773045.833,1,e55cfae9-03fd-485f-982f-541e73ef48ba,1789773044.000,10,0
1789773045.978,16,e55cfae9-03fd-485f-982f-541e73ef48ba,1789773044.000,10,0
1789773046.171,2,e55cfae9-03fd-485f-982f-541e73ef48ba,1789773044.000,10,0
1789773046.219,17,e55cfae9-03fd-485f-982f-541e73ef48ba,1789773044.000,10,0
1789773046.350,3,e55cfae9-03fd-485f-982f-541e73ef48ba,1789773044.000,10,0
1789773046.423,18,e55cfae9-03fd-485f-982f-541e73ef48ba,1789773044.000,10,0
1789773046.543,4,e55cfae9-03fd-485f-982f-541e73ef48ba,1789773044.000,10,0
1789773046.583,19,e55cfae9-03fd-485f-982f-541e73ef48ba,1789773044.000,10,0
1789773046.763,5,e55cfae9-03fd-485f-982f-541e73ef48ba,1789773044.000,10,0
1789773046.833,20,e55cfae9-03fd-485f-982f-541e73ef48ba,1790030224.000,10,0
1789773046.833,6,e55cfae9-03fd-485f-982f-541e73ef48ba,1790030224.000,10,0
1789773046.983,21,e55cfae9-03fd-485f-982f-541e73ef48ba,1789773044.000,10,0
1789773047.175,7,e55cfae9-03fd-485f-982f-541e73ef48ba,1789773044.000,10,0
1789773047.224,22,e55cfae9-03fd-485f-982f-541e73ef48ba,1789773044.000,10,0
1789773047.351,8,e55cfae9-03fd-485f-982f-541e73ef48ba,1789773044.000,10,0
1789773047.425,23,e55cfae9-03fd-485f-982f-541e73ef48ba,1789773044.000,10,0
1789773047.547,9,e55cfae9-03fd-485f-982f-541e73ef48ba,1789773044.000,10,0
1789773047.588,24,e55cfae9-03fd-485f-982f-541e73ef48ba,1789773044.000,10,0
1789773047.987,11,e55cfae9-03fd-485f-982f-541e73ef48ba,1789773044.000,10,0
1789773048.179,12,e55cfae9-03fd-485f-982f-541e73ef48ba,1789773044.000,10,0
1789773048.352,13,e55cfae9-03fd-485f-982f-541e73ef48ba,1789773044.000,10,0
1789773048.592,14,1bc033cf-3c2b-4afe-bc09-4c6f2b2e8fef,1789773048.000,16,0
1789773048.770,15,1bc033cf-3c2b-4afe-bc09-4c6f2b2e8fef,1789772950.000,16,0
1789773048.770,0,1bc033cf-3c2b-4afe-bc09-4c6f2b2e8fef,,16,0
1789773048.839,1,1bc033cf-3c2b-4afe-bc09-4c6f2b2e8fef,1789773048.000,16,0
1789773049.184,2,1bc033cf-3c2b-4afe-bc09-4c6f2b2e8fef,1789773048.000,16,0
1789773049.234,17,1bc033cf-3c2b-4afe-bc09-4c6f2b2e8fef,1789773048.000,16,0
1789773049.354,3,1bc033cf-3c2b-4afe-bc09-4c6f2b2e8fef,1789773048.000,16,0
1789773049.435,18,1bc033cf-3c2b-4afe-bc09-4c6f2b2e8fef,1789773048.000,16,0
1789773049.550,4,1bc033cf-3c2b-4afe-bc09-4c6f2b2e8fef,1789773048.000,16,0
1789773049.595,19,1bc033cf-3c2b-4afe-bc09-4c6f2b2e8fef,1789773048.000,16,0
1789773049.770,5,1bc033cf-3c2b-4afe-bc09-4c6f2b2e8fef,1789773048.000,16,0
1789773049.841,6,1bc033cf-3c2b-4afe-bc09-4c6f2b2e8fef,1789773048.000,16,0
1789773049.841,20,1bc033cf-3c2b-4afe-bc09-4c6f2b2e8fef,,16,0
1789773049.993,21,1bc033cf-3c2b-4afe-bc09-4c6f2b2e8fef,1789773048.000,16,0
1789773050.185,7,1bc033cf-3c2b-4afe-bc09-4c6f2b2e8fef,1789773048.000,16,0
1789773050.237,22,1bc033cf-3c2b-4afe-bc09-4c6f2b2e8fef,1789773048.000,16,0
1789773050.359,8,1bc033cf-3c2b-4afe-bc09-4c6f2b2e8fef,1789773048.000,16,0
1789773050.439,23,1bc033cf-3c2b-4afe-bc09-4c6f2b2e8fef,1789773048.000,16,0
1789773050.555,9,1bc033cf-3c2b-4afe-bc09-4c6f2b2e8fef,1789773048.000,16,0
1789773050.596,24,1bc033cf-3c2b-4afe-bc09-4c6f2b2e8fef,1789773048.000,16,0
1789773050.774,10,1bc033cf-3c2b-4afe-bc09-4c6f2b2e8fef,1789773048.000,16,0
1789773050.997,11,1bc033cf-3c2b-4afe-bc09-4c6f2b2e8fef,1789773048.000,16,0
1789773051.190,12,1bc033cf-3c2b-4afe-bc09-4c6f2b2e8fef,1789773048.000,16,0
1789773051.361,13,1bc033cf-3c2b-4afe-bc09-4c6f2b2e8fef,1789773048.000,16,0
1789773051.598,14,cef54b05-a488-4a54-a480-bcc2d28deb2c,1789773048.000,8,0
1789773051.598,14,1bc033cf-3c2b-4afe-bc09-4c6f2b2e8fef,1789773048.000,16,1
1789773051.598,14,15eb440d-558e-465a-ab92-20c77e120193,1789773049.000,20,0
1789773051.598,14,09f9dea8-4c60-479f-84e1-a560bfc17717,1789773050.000,12,0
1789773051.776,15,cef54b05-a488-4a54-a480-bcc2d28deb2c,-60629993352.000,8,0
1789773051.776,0,cef54b05-a488-4a54-a480-bcc2d28deb2c,-60629993352.000,8,0
1789773051.776,15,1bc033cf-3c2b-4afe-bc09-4c6f2b2e8fef,1789773048.000,16,1
1789773051.776,0,1bc033cf-3c2b-4afe-bc09-4c6f2b2e8fef,1789773048.000,16,1
1789773051.776,15,15eb440d-558e-465a-ab92-20c77e120193,1789773049.000,20,0
1789773051.776,0,15eb440d-558e-465a-ab92-20c77e120193,1789773049.000,20,0
1789773051.776,15,09f9dea8-4c60-479f-84e1-a560bfc17717,1789773050.000,12,0
1789773051.776,0,09f9dea8-4c60-479f-84e1-a560bfc17717,1789773050.000,12,0
1789773051.848,1,cef54b05-a488-4a54-a480-bcc2d28deb2c,1789773048.000,8,0
1789773051.848,1,1bc033cf-3c2b-4afe-bc09-4c6f2b2e8fef,1789773048.000,16,1
1789773051.848,1,15eb440d-558e-465a-ab92-20c77e120193,1789773049.000,20,0
1789773051.848,1,09f9dea8-4c60-479f-84e1-a560bfc17717,1789773050.000,12,0
1789773052.001,16,cef54b05-a488-4a54-a480-bcc2d28deb2c,1789773048.000,8,0
1789773052.001,16,15eb440d-558e-465a-ab92-20c77e120193,1789773049.000,20,0
1789773052.001,16,09f9dea8-4c60-479f-84e1-a560bfc17717,1789773050.000,12,0
1789773052.194,2,cef54b05-a488-4a54-a480-bcc2d28deb2c,1789773048.000,8,0
1789773052.194,2,1bc033cf-3c2b-4afe-bc09-4c6f2b2e8fef,1789773048.000,16,1
1789773052.194,2,15eb440d-558e-465a-ab92-20c77e120193,1789773049.000,20,0
1789773052.194,2,09f9dea8-4c60-479f-84e1-a560bfc17717,1789773050.000,12,0
1789773052.241,17,cef54b05-a488-4a54-a480-bcc2d28deb2c,1789773048.000,8,0
1789773052.241,17,1bc033cf-3c2b-4afe-bc09-4c6f2b2e8fef,1789773048.000,16,1
1789773052.241,17,15eb440d-558e-465a-ab92-20c77e120193,1789773049.000,20,0
1789773052.241,17,09f9dea8-4c60-479f-84e1-a560bfc17717,1789773050.000,12,0
1789773052.366,3,cef54b05-a488-4a54-a480-bcc2d28deb2c,1789773048.000,8,0
1789773052.366,3,1bc033cf-3c2b-4afe-bc09-4c6f2b2e8fef,1789773048.000,16,1
1789773052.366,3,15eb440d-558e-465a-ab92-20c77e120193,1789773049.000,20,0
1789773052.366,3,09f9dea8-4c60-479f-84e1-a560bfc17717,1789773050.000,12,0
1789773052.443,18,cef54b05-a488-4a54-a480-bcc2d28deb2c,1789773048.000,8,0
1789773052.443,18,1bc033cf-3c2b-4afe-bc09-4c6f2b2e8fef,1789773048.000,16,1
1789773052.443,18,15eb440d-558e-465a-ab92-20c77e120193,1789773049.000,20,0
1789773052.443,18,09f9dea8-4c60-479f-84e1-a560bfc17717,1789773050.000,12,0
1789773052.564,4,cef54b05-a488-4a54-a480-bcc2d28deb2c,1789773048.000,8,0
1789773052.564,4,1bc033cf-3c2b-4afe-bc09-4c6f2b2e8fef,1789773048.000,16,1
1789773052.564,4,15eb440d-558e-465a-ab92-20c77e120193,1789773049.000,20,0
1789773052.564,4,09f9dea8-4c60-479f-84e1-a560bfc17717,1789773050.000,12,0
1789773052.599,19,cef54b05-a488-4a54-a480-bcc2d28deb2c,1789773048.000,8,0
1789773052.599,19,1bc033cf-3c2b-4afe-bc09-4c6f2b2e8fef,1789773048.000,16,1
1789773052.599,19,15eb440d-558e-465a-ab92-20c77e120193,1789773049.000,20,0
1789773052.599,19,09f9dea8-4c60-479f-84e1-a560bfc17717,1789773050.000,12,0
1789773052.780,5,cef54b05-a488-4a54-a480-bcc2d28deb2c,1789773048.000,8,0
1789773052.780,5,1bc033cf-3c2b-4afe-bc09-4c6f2b2e8fef,1789773048.000,16,1
1789773052.780,5,15eb440d-558e-465a-ab92-20c77e120193,1789773049.000,20,0
1789773052.780,5,09f9dea8-4c60-479f-84e1-a560bfc17717,1789773050.000,12,0
1789773052.851,6,cef54b05-a488-4a54-a480-bcc2d28deb2c,1807143048.000,8,0
1789773052.851,20,cef54b05-a488-4a54-a480-bcc2d28deb2c,1807143048.000,8,0
1789773052.851,6,1bc033cf-3c2b-4afe-bc09-4c6f2b2e8fef,1789773048.000,16,1
1789773052.851,20,1bc033cf-3c2b-4afe-bc09-4c6f2b2e8fef,1789773048.000,16,1
1789773052.851,6,15eb440d-558e-465a-ab92-20c77e120193,1789773049.000,20,0
1789773052.851,20,09f9dea8-4c60-479f-84e1-a560bfc17717,1789773050.000,12,0
1789773052.851,6,09f9dea8-4c60-479f-84e1-a560bfc17717,1789773050.000,12,0
1789773053.006,21,cef54b05-a488-4a54-a480-bcc2d28deb2c,1789773048.000,8,0
1789773053.006,21,1bc033cf-3c2b-4afe-bc09-4c6f2b2e8fef,1789773048.000,16,1
1789773053.006,21,15eb440d-558e-465a-ab92-20c77e120193,1789773049.000,20,0
1789773053.006,21,09f9dea8-4c60-479f-84e1-a560bfc17717,1789773050.000,12,0
1789773053.194,7,cef54b05-a488-4a54-a480-bcc2d28deb2c,1789773048.000,8,0
1789773053.194,7,1bc033cf-3c2b-4afe-bc09-4c6f2b2e8fef,1789773048.000,16,1
1789773053.194,7,15eb440d-558e-465a-ab92-20c77e120193,1789773049.000,20,0
1789773053.194,7,09f9dea8-4c60-479f-84e1-a560bfc17717,1789773050.000,12,0
1789773053.244,22,cef54b05-a488-4a54-a480-bcc2d28deb2c,1789773048.000,8,0
1789773053.244,22,1bc033cf-3c2b-4afe-bc09-4c6f2b2e8fef,1789773048.000,16,1
1789773053.244,22,15eb440d-558e-465a-ab92-20c77e120193,1789773049.000,20,0
1789773053.244,22,09f9dea8-4c60-479f-84e1-a560bfc17717,1789773050.000,12,0
1789773053.367,8,1bc033cf-3c2b-4afe-bc09-4c6f2b2e8fef,1789773048.000,16,1
1789773053.367,8,15eb440d-558e-465a-ab92-20c77e120193,1789773049.000,20,0
1789773053.367,8,09f9dea8-4c60-479f-84e1-a560bfc17717,1789773050.000,12,0
1789773053.445,23,cef54b05-a488-4a54-a480-bcc2d28deb2c,1789773048.000,8,0
1789773053.445,23,1bc033cf-3c2b-4afe-bc09-4c6f2b2e8fef,1789773048.000,16,1
1789773053.445,23,15eb440d-558e-465a-ab92-20c77e120193,1789773049.000,20,0
1789773053.445,23,09f9dea8-4c60-479f-84e1-a560bfc17717,1789773050.000,12,0
1789773053.568,9,cef54b05-a488-4a54-a480-bcc2d28deb2c,1789773048.000,8,0
1789773053.568,9,1bc033cf-3c2b-4afe-bc09-4c6f2b2e8fef,1789773048.000,16,1
1789773053.568,9,15eb440d-558e-465a-ab92-20c77e120193,1789773049.000,20,0
1789773053.568,9,09f9dea8-4c60-479f-84e1-a560bfc17717,1789773050.000,12,0
1789773053.604,24,cef54b05-a488-4a54-a480-bcc2d28deb2c,1789773048.000,8,0
1789773053.604,24,1bc033cf-3c2b-4afe-bc09-4c6f2b2e8fef,1789773048.000,16,1
1789773053.604,24,15eb440d-558e-465a-ab92-20c77e120193,1789773049.000,20,0
1789773053.604,24,09f9dea8-4c60-479f-84e1-a560bfc17717,1789773050.000,12,0
1789773053.783,10,cef54b05-a488-4a54-a480-bcc2d28deb2c,1789773048.000,8,0
1789773053.783,10,1bc033cf-3c2b-4afe-bc09-4c6f2b2e8fef,1789773048.000,16,1
1789773053.783,10,15eb440d-558e-465a-ab92-20c77e120193,1789773049.000,20,0
1789773053.783,10,09f9dea8-4c60-479f-84e1-a560bfc17717,1789773050.000,12,0
1789773054.010,11,cef54b05-a488-4a54-a480-bcc2d28deb2c,1789773048.000,8,0
1789773054.010,11,1bc033cf-3c2b-4afe-bc09-4c6f2b2e8fef,1789773048.000,16,1
1789773054.010,11,15eb440d-558e-465a-ab92-20c77e120193,1789773049.000,20,0
1789773054.010,11,09f9dea8-4c60-479f-84e1-a560bfc17717,1789773050.000,12,0
1789773054.198,12,cef54b05-a488-4a54-a480-bcc2d28deb2c,1789773048.000,8,0
1789773054.198,12,1bc033cf-3c2b-4afe-bc09-4c6f2b2e8fef,1789773048.000,16,1
1789773054.198,12,15eb440d-558e-465a-ab92-20c77e120193,1789773049.000,20,0
1789773054.369,13,cef54b05-a488-4a54-a480-bcc2d28deb2c,1789773048.000,8,0
1789773054.369,13,1bc033cf-3c2b-4afe-bc09-4c6f2b2e8fef,1789773048.000,16,1
1789773054.369,13,15eb440d-558e-465a-ab92-20c77e120193,1789773049.000,20,0
1789773054.369,13,09f9dea8-4c60-479f-84e1-a560bfc17717,1789773050.000,12,0
1789773054.609,14,b00d0c89-4d8f-4b75-9da3-13860a481568,1789773051.000,9,0
1789773054.609,14,27096a04-a273-4b98-b54d-8a0e0a18eb2a,1789773051.000,3,0
1789773054.609,14,30a1bce2-5067-47f4-bea6-a4deeb6508bf,1789773052.000,13,0
1789773054.609,14,a37d531e-c52d-437b-89d7-d8e7c59ef497,1789773053.000,7,0
1789773054.609,14,26d61492-ab6a-4ad0-9ba4-d0cc244f25c5,1789773053.000,1,0
1789773054.784,15,b00d0c89-4d8f-4b75-9da3-13860a481568,1788995418.000,9,0
1789773054.784,0,b00d0c89-4d8f-4b75-9da3-13860a481568,,9,0
1789773054.784,15,27096a04-a273-4b98-b54d-8a0e0a18eb2a,1789773051.000,3,0
1789773054.784,0,27096a04-a273-4b98-b54d-8a0e0a18eb2a,1789773051.000,3,0
1789773054.784,15,71c282d2-a74a-4dec-9e50-4c4f22e9ada3,1789773052.000,14,0
1789773054.784,0,71c282d2-a74a-4dec-9e50-4c4f22e9ada3,1789773052.000,14,0
1789773054.784,15,30a1bce2-5067-47f4-bea6-a4deeb6508bf,1789773052.000,13,0
1789773054.784,0,30a1bce2-5067-47f4-bea6-a4deeb6508bf,1789773052.000,13,0
1789773054.784,15,a37d531e-c52d-437b-89d7-d8e7c59ef497,1789773053.000,7,0
1789773054.784,0,a37d531e-c52d-437b-89d7-d8e7c59ef497,1789773053.000,7,0
1789773054.784,15,26d61492-ab6a-4ad0-9ba4-d0cc244f25c5,1789773053.000,1,0
1789773054.784,0,26d61492-ab6a-4ad0-9ba4-d0cc244f25c5,1789773053.000,1,0
1789773054.856,1,b00d0c89-4d8f-4b75-9da3-13860a481568,1789773051.000,9,0
1789773054.856,1,27096a04-a273-4b98-b54d-8a0e0a18eb2a,1789773051.000,3,0
1789773054.856,1,71c282d2-a74a-4dec-9e50-4c4f22e9ada3,1789773052.000,14,0
1789773054.856,1,30a1bce2-5067-47f4-bea6-a4deeb6508bf,1789773052.000,13,0
1789773054.856,1,a37d531e-c52d-437b-89d7-d8e7c59ef497,1789773053.000,7,0
1789773055.012,16,b00d0c89-4d8f-4b75-9da3-13860a481568,1789773051.000,9,0
1789773055.012,16,27096a04-a273-4b98-b54d-8a0e0a18eb2a,1789773051.000,3,0
1789773055.012,16,71c282d2-a74a-4dec-9e50-4c4f22e9ada3,1789773052.000,14,0
1789773055.012,16,30a1bce2-5067-47f4-bea6-a4deeb6508bf,1789773052.000,13,0
1789773055.012,16,a37d531e-c52d-437b-89d7-d8e7c59ef497,1789773053.000,7,0
1789773055.012,16,26d61492-ab6a-4ad0-9ba4-d0cc244f25c5,1789773053.000,1,0
1789773055.201,2,b00d0c89-4d8f-4b75-9da3-13860a481568,1789773051.000,9,0
1789773055.201,2,27096a04-a273-4b98-b54d-8a0e0a18eb2a,1789773051.000,3,0
1789773055.201,2,71c282d2-a74a-4dec-9e50-4c4f22e9ada3,1789773052.000,14,0
1789773055.201,2,30a1bce2-5067-47f4-bea6-a4deeb6508bf,1789773052.000,13,0
1789773055.201,2,a37d531e-c52d-437b-89d7-d8e7c59ef497,1789773053.000,7,0
1789773055.201,2,26d61492-ab6a-4ad0-9ba4-d0cc244f25c5,1789773053.000,1,0
1789773055.246,17,b00d0c89-4d8f-4b75-9da3-13860a481568,1789773051.000,9,0
1789773055.246,17,27096a04-a273-4b98-b54d-8a0e0a18eb2a,1789773051.000,3,0
1789773055.246,17,71c282d2-a74a-4dec-9e50-4c4f22e9ada3,1789773052.000,14,0
1789773055.246,17,30a1bce2-5067-47f4-bea6-a4deeb6508bf,1789773052.000,13,0
1789773055.246,17,a37d531e-c52d-437b-89d7-d8e7c59ef497,1789773053.000,7,0
1789773055.246,17,26d61492-ab6a-4ad0-9ba4-d0cc244f25c5,1789773053.000,1,0
1789773055.372,3,b00d0c89-4d8f-4b75-9da3-13860a481568,1789773051.000,9,0
1789773055.372,3,71c282d2-a74a-4dec-9e50-4c4f22e9ada3,1789773052.000,14,0
1789773055.372,3,30a1bce2-5067-47f4-bea6-a4deeb6508bf,1789773052.000,13,0
1789773055.372,3,a37d531e-c52d-437b-89d7-d8e7c59ef497,1789773053.000,7,0
1789773055.372,3,26d61492-ab6a-4ad0-9ba4-d0cc244f25c5,1789773053.000,1,0
1789773055.452,18,b00d0c89-4d8f-4b75-9da3-13860a481568,1789773051.000,9,0
1789773055.452,18,27096a04-a273-4b98-b54d-8a0e0a18eb2a,1789773051.000,3,0
1789773055.452,18,71c282d2-a74a-4dec-9e50-4c4f22e9ada3,1789773052.000,14,0
1789773055.452,18,30a1bce2-5067-47f4-bea6-a4deeb6508bf,1789773052.000,13,0
1789773055.452,18,a37d531e-c52d-437b-89d7-d8e7c59ef497,1789773053.000,7,0
1789773055.452,18,26d61492-ab6a-4ad0-9ba4-d0cc244f25c5,1789773053.000,1,0
1789773055.571,4,b00d0c89-4d8f-4b75-9da3-13860a481568,1789773051.000,9,0
1789773055.571,4,27096a04-a273-4b98-b54d-8a0e0a18eb2a,1789773051.000,3,0
1789773055.571,4,71c282d2-a74a-4dec-9e50-4c4f22e9ada3,1789773052.000,14,0
1789773055.571,4,30a1bce2-5067-47f4-bea6-a4deeb6508bf,1789773052.000,13,0
1789773055.571,4,a37d531e-c52d-437b-89d7-d8e7c59ef497,1789773053.000,7,0
1789773055.571,4,26d61492-ab6a-4ad0-9ba4-d0cc244f25c5,1789773053.000,1,0
1789773055.613,19,b00d0c89-4d8f-4b75-9da3-13860a481568,1789773051.000,9,0
1789773055.613,19,27096a04-a273-4b98-b54d-8a0e0a18eb2a,1789773051.000,3,0
1789773055.613,19,71c282d2-a74a-4dec-9e50-4c4f22e9ada3,1789773052.000,14,0
1789773055.613,19,30a1bce2-5067-47f4-bea6-a4deeb6508bf,1789773052.000,13,0
1789773055.613,19,a37d531e-c52d-437b-89d7-d8e7c59ef497,1789773053.000,7,0
1789773055.613,19,26d61492-ab6a-4ad0-9ba4-d0cc244f25c5,1789773053.000,1,0
1789773055.785,5,b00d0c89-4d8f-4b75-9da3-13860a481568,1789773051.000,9,0
1789773055.785,5,27096a04-a273-4b98-b54d-8a0e0a18eb2a,1789773051.000,3,0
1789773055.785,5,71c282d2-a74a-4dec-9e50-4c4f22e9ada3,1789773052.000,14,0
1789773055.785,5,30a1bce2-5067-47f4-bea6-a4deeb6508bf,1789773052.000,13,0
1789773055.785,5,a37d531e-c52d-437b-89d7-d8e7c59ef497,1789773053.000,7,0
1789773055.785,5,26d61492-ab6a-4ad0-9ba4-d0cc244f25c5,1789773053.000,1,0
1789773055.859,6,b00d0c89-4d8f-4b75-9da3-13860a481568,1789772511.000,9,0
1789773055.859,6,27096a04-a273-4b98-b54d-8a0e0a18eb2a,1789773051.000,3,0
1789773055.859,6,71c282d2-a74a-4dec-9e50-4c4f22e9ada3,1789773052.000,14,0
1789773055.859,6,30a1bce2-5067-47f4-bea6-a4deeb6508bf,1789773052.000,13,0
1789773055.859,6,a37d531e-c52d-437b-89d7-d8e7c59ef497,1789773053.000,7,0
1789773055.859,6,26d61492-ab6a-4ad0-9ba4-d0cc244f25c5,1789773053.000,1,0
1789773055.859,20,b00d0c89-4d8f-4b75-9da3-13860a481568,,9,0
1789773055.859,20,27096a04-a273-4b98-b54d-8a0e0a18eb2a,1789773051.000,3,0
1789773055.859,20,71c282d2-a74a-4dec-9e50-4c4f22e9ada3,1789773052.000,14,0
1789773055.859,20,30a1bce2-5067-47f4-bea6-a4deeb6508bf,1789773052.000,13,0
1789773055.859,20,a37d531e-c52d-437b-89d7-d8e7c59ef497,1789773053.000,7,0
1789773055.859,20,26d61492-ab6a-4ad0-9ba4-d0cc244f25c5,1789773053.000,1,0
1789773056.017,21,b00d0c89-4d8f-4b75-9da3-13860a481568,1789773051.000,9,0
1789773056.017,21,27096a04-a273-4b98-b54d-8a0e0a18eb2a,1789773051.000,3,0
1789773056.017,21,71c282d2-a74a-4dec-9e50-4c4f22e9ada3,1789773052.000,14,0
1789773056.017,21,30a1bce2-5067-47f4-bea6-a4deeb6508bf,1789773052.000,13,0
1789773056.017,21,a37d531e-c52d-437b-89d7-d8e7c59ef497,1789773053.000,7,0
1789773056.017,21,26d61492-ab6a-4ad0-9ba4-d0cc244f25c5,1789773053.000,1,0
1789773056.206,7,b00d0c89-4d8f-4b75-9da3-13860a481568,1789773051.000,9,0
1789773056.206,7,27096a04-a273-4b98-b54d-8a0e0a18eb2a,1789773051.000,3,0
1789773056.206,7,71c282d2-a74a-4dec-9e50-4c4f22e9ada3,1789773052.000,14,0
1789773056.206,7,30a1bce2-5067-47f4-bea6-a4deeb6508bf,1789773052.000,13,0
1789773056.206,7,26d61492-ab6a-4ad0-9ba4-d0cc244f25c5,1789773053.000,1,0
1789773056.250,22,b00d0c89-4d8f-4b75-9da3-13860a481568,1789773051.000,9,0
1789773056.250,22,27096a04-a273-4b98-b54d-8a0e0a18eb2a,1789773051.000,3,0
1789773056.250,22,71c282d2-a74a-4dec-9e50-4c4f22e9ada3,1789773052.000,14,0
1789773056.250,22,30a1bce2-5067-47f4-bea6-a4deeb6508bf,1789773052.000,13,0
1789773056.250,22,a37d531e-c52d-437b-89d7-d8e7c59ef497,1789773053.000,7,0
1789773056.250,22,26d61492-ab6a-4ad0-9ba4-d0cc244f25c5,1789773053.000,1,0
1789773056.377,8,b00d0c89-4d8f-4b75-9da3-13860a481568,1789773051.000,9,0
1789773056.377,8,27096a04-a273-4b98-b54d-8a0e0a18eb2a,1789773051.000,3,0
1789773056.377,8,71c282d2-a74a-4dec-9e50-4c4f22e9ada3,1789773052.000,14,0
1789773056.377,8,30a1bce2-5067-47f4-bea6-a4deeb6508bf,1789773052.000,13,0
1789773056.377,8,a37d531e-c52d-437b-89d7-d8e7c59ef497,1789773053.000,7,0
1789773056.377,8,26d61492-ab6a-4ad0-9ba4-d0cc244f25c5,1789773053.000,1,0
1789773056.456,23,b00d0c89-4d8f-4b75-9da3-13860a481568,1789773051.000,9,0
1789773056.456,23,27096a04-a273-4b98-b54d-8a0e0a18eb2a,1789773051.000,3,0
1789773056.456,23,71c282d2-a74a-4dec-9e50-4c4f22e9ada3,1789773052.000,14,0
1789773056.456,23,30a1bce2-5067-47f4-bea6-a4deeb6508bf,1789773052.000,13,0
1789773056.456,23,a37d531e-c52d-437b-89d7-d8e7c59ef497,1789773053.000,7,0
1789773056.456,23,26d61492-ab6a-4ad0-9ba4-d0cc244f25c5,1789773053.000,1,0
1789773056.575,9,27096a04-a273-4b98-b54d-8a0e0a18eb2a,1789773051.000,3,0
1789773056.575,9,71c282d2-a74a-4dec-9e50-4c4f22e9ada3,1789773052.000,14,0
1789773056.575,9,30a1bce2-5067-47f4-bea6-a4deeb6508bf,1789773052.000,13,0
1789773056.575,9,a37d531e-c52d-437b-89d7-d8e7c59ef497,1789773053.000,7,0
1789773056.575,9,26d61492-ab6a-4ad0-9ba4-d0cc244f25c5,1789773053.000,1,0
1789773056.615,24,b00d0c89-4d8f-4b75-9da3-13860a481568,1789773051.000,9,0
1789773056.615,24,27096a04-a273-4b98-b54d-8a0e0a18eb2a,1789773051.000,3,0
1789773056.615,24,71c282d2-a74a-4dec-9e50-4c4f22e9ada3,1789773052.000,14,0
1789773056.615,24,30a1bce2-5067-47f4-bea6-a4deeb6508bf,1789773052.000,13,0
1789773056.615,24,a37d531e-c52d-437b-89d7-d8e7c59ef497,1789773053.000,7,0
1789773056.615,24,26d61492-ab6a-4ad0-9ba4-d0cc244f25c5,1789773053.000,1,0
1789773056.790,10,b00d0c89-4d8f-4b75-9da3-13860a481568,1789773051.000,9,0
1789773056.790,10,27096a04-a273-4b98-b54d-8a0e0a18eb2a,1789773051.000,3,0
1789773056.790,10,71c282d2-a74a-4dec-9e50-4c4f22e9ada3,1789773052.000,14,0
1789773056.790,10,30a1bce2-5067-47f4-bea6-a4deeb6508bf,1789773052.000,13,0
1789773056.790,10,a37d531e-c52d-437b-89d7-d8e7c59ef497,1789773053.000,7,0
1789773056.790,10,26d61492-ab6a-4ad0-9ba4-d0cc244f25c5,1789773053.000,1,0
1789773057.020,11,b00d0c89-4d8f-4b75-9da3-13860a481568,1789773051.000,9,0
1789773057.020,11,27096a04-a273-4b98-b54d-8a0e0a18eb2a,1789773051.000,3,0
1789773057.020,11,71c282d2-a74a-4dec-9e50-4c4f22e9ada3,1789773052.000,14,0
1789773057.020,11,30a1bce2-5067-47f4-bea6-a4deeb6508bf,1789773052.000,13,0
1789773057.020,11,a37d531e-c52d-437b-89d7-d8e7c59ef497,1789773053.000,7,0
1789773057.020,11,26d61492-ab6a-4ad0-9ba4-d0cc244f25c5,1789773053.000,1,0
1789773057.209,12,b00d0c89-4d8f-4b75-9da3-13860a481568,1789773051.000,9,0
1789773057.209,12,27096a04-a273-4b98-b54d-8a0e0a18eb2a,1789773051.000,3,0
1789773057.209,12,71c282d2-a74a-4dec-9e50-4c4f22e9ada3,1789773052.000,14,0
1789773057.209,12,30a1bce2-5067-47f4-bea6-a4deeb6508bf,1789773052.000,13,0
1789773057.209,12,a37d531e-c52d-437b-89d7-d8e7c59ef497,1789773053.000,7,0
1789773057.209,12,26d61492-ab6a-4ad0-9ba4-d0cc244f25c5,1789773053.000,1,0
1789773057.380,13,b00d0c89-4d8f-4b75-9da3-13860a481568,1789773051.000,9,0
1789773057.380,13,27096a04-a273-4b98-b54d-8a0e0a18eb2a,1789773051.000,3,0
1789773057.380,13,71c282d2-a74a-4dec-9e50-4c4f22e9ada3,1789773052.000,14,0
1789773057.380,13,a37d531e-c52d-437b-89d7-d8e7c59ef497,1789773053.000,7,0
1789773057.380,13,26d61492-ab6a-4ad0-9ba4-d0cc244f25c5,1789773053.000,1,0
