received_ts,session,message_id,created_ts,from_session,duplicate
1789772323.093,5,ff2219d5-db52-4d38-b3ec-2bb3d816a433,1789772321.000,2,0
1789772323.285,6,ff2219d5-db52-4d38-b3ec-2bb3d816a433,1789772321.000,2,0
1789772323.501,7,ff2219d5-db52-4d38-b3ec-2bb3d816a433,1789772321.000,2,0
1789772323.701,8,ff2219d5-db52-4d38-b3ec-2bb3d816a433,1789772321.000,2,0
1789772323.902,9,ff2219d5-db52-4d38-b3ec-2bb3d816a433,1789772321.000,2,0
1789772324.103,10,ff2219d5-db52-4d38-b3ec-2bb3d816a433,1789772321.000,2,0
1789772324.308,11,ff2219d5-db52-4d38-b3ec-2bb3d816a433,1789772321.000,2,0
1789772324.507,12,ff2219d5-db52-4d38-b3ec-2bb3d816a433,1789772321.000,2,0
1789772324.706,13,ff2219d5-db52-4d38-b3ec-2bb3d816a433,1789772321.000,2,0
1789772324.935,14,ff2219d5-db52-4d38-b3ec-2bb3d816a433,1789772321.000,2,0
1789772325.099,0,ff2219d5-db52-4d38-b3ec-2bb3d816a433,1789772321.000,2,0
1789772325.126,15,ff2219d5-db52-4d38-b3ec-2bb3d816a433,1789772321.000,2,0
1789772325.293,1,ff2219d5-db52-4d38-b3ec-2bb3d816a433,1789772321.000,2,0
1789772325.333,16,ff2219d5-db52-4d38-b3ec-2bb3d816a433,1789772321.000,2,0
1789772325.546,17,ff2219d5-db52-4d38-b3ec-2bb3d816a433,1789772321.000,2,0
1789772325.693,3,ff2219d5-db52-4d38-b3ec-2bb3d816a433,1789772321.000,2,0
1789772325.734,18,ff2219d5-db52-4d38-b3ec-2bb3d816a433,1789772321.000,2,0
1789772325.895,4,ff2219d5-db52-4d38-b3ec-2bb3d816a433,1789772321.000,2,0
1789772325.938,19,ff2219d5-db52-4d38-b3ec-2bb3d816a433,1789772321.000,2,0
1789772326.099,5,5607d0b9-74b8-4d27-9147-7e266703f138,1789772323.000,13,0
1789772326.148,20,5607d0b9-74b8-4d27-9147-7e266703f138,1789772323.000,13,0
1789772326.297,6,5607d0b9-74b8-4d27-9147-7e266703f138,1789772323.000,13,0
1789772326.353,21,5607d0b9-74b8-4d27-9147-7e266703f138,1789772323.000,13,0
1789772326.511,7,5607d0b9-74b8-4d27-9147-7e266703f138,1789772323.000,13,0
1789772326.553,22,5607d0b9-74b8-4d27-9147-7e266703f138,1789772323.000,13,0
1789772326.706,8,5607d0b9-74b8-4d27-9147-7e266703f138,1789772323.000,13,0
1789772326.765,23,5607d0b9-74b8-4d27-9147-7e266703f138,1789772323.000,13,0
1789772326.904,9,5607d0b9-74b8-4d27-9147-7e266703f138,1789772323.000,13,0
1789772326.962,24,5607d0b9-74b8-4d27-9147-7e266703f138,1789772323.000,13,0
1789772327.107,10,5607d0b9-74b8-4d27-9147-7e266703f138,1789772323.000,13,0
1789772327.311,11,5607d0b9-74b8-4d27-9147-7e266703f138,1789772323.000,13,0
1789772327.514,12,5607d0b9-74b8-4d27-9147-7e266703f138,1789772323.000,13,0
1789772327.942,14,5607d0b9-74b8-4d27-9147-7e266703f138,1789772323.000,13,0
1789772328.101,0,5607d0b9-74b8-4d27-9147-7e266703f138,1789772323.000,13,0
1789772328.136,15,5607d0b9-74b8-4d27-9147-7e266703f138,1789772323.000,13,0
1789772328.300,1,5607d0b9-74b8-4d27-9147-7e266703f138,1789772323.000,13,0
1789772328.343,16,5607d0b9-74b8-4d27-9147-7e266703f138,1789772323.000,13,0
1789772328.494,2,5607d0b9-74b8-4d27-9147-7e266703f138,1789772323.000,13,0
1789772328.555,17,5607d0b9-74b8-4d27-9147-7e266703f138,1789772323.000,13,0
1789772328.700,3,5607d0b9-74b8-4d27-9147-7e266703f138,1789772323.000,13,0
1789772328.740,18,5607d0b9-74b8-4d27-9147-7e266703f138,1789772323.000,13,0
1789772328.902,4,5607d0b9-74b8-4d27-9147-7e266703f138,1789772323.000,13,0
1789772328.942,19,5607d0b9-74b8-4d27-9147-7e266703f138,1789772323.000,13,0
1789772329.105,5,6c3b918d-8dd5-4757-849b-5e9d275e4689,1789772327.000,14,0
1789772329.105,5,c894b719-2fc8-4c7e-9ae2-f495a1b07fa3,1789772327.000,8,0
1789772329.105,5,02b3cf3f-20ea-4ea2-aba7-18633a16c86a,1789772328.000,11,0
1789772329.155,20,6c3b918d-8dd5-4757-849b-5e9d275e4689,1789772327.000,14,0
1789772329.155,20,c894b719-2fc8-4c7e-9ae2-f495a1b07fa3,1789772327.000,8,0
1789772329.155,20,02b3cf3f-20ea-4ea2-aba7-18633a16c86a,1789772328.000,11,0
1789772329.305,6,6c3b918d-8dd5-4757-849b-5e9d275e4689,1789772327.000,14,0
1789772329.305,6,c894b719-2fc8-4c7e-9ae2-f495a1b07fa3,1789772327.000,8,0
1789772329.305,6,02b3cf3f-20ea-4ea2-aba7-18633a16c86a,1789772328.000,11,0
1789772329.356,21,6c3b918d-8dd5-4757-849b-5e9d275e4689,1789772327.000,14,0
1789772329.356,21,c894b719-2fc8-4c7e-9ae2-f495a1b07fa3,1789772327.000,8,0
1789772329.356,21,02b3cf3f-20ea-4ea2-aba7-18633a16c86a,1789772328.000,11,0
1789772329.517,7,6c3b918d-8dd5-4757-849b-5e9d275e4689,1789772327.000,14,0
1789772329.517,7,c894b719-2fc8-4c7e-9ae2-f495a1b07fa3,1789772327.000,8,0
1789772329.517,7,02b3cf3f-20ea-4ea2-aba7-18633a16c86a,1789772328.000,11,0
1789772329.556,22,6c3b918d-8dd5-4757-849b-5e9d275e4689,1789772327.000,14,0
1789772329.556,22,c894b719-2fc8-4c7e-9ae2-f495a1b07fa3,1789772327.000,8,0
1789772329.556,22,02b3cf3f-20ea-4ea2-aba7-18633a16c86a,1789772328.000,11,0
1789772329.710,8,6c3b918d-8dd5-4757-849b-5e9d275e4689,1789772327.000,14,0
1789772329.710,8,02b3cf3f-20ea-4ea2-aba7-18633a16c86a,1789772328.000,11,0
1789772329.769,23,6c3b918d-8dd5-4757-849b-5e9d275e4689,1789772327.000,14,0
1789772329.769,23,c894b719-2fc8-4c7e-9ae2-f495a1b07fa3,1789772327.000,8,0
1789772329.769,23,02b3cf3f-20ea-4ea2-aba7-18633a16c86a,1789772328.000,11,0
1789772329.906,9,6c3b918d-8dd5-4757-849b-5e9d275e4689,1789772327.000,14,0
1789772329.906,9,c894b719-2fc8-4c7e-9ae2-f495a1b07fa3,1789772327.000,8,0
1789772329.906,9,02b3cf3f-20ea-4ea2-aba7-18633a16c86a,1789772328.000,11,0
1789772329.968,24,6c3b918d-8dd5-4757-849b-5e9d275e4689,1789772327.000,14,0
1789772329.968,24,c894b719-2fc8-4c7e-9ae2-f495a1b07fa3,1789772327.000,8,0
1789772329.968,24,02b3cf3f-20ea-4ea2-aba7-18633a16c86a,1789772328.000,11,0
1789772330.110,10,6c3b918d-8dd5-4757-849b-5e9d275e4689,1789772327.000,14,0
1789772330.110,10,c894b719-2fc8-4c7e-9ae2-f495a1b07fa3,1789772327.000,8,0
1789772330.110,10,02b3cf3f-20ea-4ea2-aba7-18633a16c86a,1789772328.000,11,0
1789772330.315,11,6c3b918d-8dd5-4757-849b-5e9d275e4689,1789772327.000,14,0
1789772330.315,11,c894b719-2fc8-4c7e-9ae2-f495a1b07fa3,1789772327.000,8,0
1789772330.518,12,6c3b918d-8dd5-4757-849b-5e9d275e4689,1789772327.000,14,0
1789772330.518,12,c894b719-2fc8-4c7e-9ae2-f495a1b07fa3,1789772327.000,8,0
1789772330.518,12,02b3cf3f-20ea-4ea2-aba7-18633a16c86a,1789772328.000,11,0
1789772330.710,13,6c3b918d-8dd5-4757-849b-5e9d275e4689,1789772327.000,14,0
1789772330.710,13,c894b719-2fc8-4c7e-9ae2-f495a1b07fa3,1789772327.000,8,0
1789772330.710,13,02b3cf3f-20ea-4ea2-aba7-18633a16c86a,1789772328.000,11,0
1789772330.947,14,c894b719-2fc8-4c7e-9ae2-f495a1b07fa3,1789772327.000,8,0
1789772330.947,14,02b3cf3f-20ea-4ea2-aba7-18633a16c86a,1789772328.000,11,0
1789772331.111,0,6c3b918d-8dd5-4757-849b-5e9d275e4689,1789772327.000,14,0
1789772331.111,0,c894b719-2fc8-4c7e-9ae2-f495a1b07fa3,1789772327.000,8,0
1789772331.111,0,02b3cf3f-20ea-4ea2-aba7-18633a16c86a,1789772328.000,11,0
1789772331.144,15,6c3b918d-8dd5-4757-849b-5e9d275e4689,1789772327.000,14,0
1789772331.144,15,c894b719-2fc8-4c7e-9ae2-f495a1b07fa3,1789772327.000,8,0
1789772331.144,15,02b3cf3f-20ea-4ea2-aba7-18633a16c86a,1789772328.000,11,0
1789772331.311,1,6c3b918d-8dd5-4757-849b-5e9d275e4689,1789772327.000,14,0
1789772331.311,1,c894b719-2fc8-4c7e-9ae2-f495a1b07fa3,1789772327.000,8,0
1789772331.311,1,02b3cf3f-20ea-4ea2-aba7-18633a16c86a,1789772328.000,11,0
1789772331.351,16,6c3b918d-8dd5-4757-849b-5e9d275e4689,1789772327.000,14,0
1789772331.351,16,c894b719-2fc8-4c7e-9ae2-f495a1b07fa3,1789772327.000,8,0
1789772331.351,16,02b3cf3f-20ea-4ea2-aba7-18633a16c86a,1789772328.000,11,0
1789772331.501,2,6c3b918d-8dd5-4757-849b-5e9d275e4689,1789772327.000,14,0
1789772331.501,2,c894b719-2fc8-4c7e-9ae2-f495a1b07fa3,1789772327.000,8,0
1789772331.501,2,02b3cf3f-20ea-4ea2-aba7-18633a16c86a,1789772328.000,11,0
1789772331.565,17,6c3b918d-8dd5-4757-849b-5e9d275e4689,1789772327.000,14,0
1789772331.565,17,c894b719-2fc8-4c7e-9ae2-f495a1b07fa3,1789772327.000,8,0
1789772331.565,17,02b3cf3f-20ea-4ea2-aba7-18633a16c86a,1789772328.000,11,0
1789772331.709,3,6c3b918d-8dd5-4757-849b-5e9d275e4689,1789772327.000,14,0
1789772331.709,3,c894b719-2fc8-4c7e-9ae2-f495a1b07fa3,1789772327.000,8,0
1789772331.709,3,02b3cf3f-20ea-4ea2-aba7-18633a16c86a,1789772328.000,11,0
1789772331.752,18,6c3b918d-8dd5-4757-849b-5e9d275e4689,1789772327.000,14,0
1789772331.752,18,c894b719-2fc8-4c7e-9ae2-f495a1b07fa3,1789772327.000,8,0
1789772331.752,18,02b3cf3f-20ea-4ea2-aba7-18633a16c86a,1789772328.000,11,0
1789772331.907,4,6c3b918d-8dd5-4757-849b-5e9d275e4689,1789772327.000,14,0
1789772331.907,4,c894b719-2fc8-4c7e-9ae2-f495a1b07fa3,1789772327.000,8,0
1789772331.907,4,02b3cf3f-20ea-4ea2-aba7-18633a16c86a,1789772328.000,11,0
1789772331.950,19,6c3b918d-8dd5-4757-849b-5e9d275e4689,1789772327.000,14,0
1789772331.950,19,c894b719-2fc8-4c7e-9ae2-f495a1b07fa3,1789772327.000,8,0
1789772331.950,19,02b3cf3f-20ea-4ea2-aba7-18633a16c86a,1789772328.000,11,0
1789772332.114,5,02b3cf3f-20ea-4ea2-aba7-18633a16c86a,1789772328.000,11,1
1789772332.114,5,eb7b2356-4d88-4b8e-a651-29e328807723,1789772330.000,22,0
1789772332.114,5,4d5da376-a42d-46db-8095-42bc8b86b5ec,1789772330.000,4,0
1789772332.160,20,02b3cf3f-20ea-4ea2-aba7-18633a16c86a,1789772328.000,11,1
1789772332.160,20,eb7b2356-4d88-4b8e-a651-29e328807723,1789772330.000,22,0
1789772332.160,20,4d5da376-a42d-46db-8095-42bc8b86b5ec,1789772330.000,4,0
1789772332.314,6,02b3cf3f-20ea-4ea2-aba7-18633a16c86a,1789772328.000,11,1
1789772332.314,6,eb7b2356-4d88-4b8e-a651-29e328807723,1789772330.000,22,0
1789772332.314,6,4d5da376-a42d-46db-8095-42bc8b86b5ec,1789772330.000,4,0
1789772332.360,21,02b3cf3f-20ea-4ea2-aba7-18633a16c86a,1789772328.000,11,1
1789772332.360,21,eb7b2356-4d88-4b8e-a651-29e328807723,1789772330.000,22,0
1789772332.360,21,4d5da376-a42d-46db-8095-42bc8b86b5ec,1789772330.000,4,0
1789772332.522,7,02b3cf3f-20ea-4ea2-aba7-18633a16c86a,1789772328.000,11,1
1789772332.522,7,eb7b2356-4d88-4b8e-a651-29e328807723,1789772330.000,22,0
1789772332.522,7,4d5da376-a42d-46db-8095-42bc8b86b5ec,1789772330.000,4,0
1789772332.568,22,02b3cf3f-20ea-4ea2-aba7-18633a16c86a,1789772328.000,11,1
1789772332.568,22,4d5da376-a42d-46db-8095-42bc8b86b5ec,1789772330.000,4,0
1789772332.711,8,02b3cf3f-20ea-4ea2-aba7-18633a16c86a,1789772328.000,11,1
1789772332.711,8,eb7b2356-4d88-4b8e-a651-29e328807723,1789772330.000,22,0
1789772332.711,8,4d5da376-a42d-46db-8095-42bc8b86b5ec,1789772330.000,4,0
1789772332.776,23,02b3cf3f-20ea-4ea2-aba7-18633a16c86a,1789772328.000,11,1
1789772332.776,23,eb7b2356-4d88-4b8e-a651-29e328807723,1789772330.000,22,0
1789772332.776,23,4d5da376-a42d-46db-8095-42bc8b86b5ec,1789772330.000,4,0
1789772332.912,9,02b3cf3f-20ea-4ea2-aba7-18633a16c86a,1789772328.000,11,1
1789772332.912,9,eb7b2356-4d88-4b8e-a651-29e328807723,1789772330.000,22,0
1789772332.912,9,4d5da376-a42d-46db-8095-42bc8b86b5ec,1789772330.000,4,0
1789772332.972,24,02b3cf3f-20ea-4ea2-aba7-18633a16c86a,1789772328.000,11,1
1789772332.972,24,eb7b2356-4d88-4b8e-a651-29e328807723,1789772330.000,22,0
1789772332.972,24,4d5da376-a42d-46db-8095-42bc8b86b5ec,1789772330.000,4,0
1789772333.119,10,02b3cf3f-20ea-4ea2-aba7-18633a16c86a,1789772328.000,11,1
1789772333.119,10,eb7b2356-4d88-4b8e-a651-29e328807723,1789772330.000,22,0
1789772333.119,10,4d5da376-a42d-46db-8095-42bc8b86b5ec,1789772330.000,4,0
1789772333.316,11,eb7b2356-4d88-4b8e-a651-29e328807723,1789772330.000,22,0
1789772333.316,11,4d5da376-a42d-46db-8095-42bc8b86b5ec,1789772330.000,4,0
1789772333.525,12,02b3cf3f-20ea-4ea2-aba7-18633a16c86a,1789772328.000,11,1
1789772333.525,12,eb7b2356-4d88-4b8e-a651-29e328807723,1789772330.000,22,0
1789772333.525,12,4d5da376-a42d-46db-8095-42bc8b86b5ec,1789772330.000,4,0
1789772333.711,13,02b3cf3f-20ea-4ea2-aba7-18633a16c86a,1789772328.000,11,1
1789772333.711,13,eb7b2356-4d88-4b8e-a651-29e328807723,1789772330.000,22,0
1789772333.711,13,4d5da376-a42d-46db-8095-42bc8b86b5ec,1789772330.000,4,0
1789772333.952,14,02b3cf3f-20ea-4ea2-aba7-18633a16c86a,1789772328.000,11,1
1789772333.952,14,eb7b2356-4d88-4b8e-a651-29e328807723,1789772330.000,22,0
1789772333.952,14,4d5da376-a42d-46db-8095-42bc8b86b5ec,1789772330.000,4,0
1789772334.122,0,02b3cf3f-20ea-4ea2-aba7-18633a16c86a,1789772328.000,11,1
1789772334.122,0,eb7b2356-4d88-4b8e-a651-29e328807723,1789772330.000,22,0
1789772334.122,0,4d5da376-a42d-46db-8095-42bc8b86b5ec,1789772330.000,4,0
1789772334.158,15,02b3cf3f-20ea-4ea2-aba7-18633a16c86a,1789772328.000,11,1
1789772334.158,15,eb7b2356-4d88-4b8e-a651-29e328807723,1789772330.000,22,0
1789772334.158,15,4d5da376-a42d-46db-8095-42bc8b86b5ec,1789772330.000,4,0
1789772334.318,1,02b3cf3f-20ea-4ea2-aba7-18633a16c86a,1789772328.000,11,1
1789772334.318,1,eb7b2356-4d88-4b8e-a651-29e328807723,1789772330.000,22,0
1789772334.318,1,4d5da376-a42d-46db-8095-42bc8b86b5ec,1789772330.000,4,0
1789772334.355,16,02b3cf3f-20ea-4ea2-aba7-18633a16c86a,1789772328.000,11,1
1789772334.355,16,eb7b2356-4d88-4b8e-a651-29e328807723,1789772330.000,22,0
1789772334.355,16,4d5da376-a42d-46db-8095-42bc8b86b5ec,1789772330.000,4,0
1789772334.512,2,02b3cf3f-20ea-4ea2-aba7-18633a16c86a,1789772328.000,11,1
1789772334.512,2,eb7b2356-4d88-4b8e-a651-29e328807723,1789772330.000,22,0
1789772334.512,2,4d5da376-a42d-46db-8095-42bc8b86b5ec,1789772330.000,4,0
1789772334.576,17,02b3cf3f-20ea-4ea2-aba7-18633a16c86a,1789772328.000,11,1
1789772334.576,17,eb7b2356-4d88-4b8e-a651-29e328807723,1789772330.000,22,0
1789772334.576,17,4d5da376-a42d-46db-8095-42bc8b86b5ec,1789772330.000,4,0
1789772334.716,3,02b3cf3f-20ea-4ea2-aba7-18633a16c86a,1789772328.000,11,1
1789772334.716,3,eb7b2356-4d88-4b8e-a651-29e328807723,1789772330.000,22,0
1789772334.716,3,4d5da376-a42d-46db-8095-42bc8b86b5ec,1789772330.000,4,0
1789772334.758,18,02b3cf3f-20ea-4ea2-aba7-18633a16c86a,1789772328.000,11,1
1789772334.758,18,eb7b2356-4d88-4b8e-a651-29e328807723,1789772330.000,22,0
1789772334.758,18,4d5da376-a42d-46db-8095-42bc8b86b5ec,1789772330.000,4,0
1789772334.917,4,02b3cf3f-20ea-4ea2-aba7-18633a16c86a,1789772328.000,11,1
1789772334.917,4,eb7b2356-4d88-4b8e-a651-29e328807723,1789772330.000,22,0
1789772334.955,19,02b3cf3f-20ea-4ea2-aba7-18633a16c86a,1789772328.000,11,1
1789772334.955,19,eb7b2356-4d88-4b8e-a651-29e328807723,1789772330.000,22,0
1789772334.955,19,4d5da376-a42d-46db-8095-42bc8b86b5ec,1789772330.000,4,0
1789772335.123,5,65a8850e-65e4-4ce3-b930-e4002ab55511,1789772333.000,24,0
1789772335.123,5,edb2b01f-204e-4fe8-8b80-119ae34b6cca,1789772334.000,0,0
1789772335.162,20,a1f3fe15-2bb6-4e1a-b618-3b59fd9bb8c3,1789772331.000,5,0
1789772335.162,20,65a8850e-65e4-4ce3-b930-e4002ab55511,1789772333.000,24,0
1789772335.162,20,edb2b01f-204e-4fe8-8b80-119ae34b6cca,1789772334.000,0,0
1789772335.322,6,a1f3fe15-2bb6-4e1a-b618-3b59fd9bb8c3,1789772331.000,5,0
1789772335.322,6,65a8850e-65e4-4ce3-b930-e4002ab55511,1789772333.000,24,0
1789772335.322,6,edb2b01f-204e-4fe8-8b80-119ae34b6cca,1789772334.000,0,0
1789772335.363,21,a1f3fe15-2bb6-4e1a-b618-3b59fd9bb8c3,1789772331.000,5,0
1789772335.363,21,65a8850e-65e4-4ce3-b930-e4002ab55511,1789772333.000,24,0
1789772335.363,21,edb2b01f-204e-4fe8-8b80-119ae34b6cca,1789772334.000,0,0
1789772335.527,7,a1f3fe15-2bb6-4e1a-b618-3b59fd9bb8c3,1789772331.000,5,0
1789772335.527,7,65a8850e-65e4-4ce3-b930-e4002ab55511,1789772333.000,24,0
1789772335.527,7,edb2b01f-204e-4fe8-8b80-119ae34b6cca,1789772334.000,0,0
1789772335.580,22,a1f3fe15-2bb6-4e1a-b618-3b59fd9bb8c3,1789772331.000,5,0
1789772335.580,22,65a8850e-65e4-4ce3-b930-e4002ab55511,1789772333.000,24,0
1789772335.580,22,edb2b01f-204e-4fe8-8b80-119ae34b6cca,1789772334.000,0,0
1789772335.720,8,a1f3fe15-2bb6-4e1a-b618-3b59fd9bb8c3,1789772331.000,5,0
1789772335.720,8,65a8850e-65e4-4ce3-b930-e4002ab55511,1789772333.000,24,0
1789772335.720,8,edb2b01f-204e-4fe8-8b80-119ae34b6cca,1789772334.000,0,0
1789772335.788,23,a1f3fe15-2bb6-4e1a-b618-3b59fd9bb8c3,1789772331.000,5,0
1789772335.788,23,65a8850e-65e4-4ce3-b930-e4002ab55511,1789772333.000,24,0
1789772335.788,23,edb2b01f-204e-4fe8-8b80-119ae34b6cca,1789772334.000,0,0
1789772335.919,9,a1f3fe15-2bb6-4e1a-b618-3b59fd9bb8c3,1789772331.000,5,0
1789772335.919,9,65a8850e-65e4-4ce3-b930-e4002ab55511,1789772333.000,24,0
1789772335.919,9,edb2b01f-204e-4fe8-8b80-119ae34b6cca,1789772334.000,0,0
1789772335.981,24,a1f3fe15-2bb6-4e1a-b618-3b59fd9bb8c3,1789772331.000,5,0
1789772335.981,24,edb2b01f-204e-4fe8-8b80-119ae34b6cca,1789772334.000,0,0
1789772336.127,10,a1f3fe15-2bb6-4e1a-b618-3b59fd9bb8c3,1789772331.000,5,0
1789772336.127,10,65a8850e-65e4-4ce3-b930-e4002ab55511,1789772333.000,24,0
1789772336.127,10,edb2b01f-204e-4fe8-8b80-119ae34b6cca,1789772334.000,0,0
1789772336.324,11,a1f3fe15-2bb6-4e1a-b618-3b59fd9bb8c3,1789772331.000,5,0
1789772336.324,11,65a8850e-65e4-4ce3-b930-e4002ab55511,1789772333.000,24,0
1789772336.324,11,edb2b01f-204e-4fe8-8b80-119ae34b6cca,1789772334.000,0,0
1789772336.520,2,a1f3fe15-2bb6-4e1a-b618-3b59fd9bb8c3,1789772331.000,5,0
1789772336.520,2,65a8850e-65e4-4ce3-b930-e4002ab55511,1789772333.000,24,0
1789772336.520,2,edb2b01f-204e-4fe8-8b80-119ae34b6cca,1789772334.000,0,0
1789772336.528,12,a1f3fe15-2bb6-4e1a-b618-3b59fd9bb8c3,1789772331.000,5,0
1789772336.528,12,65a8850e-65e4-4ce3-b930-e4002ab55511,1789772333.000,24,0
1789772336.528,12,edb2b01f-204e-4fe8-8b80-119ae34b6cca,1789772334.000,0,0
1789772336.721,13,a1f3fe15-2bb6-4e1a-b618-3b59fd9bb8c3,1789772331.000,5,0
1789772336.721,13,65a8850e-65e4-4ce3-b930-e4002ab55511,1789772333.000,24,0
1789772336.721,13,edb2b01f-204e-4fe8-8b80-119ae34b6cca,1789772334.000,0,0
1789772336.956,14,a1f3fe15-2bb6-4e1a-b618-3b59fd9bb8c3,1789772331.000,5,0
1789772336.956,14,65a8850e-65e4-4ce3-b930-e4002ab55511,1789772333.000,24,0
1789772336.956,14,edb2b01f-204e-4fe8-8b80-119ae34b6cca,1789772334.000,0,0
1789772337.131,0,a1f3fe15-2bb6-4e1a-b618-3b59fd9bb8c3,1789772331.000,5,0
1789772337.131,0,65a8850e-65e4-4ce3-b930-e4002ab55511,1789772333.000,24,0
1789772337.172,15,a1f3fe15-2bb6-4e1a-b618-3b59fd9bb8c3,1789772331.000,5,0
1789772337.172,15,65a8850e-65e4-4ce3-b930-e4002ab55511,1789772333.000,24,0
1789772337.172,15,edb2b01f-204e-4fe8-8b80-119ae34b6cca,1789772334.000,0,0
1789772337.326,1,a1f3fe15-2bb6-4e1a-b618-3b59fd9bb8c3,1789772331.000,5,0
1789772337.326,1,65a8850e-65e4-4ce3-b930-e4002ab55511,1789772333.000,24,0
1789772337.326,1,edb2b01f-204e-4fe8-8b80-119ae34b6cca,1789772334.000,0,0
1789772337.361,16,a1f3fe15-2bb6-4e1a-b618-3b59fd9bb8c3,1789772331.000,5,0
1789772337.361,16,65a8850e-65e4-4ce3-b930-e4002ab55511,1789772333.000,24,0
1789772337.361,16,edb2b01f-204e-4fe8-8b80-119ae34b6cca,1789772334.000,0,0
1789772337.581,17,a1f3fe15-2bb6-4e1a-b618-3b59fd9bb8c3,1789772331.000,5,0
1789772337.581,17,65a8850e-65e4-4ce3-b930-e4002ab55511,1789772333.000,24,0
1789772337.581,17,edb2b01f-204e-4fe8-8b80-119ae34b6cca,1789772334.000,0,0
1789772337.726,3,a1f3fe15-2bb6-4e1a-b618-3b59fd9bb8c3,1789772331.000,5,0
1789772337.726,3,65a8850e-65e4-4ce3-b930-e4002ab55511,1789772333.000,24,0
1789772337.726,3,edb2b01f-204e-4fe8-8b80-119ae34b6cca,1789772334.000,0,0
1789772337.767,18,a1f3fe15-2bb6-4e1a-b618-3b59fd9bb8c3,1789772331.000,5,0
1789772337.767,18,65a8850e-65e4-4ce3-b930-e4002ab55511,1789772333.000,24,0
1789772337.767,18,edb2b01f-204e-4fe8-8b80-119ae34b6cca,1789772334.000,0,0
1789772337.922,4,a1f3fe15-2bb6-4e1a-b618-3b59fd9bb8c3,1789772331.000,5,0
1789772337.922,4,65a8850e-65e4-4ce3-b930-e4002ab55511,1789772333.000,24,0
1789772337.922,4,edb2b01f-204e-4fe8-8b80-119ae34b6cca,1789772334.000,0,0
1789772337.960,19,a1f3fe15-2bb6-4e1a-b618-3b59fd9bb8c3,1789772331.000,5,0
1789772337.960,19,65a8850e-65e4-4ce3-b930-e4002ab55511,1789772333.000,24,0
1789772337.960,19,edb2b01f-204e-4fe8-8b80-119ae34b6cca,1789772334.000,0,0
1789772338.136,5,edb2b01f-204e-4fe8-8b80-119ae34b6cca,1789772334.000,0,1
1789772338.136,5,bdf6bb69-4f76-4344-b24e-d1603e19b76d,1789772336.000,17,0
1789772338.136,5,f7bf839a-cc35-4f79-9632-762c6d91fc27,1789772336.000,3,0
1789772338.172,20,edb2b01f-204e-4fe8-8b80-119ae34b6cca,1789772334.000,0,1
1789772338.172,20,bdf6bb69-4f76-4344-b24e-d1603e19b76d,1789772336.000,17,0
1789772338.172,20,f7bf839a-cc35-4f79-9632-762c6d91fc27,1789772336.000,3,0
1789772338.331,6,edb2b01f-204e-4fe8-8b80-119ae34b6cca,1789772334.000,0,1
1789772338.331,6,bdf6bb69-4f76-4344-b24e-d1603e19b76d,1789772336.000,17,0
1789772338.331,6,f7bf839a-cc35-4f79-9632-762c6d91fc27,1789772336.000,3,0
1789772338.365,21,edb2b01f-204e-4fe8-8b80-119ae34b6cca,1789772334.000,0,1
1789772338.365,21,bdf6bb69-4f76-4344-b24e-d1603e19b76d,1789772336.000,17,0
1789772338.365,21,f7bf839a-cc35-4f79-9632-762c6d91fc27,1789772336.000,3,0
1789772338.531,7,edb2b01f-204e-4fe8-8b80-119ae34b6cca,1789772334.000,0,1
1789772338.531,7,bdf6bb69-4f76-4344-b24e-d1603e19b76d,1789772336.000,17,0
1789772338.531,7,f7bf839a-cc35-4f79-9632-762c6d91fc27,1789772336.000,3,0
1789772338.584,22,edb2b01f-204e-4fe8-8b80-119ae34b6cca,1789772334.000,0,1
1789772338.584,22,bdf6bb69-4f76-4344-b24e-d1603e19b76d,1789772336.000,17,0
1789772338.584,22,f7bf839a-cc35-4f79-9632-762c6d91fc27,1789772336.000,3,0
1789772338.730,8,edb2b01f-204e-4fe8-8b80-119ae34b6cca,1789772334.000,0,1
1789772338.730,8,bdf6bb69-4f76-4344-b24e-d1603e19b76d,1789772336.000,17,0
1789772338.730,8,f7bf839a-cc35-4f79-9632-762c6d91fc27,1789772336.000,3,0
1789772338.797,23,edb2b01f-204e-4fe8-8b80-119ae34b6cca,1789772334.000,0,1
1789772338.797,23,bdf6bb69-4f76-4344-b24e-d1603e19b76d,1789772336.000,17,0
1789772338.797,23,f7bf839a-cc35-4f79-9632-762c6d91fc27,1789772336.000,3,0
1789772338.926,9,edb2b01f-204e-4fe8-8b80-119ae34b6cca,1789772334.000,0,1
1789772338.926,9,bdf6bb69-4f76-4344-b24e-d1603e19b76d,1789772336.000,17,0
1789772338.926,9,f7bf839a-cc35-4f79-9632-762c6d91fc27,1789772336.000,3,0
1789772338.992,24,edb2b01f-204e-4fe8-8b80-119ae34b6cca,1789772334.000,0,1
1789772338.992,24,bdf6bb69-4f76-4344-b24e-d1603e19b76d,1789772336.000,17,0
1789772338.992,24,f7bf839a-cc35-4f79-9632-762c6d91fc27,1789772336.000,3,0
1789772339.141,10,edb2b01f-204e-4fe8-8b80-119ae34b6cca,1789772334.000,0,1
1789772339.141,10,bdf6bb69-4f76-4344-b24e-d1603e19b76d,1789772336.000,17,0
1789772339.141,10,f7bf839a-cc35-4f79-9632-762c6d91fc27,1789772336.000,3,0
1789772339.335,11,edb2b01f-204e-4fe8-8b80-119ae34b6cca,7343737134.000,0,1
1789772339.335,1,edb2b01f-204e-4fe8-8b80-119ae34b6cca,,0,1
1789772339.335,11,bdf6bb69-4f76-4344-b24e-d1603e19b76d,1789772336.000,17,0
1789772339.335,1,bdf6bb69-4f76-4344-b24e-d1603e19b76d,1789772336.000,17,0
1789772339.335,11,f7bf839a-cc35-4f79-9632-762c6d91fc27,1789772336.000,3,0
1789772339.335,1,f7bf839a-cc35-4f79-9632-762c6d91fc27,1789772336.000,3,0
1789772339.529,2,edb2b01f-204e-4fe8-8b80-119ae34b6cca,1789772334.000,0,1
1789772339.529,2,bdf6bb69-4f76-4344-b24e-d1603e19b76d,1789772336.000,17,0
1789772339.529,2,f7bf839a-cc35-4f79-9632-762c6d91fc27,1789772336.000,3,0
1789772339.532,12,edb2b01f-204e-4fe8-8b80-119ae34b6cca,1789772334.000,0,1
1789772339.532,12,bdf6bb69-4f76-4344-b24e-d1603e19b76d,1789772336.000,17,0
1789772339.532,12,f7bf839a-cc35-4f79-9632-762c6d91fc27,1789772336.000,3,0
1789772339.732,13,edb2b01f-204e-4fe8-8b80-119ae34b6cca,1789772334.000,0,1
1789772339.732,13,bdf6bb69-4f76-4344-b24e-d1603e19b76d,1789772336.000,17,0
1789772339.732,13,f7bf839a-cc35-4f79-9632-762c6d91fc27,1789772336.000,3,0
1789772339.930,4,edb2b01f-204e-4fe8-8b80-119ae34b6cca,1789772334.000,0,1
1789772339.930,4,bdf6bb69-4f76-4344-b24e-d1603e19b76d,1789772336.000,17,0
1789772339.930,4,f7bf839a-cc35-4f79-9632-762c6d91fc27,1789772336.000,3,0
1789772339.965,14,edb2b01f-204e-4fe8-8b80-119ae34b6cca,1789772334.000,0,1
1789772339.965,14,bdf6bb69-4f76-4344-b24e-d1603e19b76d,1789772336.000,17,0
1789772339.965,14,f7bf839a-cc35-4f79-9632-762c6d91fc27,1789772336.000,3,0
1789772340.142,0,bdf6bb69-4f76-4344-b24e-d1603e19b76d,1789772336.000,17,0
1789772340.142,0,f7bf839a-cc35-4f79-9632-762c6d91fc27,1789772336.000,3,0
1789772340.182,15,edb2b01f-204e-4fe8-8b80-119ae34b6cca,1789772334.000,0,1
1789772340.182,15,bdf6bb69-4f76-4344-b24e-d1603e19b76d,1789772336.000,17,0
1789772340.182,15,f7bf839a-cc35-4f79-9632-762c6d91fc27,1789772336.000,3,0
1789772340.369,16,edb2b01f-204e-4fe8-8b80-119ae34b6cca,1789772334.000,0,1
1789772340.369,16,bdf6bb69-4f76-4344-b24e-d1603e19b76d,1789772336.000,17,0
1789772340.369,16,f7bf839a-cc35-4f79-9632-762c6d91fc27,1789772336.000,3,0
1789772340.588,17,edb2b01f-204e-4fe8-8b80-119ae34b6cca,1789772334.000,0,1
1789772340.588,17,f7bf839a-cc35-4f79-9632-762c6d91fc27,1789772336.000,3,0
1789772340.732,3,edb2b01f-204e-4fe8-8b80-119ae34b6cca,1789772334.000,0,1
1789772340.732,3,bdf6bb69-4f76-4344-b24e-d1603e19b76d,1789772336.000,17,0
1789772340.771,18,edb2b01f-204e-4fe8-8b80-119ae34b6cca,1789772334.000,0,1
1789772340.771,18,bdf6bb69-4f76-4344-b24e-d1603e19b76d,1789772336.000,17,0
1789772340.771,18,f7bf839a-cc35-4f79-9632-762c6d91fc27,1789772336.000,3,0
1789772340.970,19,edb2b01f-204e-4fe8-8b80-119ae34b6cca,1789772334.000,0,1
1789772340.970,19,bdf6bb69-4f76-4344-b24e-d1603e19b76d,1789772336.000,17,0
1789772340.970,19,f7bf839a-cc35-4f79-9632-762c6d91fc27,1789772336.000,3,0
1789772341.144,5,125823b0-6fc2-4c22-9f24-eae5be88bbd3,1789772338.000,6,0
1789772341.144,5,9af2cc6a-e53c-4730-895e-c8245af92824,1789772339.000,20,0
1789772341.144,5,46a127b2-abd2-4755-9013-184a9510dd72,1789772339.000,10,0
1789772341.185,20,125823b0-6fc2-4c22-9f24-eae5be88bbd3,1789772338.000,6,0
1789772341.185,20,46a127b2-abd2-4755-9013-184a9510dd72,1789772339.000,10,0
1789772341.341,6,9af2cc6a-e53c-4730-895e-c8245af92824,1789772339.000,20,0
1789772341.341,6,46a127b2-abd2-4755-9013-184a9510dd72,1789772339.000,10,0
1789772341.371,21,125823b0-6fc2-4c22-9f24-eae5be88bbd3,1789772338.000,6,0
1789772341.371,21,9af2cc6a-e53c-4730-895e-c8245af92824,1789772339.000,20,0
1789772341.371,21,46a127b2-abd2-4755-9013-184a9510dd72,1789772339.000,10,0
1789772341.535,7,125823b0-6fc2-4c22-9f24-eae5be88bbd3,1789772338.000,6,0
1789772341.535,7,9af2cc6a-e53c-4730-895e-c8245af92824,1789772339.000,20,0
1789772341.535,7,46a127b2-abd2-4755-9013-184a9510dd72,1789772339.000,10,0
1789772341.588,22,125823b0-6fc2-4c22-9f24-eae5be88bbd3,1789772338.000,6,0
1789772341.588,22,9af2cc6a-e53c-4730-895e-c8245af92824,1789772339.000,20,0
1789772341.588,22,46a127b2-abd2-4755-9013-184a9510dd72,1789772339.000,10,0
1789772341.737,8,125823b0-6fc2-4c22-9f24-eae5be88bbd3,1789772338.000,6,0
1789772341.737,8,9af2cc6a-e53c-4730-895e-c8245af92824,1789772339.000,20,0
1789772341.737,8,46a127b2-abd2-4755-9013-184a9510dd72,1789772339.000,10,0
1789772341.807,23,125823b0-6fc2-4c22-9f24-eae5be88bbd3,1789772338.000,6,0
1789772341.807,23,9af2cc6a-e53c-4730-895e-c8245af92824,1789772339.000,20,0
1789772341.807,23,46a127b2-abd2-4755-9013-184a9510dd72,1789772339.000,10,0
1789772341.938,9,125823b0-6fc2-4c22-9f24-eae5be88bbd3,1789772338.000,6,0
1789772341.938,9,9af2cc6a-e53c-4730-895e-c8245af92824,1789772339.000,20,0
1789772341.938,9,46a127b2-abd2-4755-9013-184a9510dd72,1789772339.000,10,0
1789772341.970,14,125823b0-6fc2-4c22-9f24-eae5be88bbd3,1789772338.000,6,0
1789772341.970,14,9af2cc6a-e53c-4730-895e-c8245af92824,1789772339.000,20,0
1789772341.970,14,46a127b2-abd2-4755-9013-184a9510dd72,1789772339.000,10,0
1789772341.998,24,125823b0-6fc2-4c22-9f24-eae5be88bbd3,1789772338.000,6,0
1789772341.998,24,9af2cc6a-e53c-4730-895e-c8245af92824,1789772339.000,20,0
1789772341.998,24,46a127b2-abd2-4755-9013-184a9510dd72,1789772339.000,10,0
1789772342.145,10,125823b0-6fc2-4c22-9f24-eae5be88bbd3,1789772338.000,6,0
1789772342.145,10,9af2cc6a-e53c-4730-895e-c8245af92824,1789772339.000,20,0
1789772342.345,1,125823b0-6fc2-4c22-9f24-eae5be88bbd3,1789772338.000,6,0
1789772342.345,11,125823b0-6fc2-4c22-9f24-eae5be88bbd3,1789772338.000,6,0
1789772342.345,1,9af2cc6a-e53c-4730-895e-c8245af92824,1789772339.000,20,0
1789772342.345,11,9af2cc6a-e53c-4730-895e-c8245af92824,1789772339.000,20,0
1789772342.345,1,46a127b2-abd2-4755-9013-184a9510dd72,1789772339.000,10,0
1789772342.345,11,46a127b2-abd2-4755-9013-184a9510dd72,1789772339.000,10,0
1789772342.536,2,125823b0-6fc2-4c22-9f24-eae5be88bbd3,1789772338.000,6,0
1789772342.536,2,9af2cc6a-e53c-4730-895e-c8245af92824,1789772339.000,20,0
1789772342.536,12,125823b0-6fc2-4c22-9f24-eae5be88bbd3,,6,0
1789772342.536,2,46a127b2-abd2-4755-9013-184a9510dd72,1789772339.000,10,0
1789772342.536,12,9af2cc6a-e53c-4730-895e-c8245af92824,1789772339.000,20,0
1789772342.536,12,46a127b2-abd2-4755-9013-184a9510dd72,1789772339.000,10,0
1789772342.738,13,125823b0-6fc2-4c22-9f24-eae5be88bbd3,639345635823538.000,6,0
1789772342.738,3,125823b0-6fc2-4c22-9f24-eae5be88bbd3,639345635823538.000,6,0
1789772342.738,13,9af2cc6a-e53c-4730-895e-c8245af92824,1789772339.000,20,0
1789772342.738,3,9af2cc6a-e53c-4730-895e-c8245af92824,1789772339.000,20,0
1789772342.738,13,46a127b2-abd2-4755-9013-184a9510dd72,1789772339.000,10,0
1789772342.738,3,46a127b2-abd2-4755-9013-184a9510dd72,1789772339.000,10,0
1789772342.777,18,125823b0-6fc2-4c22-9f24-eae5be88bbd3,1789772338.000,6,0
1789772342.777,18,9af2cc6a-e53c-4730-895e-c8245af92824,1789772339.000,20,0
1789772342.777,18,46a127b2-abd2-4755-9013-184a9510dd72,1789772339.000,10,0
1789772342.943,4,125823b0-6fc2-4c22-9f24-eae5be88bbd3,1789772338.000,6,0
1789772342.943,4,9af2cc6a-e53c-4730-895e-c8245af92824,1789772339.000,20,0
1789772342.943,4,46a127b2-abd2-4755-9013-184a9510dd72,1789772339.000,10,0
1789772343.150,0,125823b0-6fc2-4c22-9f24-eae5be88bbd3,1789772338.000,6,0
1789772343.150,0,9af2cc6a-e53c-4730-895e-c8245af92824,1789772339.000,20,0
1789772343.150,0,46a127b2-abd2-4755-9013-184a9510dd72,1789772339.000,10,0
1789772343.192,15,125823b0-6fc2-4c22-9f24-eae5be88bbd3,1789772338.000,6,0
1789772343.192,15,9af2cc6a-e53c-4730-895e-c8245af92824,1789772339.000,20,0
1789772343.192,15,46a127b2-abd2-4755-9013-184a9510dd72,1789772339.000,10,0
1789772343.377,16,125823b0-6fc2-4c22-9f24-eae5be88bbd3,1789772338.000,6,0
1789772343.377,16,9af2cc6a-e53c-4730-895e-c8245af92824,1789772339.000,20,0
1789772343.377,16,46a127b2-abd2-4755-9013-184a9510dd72,1789772339.000,10,0
1789772343.592,17,125823b0-6fc2-4c22-9f24-eae5be88bbd3,1789772338.000,6,0
1789772343.592,17,9af2cc6a-e53c-4730-895e-c8245af92824,1789772339.000,20,0
1789772343.592,17,46a127b2-abd2-4755-9013-184a9510dd72,1789772339.000,10,0
1789772343.975,19,125823b0-6fc2-4c22-9f24-eae5be88bbd3,1789772338.000,6,0
1789772343.975,19,9af2cc6a-e53c-4730-895e-c8245af92824,1789772339.000,20,0
1789772343.975,19,46a127b2-abd2-4755-9013-184a9510dd72,1789772339.000,10,0
1789772382.463,6,55bdcd9c-2844-4405-9821-8889dd3a41b4,1789772382.000,2,0
1789772382.498,21,55bdcd9c-2844-4405-9821-8889dd3a41b4,1789772382.000,2,0
1789772382.633,7,55bdcd9c-2844-4405-9821-8889dd3a41b4,1789772382.000,2,0
1789772382.713,22,55bdcd9c-2844-4405-9821-8889dd3a41b4,1789772382.000,2,0
1789772382.825,8,55bdcd9c-2844-4405-9821-8889dd3a41b4,1789772382.000,2,0
1789772382.943,23,55bdcd9c-2844-4405-9821-8889dd3a41b4,1789772382.000,2,0
1789772383.062,9,55bdcd9c-2844-4405-9821-8889dd3a41b4,1789772382.000,2,0
1789772383.091,19,55bdcd9c-2844-4405-9821-8889dd3a41b4,1789772382.000,2,0
1789772383.149,24,55bdcd9c-2844-4405-9821-8889dd3a41b4,1789772382.000,2,0
1789772383.275,10,55bdcd9c-2844-4405-9821-8889dd3a41b4,1789772382.000,2,0
1789772383.275,5,55bdcd9c-2844-4405-9821-8889dd3a41b4,,2,0
1789772383.313,20,55bdcd9c-2844-4405-9821-8889dd3a41b4,1789772382.000,2,0
1789772383.465,11,55bdcd9c-2844-4405-9821-8889dd3a41b4,1789772382.000,2,0
1789772383.636,12,55bdcd9c-2844-4405-9821-8889dd3a41b4,1789772382.000,2,0
1789772384.091,14,55bdcd9c-2844-4405-9821-8889dd3a41b4,1789772382.000,2,0
1789772384.318,15,55bdcd9c-2844-4405-9821-8889dd3a41b4,1789772382.000,2,0
1789772384.467,1,55bdcd9c-2844-4405-9821-8889dd3a41b4,1789772382.000,2,0
1789772384.507,16,55bdcd9c-2844-4405-9821-8889dd3a41b4,1789772382.000,2,0
1789772384.718,17,55bdcd9c-2844-4405-9821-8889dd3a41b4,1789772382.000,2,0
1789772384.829,3,55bdcd9c-2844-4405-9821-8889dd3a41b4,1789772382.000,2,0
1789772384.829,13,55bdcd9c-2844-4405-9821-8889dd3a41b4,1789772382.000,2,0
1789772384.903,18,55bdcd9c-2844-4405-9821-8889dd3a41b4,1789772382.000,2,0
1789772385.071,4,55bdcd9c-2844-4405-9821-8889dd3a41b4,1789772382.000,2,0
1789772385.282,0,55bdcd9c-2844-4405-9821-8889dd3a41b4,1789772382.000,2,0
1789772385.468,6,55bdcd9c-2844-4405-9821-8889dd3a41b4,1789772382.000,2,1
1789772385.509,21,55bdcd9c-2844-4405-9821-8889dd3a41b4,1789772382.000,2,1
1789772385.641,7,55bdcd9c-2844-4405-9821-8889dd3a41b4,1789772382.000,2,1
1789772385.722,22,55bdcd9c-2844-4405-9821-8889dd3a41b4,1789772382.000,2,1
1789772385.830,8,55bdcd9c-2844-4405-9821-8889dd3a41b4,1789772382.000,2,1
1789772385.951,23,55bdcd9c-2844-4405-9821-8889dd3a41b4,1789772382.000,2,1
1789772386.072,9,55bdcd9c-2844-4405-9821-8889dd3a41b4,1789772382.000,2,1
1789772386.099,19,55bdcd9c-2844-4405-9821-8889dd3a41b4,1789772382.000,2,1
1789772386.165,24,55bdcd9c-2844-4405-9821-8889dd3a41b4,1789772382.000,2,1
1789772386.287,10,55bdcd9c-2844-4405-9821-8889dd3a41b4,,2,1
1789772386.287,5,55bdcd9c-2844-4405-9821-8889dd3a41b4,,2,1
1789772386.325,20,55bdcd9c-2844-4405-9821-8889dd3a41b4,1789772382.000,2,1
1789772386.468,11,55bdcd9c-2844-4405-9821-8889dd3a41b4,1789772382.000,2,1
1789772386.644,12,55bdcd9c-2844-4405-9821-8889dd3a41b4,1789772382.000,2,1
1789772386.833,13,55bdcd9c-2844-4405-9821-8889dd3a41b4,1789772382.000,2,1
1789772387.104,14,55bdcd9c-2844-4405-9821-8889dd3a41b4,1789772382.000,2,1
1789772387.288,0,55bdcd9c-2844-4405-9821-8889dd3a41b4,1789772382.000,2,1
1789772387.329,15,55bdcd9c-2844-4405-9821-8889dd3a41b4,1789772382.000,2,1
1789772387.471,1,55bdcd9c-2844-4405-9821-8889dd3a41b4,1789772382.000,2,1
1789772387.516,16,55bdcd9c-2844-4405-9821-8889dd3a41b4,1789772382.000,2,1
1789772387.724,17,55bdcd9c-2844-4405-9821-8889dd3a41b4,1789772382.000,2,1
1789772387.834,3,55bdcd9c-2844-4405-9821-8889dd3a41b4,1789772382.000,2,1
1789772387.911,18,55bdcd9c-2844-4405-9821-8889dd3a41b4,1789772382.000,2,1
1789772388.076,4,55bdcd9c-2844-4405-9821-8889dd3a41b4,1789772382.000,2,1
1789772388.475,6,e5b1ca84-0387-4277-8366-f5ddcd2a0308,1789772387.000,8,0
1789772388.521,21,e5b1ca84-0387-4277-8366-f5ddcd2a0308,1789772387.000,8,0
1789772388.649,7,e5b1ca84-0387-4277-8366-f5ddcd2a0308,1789772387.000,8,0
1789772388.730,22,e5b1ca84-0387-4277-8366-f5ddcd2a0308,1789772387.000,8,0
1789772388.963,23,e5b1ca84-0387-4277-8366-f5ddcd2a0308,1789772387.000,8,0
1789772389.081,9,e5b1ca84-0387-4277-8366-f5ddcd2a0308,1789772387.000,8,0
1789772389.112,19,e5b1ca84-0387-4277-8366-f5ddcd2a0308,1789772387.000,8,0
1789772389.173,24,e5b1ca84-0387-4277-8366-f5ddcd2a0308,1789772387.000,8,0
1789772389.299,10,e5b1ca84-0387-4277-8366-f5ddcd2a0308,1789772387.000,8,0
1789772389.299,5,e5b1ca84-0387-4277-8366-f5ddcd2a0308,,8,0
1789772389.337,20,e5b1ca84-0387-4277-8366-f5ddcd2a0308,1789772387.000,8,0
1789772389.479,11,e5b1ca84-0387-4277-8366-f5ddcd2a0308,1789772387.000,8,0
1789772389.651,12,e5b1ca84-0387-4277-8366-f5ddcd2a0308,1789772387.000,8,0
1789772390.117,14,e5b1ca84-0387-4277-8366-f5ddcd2a0308,1789772387.000,8,0
1789772390.301,0,e5b1ca84-0387-4277-8366-f5ddcd2a0308,1789772387.000,8,0
1789772390.342,15,e5b1ca84-0387-4277-8366-f5ddcd2a0308,1789772387.000,8,0
1789772390.481,1,e5b1ca84-0387-4277-8366-f5ddcd2a0308,1789772387.000,8,0
1789772390.522,16,e5b1ca84-0387-4277-8366-f5ddcd2a0308,1789772387.000,8,0
1789772390.652,2,e5b1ca84-0387-4277-8366-f5ddcd2a0308,1789772387.000,8,0
1789772390.735,17,e5b1ca84-0387-4277-8366-f5ddcd2a0308,1789772387.000,8,0
1789772390.840,3,e5b1ca84-0387-4277-8366-f5ddcd2a0308,1789730287.000,8,0
1789772390.840,13,e5b1ca84-0387-4277-8366-f5ddcd2a0308,,8,0
1789772390.924,18,e5b1ca84-0387-4277-8366-f5ddcd2a0308,1789772387.000,8,0
1789772391.084,4,e5b1ca84-0387-4277-8366-f5ddcd2a0308,1789772387.000,8,0
1789772391.486,6,aa0c33d0-d81e-4b75-84ad-431fa894cc63,1789772388.000,11,0
1789772391.486,6,432c3edc-08b2-4405-8195-30e17454ef95,1789772390.000,22,0
1789772391.486,6,e7085478-2661-4fec-bc60-0859d536382e,1789772390.000,4,0
1789772391.529,21,aa0c33d0-d81e-4b75-84ad-431fa894cc63,1789772388.000,11,0
1789772391.529,21,432c3edc-08b2-4405-8195-30e17454ef95,1789772390.000,22,0
1789772391.529,21,e7085478-2661-4fec-bc60-0859d536382e,1789772390.000,4,0
1789772391.657,7,aa0c33d0-d81e-4b75-84ad-431fa894cc63,1789772388.000,11,0
1789772391.657,7,432c3edc-08b2-4405-8195-30e17454ef95,1789772390.000,22,0
1789772391.657,7,e7085478-2661-4fec-bc60-0859d536382e,1789772390.000,4,0
1789772391.738,22,aa0c33d0-d81e-4b75-84ad-431fa894cc63,1789772388.000,11,0
1789772391.738,22,e7085478-2661-4fec-bc60-0859d536382e,1789772390.000,4,0
1789772391.841,8,aa0c33d0-d81e-4b75-84ad-431fa894cc63,1789772388.000,11,0
1789772391.841,8,432c3edc-08b2-4405-8195-30e17454ef95,1789772390.000,22,0
1789772391.841,8,e7085478-2661-4fec-bc60-0859d536382e,1789772390.000,4,0
1789772391.970,23,aa0c33d0-d81e-4b75-84ad-431fa894cc63,1789772388.000,11,0
1789772391.970,23,432c3edc-08b2-4405-8195-30e17454ef95,1789772390.000,22,0
1789772391.970,23,e7085478-2661-4fec-bc60-0859d536382e,1789772390.000,4,0
1789772392.085,9,aa0c33d0-d81e-4b75-84ad-431fa894cc63,1789772388.000,11,0
1789772392.085,9,432c3edc-08b2-4405-8195-30e17454ef95,1789772390.000,22,0
1789772392.085,9,e7085478-2661-4fec-bc60-0859d536382e,1789772390.000,4,0
1789772392.126,19,aa0c33d0-d81e-4b75-84ad-431fa894cc63,1789772388.000,11,0
1789772392.126,19,432c3edc-08b2-4405-8195-30e17454ef95,1789772390.000,22,0
1789772392.126,19,e7085478-2661-4fec-bc60-0859d536382e,1789772390.000,4,0
1789772392.181,24,aa0c33d0-d81e-4b75-84ad-431fa894cc63,1789772388.000,11,0
1789772392.181,24,432c3edc-08b2-4405-8195-30e17454ef95,1789772390.000,22,0
1789772392.181,24,e7085478-2661-4fec-bc60-0859d536382e,1789772390.000,4,0
1789772392.309,5,aa0c33d0-d81e-4b75-84ad-431fa894cc63,,11,0
1789772392.309,10,aa0c33d0-d81e-4b75-84ad-431fa894cc63,,11,0
1789772392.309,5,432c3edc-08b2-4405-8195-30e17454ef95,1789772390.000,22,0
1789772392.309,10,432c3edc-08b2-4405-8195-30e17454ef95,1789772390.000,22,0
1789772392.309,5,e7085478-2661-4fec-bc60-0859d536382e,1789772390.000,4,0
1789772392.309,10,e7085478-2661-4fec-bc60-0859d536382e,1789772390.000,4,0
1789772392.352,20,aa0c33d0-d81e-4b75-84ad-431fa894cc63,1789772388.000,11,0
1789772392.352,20,432c3edc-08b2-4405-8195-30e17454ef95,1789772390.000,22,0
1789772392.352,20,e7085478-2661-4fec-bc60-0859d536382e,1789772390.000,4,0
1789772392.488,11,432c3edc-08b2-4405-8195-30e17454ef95,1789772390.000,22,0
1789772392.488,11,e7085478-2661-4fec-bc60-0859d536382e,1789772390.000,4,0
1789772392.663,12,aa0c33d0-d81e-4b75-84ad-431fa894cc63,1789772388.000,11,0
1789772392.663,12,432c3edc-08b2-4405-8195-30e17454ef95,1789772390.000,22,0
1789772392.663,12,e7085478-2661-4fec-bc60-0859d536382e,1789772390.000,4,0
1789772392.843,13,aa0c33d0-d81e-4b75-84ad-431fa894cc63,1789772388.000,11,0
1789772392.843,13,432c3edc-08b2-4405-8195-30e17454ef95,1789772390.000,22,0
1789772392.843,13,e7085478-2661-4fec-bc60-0859d536382e,1789772390.000,4,0
1789772393.129,14,aa0c33d0-d81e-4b75-84ad-431fa894cc63,1789772388.000,11,0
1789772393.129,14,432c3edc-08b2-4405-8195-30e17454ef95,1789772390.000,22,0
1789772393.129,14,e7085478-2661-4fec-bc60-0859d536382e,1789772390.000,4,0
1789772393.313,0,aa0c33d0-d81e-4b75-84ad-431fa894cc63,1789772388.000,11,0
1789772393.313,0,432c3edc-08b2-4405-8195-30e17454ef95,1789772390.000,22,0
1789772393.313,0,e7085478-2661-4fec-bc60-0859d536382e,1789772390.000,4,0
1789772393.352,15,aa0c33d0-d81e-4b75-84ad-431fa894cc63,1789772388.000,11,0
1789772393.352,15,432c3edc-08b2-4405-8195-30e17454ef95,1789772390.000,22,0
1789772393.352,15,e7085478-2661-4fec-bc60-0859d536382e,1789772390.000,4,0
1789772393.495,1,aa0c33d0-d81e-4b75-84ad-431fa894cc63,1789772388.000,11,0
1789772393.495,1,432c3edc-08b2-4405-8195-30e17454ef95,1789772390.000,22,0
1789772393.495,1,e7085478-2661-4fec-bc60-0859d536382e,1789772390.000,4,0
1789772393.535,16,aa0c33d0-d81e-4b75-84ad-431fa894cc63,1789772388.000,11,0
1789772393.535,16,432c3edc-08b2-4405-8195-30e17454ef95,1789772390.000,22,0
1789772393.535,16,e7085478-2661-4fec-bc60-0859d536382e,1789772390.000,4,0
1789772393.667,2,aa0c33d0-d81e-4b75-84ad-431fa894cc63,1789772388.000,11,0
1789772393.667,2,432c3edc-08b2-4405-8195-30e17454ef95,1789772390.000,22,0
1789772393.667,2,e7085478-2661-4fec-bc60-0859d536382e,1789772390.000,4,0
1789772393.746,17,aa0c33d0-d81e-4b75-84ad-431fa894cc63,1789772388.000,11,0
1789772393.746,17,432c3edc-08b2-4405-8195-30e17454ef95,1789772390.000,22,0
1789772393.746,17,e7085478-2661-4fec-bc60-0859d536382e,1789772390.000,4,0
1789772393.847,3,aa0c33d0-d81e-4b75-84ad-431fa894cc63,1789772388.000,11,0
1789772393.847,3,432c3edc-08b2-4405-8195-30e17454ef95,1789772390.000,22,0
1789772393.847,3,e7085478-2661-4fec-bc60-0859d536382e,1789772390.000,4,0
1789772393.937,18,aa0c33d0-d81e-4b75-84ad-431fa894cc63,1789772388.000,11,0
1789772393.937,18,432c3edc-08b2-4405-8195-30e17454ef95,1789772390.000,22,0
1789772393.937,18,e7085478-2661-4fec-bc60-0859d536382e,1789772390.000,4,0
1789772394.096,4,aa0c33d0-d81e-4b75-84ad-431fa894cc63,1789772388.000,11,0
1789772394.096,4,432c3edc-08b2-4405-8195-30e17454ef95,1789772390.000,22,0
1789772394.500,6,12232a05-c4f1-4e3c-a05f-46d0862f72b6,1789772392.000,5,0
1789772394.500,6,433528b7-8ad7-432a-85e5-d62e188f129c,1789772393.000,24,0
1789772394.500,6,93b3a7cd-8d6d-4cb0-a7e4-01cfb202037d,1789772394.000,0,0
1789772394.543,21,12232a05-c4f1-4e3c-a05f-46d0862f72b6,1789772392.000,5,0
1789772394.543,21,433528b7-8ad7-432a-85e5-d62e188f129c,1789772393.000,24,0
1789772394.543,21,93b3a7cd-8d6d-4cb0-a7e4-01cfb202037d,1789772394.000,0,0
1789772394.668,7,12232a05-c4f1-4e3c-a05f-46d0862f72b6,1789772392.000,5,0
1789772394.668,7,433528b7-8ad7-432a-85e5-d62e188f129c,1789772393.000,24,0
1789772394.668,7,93b3a7cd-8d6d-4cb0-a7e4-01cfb202037d,1789772394.000,0,0
1789772394.751,22,12232a05-c4f1-4e3c-a05f-46d0862f72b6,1789772392.000,5,0
1789772394.751,22,433528b7-8ad7-432a-85e5-d62e188f129c,1789772393.000,24,0
1789772394.751,22,93b3a7cd-8d6d-4cb0-a7e4-01cfb202037d,1789772394.000,0,0
1789772394.847,8,12232a05-c4f1-4e3c-a05f-46d0862f72b6,1789772392.000,5,0
1789772394.847,8,433528b7-8ad7-432a-85e5-d62e188f129c,1789772393.000,24,0
1789772394.847,8,93b3a7cd-8d6d-4cb0-a7e4-01cfb202037d,1789772394.000,0,0
1789772394.981,23,12232a05-c4f1-4e3c-a05f-46d0862f72b6,1789772392.000,5,0
1789772394.981,23,433528b7-8ad7-432a-85e5-d62e188f129c,1789772393.000,24,0
1789772394.981,23,93b3a7cd-8d6d-4cb0-a7e4-01cfb202037d,1789772394.000,0,0
1789772395.099,9,12232a05-c4f1-4e3c-a05f-46d0862f72b6,1789772392.000,5,0
1789772395.099,9,433528b7-8ad7-432a-85e5-d62e188f129c,1789772393.000,24,0
1789772395.099,9,93b3a7cd-8d6d-4cb0-a7e4-01cfb202037d,1789772394.000,0,0
1789772395.136,19,12232a05-c4f1-4e3c-a05f-46d0862f72b6,1789772392.000,5,0
1789772395.136,19,433528b7-8ad7-432a-85e5-d62e188f129c,1789772393.000,24,0
1789772395.136,19,93b3a7cd-8d6d-4cb0-a7e4-01cfb202037d,1789772394.000,0,0
1789772395.196,24,12232a05-c4f1-4e3c-a05f-46d0862f72b6,1789772392.000,5,0
1789772395.196,24,93b3a7cd-8d6d-4cb0-a7e4-01cfb202037d,1789772394.000,0,0
1789772395.319,10,12232a05-c4f1-4e3c-a05f-46d0862f72b6,1953212392.000,5,0
1789772395.319,5,433528b7-8ad7-432a-85e5-d62e188f129c,,24,0
1789772395.319,10,433528b7-8ad7-432a-85e5-d62e188f129c,1789772393.000,24,0
1789772395.319,5,93b3a7cd-8d6d-4cb0-a7e4-01cfb202037d,1789772394.000,0,0
1789772395.319,10,93b3a7cd-8d6d-4cb0-a7e4-01cfb202037d,,0,0
1789772395.358,20,12232a05-c4f1-4e3c-a05f-46d0862f72b6,1789772392.000,5,0
1789772395.358,20,433528b7-8ad7-432a-85e5-d62e188f129c,1789772393.000,24,0
1789772395.358,20,93b3a7cd-8d6d-4cb0-a7e4-01cfb202037d,1789772394.000,0,0
1789772395.501,11,12232a05-c4f1-4e3c-a05f-46d0862f72b6,1789772392.000,5,0
1789772395.501,11,433528b7-8ad7-432a-85e5-d62e188f129c,1789772393.000,24,0
1789772395.501,11,93b3a7cd-8d6d-4cb0-a7e4-01cfb202037d,1789772394.000,0,0
1789772395.670,12,12232a05-c4f1-4e3c-a05f-46d0862f72b6,1789772392.000,5,0
1789772395.670,12,433528b7-8ad7-432a-85e5-d62e188f129c,1789772393.000,24,0
1789772395.670,12,93b3a7cd-8d6d-4cb0-a7e4-01cfb202037d,1789772394.000,0,0
1789772395.851,13,12232a05-c4f1-4e3c-a05f-46d0862f72b6,1789772392.000,5,0
1789772395.851,13,433528b7-8ad7-432a-85e5-d62e188f129c,1789772393.000,24,0
1789772395.851,13,93b3a7cd-8d6d-4cb0-a7e4-01cfb202037d,1789772394.000,0,0
1789772396.140,14,12232a05-c4f1-4e3c-a05f-46d0862f72b6,1789772392.000,5,0
1789772396.140,14,433528b7-8ad7-432a-85e5-d62e188f129c,1789772393.000,24,0
1789772396.140,14,93b3a7cd-8d6d-4cb0-a7e4-01cfb202037d,1789772394.000,0,0
1789772396.323,0,12232a05-c4f1-4e3c-a05f-46d0862f72b6,1789772392.000,5,0
1789772396.323,0,433528b7-8ad7-432a-85e5-d62e188f129c,1789772393.000,24,0
1789772396.361,15,12232a05-c4f1-4e3c-a05f-46d0862f72b6,1789772392.000,5,0
1789772396.361,15,433528b7-8ad7-432a-85e5-d62e188f129c,1789772393.000,24,0
1789772396.361,15,93b3a7cd-8d6d-4cb0-a7e4-01cfb202037d,1789772394.000,0,0
1789772396.506,1,12232a05-c4f1-4e3c-a05f-46d0862f72b6,1789772392.000,5,0
1789772396.506,1,433528b7-8ad7-432a-85e5-d62e188f129c,1789772393.000,24,0
1789772396.506,1,93b3a7cd-8d6d-4cb0-a7e4-01cfb202037d,1789772394.000,0,0
1789772396.551,16,12232a05-c4f1-4e3c-a05f-46d0862f72b6,1789772392.000,5,0
1789772396.551,16,433528b7-8ad7-432a-85e5-d62e188f129c,1789772393.000,24,0
1789772396.551,16,93b3a7cd-8d6d-4cb0-a7e4-01cfb202037d,1789772394.000,0,0
1789772396.672,2,12232a05-c4f1-4e3c-a05f-46d0862f72b6,1789772392.000,5,0
1789772396.672,2,433528b7-8ad7-432a-85e5-d62e188f129c,1789772393.000,24,0
1789772396.672,2,93b3a7cd-8d6d-4cb0-a7e4-01cfb202037d,1789772394.000,0,0
1789772396.757,17,12232a05-c4f1-4e3c-a05f-46d0862f72b6,1789772392.000,5,0
1789772396.757,17,433528b7-8ad7-432a-85e5-d62e188f129c,1789772393.000,24,0
1789772396.757,17,93b3a7cd-8d6d-4cb0-a7e4-01cfb202037d,1789772394.000,0,0
1789772396.853,3,12232a05-c4f1-4e3c-a05f-46d0862f72b6,1789772392.000,5,0
1789772396.853,3,433528b7-8ad7-432a-85e5-d62e188f129c,1789772393.000,24,0
1789772396.853,3,93b3a7cd-8d6d-4cb0-a7e4-01cfb202037d,1789772394.000,0,0
1789772396.950,18,12232a05-c4f1-4e3c-a05f-46d0862f72b6,1789772392.000,5,0
1789772396.950,18,433528b7-8ad7-432a-85e5-d62e188f129c,1789772393.000,24,0
1789772396.950,18,93b3a7cd-8d6d-4cb0-a7e4-01cfb202037d,1789772394.000,0,0
1789772397.101,4,12232a05-c4f1-4e3c-a05f-46d0862f72b6,1789772392.000,5,0
1789772397.101,4,433528b7-8ad7-432a-85e5-d62e188f129c,1789772393.000,24,0
1789772397.101,4,93b3a7cd-8d6d-4cb0-a7e4-01cfb202037d,1789772394.000,0,0
1789772397.509,6,93b3a7cd-8d6d-4cb0-a7e4-01cfb202037d,1789772394.000,0,1
1789772397.509,6,e81a326f-5b43-4870-b71d-40d153a6d4f3,1789772396.000,17,0
1789772397.509,6,88a4f0b9-15bf-4a7c-94cf-49d36d9fb13c,1789772396.000,3,0
1789772397.556,21,93b3a7cd-8d6d-4cb0-a7e4-01cfb202037d,1789772394.000,0,1
1789772397.556,21,e81a326f-5b43-4870-b71d-40d153a6d4f3,1789772396.000,17,0
1789772397.556,21,88a4f0b9-15bf-4a7c-94cf-49d36d9fb13c,1789772396.000,3,0
1789772397.677,7,93b3a7cd-8d6d-4cb0-a7e4-01cfb202037d,1789772394.000,0,1
1789772397.677,7,e81a326f-5b43-4870-b71d-40d153a6d4f3,1789772396.000,17,0
1789772397.677,7,88a4f0b9-15bf-4a7c-94cf-49d36d9fb13c,1789772396.000,3,0
1789772397.765,22,93b3a7cd-8d6d-4cb0-a7e4-01cfb202037d,1789772394.000,0,1
1789772397.765,22,e81a326f-5b43-4870-b71d-40d153a6d4f3,1789772396.000,17,0
1789772397.765,22,88a4f0b9-15bf-4a7c-94cf-49d36d9fb13c,1789772396.000,3,0
1789772397.854,8,93b3a7cd-8d6d-4cb0-a7e4-01cfb202037d,1789772394.000,0,1
1789772397.854,8,e81a326f-5b43-4870-b71d-40d153a6d4f3,1789772396.000,17,0
1789772397.854,8,88a4f0b9-15bf-4a7c-94cf-49d36d9fb13c,1789772396.000,3,0
1789772397.996,23,93b3a7cd-8d6d-4cb0-a7e4-01cfb202037d,1789772394.000,0,1
1789772397.996,23,e81a326f-5b43-4870-b71d-40d153a6d4f3,1789772396.000,17,0
1789772397.996,23,88a4f0b9-15bf-4a7c-94cf-49d36d9fb13c,1789772396.000,3,0
1789772398.104,9,93b3a7cd-8d6d-4cb0-a7e4-01cfb202037d,1789772394.000,0,1
1789772398.104,9,e81a326f-5b43-4870-b71d-40d153a6d4f3,1789772396.000,17,0
1789772398.104,9,88a4f0b9-15bf-4a7c-94cf-49d36d9fb13c,1789772396.000,3,0
1789772398.146,19,93b3a7cd-8d6d-4cb0-a7e4-01cfb202037d,1789772394.000,0,1
1789772398.146,19,e81a326f-5b43-4870-b71d-40d153a6d4f3,1789772396.000,17,0
1789772398.146,19,88a4f0b9-15bf-4a7c-94cf-49d36d9fb13c,1789772396.000,3,0
1789772398.206,24,93b3a7cd-8d6d-4cb0-a7e4-01cfb202037d,1789772394.000,0,1
1789772398.206,24,e81a326f-5b43-4870-b71d-40d153a6d4f3,1789772396.000,17,0
1789772398.206,24,88a4f0b9-15bf-4a7c-94cf-49d36d9fb13c,1789772396.000,3,0
1789772398.332,5,93b3a7cd-8d6d-4cb0-a7e4-01cfb202037d,25502252394.000,0,1
1789772398.332,10,93b3a7cd-8d6d-4cb0-a7e4-01cfb202037d,,0,1
1789772398.332,5,e81a326f-5b43-4870-b71d-40d153a6d4f3,1789772396.000,17,0
1789772398.332,5,88a4f0b9-15bf-4a7c-94cf-49d36d9fb13c,1789772396.000,3,0
1789772398.332,10,e81a326f-5b43-4870-b71d-40d153a6d4f3,1789772396.000,17,0
1789772398.332,10,88a4f0b9-15bf-4a7c-94cf-49d36d9fb13c,1789772396.000,3,0
1789772398.367,20,93b3a7cd-8d6d-4cb0-a7e4-01cfb202037d,1789772394.000,0,1
1789772398.367,20,e81a326f-5b43-4870-b71d-40d153a6d4f3,1789772396.000,17,0
1789772398.367,20,88a4f0b9-15bf-4a7c-94cf-49d36d9fb13c,1789772396.000,3,0
1789772398.512,11,93b3a7cd-8d6d-4cb0-a7e4-01cfb202037d,1789772394.000,0,1
1789772398.512,11,e81a326f-5b43-4870-b71d-40d153a6d4f3,1789772396.000,17,0
1789772398.512,11,88a4f0b9-15bf-4a7c-94cf-49d36d9fb13c,1789772396.000,3,0
1789772398.681,12,93b3a7cd-8d6d-4cb0-a7e4-01cfb202037d,1789772394.000,0,1
1789772398.681,12,e81a326f-5b43-4870-b71d-40d153a6d4f3,1789772396.000,17,0
1789772398.681,12,88a4f0b9-15bf-4a7c-94cf-49d36d9fb13c,1789772396.000,3,0
1789772398.862,13,93b3a7cd-8d6d-4cb0-a7e4-01cfb202037d,1789772394.000,0,1
1789772398.862,13,e81a326f-5b43-4870-b71d-40d153a6d4f3,1789772396.000,17,0
1789772398.862,13,88a4f0b9-15bf-4a7c-94cf-49d36d9fb13c,1789772396.000,3,0
1789772399.150,14,93b3a7cd-8d6d-4cb0-a7e4-01cfb202037d,1789772394.000,0,1
1789772399.150,14,e81a326f-5b43-4870-b71d-40d153a6d4f3,1789772396.000,17,0
1789772399.150,14,88a4f0b9-15bf-4a7c-94cf-49d36d9fb13c,1789772396.000,3,0
1789772399.337,0,e81a326f-5b43-4870-b71d-40d153a6d4f3,1789772396.000,17,0
1789772399.337,0,88a4f0b9-15bf-4a7c-94cf-49d36d9fb13c,1789772396.000,3,0
1789772399.369,15,93b3a7cd-8d6d-4cb0-a7e4-01cfb202037d,1789772394.000,0,1
1789772399.369,15,e81a326f-5b43-4870-b71d-40d153a6d4f3,1789772396.000,17,0
1789772399.369,15,88a4f0b9-15bf-4a7c-94cf-49d36d9fb13c,1789772396.000,3,0
1789772399.513,1,93b3a7cd-8d6d-4cb0-a7e4-01cfb202037d,1789772394.000,0,1
1789772399.513,1,e81a326f-5b43-4870-b71d-40d153a6d4f3,1789772396.000,17,0
1789772399.513,1,88a4f0b9-15bf-4a7c-94cf-49d36d9fb13c,1789772396.000,3,0
1789772399.564,16,93b3a7cd-8d6d-4cb0-a7e4-01cfb202037d,1789772394.000,0,1
1789772399.564,16,e81a326f-5b43-4870-b71d-40d153a6d4f3,1789772396.000,17,0
1789772399.564,16,88a4f0b9-15bf-4a7c-94cf-49d36d9fb13c,1789772396.000,3,0
1789772399.686,2,93b3a7cd-8d6d-4cb0-a7e4-01cfb202037d,1789772394.000,0,1
1789772399.686,2,e81a326f-5b43-4870-b71d-40d153a6d4f3,1789772396.000,17,0
1789772399.686,2,88a4f0b9-15bf-4a7c-94cf-49d36d9fb13c,1789772396.000,3,0
1789772399.773,17,93b3a7cd-8d6d-4cb0-a7e4-01cfb202037d,1789772394.000,0,1
1789772399.773,17,88a4f0b9-15bf-4a7c-94cf-49d36d9fb13c,1789772396.000,3,0
1789772399.867,3,93b3a7cd-8d6d-4cb0-a7e4-01cfb202037d,1789772394.000,0,1
1789772399.867,3,e81a326f-5b43-4870-b71d-40d153a6d4f3,1789772396.000,17,0
1789772399.958,18,93b3a7cd-8d6d-4cb0-a7e4-01cfb202037d,1789772394.000,0,1
1789772399.958,18,e81a326f-5b43-4870-b71d-40d153a6d4f3,1789772396.000,17,0
1789772399.958,18,88a4f0b9-15bf-4a7c-94cf-49d36d9fb13c,1789772396.000,3,0
1789772400.111,4,93b3a7cd-8d6d-4cb0-a7e4-01cfb202037d,1789772394.000,0,1
1789772400.111,4,e81a326f-5b43-4870-b71d-40d153a6d4f3,1789772396.000,17,0
1789772400.111,4,88a4f0b9-15bf-4a7c-94cf-49d36d9fb13c,1789772396.000,3,0
1789772400.517,6,60a429b2-0874-46b4-bb5c-2a81a4bddd7a,1789772399.000,20,0
1789772400.517,6,cfaae8e1-e723-435a-bf94-36f15058da87,1789772399.000,10,0
1789772400.517,6,c144829b-5d03-4bfc-b7a6-27ae5dde644f,1789772400.000,7,0
1789772400.565,21,60a429b2-0874-46b4-bb5c-2a81a4bddd7a,1789772399.000,20,0
1789772400.565,21,cfaae8e1-e723-435a-bf94-36f15058da87,1789772399.000,10,0
1789772400.565,21,227b5516-bc93-4163-a8bd-795df6b49d5b,1789772399.000,6,0
1789772400.565,21,c144829b-5d03-4bfc-b7a6-27ae5dde644f,1789772400.000,7,0
1789772400.690,7,60a429b2-0874-46b4-bb5c-2a81a4bddd7a,1789772399.000,20,0
1789772400.690,7,cfaae8e1-e723-435a-bf94-36f15058da87,1789772399.000,10,0
1789772400.690,7,227b5516-bc93-4163-a8bd-795df6b49d5b,1789772399.000,6,0
1789772400.777,22,60a429b2-0874-46b4-bb5c-2a81a4bddd7a,1789772399.000,20,0
1789772400.777,22,cfaae8e1-e723-435a-bf94-36f15058da87,1789772399.000,10,0
1789772400.777,22,227b5516-bc93-4163-a8bd-795df6b49d5b,1789772399.000,6,0
1789772400.777,22,c144829b-5d03-4bfc-b7a6-27ae5dde644f,1789772400.000,7,0
1789772400.869,8,60a429b2-0874-46b4-bb5c-2a81a4bddd7a,1789772399.000,20,0
1789772400.869,8,cfaae8e1-e723-435a-bf94-36f15058da87,1789772399.000,10,0
1789772400.869,8,227b5516-bc93-4163-a8bd-795df6b49d5b,1789772399.000,6,0
1789772400.869,8,c144829b-5d03-4bfc-b7a6-27ae5dde644f,1789772400.000,7,0
1789772401.006,23,60a429b2-0874-46b4-bb5c-2a81a4bddd7a,1789772399.000,20,0
1789772401.006,23,cfaae8e1-e723-435a-bf94-36f15058da87,1789772399.000,10,0
1789772401.006,23,227b5516-bc93-4163-a8bd-795df6b49d5b,1789772399.000,6,0
1789772401.006,23,c144829b-5d03-4bfc-b7a6-27ae5dde644f,1789772400.000,7,0
1789772401.113,9,60a429b2-0874-46b4-bb5c-2a81a4bddd7a,1789772399.000,20,0
1789772401.113,9,cfaae8e1-e723-435a-bf94-36f15058da87,1789772399.000,10,0
1789772401.113,9,227b5516-bc93-4163-a8bd-795df6b49d5b,1789772399.000,6,0
1789772401.113,9,c144829b-5d03-4bfc-b7a6-27ae5dde644f,1789772400.000,7,0
1789772401.151,19,60a429b2-0874-46b4-bb5c-2a81a4bddd7a,1789772399.000,20,0
1789772401.151,19,cfaae8e1-e723-435a-bf94-36f15058da87,1789772399.000,10,0
1789772401.151,19,227b5516-bc93-4163-a8bd-795df6b49d5b,1789772399.000,6,0
1789772401.151,19,c144829b-5d03-4bfc-b7a6-27ae5dde644f,1789772400.000,7,0
1789772401.218,24,60a429b2-0874-46b4-bb5c-2a81a4bddd7a,1789772399.000,20,0
1789772401.218,24,cfaae8e1-e723-435a-bf94-36f15058da87,1789772399.000,10,0
1789772401.218,24,227b5516-bc93-4163-a8bd-795df6b49d5b,1789772399.000,6,0
1789772401.218,24,c144829b-5d03-4bfc-b7a6-27ae5dde644f,1789772400.000,7,0
1789772401.343,5,60a429b2-0874-46b4-bb5c-2a81a4bddd7a,1789772399.000,20,0
1789772401.343,10,60a429b2-0874-46b4-bb5c-2a81a4bddd7a,1789772399.000,20,0
1789772401.343,5,cfaae8e1-e723-435a-bf94-36f15058da87,1789772399.000,10,0
1789772401.343,10,227b5516-bc93-4163-a8bd-795df6b49d5b,1789772399.000,6,0
1789772401.343,5,227b5516-bc93-4163-a8bd-795df6b49d5b,1789772399.000,6,0
1789772401.343,10,c144829b-5d03-4bfc-b7a6-27ae5dde644f,1789772400.000,7,0
1789772401.343,5,c144829b-5d03-4bfc-b7a6-27ae5dde644f,1789772400.000,7,0
1789772401.374,20,cfaae8e1-e723-435a-bf94-36f15058da87,1789772399.000,10,0
1789772401.374,20,227b5516-bc93-4163-a8bd-795df6b49d5b,1789772399.000,6,0
1789772401.374,20,c144829b-5d03-4bfc-b7a6-27ae5dde644f,1789772400.000,7,0
1789772401.522,11,60a429b2-0874-46b4-bb5c-2a81a4bddd7a,1789772399.000,20,0
1789772401.522,11,cfaae8e1-e723-435a-bf94-36f15058da87,1789772399.000,10,0
1789772401.522,11,227b5516-bc93-4163-a8bd-795df6b49d5b,1789772399.000,6,0
1789772401.522,11,c144829b-5d03-4bfc-b7a6-27ae5dde644f,1789772400.000,7,0
1789772401.692,12,60a429b2-0874-46b4-bb5c-2a81a4bddd7a,1789772399.000,20,0
1789772401.692,12,cfaae8e1-e723-435a-bf94-36f15058da87,1789772399.000,10,0
1789772401.692,12,227b5516-bc93-4163-a8bd-795df6b49d5b,1789772399.000,6,0
1789772401.692,12,c144829b-5d03-4bfc-b7a6-27ae5dde644f,1789772400.000,7,0
1789772401.876,13,60a429b2-0874-46b4-bb5c-2a81a4bddd7a,1789772399.000,20,0
1789772401.876,13,cfaae8e1-e723-435a-bf94-36f15058da87,1789772399.000,10,0
1789772401.876,13,227b5516-bc93-4163-a8bd-795df6b49d5b,1789772399.000,6,0
1789772401.876,13,c144829b-5d03-4bfc-b7a6-27ae5dde644f,1789772400.000,7,0
1789772402.156,14,60a429b2-0874-46b4-bb5c-2a81a4bddd7a,1789772399.000,20,0
1789772402.156,14,cfaae8e1-e723-435a-bf94-36f15058da87,1789772399.000,10,0
1789772402.156,14,227b5516-bc93-4163-a8bd-795df6b49d5b,1789772399.000,6,0
1789772402.156,14,c144829b-5d03-4bfc-b7a6-27ae5dde644f,1789772400.000,7,0
1789772402.348,0,60a429b2-0874-46b4-bb5c-2a81a4bddd7a,1789772399.000,20,0
1789772402.348,0,cfaae8e1-e723-435a-bf94-36f15058da87,1789772399.000,10,0
1789772402.348,0,227b5516-bc93-4163-a8bd-795df6b49d5b,1789772399.000,6,0
1789772402.348,0,c144829b-5d03-4bfc-b7a6-27ae5dde644f,1789772400.000,7,0
1789772402.379,15,60a429b2-0874-46b4-bb5c-2a81a4bddd7a,1789772399.000,20,0
1789772402.379,15,cfaae8e1-e723-435a-bf94-36f15058da87,1789772399.000,10,0
1789772402.379,15,227b5516-bc93-4163-a8bd-795df6b49d5b,1789772399.000,6,0
1789772402.379,15,c144829b-5d03-4bfc-b7a6-27ae5dde644f,1789772400.000,7,0
1789772402.522,1,60a429b2-0874-46b4-bb5c-2a81a4bddd7a,1789772399.000,20,0
1789772402.522,1,cfaae8e1-e723-435a-bf94-36f15058da87,1789772399.000,10,0
1789772402.522,1,227b5516-bc93-4163-a8bd-795df6b49d5b,1789772399.000,6,0
1789772402.522,1,c144829b-5d03-4bfc-b7a6-27ae5dde644f,1789772400.000,7,0
1789772402.570,16,60a429b2-0874-46b4-bb5c-2a81a4bddd7a,1789772399.000,20,0
1789772402.570,16,cfaae8e1-e723-435a-bf94-36f15058da87,1789772399.000,10,0
1789772402.570,16,227b5516-bc93-4163-a8bd-795df6b49d5b,1789772399.000,6,0
1789772402.570,16,c144829b-5d03-4bfc-b7a6-27ae5dde644f,1789772400.000,7,0
1789772402.696,2,60a429b2-0874-46b4-bb5c-2a81a4bddd7a,1789772399.000,20,0
1789772402.696,2,cfaae8e1-e723-435a-bf94-36f15058da87,1789772399.000,10,0
1789772402.696,2,227b5516-bc93-4163-a8bd-795df6b49d5b,1789772399.000,6,0
1789772402.696,2,c144829b-5d03-4bfc-b7a6-27ae5dde644f,1789772400.000,7,0
1789772402.779,17,60a429b2-0874-46b4-bb5c-2a81a4bddd7a,1789772399.000,20,0
1789772402.779,17,cfaae8e1-e723-435a-bf94-36f15058da87,1789772399.000,10,0
1789772402.779,17,227b5516-bc93-4163-a8bd-795df6b49d5b,1789772399.000,6,0
1789772402.779,17,c144829b-5d03-4bfc-b7a6-27ae5dde644f,1789772400.000,7,0
1789772402.881,3,60a429b2-0874-46b4-bb5c-2a81a4bddd7a,1789772399.000,20,0
1789772402.881,3,cfaae8e1-e723-435a-bf94-36f15058da87,1789772399.000,10,0
1789772402.881,3,227b5516-bc93-4163-a8bd-795df6b49d5b,1789772399.000,6,0
1789772402.881,3,c144829b-5d03-4bfc-b7a6-27ae5dde644f,1789772400.000,7,0
1789772402.968,18,60a429b2-0874-46b4-bb5c-2a81a4bddd7a,1789772399.000,20,0
1789772402.968,18,cfaae8e1-e723-435a-bf94-36f15058da87,1789772399.000,10,0
1789772402.968,18,227b5516-bc93-4163-a8bd-795df6b49d5b,1789772399.000,6,0
1789772402.968,18,c144829b-5d03-4bfc-b7a6-27ae5dde644f,1789772400.000,7,0
1789772403.118,4,60a429b2-0874-46b4-bb5c-2a81a4bddd7a,1789772399.000,20,0
1789772403.118,4,cfaae8e1-e723-435a-bf94-36f15058da87,1789772399.000,10,0
1789772403.118,4,227b5516-bc93-4163-a8bd-795df6b49d5b,1789772399.000,6,0
1789772403.118,4,c144829b-5d03-4bfc-b7a6-27ae5dde644f,1789772400.000,7,0
1789772403.380,20,c144829b-5d03-4bfc-b7a6-27ae5dde644f,1789772400.000,7,1
1789772403.527,6,c144829b-5d03-4bfc-b7a6-27ae5dde644f,1789772400.000,7,1
1789772403.573,21,c144829b-5d03-4bfc-b7a6-27ae5dde644f,1789772400.000,7,1
1789772403.784,22,c144829b-5d03-4bfc-b7a6-27ae5dde644f,1789772400.000,7,1
1789772403.884,8,c144829b-5d03-4bfc-b7a6-27ae5dde644f,1789772400.000,7,1
1789772404.014,23,c144829b-5d03-4bfc-b7a6-27ae5dde644f,1789772400.000,7,1
1789772404.120,9,c144829b-5d03-4bfc-b7a6-27ae5dde644f,1789772400.000,7,1
1789772404.164,19,c144829b-5d03-4bfc-b7a6-27ae5dde644f,1789772400.000,7,1
1789772404.223,24,c144829b-5d03-4bfc-b7a6-27ae5dde644f,1789772400.000,7,1
1789772404.355,10,c144829b-5d03-4bfc-b7a6-27ae5dde644f,1789772400.000,7,1
1789772404.355,5,c144829b-5d03-4bfc-b7a6-27ae5dde644f,-61860762000.000,7,1
1789772404.530,11,c144829b-5d03-4bfc-b7a6-27ae5dde644f,1789772400.000,7,1
1789772404.707,12,c144829b-5d03-4bfc-b7a6-27ae5dde644f,1789772400.000,7,1
1789772404.889,13,c144829b-5d03-4bfc-b7a6-27ae5dde644f,1789772400.000,7,1
1789772405.168,14,c144829b-5d03-4bfc-b7a6-27ae5dde644f,1789772400.000,7,1
1789772405.363,0,c144829b-5d03-4bfc-b7a6-27ae5dde644f,1789772400.000,7,1
1789772405.388,15,c144829b-5d03-4bfc-b7a6-27ae5dde644f,1789772400.000,7,1
1789772405.534,1,c144829b-5d03-4bfc-b7a6-27ae5dde644f,1789772400.000,7,1
1789772405.578,16,c144829b-5d03-4bfc-b7a6-27ae5dde644f,1789772400.000,7,1
1789772405.710,2,c144829b-5d03-4bfc-b7a6-27ae5dde644f,1789772400.000,7,1
1789772405.797,17,c144829b-5d03-4bfc-b7a6-27ae5dde644f,1789772400.000,7,1
1789772405.895,3,c144829b-5d03-4bfc-b7a6-27ae5dde644f,1789772400.000,7,1
1789772405.976,18,c144829b-5d03-4bfc-b7a6-27ae5dde644f,1789772400.000,7,1
1789772406.124,4,c144829b-5d03-4bfc-b7a6-27ae5dde644f,1789772400.000,7,1
1789772406.367,5,762a5476-d4eb-4369-8f21-5b06c9079daf,1789772403.000,12,0
1789772406.396,20,762a5476-d4eb-4369-8f21-5b06c9079daf,1789772403.000,12,0
1789772406.537,6,762a5476-d4eb-4369-8f21-5b06c9079daf,1789772403.000,12,0
1789772406.581,21,762a5476-d4eb-4369-8f21-5b06c9079daf,1789772403.000,12,0
1789772406.711,7,762a5476-d4eb-4369-8f21-5b06c9079daf,1789772403.000,12,0
1789772406.802,22,762a5476-d4eb-4369-8f21-5b06c9079daf,1789772403.000,12,0
1789772406.900,8,762a5476-d4eb-4369-8f21-5b06c9079daf,1789772403.000,12,0
1789772407.024,23,762a5476-d4eb-4369-8f21-5b06c9079daf,1789772403.000,12,0
1789772407.127,9,762a5476-d4eb-4369-8f21-5b06c9079daf,1789772403.000,12,0
1789772407.177,19,762a5476-d4eb-4369-8f21-5b06c9079daf,1789772403.000,12,0
1789772407.232,24,762a5476-d4eb-4369-8f21-5b06c9079daf,1789772403.000,12,0
1789772407.370,10,762a5476-d4eb-4369-8f21-5b06c9079daf,1789772403.000,12,0
1789772407.538,11,762a5476-d4eb-4369-8f21-5b06c9079daf,1789772403.000,12,0
1789772407.901,13,762a5476-d4eb-4369-8f21-5b06c9079daf,1789772403.000,12,0
1789772408.180,14,762a5476-d4eb-4369-8f21-5b06c9079daf,1789772403.000,12,0
1789772408.374,0,762a5476-d4eb-4369-8f21-5b06c9079daf,1789772403.000,12,0
1789772408.397,15,762a5476-d4eb-4369-8f21-5b06c9079daf,1789772403.000,12,0
1789772408.542,1,762a5476-d4eb-4369-8f21-5b06c9079daf,1789772403.000,12,0
1789772408.585,16,762a5476-d4eb-4369-8f21-5b06c9079daf,1789772403.000,12,0
1789772408.718,2,762a5476-d4eb-4369-8f21-5b06c9079daf,1789772403.000,12,0
1789772408.804,17,762a5476-d4eb-4369-8f21-5b06c9079daf,1789772403.000,12,0
1789772408.905,3,762a5476-d4eb-4369-8f21-5b06c9079daf,1789772403.000,12,0
1789772408.982,18,762a5476-d4eb-4369-8f21-5b06c9079daf,1789772403.000,12,0
1789772409.132,4,762a5476-d4eb-4369-8f21-5b06c9079daf,1789772403.000,12,0
1789772445.485,20,14942580-4075-4af4-ac4d-e8a93974c537,1789772444.000,13,0
1789772445.485,5,14942580-4075-4af4-ac4d-e8a93974c537,,13,0
1789772445.665,6,14942580-4075-4af4-ac4d-e8a93974c537,1789772444.000,13,0
1789772445.689,21,14942580-4075-4af4-ac4d-e8a93974c537,1789772444.000,13,0
1789772445.836,7,14942580-4075-4af4-ac4d-e8a93974c537,1789772444.000,13,0
1789772445.895,22,14942580-4075-4af4-ac4d-e8a93974c537,1789772444.000,13,0
1789772446.023,8,14942580-4075-4af4-ac4d-e8a93974c537,1789772444.000,13,0
1789772446.085,23,14942580-4075-4af4-ac4d-e8a93974c537,1789772444.000,13,0
1789772446.245,9,14942580-4075-4af4-ac4d-e8a93974c537,,13,0
1789772446.245,4,14942580-4075-4af4-ac4d-e8a93974c537,,13,0
1789772446.294,19,14942580-4075-4af4-ac4d-e8a93974c537,1789772444.000,13,0
1789772446.347,24,14942580-4075-4af4-ac4d-e8a93974c537,1789772444.000,13,0
1789772446.489,10,14942580-4075-4af4-ac4d-e8a93974c537,1789772444.000,13,0
1789772446.665,11,14942580-4075-4af4-ac4d-e8a93974c537,1789772444.000,13,0
1789772446.838,12,14942580-4075-4af4-ac4d-e8a93974c537,1789772444.000,13,0
1789772447.297,14,14942580-4075-4af4-ac4d-e8a93974c537,1789772444.000,13,0
1789772447.489,0,14942580-4075-4af4-ac4d-e8a93974c537,1789772444.000,13,0
1789772447.489,15,14942580-4075-4af4-ac4d-e8a93974c537,,13,0
1789772447.667,1,14942580-4075-4af4-ac4d-e8a93974c537,1789772444.000,13,0
1789772447.694,16,14942580-4075-4af4-ac4d-e8a93974c537,1789772444.000,13,0
1789772447.843,2,14942580-4075-4af4-ac4d-e8a93974c537,1789772444.000,13,0
1789772447.897,17,14942580-4075-4af4-ac4d-e8a93974c537,1789772444.000,13,0
1789772448.027,3,14942580-4075-4af4-ac4d-e8a93974c537,1789772444.000,13,0
1789772448.091,18,14942580-4075-4af4-ac4d-e8a93974c537,1789772444.000,13,0
1789772451.501,5,cc9511c6-f479-49bb-83d8-a16d072a4016,1789772448.000,11,0
1789772451.501,20,cc9511c6-f479-49bb-83d8-a16d072a4016,1789772448.000,11,0
1789772451.501,5,a87b61a2-0ef1-4e13-a796-6afbbf2e64be,1789772450.000,4,0
1789772451.501,20,a87b61a2-0ef1-4e13-a796-6afbbf2e64be,1789772450.000,4,0
1789772451.678,6,cc9511c6-f479-49bb-83d8-a16d072a4016,1789772448.000,11,0
1789772451.678,6,a87b61a2-0ef1-4e13-a796-6afbbf2e64be,1789772450.000,4,0
1789772451.699,21,cc9511c6-f479-49bb-83d8-a16d072a4016,1789772448.000,11,0
1789772451.699,21,a87b61a2-0ef1-4e13-a796-6afbbf2e64be,1789772450.000,4,0
1789772451.855,7,cc9511c6-f479-49bb-83d8-a16d072a4016,1789772448.000,11,0
1789772451.855,7,a87b61a2-0ef1-4e13-a796-6afbbf2e64be,1789772450.000,4,0
1789772451.901,22,cc9511c6-f479-49bb-83d8-a16d072a4016,1789772448.000,11,0
1789772451.901,22,a87b61a2-0ef1-4e13-a796-6afbbf2e64be,1789772450.000,4,0
1789772452.038,8,cc9511c6-f479-49bb-83d8-a16d072a4016,1789772448.000,11,0
1789772452.038,8,a87b61a2-0ef1-4e13-a796-6afbbf2e64be,1789772450.000,4,0
1789772452.096,23,cc9511c6-f479-49bb-83d8-a16d072a4016,1789772448.000,11,0
1789772452.096,23,a87b61a2-0ef1-4e13-a796-6afbbf2e64be,1789772450.000,4,0
1789772452.264,9,cc9511c6-f479-49bb-83d8-a16d072a4016,1789772448.000,11,0
1789772452.264,4,cc9511c6-f479-49bb-83d8-a16d072a4016,,11,0
1789772452.264,9,a87b61a2-0ef1-4e13-a796-6afbbf2e64be,1789772450.000,4,0
1789772452.307,19,cc9511c6-f479-49bb-83d8-a16d072a4016,1789772448.000,11,0
1789772452.307,19,a87b61a2-0ef1-4e13-a796-6afbbf2e64be,1789772450.000,4,0
1789772452.366,24,cc9511c6-f479-49bb-83d8-a16d072a4016,1789772448.000,11,0
1789772452.366,24,a87b61a2-0ef1-4e13-a796-6afbbf2e64be,1789772450.000,4,0
1789772452.506,10,cc9511c6-f479-49bb-83d8-a16d072a4016,1789772448.000,11,0
1789772452.506,10,a87b61a2-0ef1-4e13-a796-6afbbf2e64be,1789772450.000,4,0
1789772452.679,11,a87b61a2-0ef1-4e13-a796-6afbbf2e64be,1789772450.000,4,0
1789772452.859,12,cc9511c6-f479-49bb-83d8-a16d072a4016,1789772448.000,11,0
1789772452.859,12,a87b61a2-0ef1-4e13-a796-6afbbf2e64be,1789772450.000,4,0
1789772453.042,13,cc9511c6-f479-49bb-83d8-a16d072a4016,1789772448.000,11,0
1789772453.042,13,a87b61a2-0ef1-4e13-a796-6afbbf2e64be,1789772450.000,4,0
1789772453.311,14,cc9511c6-f479-49bb-83d8-a16d072a4016,1789772448.000,11,0
1789772453.311,14,a87b61a2-0ef1-4e13-a796-6afbbf2e64be,1789772450.000,4,0
1789772453.506,0,cc9511c6-f479-49bb-83d8-a16d072a4016,1789772448.000,11,0
1789772453.506,15,cc9511c6-f479-49bb-83d8-a16d072a4016,,11,0
1789772453.506,0,a87b61a2-0ef1-4e13-a796-6afbbf2e64be,1789772450.000,4,0
1789772453.506,15,a87b61a2-0ef1-4e13-a796-6afbbf2e64be,1789772450.000,4,0
1789772453.680,1,cc9511c6-f479-49bb-83d8-a16d072a4016,1789772448.000,11,0
1789772453.680,1,a87b61a2-0ef1-4e13-a796-6afbbf2e64be,1789772450.000,4,0
1789772453.705,16,cc9511c6-f479-49bb-83d8-a16d072a4016,1789772448.000,11,0
1789772453.705,16,a87b61a2-0ef1-4e13-a796-6afbbf2e64be,1789772450.000,4,0
1789772453.863,2,cc9511c6-f479-49bb-83d8-a16d072a4016,1789772448.000,11,0
1789772453.863,2,a87b61a2-0ef1-4e13-a796-6afbbf2e64be,1789772450.000,4,0
1789772453.907,17,cc9511c6-f479-49bb-83d8-a16d072a4016,1789772448.000,11,0
1789772453.907,17,a87b61a2-0ef1-4e13-a796-6afbbf2e64be,1789772450.000,4,0
1789772454.044,3,cc9511c6-f479-49bb-83d8-a16d072a4016,1789772448.000,11,0
1789772454.044,3,a87b61a2-0ef1-4e13-a796-6afbbf2e64be,1789772450.000,4,0
1789772454.105,18,cc9511c6-f479-49bb-83d8-a16d072a4016,1789772448.000,11,0
1789772454.105,18,a87b61a2-0ef1-4e13-a796-6afbbf2e64be,1789772450.000,4,0
1789772454.506,5,0dc845cd-5a7e-4f19-b785-4221f51cb036,1789772453.000,24,0
1789772454.506,20,963c2cb2-b5b1-43a5-bb2c-6973eb51b42f,1789772452.000,5,0
1789772454.506,20,0dc845cd-5a7e-4f19-b785-4221f51cb036,1789772453.000,24,0
1789772454.685,6,963c2cb2-b5b1-43a5-bb2c-6973eb51b42f,1789772452.000,5,0
1789772454.685,6,0dc845cd-5a7e-4f19-b785-4221f51cb036,1789772453.000,24,0
1789772454.707,21,963c2cb2-b5b1-43a5-bb2c-6973eb51b42f,1789772452.000,5,0
1789772454.707,21,0dc845cd-5a7e-4f19-b785-4221f51cb036,1789772453.000,24,0
1789772454.864,7,963c2cb2-b5b1-43a5-bb2c-6973eb51b42f,1789772452.000,5,0
1789772454.864,7,0dc845cd-5a7e-4f19-b785-4221f51cb036,1789772453.000,24,0
1789772454.907,22,963c2cb2-b5b1-43a5-bb2c-6973eb51b42f,1789772452.000,5,0
1789772454.907,22,0dc845cd-5a7e-4f19-b785-4221f51cb036,1789772453.000,24,0
1789772455.048,8,963c2cb2-b5b1-43a5-bb2c-6973eb51b42f,1789772452.000,5,0
1789772455.048,8,0dc845cd-5a7e-4f19-b785-4221f51cb036,1789772453.000,24,0
1789772455.105,23,963c2cb2-b5b1-43a5-bb2c-6973eb51b42f,1789772452.000,5,0
1789772455.105,23,0dc845cd-5a7e-4f19-b785-4221f51cb036,1789772453.000,24,0
1789772455.273,9,963c2cb2-b5b1-43a5-bb2c-6973eb51b42f,1789772452.000,5,0
1789772455.273,9,0dc845cd-5a7e-4f19-b785-4221f51cb036,1789772453.000,24,0
1789772455.273,4,963c2cb2-b5b1-43a5-bb2c-6973eb51b42f,,5,0
1789772455.273,4,0dc845cd-5a7e-4f19-b785-4221f51cb036,1789772453.000,24,0
1789772455.319,19,963c2cb2-b5b1-43a5-bb2c-6973eb51b42f,1789772452.000,5,0
1789772455.319,19,0dc845cd-5a7e-4f19-b785-4221f51cb036,1789772453.000,24,0
1789772455.375,24,963c2cb2-b5b1-43a5-bb2c-6973eb51b42f,1789772452.000,5,0
1789772455.510,10,963c2cb2-b5b1-43a5-bb2c-6973eb51b42f,1789772452.000,5,0
1789772455.510,10,0dc845cd-5a7e-4f19-b785-4221f51cb036,1789772453.000,24,0
1789772455.688,11,963c2cb2-b5b1-43a5-bb2c-6973eb51b42f,1789772452.000,5,0
1789772455.688,11,0dc845cd-5a7e-4f19-b785-4221f51cb036,1789772453.000,24,0
1789772455.867,12,963c2cb2-b5b1-43a5-bb2c-6973eb51b42f,1789772452.000,5,0
1789772455.867,12,0dc845cd-5a7e-4f19-b785-4221f51cb036,1789772453.000,24,0
1789772456.048,13,963c2cb2-b5b1-43a5-bb2c-6973eb51b42f,1789772452.000,5,0
1789772456.048,13,0dc845cd-5a7e-4f19-b785-4221f51cb036,1789772453.000,24,0
1789772456.320,14,963c2cb2-b5b1-43a5-bb2c-6973eb51b42f,1789772452.000,5,0
1789772456.320,14,0dc845cd-5a7e-4f19-b785-4221f51cb036,1789772453.000,24,0
1789772456.514,15,963c2cb2-b5b1-43a5-bb2c-6973eb51b42f,1789772452.000,5,0
1789772456.514,15,0dc845cd-5a7e-4f19-b785-4221f51cb036,1789772453.000,24,0
1789772456.514,0,963c2cb2-b5b1-43a5-bb2c-6973eb51b42f,1789772452.000,5,0
1789772456.514,0,0dc845cd-5a7e-4f19-b785-4221f51cb036,1789772453.000,24,0
1789772456.690,1,963c2cb2-b5b1-43a5-bb2c-6973eb51b42f,1789772452.000,5,0
1789772456.690,1,0dc845cd-5a7e-4f19-b785-4221f51cb036,1789772453.000,24,0
1789772456.710,16,963c2cb2-b5b1-43a5-bb2c-6973eb51b42f,1789772452.000,5,0
1789772456.710,16,0dc845cd-5a7e-4f19-b785-4221f51cb036,1789772453.000,24,0
1789772456.868,2,963c2cb2-b5b1-43a5-bb2c-6973eb51b42f,1789772452.000,5,0
1789772456.868,2,0dc845cd-5a7e-4f19-b785-4221f51cb036,1789772453.000,24,0
1789772456.912,17,963c2cb2-b5b1-43a5-bb2c-6973eb51b42f,1789772452.000,5,0
1789772456.912,17,0dc845cd-5a7e-4f19-b785-4221f51cb036,1789772453.000,24,0
1789772457.051,3,963c2cb2-b5b1-43a5-bb2c-6973eb51b42f,1789772452.000,5,0
1789772457.051,3,0dc845cd-5a7e-4f19-b785-4221f51cb036,1789772453.000,24,0
1789772457.114,18,963c2cb2-b5b1-43a5-bb2c-6973eb51b42f,1789772452.000,5,0
1789772457.114,18,0dc845cd-5a7e-4f19-b785-4221f51cb036,1789772453.000,24,0
1789772457.514,5,12df00a2-f696-45ed-b133-da79d29111c0,1789772418.000,0,0
1789772457.514,20,12df00a2-f696-45ed-b133-da79d29111c0,,0,0
1789772457.514,5,a2758425-03b9-4443-89a9-2e0b1e8860cf,1789772456.000,17,0
1789772457.514,20,a2758425-03b9-4443-89a9-2e0b1e8860cf,1789772456.000,17,0
1789772457.514,5,971ca92a-20b8-4e36-960b-8853de07bd45,1789772456.000,3,0
1789772457.514,20,971ca92a-20b8-4e36-960b-8853de07bd45,1789772456.000,3,0
1789772457.693,6,12df00a2-f696-45ed-b133-da79d29111c0,1789772454.000,0,0
1789772457.693,6,a2758425-03b9-4443-89a9-2e0b1e8860cf,1789772456.000,17,0
1789772457.693,6,971ca92a-20b8-4e36-960b-8853de07bd45,1789772456.000,3,0
1789772457.712,21,12df00a2-f696-45ed-b133-da79d29111c0,1789772454.000,0,0
1789772457.712,21,a2758425-03b9-4443-89a9-2e0b1e8860cf,1789772456.000,17,0
1789772457.712,21,971ca92a-20b8-4e36-960b-8853de07bd45,1789772456.000,3,0
1789772457.868,7,12df00a2-f696-45ed-b133-da79d29111c0,1789772454.000,0,0
1789772457.868,7,a2758425-03b9-4443-89a9-2e0b1e8860cf,1789772456.000,17,0
1789772457.868,7,971ca92a-20b8-4e36-960b-8853de07bd45,1789772456.000,3,0
1789772457.912,22,12df00a2-f696-45ed-b133-da79d29111c0,1789772454.000,0,0
1789772457.912,22,a2758425-03b9-4443-89a9-2e0b1e8860cf,1789772456.000,17,0
1789772457.912,22,971ca92a-20b8-4e36-960b-8853de07bd45,1789772456.000,3,0
1789772458.055,8,12df00a2-f696-45ed-b133-da79d29111c0,1789772454.000,0,0
1789772458.055,8,a2758425-03b9-4443-89a9-2e0b1e8860cf,1789772456.000,17,0
1789772458.055,8,971ca92a-20b8-4e36-960b-8853de07bd45,1789772456.000,3,0
1789772458.117,23,12df00a2-f696-45ed-b133-da79d29111c0,1789772454.000,0,0
1789772458.117,23,a2758425-03b9-4443-89a9-2e0b1e8860cf,1789772456.000,17,0
1789772458.117,23,971ca92a-20b8-4e36-960b-8853de07bd45,1789772456.000,3,0
1789772458.281,9,12df00a2-f696-45ed-b133-da79d29111c0,1789777854.000,0,0
1789772458.281,9,a2758425-03b9-4443-89a9-2e0b1e8860cf,1789772456.000,17,0
1789772458.281,4,12df00a2-f696-45ed-b133-da79d29111c0,1789777854.000,0,0
1789772458.281,9,971ca92a-20b8-4e36-960b-8853de07bd45,1789772456.000,3,0
1789772458.281,4,a2758425-03b9-4443-89a9-2e0b1e8860cf,1789772456.000,17,0
1789772458.281,4,971ca92a-20b8-4e36-960b-8853de07bd45,1789772456.000,3,0
1789772458.324,19,12df00a2-f696-45ed-b133-da79d29111c0,1789772454.000,0,0
1789772458.324,19,a2758425-03b9-4443-89a9-2e0b1e8860cf,1789772456.000,17,0
1789772458.324,19,971ca92a-20b8-4e36-960b-8853de07bd45,1789772456.000,3,0
1789772458.380,24,12df00a2-f696-45ed-b133-da79d29111c0,1789772454.000,0,0
1789772458.380,24,a2758425-03b9-4443-89a9-2e0b1e8860cf,1789772456.000,17,0
1789772458.380,24,971ca92a-20b8-4e36-960b-8853de07bd45,1789772456.000,3,0
1789772458.519,10,12df00a2-f696-45ed-b133-da79d29111c0,1789772454.000,0,0
1789772458.519,10,a2758425-03b9-4443-89a9-2e0b1e8860cf,1789772456.000,17,0
1789772458.519,10,971ca92a-20b8-4e36-960b-8853de07bd45,1789772456.000,3,0
1789772458.697,11,12df00a2-f696-45ed-b133-da79d29111c0,1789772454.000,0,0
1789772458.697,11,a2758425-03b9-4443-89a9-2e0b1e8860cf,1789772456.000,17,0
1789772458.697,11,971ca92a-20b8-4e36-960b-8853de07bd45,1789772456.000,3,0
1789772458.873,12,12df00a2-f696-45ed-b133-da79d29111c0,1789772454.000,0,0
1789772458.873,12,a2758425-03b9-4443-89a9-2e0b1e8860cf,1789772456.000,17,0
1789772458.873,12,971ca92a-20b8-4e36-960b-8853de07bd45,1789772456.000,3,0
1789772459.057,13,12df00a2-f696-45ed-b133-da79d29111c0,1789772454.000,0,0
1789772459.057,13,a2758425-03b9-4443-89a9-2e0b1e8860cf,1789772456.000,17,0
1789772459.057,13,971ca92a-20b8-4e36-960b-8853de07bd45,1789772456.000,3,0
1789772459.326,14,12df00a2-f696-45ed-b133-da79d29111c0,1789772454.000,0,0
1789772459.326,14,a2758425-03b9-4443-89a9-2e0b1e8860cf,1789772456.000,17,0
1789772459.326,14,971ca92a-20b8-4e36-960b-8853de07bd45,1789772456.000,3,0
1789772459.519,15,12df00a2-f696-45ed-b133-da79d29111c0,-44314736346.000,0,0
1789772459.519,15,a2758425-03b9-4443-89a9-2e0b1e8860cf,1789772456.000,17,0
1789772459.519,0,a2758425-03b9-4443-89a9-2e0b1e8860cf,-44314736346.000,17,0
1789772459.519,15,971ca92a-20b8-4e36-960b-8853de07bd45,1789772456.000,3,0
1789772459.519,0,971ca92a-20b8-4e36-960b-8853de07bd45,1789772456.000,3,0
1789772459.702,1,12df00a2-f696-45ed-b133-da79d29111c0,1789772454.000,0,0
1789772459.702,1,a2758425-03b9-4443-89a9-2e0b1e8860cf,1789772456.000,17,0
1789772459.702,1,971ca92a-20b8-4e36-960b-8853de07bd45,1789772456.000,3,0
1789772459.715,16,12df00a2-f696-45ed-b133-da79d29111c0,1789772454.000,0,0
1789772459.715,16,a2758425-03b9-4443-89a9-2e0b1e8860cf,1789772456.000,17,0
1789772459.715,16,971ca92a-20b8-4e36-960b-8853de07bd45,1789772456.000,3,0
1789772459.873,2,12df00a2-f696-45ed-b133-da79d29111c0,1789772454.000,0,0
1789772459.873,2,a2758425-03b9-4443-89a9-2e0b1e8860cf,1789772456.000,17,0
1789772459.873,2,971ca92a-20b8-4e36-960b-8853de07bd45,1789772456.000,3,0
1789772459.915,17,12df00a2-f696-45ed-b133-da79d29111c0,1789772454.000,0,0
1789772459.915,17,971ca92a-20b8-4e36-960b-8853de07bd45,1789772456.000,3,0
1789772460.059,3,12df00a2-f696-45ed-b133-da79d29111c0,1789772454.000,0,0
1789772460.059,3,a2758425-03b9-4443-89a9-2e0b1e8860cf,1789772456.000,17,0
1789772460.125,18,12df00a2-f696-45ed-b133-da79d29111c0,1789772454.000,0,0
1789772460.125,18,a2758425-03b9-4443-89a9-2e0b1e8860cf,1789772456.000,17,0
1789772460.125,18,971ca92a-20b8-4e36-960b-8853de07bd45,1789772456.000,3,0
1789772460.521,20,ef7278c6-05f3-4ec8-86f4-47fd30633830,-61860761941.000,10,0
1789772460.521,5,ef7278c6-05f3-4ec8-86f4-47fd30633830,1921273259.000,10,0
1789772460.521,20,cadeca8f-6166-4679-a536-557b8dca5481,1789772459.000,6,0
1789772460.521,5,cadeca8f-6166-4679-a536-557b8dca5481,1789772459.000,6,0
1789772460.521,20,e204ac2b-9010-4855-bce0-1269634ef85e,1789772460.000,7,0
1789772460.521,5,e204ac2b-9010-4855-bce0-1269634ef85e,1789772460.000,7,0
1789772460.704,6,ef7278c6-05f3-4ec8-86f4-47fd30633830,1789772459.000,10,0
1789772460.704,6,e204ac2b-9010-4855-bce0-1269634ef85e,1789772460.000,7,0
1789772460.716,21,ef7278c6-05f3-4ec8-86f4-47fd30633830,1789772459.000,10,0
1789772460.716,21,cadeca8f-6166-4679-a536-557b8dca5481,1789772459.000,6,0
1789772460.716,21,e204ac2b-9010-4855-bce0-1269634ef85e,1789772460.000,7,0
1789772460.874,7,ef7278c6-05f3-4ec8-86f4-47fd30633830,1789772459.000,10,0
1789772460.874,7,cadeca8f-6166-4679-a536-557b8dca5481,1789772459.000,6,0
1789772460.916,22,ef7278c6-05f3-4ec8-86f4-47fd30633830,1789772459.000,10,0
1789772460.916,22,cadeca8f-6166-4679-a536-557b8dca5481,1789772459.000,6,0
1789772460.916,22,e204ac2b-9010-4855-bce0-1269634ef85e,1789772460.000,7,0
1789772461.059,8,ef7278c6-05f3-4ec8-86f4-47fd30633830,1789772459.000,10,0
1789772461.059,8,cadeca8f-6166-4679-a536-557b8dca5481,1789772459.000,6,0
1789772461.059,8,e204ac2b-9010-4855-bce0-1269634ef85e,1789772460.000,7,0
1789772461.130,23,ef7278c6-05f3-4ec8-86f4-47fd30633830,1789772459.000,10,0
1789772461.130,23,cadeca8f-6166-4679-a536-557b8dca5481,1789772459.000,6,0
1789772461.130,23,e204ac2b-9010-4855-bce0-1269634ef85e,1789772460.000,7,0
1789772461.289,9,ef7278c6-05f3-4ec8-86f4-47fd30633830,1789772459.000,10,0
1789772461.289,9,cadeca8f-6166-4679-a536-557b8dca5481,1789772459.000,6,0
1789772461.289,9,e204ac2b-9010-4855-bce0-1269634ef85e,1789772460.000,7,0
1789772461.289,4,ef7278c6-05f3-4ec8-86f4-47fd30633830,1789772459.000,10,0
1789772461.289,4,cadeca8f-6166-4679-a536-557b8dca5481,1789772459.000,6,0
1789772461.289,4,e204ac2b-9010-4855-bce0-1269634ef85e,1789772460.000,7,0
1789772461.334,19,ef7278c6-05f3-4ec8-86f4-47fd30633830,1789772459.000,10,0
1789772461.334,19,cadeca8f-6166-4679-a536-557b8dca5481,1789772459.000,6,0
1789772461.334,19,e204ac2b-9010-4855-bce0-1269634ef85e,1789772460.000,7,0
1789772461.392,24,ef7278c6-05f3-4ec8-86f4-47fd30633830,1789772459.000,10,0
1789772461.392,24,cadeca8f-6166-4679-a536-557b8dca5481,1789772459.000,6,0
1789772461.392,24,e204ac2b-9010-4855-bce0-1269634ef85e,1789772460.000,7,0
1789772461.527,10,cadeca8f-6166-4679-a536-557b8dca5481,1789772459.000,6,0
1789772461.527,10,e204ac2b-9010-4855-bce0-1269634ef85e,1789772460.000,7,0
1789772461.705,11,ef7278c6-05f3-4ec8-86f4-47fd30633830,1789772459.000,10,0
1789772461.705,11,cadeca8f-6166-4679-a536-557b8dca5481,1789772459.000,6,0
1789772461.705,11,e204ac2b-9010-4855-bce0-1269634ef85e,1789772460.000,7,0
1789772461.875,12,ef7278c6-05f3-4ec8-86f4-47fd30633830,1789772459.000,10,0
1789772461.875,12,cadeca8f-6166-4679-a536-557b8dca5481,1789772459.000,6,0
1789772461.875,12,e204ac2b-9010-4855-bce0-1269634ef85e,1789772460.000,7,0
1789772462.062,13,ef7278c6-05f3-4ec8-86f4-47fd30633830,1789772459.000,10,0
1789772462.062,13,cadeca8f-6166-4679-a536-557b8dca5481,1789772459.000,6,0
1789772462.062,13,e204ac2b-9010-4855-bce0-1269634ef85e,1789772460.000,7,0
1789772462.338,14,ef7278c6-05f3-4ec8-86f4-47fd30633830,1789772459.000,10,0
1789772462.338,14,cadeca8f-6166-4679-a536-557b8dca5481,1789772459.000,6,0
1789772462.338,14,e204ac2b-9010-4855-bce0-1269634ef85e,1789772460.000,7,0
1789772462.531,15,ef7278c6-05f3-4ec8-86f4-47fd30633830,1789772459.000,10,0
1789772462.531,15,cadeca8f-6166-4679-a536-557b8dca5481,1789772459.000,6,0
1789772462.531,0,ef7278c6-05f3-4ec8-86f4-47fd30633830,,10,0
1789772462.531,15,e204ac2b-9010-4855-bce0-1269634ef85e,1789772460.000,7,0
1789772462.531,0,cadeca8f-6166-4679-a536-557b8dca5481,1789772459.000,6,0
1789772462.531,0,e204ac2b-9010-4855-bce0-1269634ef85e,1789772460.000,7,0
1789772462.710,1,ef7278c6-05f3-4ec8-86f4-47fd30633830,1789772459.000,10,0
1789772462.710,1,cadeca8f-6166-4679-a536-557b8dca5481,1789772459.000,6,0
1789772462.710,1,e204ac2b-9010-4855-bce0-1269634ef85e,1789772460.000,7,0
1789772462.722,16,ef7278c6-05f3-4ec8-86f4-47fd30633830,1789772459.000,10,0
1789772462.722,16,cadeca8f-6166-4679-a536-557b8dca5481,1789772459.000,6,0
1789772462.722,16,e204ac2b-9010-4855-bce0-1269634ef85e,1789772460.000,7,0
1789772462.875,2,ef7278c6-05f3-4ec8-86f4-47fd30633830,1789772459.000,10,0
1789772462.875,2,cadeca8f-6166-4679-a536-557b8dca5481,1789772459.000,6,0
1789772462.875,2,e204ac2b-9010-4855-bce0-1269634ef85e,1789772460.000,7,0
1789772462.921,17,ef7278c6-05f3-4ec8-86f4-47fd30633830,1789772459.000,10,0
1789772462.921,17,cadeca8f-6166-4679-a536-557b8dca5481,1789772459.000,6,0
1789772462.921,17,e204ac2b-9010-4855-bce0-1269634ef85e,1789772460.000,7,0
1789772463.064,3,ef7278c6-05f3-4ec8-86f4-47fd30633830,1789772459.000,10,0
1789772463.064,3,cadeca8f-6166-4679-a536-557b8dca5481,1789772459.000,6,0
1789772463.064,3,e204ac2b-9010-4855-bce0-1269634ef85e,1789772460.000,7,0
1789772463.139,18,ef7278c6-05f3-4ec8-86f4-47fd30633830,1789772459.000,10,0
1789772463.139,18,cadeca8f-6166-4679-a536-557b8dca5481,1789772459.000,6,0
1789772463.139,18,e204ac2b-9010-4855-bce0-1269634ef85e,1789772460.000,7,0
1789772463.535,5,e204ac2b-9010-4855-bce0-1269634ef85e,-61860761940.000,7,1
1789772463.535,20,e204ac2b-9010-4855-bce0-1269634ef85e,-61860761940.000,7,1
1789772463.710,6,e204ac2b-9010-4855-bce0-1269634ef85e,1789772460.000,7,1
1789772463.723,21,e204ac2b-9010-4855-bce0-1269634ef85e,1789772460.000,7,1
1789772463.923,22,e204ac2b-9010-4855-bce0-1269634ef85e,1789772460.000,7,1
1789772464.064,8,e204ac2b-9010-4855-bce0-1269634ef85e,1789772460.000,7,1
1789772464.143,23,e204ac2b-9010-4855-bce0-1269634ef85e,1789772460.000,7,1
1789772464.295,4,e204ac2b-9010-4855-bce0-1269634ef85e,-61861366740.000,7,1
1789772464.295,9,e204ac2b-9010-4855-bce0-1269634ef85e,-61861366740.000,7,1
1789772464.343,19,e204ac2b-9010-4855-bce0-1269634ef85e,1789772460.000,7,1
1789772464.400,24,e204ac2b-9010-4855-bce0-1269634ef85e,1789772460.000,7,1
1789772464.537,10,e204ac2b-9010-4855-bce0-1269634ef85e,1789772460.000,7,1
1789772464.712,11,e204ac2b-9010-4855-bce0-1269634ef85e,1789772460.000,7,1
1789772464.876,12,e204ac2b-9010-4855-bce0-1269634ef85e,1789772460.000,7,1
1789772465.068,13,e204ac2b-9010-4855-bce0-1269634ef85e,1789772460.000,7,1
1789772465.346,14,e204ac2b-9010-4855-bce0-1269634ef85e,1789772460.000,7,1
1789772465.541,0,e204ac2b-9010-4855-bce0-1269634ef85e,1789773780.000,7,1
1789772465.541,15,e204ac2b-9010-4855-bce0-1269634ef85e,,7,1
1789772465.715,1,e204ac2b-9010-4855-bce0-1269634ef85e,1789772460.000,7,1
1789772465.725,16,e204ac2b-9010-4855-bce0-1269634ef85e,1789772460.000,7,1
1789772465.879,2,e204ac2b-9010-4855-bce0-1269634ef85e,1789772460.000,7,1
1789772465.931,17,e204ac2b-9010-4855-bce0-1269634ef85e,1789772460.000,7,1
1789772466.068,3,e204ac2b-9010-4855-bce0-1269634ef85e,1789772460.000,7,1
1789772466.151,18,e204ac2b-9010-4855-bce0-1269634ef85e,1789772460.000,7,1
1789772466.545,20,f0593fb8-3107-4ff4-9883-57e081e51561,222886683844.000,23,0
1789772466.545,20,36924d80-de38-4121-ac43-dc81dc5bc207,1789772464.000,12,0
1789772466.545,5,f0593fb8-3107-4ff4-9883-57e081e51561,222886683844.000,23,0
1789772466.545,20,36479a49-339b-49f3-b7b9-3422652b3220,1789772465.000,16,0
1789772466.545,5,36924d80-de38-4121-ac43-dc81dc5bc207,1789772464.000,12,0
1789772466.545,5,36479a49-339b-49f3-b7b9-3422652b3220,1789772465.000,16,0
1789772466.717,6,f0593fb8-3107-4ff4-9883-57e081e51561,1789772464.000,23,0
1789772466.717,6,36924d80-de38-4121-ac43-dc81dc5bc207,1789772464.000,12,0
1789772466.717,6,36479a49-339b-49f3-b7b9-3422652b3220,1789772465.000,16,0
1789772466.726,21,f0593fb8-3107-4ff4-9883-57e081e51561,1789772464.000,23,0
1789772466.726,21,36924d80-de38-4121-ac43-dc81dc5bc207,1789772464.000,12,0
1789772466.726,21,36479a49-339b-49f3-b7b9-3422652b3220,1789772465.000,16,0
1789772466.880,7,f0593fb8-3107-4ff4-9883-57e081e51561,1789772464.000,23,0
1789772466.880,7,36924d80-de38-4121-ac43-dc81dc5bc207,1789772464.000,12,0
1789772466.880,7,36479a49-339b-49f3-b7b9-3422652b3220,1789772465.000,16,0
1789772466.934,22,f0593fb8-3107-4ff4-9883-57e081e51561,1789772464.000,23,0
1789772466.934,22,36924d80-de38-4121-ac43-dc81dc5bc207,1789772464.000,12,0
1789772466.934,22,36479a49-339b-49f3-b7b9-3422652b3220,1789772465.000,16,0
1789772467.068,8,f0593fb8-3107-4ff4-9883-57e081e51561,1789772464.000,23,0
1789772467.068,8,36924d80-de38-4121-ac43-dc81dc5bc207,1789772464.000,12,0
1789772467.068,8,36479a49-339b-49f3-b7b9-3422652b3220,1789772465.000,16,0
1789772467.156,23,36924d80-de38-4121-ac43-dc81dc5bc207,1789772464.000,12,0
1789772467.156,23,36479a49-339b-49f3-b7b9-3422652b3220,1789772465.000,16,0
1789772467.300,4,f0593fb8-3107-4ff4-9883-57e081e51561,-61823955536.000,23,0
1789772467.300,4,36924d80-de38-4121-ac43-dc81dc5bc207,1789772464.000,12,0
1789772467.300,9,f0593fb8-3107-4ff4-9883-57e081e51561,,23,0
1789772467.300,4,36479a49-339b-49f3-b7b9-3422652b3220,1789772465.000,16,0
1789772467.300,9,36924d80-de38-4121-ac43-dc81dc5bc207,1789772464.000,12,0
1789772467.300,9,36479a49-339b-49f3-b7b9-3422652b3220,1789772465.000,16,0
1789772467.355,19,f0593fb8-3107-4ff4-9883-57e081e51561,1789772464.000,23,0
1789772467.355,19,36924d80-de38-4121-ac43-dc81dc5bc207,1789772464.000,12,0
1789772467.355,19,36479a49-339b-49f3-b7b9-3422652b3220,1789772465.000,16,0
1789772467.413,24,f0593fb8-3107-4ff4-9883-57e081e51561,1789772464.000,23,0
1789772467.413,24,36924d80-de38-4121-ac43-dc81dc5bc207,1789772464.000,12,0
1789772467.413,24,36479a49-339b-49f3-b7b9-3422652b3220,1789772465.000,16,0
1789772467.546,10,f0593fb8-3107-4ff4-9883-57e081e51561,1789772464.000,23,0
1789772467.546,10,36924d80-de38-4121-ac43-dc81dc5bc207,1789772464.000,12,0
1789772467.546,10,36479a49-339b-49f3-b7b9-3422652b3220,1789772465.000,16,0
1789772467.720,11,f0593fb8-3107-4ff4-9883-57e081e51561,1789772464.000,23,0
1789772467.720,11,36924d80-de38-4121-ac43-dc81dc5bc207,1789772464.000,12,0
1789772467.720,11,36479a49-339b-49f3-b7b9-3422652b3220,1789772465.000,16,0
1789772467.881,12,f0593fb8-3107-4ff4-9883-57e081e51561,1789772464.000,23,0
1789772467.881,12,36479a49-339b-49f3-b7b9-3422652b3220,1789772465.000,16,0
1789772468.073,13,f0593fb8-3107-4ff4-9883-57e081e51561,1789772464.000,23,0
1789772468.073,13,36924d80-de38-4121-ac43-dc81dc5bc207,1789772464.000,12,0
1789772468.073,13,36479a49-339b-49f3-b7b9-3422652b3220,1789772465.000,16,0
1789772468.360,14,f0593fb8-3107-4ff4-9883-57e081e51561,1789772464.000,23,0
1789772468.360,14,36924d80-de38-4121-ac43-dc81dc5bc207,1789772464.000,12,0
1789772468.360,14,36479a49-339b-49f3-b7b9-3422652b3220,1789772465.000,16,0
1789772468.550,0,f0593fb8-3107-4ff4-9883-57e081e51561,1789772464.000,23,0
1789772468.550,0,36924d80-de38-4121-ac43-dc81dc5bc207,1789772464.000,12,0
1789772468.550,15,f0593fb8-3107-4ff4-9883-57e081e51561,1789772464.000,23,0
1789772468.550,0,36479a49-339b-49f3-b7b9-3422652b3220,1789772465.000,16,0
1789772468.550,15,36924d80-de38-4121-ac43-dc81dc5bc207,1789772464.000,12,0
1789772468.550,15,36479a49-339b-49f3-b7b9-3422652b3220,1789772465.000,16,0
1789772468.721,1,f0593fb8-3107-4ff4-9883-57e081e51561,1789772464.000,23,0
1789772468.721,1,36924d80-de38-4121-ac43-dc81dc5bc207,1789772464.000,12,0
1789772468.721,1,36479a49-339b-49f3-b7b9-3422652b3220,1789772465.000,16,0
1789772468.728,16,f0593fb8-3107-4ff4-9883-57e081e51561,1789772464.000,23,0
1789772468.728,16,36924d80-de38-4121-ac43-dc81dc5bc207,1789772464.000,12,0
1789772468.882,2,f0593fb8-3107-4ff4-9883-57e081e51561,1789772464.000,23,0
1789772468.882,2,36924d80-de38-4121-ac43-dc81dc5bc207,1789772464.000,12,0
1789772468.882,2,36479a49-339b-49f3-b7b9-3422652b3220,1789772465.000,16,0
1789772468.943,17,f0593fb8-3107-4ff4-9883-57e081e51561,1789772464.000,23,0
1789772468.943,17,36924d80-de38-4121-ac43-dc81dc5bc207,1789772464.000,12,0
1789772468.943,17,36479a49-339b-49f3-b7b9-3422652b3220,1789772465.000,16,0
1789772469.076,3,f0593fb8-3107-4ff4-9883-57e081e51561,1789772464.000,23,0
1789772469.076,3,36924d80-de38-4121-ac43-dc81dc5bc207,1789772464.000,12,0
1789772469.076,3,36479a49-339b-49f3-b7b9-3422652b3220,1789772465.000,16,0
1789772469.160,18,f0593fb8-3107-4ff4-9883-57e081e51561,1789772464.000,23,0
1789772469.160,18,36924d80-de38-4121-ac43-dc81dc5bc207,1789772464.000,12,0
1789772469.160,18,36479a49-339b-49f3-b7b9-3422652b3220,1789772465.000,16,0
1789772469.551,20,65a00f5b-c8bf-44f9-aa8a-b01ef2278f37,1789772466.000,21,0
1789772469.551,5,65a00f5b-c8bf-44f9-aa8a-b01ef2278f37,,21,0
1789772469.723,6,65a00f5b-c8bf-44f9-aa8a-b01ef2278f37,1789772466.000,21,0
1789772469.883,7,65a00f5b-c8bf-44f9-aa8a-b01ef2278f37,1789772466.000,21,0
1789772469.946,22,65a00f5b-c8bf-44f9-aa8a-b01ef2278f37,1789772466.000,21,0
1789772470.076,8,65a00f5b-c8bf-44f9-aa8a-b01ef2278f37,1789772466.000,21,0
1789772470.163,23,65a00f5b-c8bf-44f9-aa8a-b01ef2278f37,1789772466.000,21,0
1789772470.310,4,65a00f5b-c8bf-44f9-aa8a-b01ef2278f37,1789772466.000,21,0
1789772470.310,9,65a00f5b-c8bf-44f9-aa8a-b01ef2278f37,1789772466.000,21,0
1789772470.366,19,65a00f5b-c8bf-44f9-aa8a-b01ef2278f37,1789772466.000,21,0
1789772470.418,24,65a00f5b-c8bf-44f9-aa8a-b01ef2278f37,1789772466.000,21,0
1789772470.555,10,65a00f5b-c8bf-44f9-aa8a-b01ef2278f37,1789772466.000,21,0
1789772470.728,11,65a00f5b-c8bf-44f9-aa8a-b01ef2278f37,1789772466.000,21,0
1789772470.885,12,65a00f5b-c8bf-44f9-aa8a-b01ef2278f37,1789772466.000,21,0
1789772471.079,13,65a00f5b-c8bf-44f9-aa8a-b01ef2278f37,1789772466.000,21,0
1789772471.371,14,65a00f5b-c8bf-44f9-aa8a-b01ef2278f37,1789772466.000,21,0
1789772471.559,15,65a00f5b-c8bf-44f9-aa8a-b01ef2278f37,1789772471.000,21,0
1789772471.559,0,65a00f5b-c8bf-44f9-aa8a-b01ef2278f37,,21,0
1789772471.728,1,65a00f5b-c8bf-44f9-aa8a-b01ef2278f37,1789772466.000,21,0
1789772471.729,16,65a00f5b-c8bf-44f9-aa8a-b01ef2278f37,1789772466.000,21,0
1789772471.885,2,65a00f5b-c8bf-44f9-aa8a-b01ef2278f37,1789772466.000,21,0
1789772471.950,17,65a00f5b-c8bf-44f9-aa8a-b01ef2278f37,1789772466.000,21,0
1789772472.082,3,65a00f5b-c8bf-44f9-aa8a-b01ef2278f37,1789772466.000,21,0
1789772472.169,18,65a00f5b-c8bf-44f9-aa8a-b01ef2278f37,1789772466.000,21,0
1789772508.501,19,35c900b3-bf24-420f-bdbb-97bb18a5920d,1789772507.000,8,0
1789772508.688,20,35c900b3-bf24-420f-bdbb-97bb18a5920d,1789978067.000,8,0
1789772508.688,5,35c900b3-bf24-420f-bdbb-97bb18a5920d,1789978067.000,8,0
1789772508.848,21,35c900b3-bf24-420f-bdbb-97bb18a5920d,1789772507.000,8,0
1789772508.848,6,35c900b3-bf24-420f-bdbb-97bb18a5920d,1789772507.000,8,0
1789772509.000,7,35c900b3-bf24-420f-bdbb-97bb18a5920d,1789772507.000,8,0
1789772509.067,22,35c900b3-bf24-420f-bdbb-97bb18a5920d,1789772507.000,8,0
1789772509.291,23,35c900b3-bf24-420f-bdbb-97bb18a5920d,1789772507.000,8,0
1789772509.435,9,35c900b3-bf24-420f-bdbb-97bb18a5920d,1789772507.000,8,0
1789772509.435,4,35c900b3-bf24-420f-bdbb-97bb18a5920d,,8,0
1789772509.533,24,35c900b3-bf24-420f-bdbb-97bb18a5920d,1789772507.000,8,0
1789772509.692,10,35c900b3-bf24-420f-bdbb-97bb18a5920d,1789772507.000,8,0
1789772509.850,11,35c900b3-bf24-420f-bdbb-97bb18a5920d,1789772507.000,8,0
1789772510.001,12,35c900b3-bf24-420f-bdbb-97bb18a5920d,1789772507.000,8,0
1789772510.125,13,35c900b3-bf24-420f-bdbb-97bb18a5920d,1789772507.000,8,0
1789772510.506,14,35c900b3-bf24-420f-bdbb-97bb18a5920d,1789772507.000,8,0
1789772510.694,15,35c900b3-bf24-420f-bdbb-97bb18a5920d,1813359707.000,8,0
1789772510.694,0,35c900b3-bf24-420f-bdbb-97bb18a5920d,1813359707.000,8,0
1789772510.855,16,35c900b3-bf24-420f-bdbb-97bb18a5920d,1788994883.000,8,0
1789772510.855,1,35c900b3-bf24-420f-bdbb-97bb18a5920d,,8,0
1789772511.005,2,35c900b3-bf24-420f-bdbb-97bb18a5920d,1789772507.000,8,0
1789772511.070,17,35c900b3-bf24-420f-bdbb-97bb18a5920d,1789772507.000,8,0
1789772511.126,3,35c900b3-bf24-420f-bdbb-97bb18a5920d,1789772507.000,8,0
1789772511.297,18,35c900b3-bf24-420f-bdbb-97bb18a5920d,1789772507.000,8,0
1789772511.507,19,d0099d01-ed5a-48eb-b613-7bb14b7d6640,1789772510.000,4,0
1789772511.694,20,d0099d01-ed5a-48eb-b613-7bb14b7d6640,1789775405.000,4,0
1789772511.694,5,d0099d01-ed5a-48eb-b613-7bb14b7d6640,1789775405.000,4,0
1789772511.859,21,d0099d01-ed5a-48eb-b613-7bb14b7d6640,222670080110.000,4,0
1789772511.859,6,d0099d01-ed5a-48eb-b613-7bb14b7d6640,222670080110.000,4,0
1789772512.009,7,d0099d01-ed5a-48eb-b613-7bb14b7d6640,1789772510.000,4,0
1789772512.073,22,d0099d01-ed5a-48eb-b613-7bb14b7d6640,1789772510.000,4,0
1789772512.127,8,d0099d01-ed5a-48eb-b613-7bb14b7d6640,1789772510.000,4,0
1789772512.302,23,d0099d01-ed5a-48eb-b613-7bb14b7d6640,1789772510.000,4,0
1789772512.442,9,d0099d01-ed5a-48eb-b613-7bb14b7d6640,1789772510.000,4,0
1789772512.539,24,d0099d01-ed5a-48eb-b613-7bb14b7d6640,1789772510.000,4,0
1789772512.697,10,d0099d01-ed5a-48eb-b613-7bb14b7d6640,1789772510.000,4,0
1789772512.862,11,d0099d01-ed5a-48eb-b613-7bb14b7d6640,1789772510.000,4,0
1789772513.011,12,d0099d01-ed5a-48eb-b613-7bb14b7d6640,1789772510.000,4,0
1789772513.127,13,d0099d01-ed5a-48eb-b613-7bb14b7d6640,1789772510.000,4,0
1789772513.510,14,d0099d01-ed5a-48eb-b613-7bb14b7d6640,1789772510.000,4,0
1789772513.699,15,d0099d01-ed5a-48eb-b613-7bb14b7d6640,1789772510.000,4,0
1789772513.699,0,d0099d01-ed5a-48eb-b613-7bb14b7d6640,1789772510.000,4,0
1789772513.863,1,d0099d01-ed5a-48eb-b613-7bb14b7d6640,1789772510.000,4,0
1789772513.863,16,d0099d01-ed5a-48eb-b613-7bb14b7d6640,1789772510.000,4,0
1789772514.014,2,d0099d01-ed5a-48eb-b613-7bb14b7d6640,1789772510.000,4,0
1789772514.077,17,d0099d01-ed5a-48eb-b613-7bb14b7d6640,1789772510.000,4,0
1789772514.128,3,d0099d01-ed5a-48eb-b613-7bb14b7d6640,1789772510.000,4,0
1789772514.309,18,d0099d01-ed5a-48eb-b613-7bb14b7d6640,1789772510.000,4,0
1789772514.513,19,f5edf767-7a7a-470e-bf55-9fe5348b9f19,1789772512.000,5,0
1789772514.513,19,73b873de-5cf9-47c9-b1ae-ed7095165e7f,1789772513.000,24,0
1789772514.700,20,f5edf767-7a7a-470e-bf55-9fe5348b9f19,1789772512.000,5,0
1789772514.700,5,73b873de-5cf9-47c9-b1ae-ed7095165e7f,1789772512.000,24,0
1789772514.700,20,73b873de-5cf9-47c9-b1ae-ed7095165e7f,1789772513.000,24,0
1789772514.864,21,f5edf767-7a7a-470e-bf55-9fe5348b9f19,1789772512.000,5,0
1789772514.864,21,73b873de-5cf9-47c9-b1ae-ed7095165e7f,1789772513.000,24,0
1789772514.864,6,f5edf767-7a7a-470e-bf55-9fe5348b9f19,1789772512.000,5,0
1789772514.864,6,73b873de-5cf9-47c9-b1ae-ed7095165e7f,1789772513.000,24,0
1789772515.018,7,f5edf767-7a7a-470e-bf55-9fe5348b9f19,1789772512.000,5,0
1789772515.018,7,73b873de-5cf9-47c9-b1ae-ed7095165e7f,1789772513.000,24,0
1789772515.081,22,f5edf767-7a7a-470e-bf55-9fe5348b9f19,1789772512.000,5,0
1789772515.081,22,73b873de-5cf9-47c9-b1ae-ed7095165e7f,1789772513.000,24,0
1789772515.131,8,f5edf767-7a7a-470e-bf55-9fe5348b9f19,1789772512.000,5,0
1789772515.131,8,73b873de-5cf9-47c9-b1ae-ed7095165e7f,1789772513.000,24,0
1789772515.311,23,f5edf767-7a7a-470e-bf55-9fe5348b9f19,1789772512.000,5,0
1789772515.311,23,73b873de-5cf9-47c9-b1ae-ed7095165e7f,1789772513.000,24,0
1789772515.456,4,f5edf767-7a7a-470e-bf55-9fe5348b9f19,1789772512.000,5,0
1789772515.456,9,f5edf767-7a7a-470e-bf55-9fe5348b9f19,1789772512.000,5,0
1789772515.456,9,73b873de-5cf9-47c9-b1ae-ed7095165e7f,1789772513.000,24,0
1789772515.456,4,73b873de-5cf9-47c9-b1ae-ed7095165e7f,1789772513.000,24,0
1789772515.546,24,f5edf767-7a7a-470e-bf55-9fe5348b9f19,1789772512.000,5,0
1789772515.705,10,f5edf767-7a7a-470e-bf55-9fe5348b9f19,1789772512.000,5,0
1789772515.705,10,73b873de-5cf9-47c9-b1ae-ed7095165e7f,1789772513.000,24,0
1789772515.869,11,f5edf767-7a7a-470e-bf55-9fe5348b9f19,1789772512.000,5,0
1789772515.869,11,73b873de-5cf9-47c9-b1ae-ed7095165e7f,1789772513.000,24,0
1789772516.019,12,f5edf767-7a7a-470e-bf55-9fe5348b9f19,1789772512.000,5,0
1789772516.019,12,73b873de-5cf9-47c9-b1ae-ed7095165e7f,1789772513.000,24,0
1789772516.131,13,f5edf767-7a7a-470e-bf55-9fe5348b9f19,1789772512.000,5,0
1789772516.131,13,73b873de-5cf9-47c9-b1ae-ed7095165e7f,1789772513.000,24,0
1789772516.519,14,f5edf767-7a7a-470e-bf55-9fe5348b9f19,1789772512.000,5,0
1789772516.519,14,73b873de-5cf9-47c9-b1ae-ed7095165e7f,1789772513.000,24,0
1789772516.706,15,f5edf767-7a7a-470e-bf55-9fe5348b9f19,1789772512.000,5,0
1789772516.706,15,73b873de-5cf9-47c9-b1ae-ed7095165e7f,1789772513.000,24,0
1789772516.706,0,f5edf767-7a7a-470e-bf55-9fe5348b9f19,1789772512.000,5,0
1789772516.706,0,73b873de-5cf9-47c9-b1ae-ed7095165e7f,1789772513.000,24,0
1789772516.870,1,f5edf767-7a7a-470e-bf55-9fe5348b9f19,1788994912.000,5,0
1789772516.870,1,73b873de-5cf9-47c9-b1ae-ed7095165e7f,1789772513.000,24,0
1789772516.870,16,f5edf767-7a7a-470e-bf55-9fe5348b9f19,,5,0
1789772516.870,16,73b873de-5cf9-47c9-b1ae-ed7095165e7f,1789772513.000,24,0
1789772517.022,2,f5edf767-7a7a-470e-bf55-9fe5348b9f19,1789772512.000,5,0
1789772517.022,2,73b873de-5cf9-47c9-b1ae-ed7095165e7f,1789772513.000,24,0
1789772517.086,17,f5edf767-7a7a-470e-bf55-9fe5348b9f19,1789772512.000,5,0
1789772517.086,17,73b873de-5cf9-47c9-b1ae-ed7095165e7f,1789772513.000,24,0
1789772517.132,3,f5edf767-7a7a-470e-bf55-9fe5348b9f19,1789772512.000,5,0
1789772517.132,3,73b873de-5cf9-47c9-b1ae-ed7095165e7f,1789772513.000,24,0
1789772517.317,18,f5edf767-7a7a-470e-bf55-9fe5348b9f19,1789772512.000,5,0
1789772517.317,18,73b873de-5cf9-47c9-b1ae-ed7095165e7f,1789772513.000,24,0
1789772517.523,19,9dd3c71a-4fa6-489e-9999-e5cfcea8df44,1789772514.000,0,0
1789772517.523,19,b2444b03-b317-4762-8fdd-f6f1d3d175f7,1789772516.000,3,0
1789772517.710,5,9dd3c71a-4fa6-489e-9999-e5cfcea8df44,,0,0
1789772517.710,20,9dd3c71a-4fa6-489e-9999-e5cfcea8df44,-61860761886.000,0,0
1789772517.710,5,b2444b03-b317-4762-8fdd-f6f1d3d175f7,1789772516.000,3,0
1789772517.710,20,b2444b03-b317-4762-8fdd-f6f1d3d175f7,1789772516.000,3,0
1789772517.875,21,9dd3c71a-4fa6-489e-9999-e5cfcea8df44,1789772514.000,0,0
1789772517.875,6,9dd3c71a-4fa6-489e-9999-e5cfcea8df44,1789772514.000,0,0
1789772517.875,21,b2444b03-b317-4762-8fdd-f6f1d3d175f7,1789772516.000,3,0
1789772517.875,6,b2444b03-b317-4762-8fdd-f6f1d3d175f7,1789772516.000,3,0
1789772518.024,7,9dd3c71a-4fa6-489e-9999-e5cfcea8df44,1789772514.000,0,0
1789772518.024,7,b2444b03-b317-4762-8fdd-f6f1d3d175f7,1789772516.000,3,0
1789772518.090,22,9dd3c71a-4fa6-489e-9999-e5cfcea8df44,1789772514.000,0,0
1789772518.090,22,b2444b03-b317-4762-8fdd-f6f1d3d175f7,1789772516.000,3,0
1789772518.135,8,9dd3c71a-4fa6-489e-9999-e5cfcea8df44,1789772514.000,0,0
1789772518.135,8,b2444b03-b317-4762-8fdd-f6f1d3d175f7,1789772516.000,3,0
1789772518.321,23,9dd3c71a-4fa6-489e-9999-e5cfcea8df44,1789772514.000,0,0
1789772518.321,23,b2444b03-b317-4762-8fdd-f6f1d3d175f7,1789772516.000,3,0
1789772518.465,4,9dd3c71a-4fa6-489e-9999-e5cfcea8df44,1789772514.000,0,0
1789772518.465,4,b2444b03-b317-4762-8fdd-f6f1d3d175f7,1789772516.000,3,0
1789772518.465,9,9dd3c71a-4fa6-489e-9999-e5cfcea8df44,1789772514.000,0,0
1789772518.465,9,b2444b03-b317-4762-8fdd-f6f1d3d175f7,1789772516.000,3,0
1789772518.548,24,9dd3c71a-4fa6-489e-9999-e5cfcea8df44,1789772514.000,0,0
1789772518.548,24,b2444b03-b317-4762-8fdd-f6f1d3d175f7,1789772516.000,3,0
1789772518.713,10,9dd3c71a-4fa6-489e-9999-e5cfcea8df44,1789772514.000,0,0
1789772518.713,10,b2444b03-b317-4762-8fdd-f6f1d3d175f7,1789772516.000,3,0
1789772518.879,11,9dd3c71a-4fa6-489e-9999-e5cfcea8df44,1789772514.000,0,0
1789772518.879,11,b2444b03-b317-4762-8fdd-f6f1d3d175f7,1789772516.000,3,0
1789772519.025,12,9dd3c71a-4fa6-489e-9999-e5cfcea8df44,1789772514.000,0,0
1789772519.025,12,b2444b03-b317-4762-8fdd-f6f1d3d175f7,1789772516.000,3,0
1789772519.136,13,9dd3c71a-4fa6-489e-9999-e5cfcea8df44,1789772514.000,0,0
1789772519.136,13,b2444b03-b317-4762-8fdd-f6f1d3d175f7,1789772516.000,3,0
1789772519.531,14,9dd3c71a-4fa6-489e-9999-e5cfcea8df44,1789772514.000,0,0
1789772519.531,14,b2444b03-b317-4762-8fdd-f6f1d3d175f7,1789772516.000,3,0
1789772519.715,0,b2444b03-b317-4762-8fdd-f6f1d3d175f7,1789772516.000,3,0
1789772519.715,15,9dd3c71a-4fa6-489e-9999-e5cfcea8df44,,0,0
1789772519.715,15,b2444b03-b317-4762-8fdd-f6f1d3d175f7,1789772516.000,3,0
1789772519.884,16,9dd3c71a-4fa6-489e-9999-e5cfcea8df44,-61594649886.000,0,0
1789772519.884,16,b2444b03-b317-4762-8fdd-f6f1d3d175f7,1789772516.000,3,0
1789772519.884,1,9dd3c71a-4fa6-489e-9999-e5cfcea8df44,-61594649886.000,0,0
1789772519.884,1,b2444b03-b317-4762-8fdd-f6f1d3d175f7,1789772516.000,3,0
1789772520.028,2,9dd3c71a-4fa6-489e-9999-e5cfcea8df44,1789772514.000,0,0
1789772520.028,2,b2444b03-b317-4762-8fdd-f6f1d3d175f7,1789772516.000,3,0
1789772520.092,17,9dd3c71a-4fa6-489e-9999-e5cfcea8df44,1789772514.000,0,0
1789772520.092,17,b2444b03-b317-4762-8fdd-f6f1d3d175f7,1789772516.000,3,0
1789772520.137,3,9dd3c71a-4fa6-489e-9999-e5cfcea8df44,1789772514.000,0,0
1789772520.325,18,9dd3c71a-4fa6-489e-9999-e5cfcea8df44,1789772514.000,0,0
1789772520.325,18,b2444b03-b317-4762-8fdd-f6f1d3d175f7,1789772516.000,3,0
1789772520.531,19,bc27d498-6ff0-413e-b5d3-eaa4c130da82,1789772519.000,10,0
1789772520.531,19,7e47e532-ea75-4aa5-85bf-8dda45410733,1789772519.000,6,0
1789772520.531,19,1ad1d0e2-e467-4b34-ae7c-33cbac006ff6,1789772520.000,7,0
1789772520.718,5,bc27d498-6ff0-413e-b5d3-eaa4c130da82,1789772519.000,10,0
1789772520.718,5,7e47e532-ea75-4aa5-85bf-8dda45410733,1789772519.000,6,0
1789772520.718,5,1ad1d0e2-e467-4b34-ae7c-33cbac006ff6,1789772520.000,7,0
1789772520.718,20,bc27d498-6ff0-413e-b5d3-eaa4c130da82,1789772519.000,10,0
1789772520.718,20,7e47e532-ea75-4aa5-85bf-8dda45410733,1789772519.000,6,0
1789772520.718,20,1ad1d0e2-e467-4b34-ae7c-33cbac006ff6,1789772520.000,7,0
1789772520.889,6,bc27d498-6ff0-413e-b5d3-eaa4c130da82,1789772483.000,10,0
1789772520.889,6,1ad1d0e2-e467-4b34-ae7c-33cbac006ff6,1789772520.000,7,0
1789772520.889,21,bc27d498-6ff0-413e-b5d3-eaa4c130da82,,10,0
1789772520.889,21,7e47e532-ea75-4aa5-85bf-8dda45410733,1789772519.000,6,0
1789772520.889,21,1ad1d0e2-e467-4b34-ae7c-33cbac006ff6,1789772520.000,7,0
1789772521.029,7,bc27d498-6ff0-413e-b5d3-eaa4c130da82,1789772519.000,10,0
1789772521.029,7,7e47e532-ea75-4aa5-85bf-8dda45410733,1789772519.000,6,0
1789772521.094,22,bc27d498-6ff0-413e-b5d3-eaa4c130da82,1789772519.000,10,0
1789772521.094,22,7e47e532-ea75-4aa5-85bf-8dda45410733,1789772519.000,6,0
1789772521.094,22,1ad1d0e2-e467-4b34-ae7c-33cbac006ff6,1789772520.000,7,0
1789772521.140,8,bc27d498-6ff0-413e-b5d3-eaa4c130da82,1789772519.000,10,0
1789772521.140,8,7e47e532-ea75-4aa5-85bf-8dda45410733,1789772519.000,6,0
1789772521.140,8,1ad1d0e2-e467-4b34-ae7c-33cbac006ff6,1789772520.000,7,0
1789772521.328,23,bc27d498-6ff0-413e-b5d3-eaa4c130da82,1789772519.000,10,0
1789772521.328,23,7e47e532-ea75-4aa5-85bf-8dda45410733,1789772519.000,6,0
1789772521.328,23,1ad1d0e2-e467-4b34-ae7c-33cbac006ff6,1789772520.000,7,0
1789772521.473,4,bc27d498-6ff0-413e-b5d3-eaa4c130da82,1789722059.000,10,0
1789772521.473,4,7e47e532-ea75-4aa5-85bf-8dda45410733,1789772519.000,6,0
1789772521.473,4,1ad1d0e2-e467-4b34-ae7c-33cbac006ff6,1789772520.000,7,0
1789772521.473,9,bc27d498-6ff0-413e-b5d3-eaa4c130da82,1789722059.000,10,0
1789772521.473,9,7e47e532-ea75-4aa5-85bf-8dda45410733,1789772519.000,6,0
1789772521.473,9,1ad1d0e2-e467-4b34-ae7c-33cbac006ff6,1789772520.000,7,0
1789772521.553,24,bc27d498-6ff0-413e-b5d3-eaa4c130da82,1789772519.000,10,0
1789772521.553,24,7e47e532-ea75-4aa5-85bf-8dda45410733,1789772519.000,6,0
1789772521.553,24,1ad1d0e2-e467-4b34-ae7c-33cbac006ff6,1789772520.000,7,0
1789772521.723,10,7e47e532-ea75-4aa5-85bf-8dda45410733,1789772519.000,6,0
1789772521.723,10,1ad1d0e2-e467-4b34-ae7c-33cbac006ff6,1789772520.000,7,0
1789772521.892,11,bc27d498-6ff0-413e-b5d3-eaa4c130da82,1789772519.000,10,0
1789772521.892,11,7e47e532-ea75-4aa5-85bf-8dda45410733,1789772519.000,6,0
1789772521.892,11,1ad1d0e2-e467-4b34-ae7c-33cbac006ff6,1789772520.000,7,0
1789772522.035,12,bc27d498-6ff0-413e-b5d3-eaa4c130da82,1789772519.000,10,0
1789772522.035,12,7e47e532-ea75-4aa5-85bf-8dda45410733,1789772519.000,6,0
1789772522.035,12,1ad1d0e2-e467-4b34-ae7c-33cbac006ff6,1789772520.000,7,0
1789772522.141,13,bc27d498-6ff0-413e-b5d3-eaa4c130da82,1789772519.000,10,0
1789772522.141,13,7e47e532-ea75-4aa5-85bf-8dda45410733,1789772519.000,6,0
1789772522.141,13,1ad1d0e2-e467-4b34-ae7c-33cbac006ff6,1789772520.000,7,0
1789772522.540,14,bc27d498-6ff0-413e-b5d3-eaa4c130da82,1789772519.000,10,0
1789772522.540,14,7e47e532-ea75-4aa5-85bf-8dda45410733,1789772519.000,6,0
1789772522.540,14,1ad1d0e2-e467-4b34-ae7c-33cbac006ff6,1789772520.000,7,0
1789772522.727,0,bc27d498-6ff0-413e-b5d3-eaa4c130da82,1789772519.000,10,0
1789772522.727,0,7e47e532-ea75-4aa5-85bf-8dda45410733,1789772519.000,6,0
1789772522.727,0,1ad1d0e2-e467-4b34-ae7c-33cbac006ff6,1789772520.000,7,0
1789772522.727,15,bc27d498-6ff0-413e-b5d3-eaa4c130da82,1789772519.000,10,0
1789772522.727,15,7e47e532-ea75-4aa5-85bf-8dda45410733,1789772519.000,6,0
1789772522.727,15,1ad1d0e2-e467-4b34-ae7c-33cbac006ff6,1789772520.000,7,0
1789772522.893,1,bc27d498-6ff0-413e-b5d3-eaa4c130da82,1789772519.000,10,0
1789772522.893,1,7e47e532-ea75-4aa5-85bf-8dda45410733,1789772519.000,6,0
1789772522.893,1,1ad1d0e2-e467-4b34-ae7c-33cbac006ff6,1789772520.000,7,0
1789772522.893,16,bc27d498-6ff0-413e-b5d3-eaa4c130da82,1789772519.000,10,0
1789772522.893,16,7e47e532-ea75-4aa5-85bf-8dda45410733,1789772519.000,6,0
1789772522.893,16,1ad1d0e2-e467-4b34-ae7c-33cbac006ff6,1789772520.000,7,0
1789772523.040,2,bc27d498-6ff0-413e-b5d3-eaa4c130da82,1789772519.000,10,0
1789772523.040,2,7e47e532-ea75-4aa5-85bf-8dda45410733,1789772519.000,6,0
1789772523.040,2,1ad1d0e2-e467-4b34-ae7c-33cbac006ff6,1789772520.000,7,0
1789772523.096,17,bc27d498-6ff0-413e-b5d3-eaa4c130da82,1789772519.000,10,0
1789772523.096,17,7e47e532-ea75-4aa5-85bf-8dda45410733,1789772519.000,6,0
1789772523.096,17,1ad1d0e2-e467-4b34-ae7c-33cbac006ff6,1789772520.000,7,0
1789772523.143,3,bc27d498-6ff0-413e-b5d3-eaa4c130da82,1789772519.000,10,0
1789772523.143,3,7e47e532-ea75-4aa5-85bf-8dda45410733,1789772519.000,6,0
1789772523.143,3,1ad1d0e2-e467-4b34-ae7c-33cbac006ff6,1789772520.000,7,0
1789772523.338,18,bc27d498-6ff0-413e-b5d3-eaa4c130da82,1789772519.000,10,0
1789772523.338,18,7e47e532-ea75-4aa5-85bf-8dda45410733,1789772519.000,6,0
1789772523.338,18,1ad1d0e2-e467-4b34-ae7c-33cbac006ff6,1789772520.000,7,0
1789772523.542,19,1ad1d0e2-e467-4b34-ae7c-33cbac006ff6,1789772520.000,7,1
1789772523.729,5,1ad1d0e2-e467-4b34-ae7c-33cbac006ff6,1789772520.000,7,1
1789772523.729,20,1ad1d0e2-e467-4b34-ae7c-33cbac006ff6,1789772520.000,7,1
1789772523.897,21,1ad1d0e2-e467-4b34-ae7c-33cbac006ff6,1789772520.000,7,1
1789772523.897,6,1ad1d0e2-e467-4b34-ae7c-33cbac006ff6,-62081686680.000,7,1
1789772524.101,22,1ad1d0e2-e467-4b34-ae7c-33cbac006ff6,1789772520.000,7,1
1789772524.147,8,1ad1d0e2-e467-4b34-ae7c-33cbac006ff6,1789772520.000,7,1
1789772524.341,23,1ad1d0e2-e467-4b34-ae7c-33cbac006ff6,1789772520.000,7,1
1789772524.482,4,1ad1d0e2-e467-4b34-ae7c-33cbac006ff6,1789722120.000,7,1
1789772524.482,9,1ad1d0e2-e467-4b34-ae7c-33cbac006ff6,,7,1
1789772524.560,24,1ad1d0e2-e467-4b34-ae7c-33cbac006ff6,1789772520.000,7,1
1789772524.730,10,1ad1d0e2-e467-4b34-ae7c-33cbac006ff6,1789772520.000,7,1
1789772524.900,11,1ad1d0e2-e467-4b34-ae7c-33cbac006ff6,1789772520.000,7,1
1789772525.049,12,1ad1d0e2-e467-4b34-ae7c-33cbac006ff6,1789772520.000,7,1
1789772525.149,13,1ad1d0e2-e467-4b34-ae7c-33cbac006ff6,1789772520.000,7,1
1789772525.551,14,1ad1d0e2-e467-4b34-ae7c-33cbac006ff6,1789772520.000,7,1
1789772525.734,15,1ad1d0e2-e467-4b34-ae7c-33cbac006ff6,1789772520.000,7,1
1789772525.734,0,1ad1d0e2-e467-4b34-ae7c-33cbac006ff6,,7,1
1789772525.904,1,1ad1d0e2-e467-4b34-ae7c-33cbac006ff6,25433737320.000,7,1
1789772525.904,16,1ad1d0e2-e467-4b34-ae7c-33cbac006ff6,,7,1
1789772526.052,2,1ad1d0e2-e467-4b34-ae7c-33cbac006ff6,1789772520.000,7,1
1789772526.107,17,1ad1d0e2-e467-4b34-ae7c-33cbac006ff6,1789772520.000,7,1
1789772526.151,3,1ad1d0e2-e467-4b34-ae7c-33cbac006ff6,1789772520.000,7,1
1789772526.349,18,1ad1d0e2-e467-4b34-ae7c-33cbac006ff6,1789772520.000,7,1
1789772526.555,19,1d3f99d0-77a2-40e9-ab8e-607c128b7178,1789772524.000,23,0
1789772526.555,19,be943e0c-2718-4365-8059-ccb0712932d7,1789772524.000,12,0
1789772526.555,19,0c0fc3b5-c9b0-4b14-9075-1de28a35efba,1789772525.000,16,0
1789772526.738,5,1d3f99d0-77a2-40e9-ab8e-607c128b7178,1789772524.000,23,0
1789772526.738,20,1d3f99d0-77a2-40e9-ab8e-607c128b7178,,23,0
1789772526.738,20,be943e0c-2718-4365-8059-ccb0712932d7,1789772524.000,12,0
1789772526.738,5,be943e0c-2718-4365-8059-ccb0712932d7,1789772524.000,12,0
1789772526.738,20,0c0fc3b5-c9b0-4b14-9075-1de28a35efba,1789772525.000,16,0
1789772526.738,5,0c0fc3b5-c9b0-4b14-9075-1de28a35efba,1789772525.000,16,0
1789772526.909,6,1d3f99d0-77a2-40e9-ab8e-607c128b7178,1788994938.000,23,0
1789772526.909,21,1d3f99d0-77a2-40e9-ab8e-607c128b7178,,23,0
1789772526.909,6,be943e0c-2718-4365-8059-ccb0712932d7,1789772524.000,12,0
1789772526.909,6,0c0fc3b5-c9b0-4b14-9075-1de28a35efba,1789772525.000,16,0
1789772526.909,21,be943e0c-2718-4365-8059-ccb0712932d7,1789772524.000,12,0
1789772526.909,21,0c0fc3b5-c9b0-4b14-9075-1de28a35efba,1789772525.000,16,0
1789772527.057,7,1d3f99d0-77a2-40e9-ab8e-607c128b7178,1789772524.000,23,0
1789772527.057,7,be943e0c-2718-4365-8059-ccb0712932d7,1789772524.000,12,0
1789772527.057,7,0c0fc3b5-c9b0-4b14-9075-1de28a35efba,1789772525.000,16,0
1789772527.109,22,1d3f99d0-77a2-40e9-ab8e-607c128b7178,1789772524.000,23,0
1789772527.109,22,be943e0c-2718-4365-8059-ccb0712932d7,1789772524.000,12,0
1789772527.109,22,0c0fc3b5-c9b0-4b14-9075-1de28a35efba,1789772525.000,16,0
1789772527.154,8,1d3f99d0-77a2-40e9-ab8e-607c128b7178,1789772524.000,23,0
1789772527.154,8,be943e0c-2718-4365-8059-ccb0712932d7,1789772524.000,12,0
1789772527.154,8,0c0fc3b5-c9b0-4b14-9075-1de28a35efba,1789772525.000,16,0
1789772527.354,23,be943e0c-2718-4365-8059-ccb0712932d7,1789772524.000,12,0
1789772527.354,23,0c0fc3b5-c9b0-4b14-9075-1de28a35efba,1789772525.000,16,0
1789772527.491,9,1d3f99d0-77a2-40e9-ab8e-607c128b7178,1788994924.000,23,0
1789772527.491,9,be943e0c-2718-4365-8059-ccb0712932d7,1789772524.000,12,0
1789772527.491,9,0c0fc3b5-c9b0-4b14-9075-1de28a35efba,1789772525.000,16,0
1789772527.491,4,1d3f99d0-77a2-40e9-ab8e-607c128b7178,,23,0
1789772527.491,4,be943e0c-2718-4365-8059-ccb0712932d7,1789772524.000,12,0
1789772527.491,4,0c0fc3b5-c9b0-4b14-9075-1de28a35efba,1789772525.000,16,0
1789772527.565,24,1d3f99d0-77a2-40e9-ab8e-607c128b7178,1789772524.000,23,0
1789772527.565,24,be943e0c-2718-4365-8059-ccb0712932d7,1789772524.000,12,0
1789772527.565,24,0c0fc3b5-c9b0-4b14-9075-1de28a35efba,1789772525.000,16,0
1789772527.742,10,1d3f99d0-77a2-40e9-ab8e-607c128b7178,1789772524.000,23,0
1789772527.742,10,be943e0c-2718-4365-8059-ccb0712932d7,1789772524.000,12,0
1789772527.742,10,0c0fc3b5-c9b0-4b14-9075-1de28a35efba,1789772525.000,16,0
1789772527.909,11,1d3f99d0-77a2-40e9-ab8e-607c128b7178,1789772524.000,23,0
1789772527.909,11,be943e0c-2718-4365-8059-ccb0712932d7,1789772524.000,12,0
1789772527.909,11,0c0fc3b5-c9b0-4b14-9075-1de28a35efba,1789772525.000,16,0
1789772528.061,12,1d3f99d0-77a2-40e9-ab8e-607c128b7178,1789772524.000,23,0
1789772528.061,12,0c0fc3b5-c9b0-4b14-9075-1de28a35efba,1789772525.000,16,0
1789772528.157,13,1d3f99d0-77a2-40e9-ab8e-607c128b7178,1789772524.000,23,0
1789772528.157,13,be943e0c-2718-4365-8059-ccb0712932d7,1789772524.000,12,0
1789772528.157,13,0c0fc3b5-c9b0-4b14-9075-1de28a35efba,1789772525.000,16,0
1789772528.562,14,1d3f99d0-77a2-40e9-ab8e-607c128b7178,1789772524.000,23,0
1789772528.562,14,be943e0c-2718-4365-8059-ccb0712932d7,1789772524.000,12,0
1789772528.562,14,0c0fc3b5-c9b0-4b14-9075-1de28a35efba,1789772525.000,16,0
1789772528.746,15,1d3f99d0-77a2-40e9-ab8e-607c128b7178,1789772524.000,23,0
1789772528.746,0,1d3f99d0-77a2-40e9-ab8e-607c128b7178,1789772524.000,23,0
1789772528.746,0,be943e0c-2718-4365-8059-ccb0712932d7,1789772524.000,12,0
1789772528.746,0,0c0fc3b5-c9b0-4b14-9075-1de28a35efba,1789772525.000,16,0
1789772528.746,15,be943e0c-2718-4365-8059-ccb0712932d7,1789772524.000,12,0
1789772528.746,15,0c0fc3b5-c9b0-4b14-9075-1de28a35efba,1789772525.000,16,0
1789772528.912,1,1d3f99d0-77a2-40e9-ab8e-607c128b7178,1788994924.000,23,0
1789772528.912,1,be943e0c-2718-4365-8059-ccb0712932d7,1789772524.000,12,0
1789772528.912,1,0c0fc3b5-c9b0-4b14-9075-1de28a35efba,1789772525.000,16,0
1789772528.912,16,1d3f99d0-77a2-40e9-ab8e-607c128b7178,,23,0
1789772528.912,16,be943e0c-2718-4365-8059-ccb0712932d7,1789772524.000,12,0
1789772529.064,2,1d3f99d0-77a2-40e9-ab8e-607c128b7178,1789772524.000,23,0
1789772529.064,2,be943e0c-2718-4365-8059-ccb0712932d7,1789772524.000,12,0
1789772529.064,2,0c0fc3b5-c9b0-4b14-9075-1de28a35efba,1789772525.000,16,0
1789772529.111,17,1d3f99d0-77a2-40e9-ab8e-607c128b7178,1789772524.000,23,0
1789772529.111,17,be943e0c-2718-4365-8059-ccb0712932d7,1789772524.000,12,0
1789772529.111,17,0c0fc3b5-c9b0-4b14-9075-1de28a35efba,1789772525.000,16,0
1789772529.159,3,1d3f99d0-77a2-40e9-ab8e-607c128b7178,1789772524.000,23,0
1789772529.159,3,be943e0c-2718-4365-8059-ccb0712932d7,1789772524.000,12,0
1789772529.159,3,0c0fc3b5-c9b0-4b14-9075-1de28a35efba,1789772525.000,16,0
1789772529.361,18,1d3f99d0-77a2-40e9-ab8e-607c128b7178,1789772524.000,23,0
1789772529.361,18,be943e0c-2718-4365-8059-ccb0712932d7,1789772524.000,12,0
1789772529.361,18,0c0fc3b5-c9b0-4b14-9075-1de28a35efba,1789772525.000,16,0
1789772529.564,19,a6a468a8-6070-44ae-9765-f42bef3a2793,1789772526.000,21,0
1789772529.564,19,be2195b5-7e45-4bbe-aa66-d6bce383588b,1789772526.000,15,0
1789772529.564,19,789cfdd4-c1ce-4582-a95a-89701e13460e,1789772528.000,9,0
1789772529.750,5,a6a468a8-6070-44ae-9765-f42bef3a2793,1789772526.000,21,0
1789772529.750,5,be2195b5-7e45-4bbe-aa66-d6bce383588b,1789772526.000,15,0
1789772529.750,20,a6a468a8-6070-44ae-9765-f42bef3a2793,1789772526.000,21,0
1789772529.750,20,be2195b5-7e45-4bbe-aa66-d6bce383588b,1789772526.000,15,0
1789772529.750,5,789cfdd4-c1ce-4582-a95a-89701e13460e,1789772528.000,9,0
1789772529.750,20,789cfdd4-c1ce-4582-a95a-89701e13460e,1789772528.000,9,0
1789772529.914,6,a6a468a8-6070-44ae-9765-f42bef3a2793,1789772538.000,21,0
1789772529.914,6,be2195b5-7e45-4bbe-aa66-d6bce383588b,1789772526.000,15,0
1789772529.914,21,be2195b5-7e45-4bbe-aa66-d6bce383588b,,15,0
1789772529.914,6,789cfdd4-c1ce-4582-a95a-89701e13460e,1789772528.000,9,0
1789772529.914,21,789cfdd4-c1ce-4582-a95a-89701e13460e,1789772528.000,9,0
1789772530.068,7,a6a468a8-6070-44ae-9765-f42bef3a2793,1789772526.000,21,0
1789772530.068,7,be2195b5-7e45-4bbe-aa66-d6bce383588b,1789772526.000,15,0
1789772530.068,7,789cfdd4-c1ce-4582-a95a-89701e13460e,1789772528.000,9,0
1789772530.114,22,a6a468a8-6070-44ae-9765-f42bef3a2793,1789772526.000,21,0
1789772530.114,22,be2195b5-7e45-4bbe-aa66-d6bce383588b,1789772526.000,15,0
1789772530.114,22,789cfdd4-c1ce-4582-a95a-89701e13460e,1789772528.000,9,0
1789772530.163,8,a6a468a8-6070-44ae-9765-f42bef3a2793,1789772526.000,21,0
1789772530.163,8,be2195b5-7e45-4bbe-aa66-d6bce383588b,1789772526.000,15,0
1789772530.163,8,789cfdd4-c1ce-4582-a95a-89701e13460e,1789772528.000,9,0
1789772530.366,23,a6a468a8-6070-44ae-9765-f42bef3a2793,1789772526.000,21,0
1789772530.366,23,be2195b5-7e45-4bbe-aa66-d6bce383588b,1789772526.000,15,0
1789772530.366,23,789cfdd4-c1ce-4582-a95a-89701e13460e,1789772528.000,9,0
1789772530.502,9,a6a468a8-6070-44ae-9765-f42bef3a2793,,21,0
1789772530.502,4,a6a468a8-6070-44ae-9765-f42bef3a2793,,21,0
1789772530.502,9,be2195b5-7e45-4bbe-aa66-d6bce383588b,1789772526.000,15,0
1789772530.502,4,be2195b5-7e45-4bbe-aa66-d6bce383588b,1789772526.000,15,0
1789772530.502,4,789cfdd4-c1ce-4582-a95a-89701e13460e,1789772528.000,9,0
1789772530.567,24,a6a468a8-6070-44ae-9765-f42bef3a2793,1789772526.000,21,0
1789772530.567,24,be2195b5-7e45-4bbe-aa66-d6bce383588b,1789772526.000,15,0
1789772530.567,24,789cfdd4-c1ce-4582-a95a-89701e13460e,1789772528.000,9,0
1789772530.751,10,a6a468a8-6070-44ae-9765-f42bef3a2793,1789772526.000,21,0
1789772530.751,10,be2195b5-7e45-4bbe-aa66-d6bce383588b,1789772526.000,15,0
1789772530.751,10,789cfdd4-c1ce-4582-a95a-89701e13460e,1789772528.000,9,0
1789772530.917,11,a6a468a8-6070-44ae-9765-f42bef3a2793,1789772526.000,21,0
1789772530.917,11,be2195b5-7e45-4bbe-aa66-d6bce383588b,1789772526.000,15,0
1789772530.917,11,789cfdd4-c1ce-4582-a95a-89701e13460e,1789772528.000,9,0
1789772531.073,12,a6a468a8-6070-44ae-9765-f42bef3a2793,1789772526.000,21,0
1789772531.073,12,be2195b5-7e45-4bbe-aa66-d6bce383588b,1789772526.000,15,0
1789772531.073,12,789cfdd4-c1ce-4582-a95a-89701e13460e,1789772528.000,9,0
1789772531.167,13,a6a468a8-6070-44ae-9765-f42bef3a2793,1789772526.000,21,0
1789772531.167,13,be2195b5-7e45-4bbe-aa66-d6bce383588b,1789772526.000,15,0
1789772531.167,13,789cfdd4-c1ce-4582-a95a-89701e13460e,1789772528.000,9,0
1789772531.567,14,a6a468a8-6070-44ae-9765-f42bef3a2793,1789772526.000,21,0
1789772531.567,14,be2195b5-7e45-4bbe-aa66-d6bce383588b,1789772526.000,15,0
1789772531.567,14,789cfdd4-c1ce-4582-a95a-89701e13460e,1789772528.000,9,0
1789772531.755,15,a6a468a8-6070-44ae-9765-f42bef3a2793,1789711326.000,21,0
1789772531.755,0,a6a468a8-6070-44ae-9765-f42bef3a2793,,21,0
1789772531.755,15,789cfdd4-c1ce-4582-a95a-89701e13460e,1789772528.000,9,0
1789772531.755,0,be2195b5-7e45-4bbe-aa66-d6bce383588b,1789772526.000,15,0
1789772531.755,0,789cfdd4-c1ce-4582-a95a-89701e13460e,1789772528.000,9,0
1789772531.918,1,a6a468a8-6070-44ae-9765-f42bef3a2793,1789772526.000,21,0
1789772531.918,1,be2195b5-7e45-4bbe-aa66-d6bce383588b,1789772526.000,15,0
1789772531.918,1,789cfdd4-c1ce-4582-a95a-89701e13460e,1789772528.000,9,0
1789772531.918,16,a6a468a8-6070-44ae-9765-f42bef3a2793,1789772526.000,21,0
1789772531.918,16,be2195b5-7e45-4bbe-aa66-d6bce383588b,1789772526.000,15,0
1789772531.918,16,789cfdd4-c1ce-4582-a95a-89701e13460e,1789772528.000,9,0
1789772532.076,2,a6a468a8-6070-44ae-9765-f42bef3a2793,1789772526.000,21,0
1789772532.076,2,be2195b5-7e45-4bbe-aa66-d6bce383588b,1789772526.000,15,0
1789772532.076,2,789cfdd4-c1ce-4582-a95a-89701e13460e,1789772528.000,9,0
1789772532.118,17,a6a468a8-6070-44ae-9765-f42bef3a2793,1789772526.000,21,0
1789772532.118,17,be2195b5-7e45-4bbe-aa66-d6bce383588b,1789772526.000,15,0
1789772532.118,17,789cfdd4-c1ce-4582-a95a-89701e13460e,1789772528.000,9,0
1789772532.171,3,a6a468a8-6070-44ae-9765-f42bef3a2793,1789772526.000,21,0
1789772532.171,3,be2195b5-7e45-4bbe-aa66-d6bce383588b,1789772526.000,15,0
1789772532.171,3,789cfdd4-c1ce-4582-a95a-89701e13460e,1789772528.000,9,0
1789772532.371,18,a6a468a8-6070-44ae-9765-f42bef3a2793,1789772526.000,21,0
1789772532.371,18,be2195b5-7e45-4bbe-aa66-d6bce383588b,1789772526.000,15,0
1789772532.371,18,789cfdd4-c1ce-4582-a95a-89701e13460e,1789772528.000,9,0
1789772571.597,4,18e62ebe-3688-462c-8ecc-59120cc4cea2,1789772568.000,11,0
1789772571.597,4,d7801cfa-15c1-4464-9e2a-a37a7294c057,1789772571.000,22,0
1789772571.676,19,18e62ebe-3688-462c-8ecc-59120cc4cea2,1789772568.000,11,0
1789772571.676,19,d7801cfa-15c1-4464-9e2a-a37a7294c057,1789772571.000,22,0
1789772571.867,5,18e62ebe-3688-462c-8ecc-59120cc4cea2,1789772568.000,11,0
1789772571.867,5,d7801cfa-15c1-4464-9e2a-a37a7294c057,1789772571.000,22,0
1789772571.867,20,18e62ebe-3688-462c-8ecc-59120cc4cea2,,11,0
1789772571.867,20,d7801cfa-15c1-4464-9e2a-a37a7294c057,1789772571.000,22,0
1789772572.017,21,18e62ebe-3688-462c-8ecc-59120cc4cea2,1789772568.000,11,0
1789772572.017,21,d7801cfa-15c1-4464-9e2a-a37a7294c057,1789772571.000,22,0
1789772572.017,6,18e62ebe-3688-462c-8ecc-59120cc4cea2,,11,0
1789772572.017,6,d7801cfa-15c1-4464-9e2a-a37a7294c057,1789772571.000,22,0
1789772572.176,7,18e62ebe-3688-462c-8ecc-59120cc4cea2,1789772568.000,11,0
1789772572.176,7,d7801cfa-15c1-4464-9e2a-a37a7294c057,1789772571.000,22,0
1789772572.219,22,18e62ebe-3688-462c-8ecc-59120cc4cea2,1789772568.000,11,0
1789772572.301,8,18e62ebe-3688-462c-8ecc-59120cc4cea2,1789772568.000,11,0
1789772572.301,8,d7801cfa-15c1-4464-9e2a-a37a7294c057,1789772571.000,22,0
1789772572.490,23,18e62ebe-3688-462c-8ecc-59120cc4cea2,1789772568.000,11,0
1789772572.490,23,d7801cfa-15c1-4464-9e2a-a37a7294c057,1789772571.000,22,0
1789772572.600,9,18e62ebe-3688-462c-8ecc-59120cc4cea2,1789772568.000,11,0
1789772572.600,9,d7801cfa-15c1-4464-9e2a-a37a7294c057,1789772571.000,22,0
1789772572.680,24,18e62ebe-3688-462c-8ecc-59120cc4cea2,1789772568.000,11,0
1789772572.680,24,d7801cfa-15c1-4464-9e2a-a37a7294c057,1789772571.000,22,0
1789772572.870,10,18e62ebe-3688-462c-8ecc-59120cc4cea2,1789772568.000,11,0
1789772572.870,10,d7801cfa-15c1-4464-9e2a-a37a7294c057,1789772571.000,22,0
1789772573.021,11,d7801cfa-15c1-4464-9e2a-a37a7294c057,1789772571.000,22,0
1789772573.176,12,18e62ebe-3688-462c-8ecc-59120cc4cea2,1789772568.000,11,0
1789772573.176,12,d7801cfa-15c1-4464-9e2a-a37a7294c057,1789772571.000,22,0
1789772573.306,13,18e62ebe-3688-462c-8ecc-59120cc4cea2,1789772568.000,11,0
1789772573.306,13,d7801cfa-15c1-4464-9e2a-a37a7294c057,1789772571.000,22,0
1789772573.682,14,18e62ebe-3688-462c-8ecc-59120cc4cea2,1789772568.000,11,0
1789772573.682,14,d7801cfa-15c1-4464-9e2a-a37a7294c057,1789772571.000,22,0
1789772573.875,15,18e62ebe-3688-462c-8ecc-59120cc4cea2,1789772568.000,11,0
1789772573.875,0,18e62ebe-3688-462c-8ecc-59120cc4cea2,1789772568.000,11,0
1789772573.875,15,d7801cfa-15c1-4464-9e2a-a37a7294c057,1789772571.000,22,0
1789772573.875,0,d7801cfa-15c1-4464-9e2a-a37a7294c057,1789772571.000,22,0
1789772574.022,16,18e62ebe-3688-462c-8ecc-59120cc4cea2,-61825337832.000,11,0
1789772574.022,16,d7801cfa-15c1-4464-9e2a-a37a7294c057,1789772571.000,22,0
1789772574.022,1,18e62ebe-3688-462c-8ecc-59120cc4cea2,-61825337832.000,11,0
1789772574.022,1,d7801cfa-15c1-4464-9e2a-a37a7294c057,1789772571.000,22,0
1789772574.179,2,18e62ebe-3688-462c-8ecc-59120cc4cea2,1789772568.000,11,0
1789772574.179,2,d7801cfa-15c1-4464-9e2a-a37a7294c057,1789772571.000,22,0
1789772574.224,17,18e62ebe-3688-462c-8ecc-59120cc4cea2,1789772568.000,11,0
1789772574.224,17,d7801cfa-15c1-4464-9e2a-a37a7294c057,1789772571.000,22,0
1789772574.310,3,18e62ebe-3688-462c-8ecc-59120cc4cea2,1789772568.000,11,0
1789772574.310,3,d7801cfa-15c1-4464-9e2a-a37a7294c057,1789772571.000,22,0
1789772574.492,18,18e62ebe-3688-462c-8ecc-59120cc4cea2,1789772568.000,11,0
1789772574.492,18,d7801cfa-15c1-4464-9e2a-a37a7294c057,1789772571.000,22,0
1789772574.605,4,d7801cfa-15c1-4464-9e2a-a37a7294c057,1789772571.000,22,1
1789772574.605,4,9f13171d-4c88-4e39-99f2-35a4d4b78039,1789772573.000,24,0
1789772574.684,19,d7801cfa-15c1-4464-9e2a-a37a7294c057,1789772571.000,22,1
1789772574.684,19,9f13171d-4c88-4e39-99f2-35a4d4b78039,1789772573.000,24,0
1789772574.879,20,d7801cfa-15c1-4464-9e2a-a37a7294c057,1789772571.000,22,1
1789772574.879,5,d7801cfa-15c1-4464-9e2a-a37a7294c057,1789772571.000,22,1
1789772574.879,20,9f13171d-4c88-4e39-99f2-35a4d4b78039,1789772573.000,24,0
1789772574.879,5,9f13171d-4c88-4e39-99f2-35a4d4b78039,1789772573.000,24,0
1789772575.023,21,d7801cfa-15c1-4464-9e2a-a37a7294c057,1788994971.000,22,1
1789772575.023,6,d7801cfa-15c1-4464-9e2a-a37a7294c057,,22,1
1789772575.023,21,9f13171d-4c88-4e39-99f2-35a4d4b78039,1789772573.000,24,0
1789772575.023,6,9f13171d-4c88-4e39-99f2-35a4d4b78039,1789772573.000,24,0
1789772575.180,7,d7801cfa-15c1-4464-9e2a-a37a7294c057,1789772571.000,22,1
1789772575.180,7,9f13171d-4c88-4e39-99f2-35a4d4b78039,1789772573.000,24,0
1789772575.224,22,9f13171d-4c88-4e39-99f2-35a4d4b78039,1789772573.000,24,0
1789772575.311,8,d7801cfa-15c1-4464-9e2a-a37a7294c057,1789772571.000,22,1
1789772575.311,8,9f13171d-4c88-4e39-99f2-35a4d4b78039,1789772573.000,24,0
1789772575.496,23,d7801cfa-15c1-4464-9e2a-a37a7294c057,1789772571.000,22,1
1789772575.496,23,9f13171d-4c88-4e39-99f2-35a4d4b78039,1789772573.000,24,0
1789772575.605,9,d7801cfa-15c1-4464-9e2a-a37a7294c057,1789772571.000,22,1
1789772575.605,9,9f13171d-4c88-4e39-99f2-35a4d4b78039,1789772573.000,24,0
1789772575.686,24,d7801cfa-15c1-4464-9e2a-a37a7294c057,1789772571.000,22,1
1789772575.881,10,d7801cfa-15c1-4464-9e2a-a37a7294c057,1789772571.000,22,1
1789772575.881,10,9f13171d-4c88-4e39-99f2-35a4d4b78039,1789772573.000,24,0
1789772576.026,11,d7801cfa-15c1-4464-9e2a-a37a7294c057,1789772571.000,22,1
1789772576.026,11,9f13171d-4c88-4e39-99f2-35a4d4b78039,1789772573.000,24,0
1789772576.180,12,d7801cfa-15c1-4464-9e2a-a37a7294c057,1789772571.000,22,1
1789772576.180,12,9f13171d-4c88-4e39-99f2-35a4d4b78039,1789772573.000,24,0
1789772576.312,13,d7801cfa-15c1-4464-9e2a-a37a7294c057,1789772571.000,22,1
1789772576.312,13,9f13171d-4c88-4e39-99f2-35a4d4b78039,1789772573.000,24,0
1789772576.689,14,d7801cfa-15c1-4464-9e2a-a37a7294c057,1789772571.000,22,1
1789772576.689,14,9f13171d-4c88-4e39-99f2-35a4d4b78039,1789772573.000,24,0
1789772576.881,15,d7801cfa-15c1-4464-9e2a-a37a7294c057,1789772571.000,22,1
1789772576.881,15,9f13171d-4c88-4e39-99f2-35a4d4b78039,1789772573.000,24,0
1789772576.881,0,d7801cfa-15c1-4464-9e2a-a37a7294c057,,22,1
1789772576.881,0,9f13171d-4c88-4e39-99f2-35a4d4b78039,1789772573.000,24,0
1789772577.030,1,d7801cfa-15c1-4464-9e2a-a37a7294c057,1789772571.000,22,1
1789772577.030,16,d7801cfa-15c1-4464-9e2a-a37a7294c057,,22,1
1789772577.030,1,9f13171d-4c88-4e39-99f2-35a4d4b78039,1789772573.000,24,0
1789772577.030,16,9f13171d-4c88-4e39-99f2-35a4d4b78039,1789772573.000,24,0
1789772577.180,2,d7801cfa-15c1-4464-9e2a-a37a7294c057,1789772571.000,22,1
1789772577.180,2,9f13171d-4c88-4e39-99f2-35a4d4b78039,1789772573.000,24,0
1789772577.228,17,d7801cfa-15c1-4464-9e2a-a37a7294c057,1789772571.000,22,1
1789772577.228,17,9f13171d-4c88-4e39-99f2-35a4d4b78039,1789772573.000,24,0
1789772577.315,3,d7801cfa-15c1-4464-9e2a-a37a7294c057,1789772571.000,22,1
1789772577.315,3,9f13171d-4c88-4e39-99f2-35a4d4b78039,1789772573.000,24,0
1789772577.503,18,d7801cfa-15c1-4464-9e2a-a37a7294c057,1789772571.000,22,1
1789772577.503,18,9f13171d-4c88-4e39-99f2-35a4d4b78039,1789772573.000,24,0
1789772577.610,4,44e1b647-307b-4aa1-9205-af740081110b,1789772574.000,0,0
1789772577.610,4,b5054803-841e-460c-8853-4f9d57b9ac6e,1789772576.000,3,0
1789772577.693,19,44e1b647-307b-4aa1-9205-af740081110b,1789772574.000,0,0
1789772577.693,19,b5054803-841e-460c-8853-4f9d57b9ac6e,1789772576.000,3,0
1789772577.884,5,44e1b647-307b-4aa1-9205-af740081110b,1789772574.000,0,0
1789772577.884,20,44e1b647-307b-4aa1-9205-af740081110b,1789772574.000,0,0
1789772577.884,5,b5054803-841e-460c-8853-4f9d57b9ac6e,1789772576.000,3,0
1789772577.884,20,b5054803-841e-460c-8853-4f9d57b9ac6e,1789772576.000,3,0
1789772578.031,21,44e1b647-307b-4aa1-9205-af740081110b,1789772574.000,0,0
1789772578.031,21,b5054803-841e-460c-8853-4f9d57b9ac6e,1789772576.000,3,0
1789772578.031,6,44e1b647-307b-4aa1-9205-af740081110b,,0,0
1789772578.031,6,b5054803-841e-460c-8853-4f9d57b9ac6e,1789772576.000,3,0
1789772578.181,7,44e1b647-307b-4aa1-9205-af740081110b,1789772574.000,0,0
1789772578.181,7,b5054803-841e-460c-8853-4f9d57b9ac6e,1789772576.000,3,0
1789772578.228,22,44e1b647-307b-4aa1-9205-af740081110b,1789772574.000,0,0
1789772578.228,22,b5054803-841e-460c-8853-4f9d57b9ac6e,1789772576.000,3,0
1789772578.320,8,44e1b647-307b-4aa1-9205-af740081110b,1789772574.000,0,0
1789772578.320,8,b5054803-841e-460c-8853-4f9d57b9ac6e,1789772576.000,3,0
1789772578.506,23,44e1b647-307b-4aa1-9205-af740081110b,1789772574.000,0,0
1789772578.506,23,b5054803-841e-460c-8853-4f9d57b9ac6e,1789772576.000,3,0
1789772578.611,9,44e1b647-307b-4aa1-9205-af740081110b,1789772574.000,0,0
1789772578.611,9,b5054803-841e-460c-8853-4f9d57b9ac6e,1789772576.000,3,0
1789772578.694,24,44e1b647-307b-4aa1-9205-af740081110b,1789772574.000,0,0
1789772578.694,24,b5054803-841e-460c-8853-4f9d57b9ac6e,1789772576.000,3,0
1789772578.885,10,44e1b647-307b-4aa1-9205-af740081110b,1789772574.000,0,0
1789772578.885,10,b5054803-841e-460c-8853-4f9d57b9ac6e,1789772576.000,3,0
1789772579.035,11,44e1b647-307b-4aa1-9205-af740081110b,1789772574.000,0,0
1789772579.035,11,b5054803-841e-460c-8853-4f9d57b9ac6e,1789772576.000,3,0
1789772579.183,12,44e1b647-307b-4aa1-9205-af740081110b,1789772574.000,0,0
1789772579.183,12,b5054803-841e-460c-8853-4f9d57b9ac6e,1789772576.000,3,0
1789772579.325,13,44e1b647-307b-4aa1-9205-af740081110b,1789772574.000,0,0
1789772579.325,13,b5054803-841e-460c-8853-4f9d57b9ac6e,1789772576.000,3,0
1789772579.697,14,44e1b647-307b-4aa1-9205-af740081110b,1789772574.000,0,0
1789772579.697,14,b5054803-841e-460c-8853-4f9d57b9ac6e,1789772576.000,3,0
1789772579.886,0,b5054803-841e-460c-8853-4f9d57b9ac6e,1788976974.000,3,0
1789772579.886,15,44e1b647-307b-4aa1-9205-af740081110b,,0,0
1789772579.886,15,b5054803-841e-460c-8853-4f9d57b9ac6e,1789772576.000,3,0
1789772580.040,1,44e1b647-307b-4aa1-9205-af740081110b,1789772574.000,0,0
1789772580.040,1,b5054803-841e-460c-8853-4f9d57b9ac6e,1789772576.000,3,0
1789772580.041,16,44e1b647-307b-4aa1-9205-af740081110b,1789772574.000,0,0
1789772580.041,16,b5054803-841e-460c-8853-4f9d57b9ac6e,1789772576.000,3,0
1789772580.183,2,44e1b647-307b-4aa1-9205-af740081110b,1789772574.000,0,0
1789772580.183,2,b5054803-841e-460c-8853-4f9d57b9ac6e,1789772576.000,3,0
1789772580.235,17,44e1b647-307b-4aa1-9205-af740081110b,1789772574.000,0,0
1789772580.235,17,b5054803-841e-460c-8853-4f9d57b9ac6e,1789772576.000,3,0
1789772580.327,3,44e1b647-307b-4aa1-9205-af740081110b,1789772574.000,0,0
1789772580.515,18,44e1b647-307b-4aa1-9205-af740081110b,1789772574.000,0,0
1789772580.515,18,b5054803-841e-460c-8853-4f9d57b9ac6e,1789772576.000,3,0
1789772580.614,4,a248aeba-361d-443e-b233-d6afefcc4356,1789772579.000,6,0
1789772580.702,19,a248aeba-361d-443e-b233-d6afefcc4356,1789772579.000,6,0
1789772580.890,5,a248aeba-361d-443e-b233-d6afefcc4356,1789772522.000,6,0
1789772580.890,20,a248aeba-361d-443e-b233-d6afefcc4356,,6,0
1789772581.042,21,a248aeba-361d-443e-b233-d6afefcc4356,1789772579.000,6,0
1789772581.184,7,a248aeba-361d-443e-b233-d6afefcc4356,1789772579.000,6,0
1789772581.235,22,a248aeba-361d-443e-b233-d6afefcc4356,1789772579.000,6,0
1789772581.333,8,a248aeba-361d-443e-b233-d6afefcc4356,1789772579.000,6,0
1789772581.515,23,a248aeba-361d-443e-b233-d6afefcc4356,1789772579.000,6,0
1789772581.615,9,a248aeba-361d-443e-b233-d6afefcc4356,1789772579.000,6,0
1789772581.707,24,a248aeba-361d-443e-b233-d6afefcc4356,1789772579.000,6,0
1789772581.892,10,a248aeba-361d-443e-b233-d6afefcc4356,1789772579.000,6,0
1789772582.047,11,a248aeba-361d-443e-b233-d6afefcc4356,1789772579.000,6,0
1789772582.186,12,a248aeba-361d-443e-b233-d6afefcc4356,1789772579.000,6,0
1789772582.334,13,a248aeba-361d-443e-b233-d6afefcc4356,1789772579.000,6,0
1789772582.710,14,a248aeba-361d-443e-b233-d6afefcc4356,1789772579.000,6,0
1789772582.896,0,a248aeba-361d-443e-b233-d6afefcc4356,1789772579.000,6,0
1789772582.896,15,a248aeba-361d-443e-b233-d6afefcc4356,1789772579.000,6,0
1789772583.054,16,a248aeba-361d-443e-b233-d6afefcc4356,1789772579.000,6,0
1789772583.054,1,a248aeba-361d-443e-b233-d6afefcc4356,1789772579.000,6,0
1789772583.186,2,a248aeba-361d-443e-b233-d6afefcc4356,1789772579.000,6,0
1789772583.242,17,a248aeba-361d-443e-b233-d6afefcc4356,1789772579.000,6,0
1789772583.340,3,a248aeba-361d-443e-b233-d6afefcc4356,1789772579.000,6,0
1789772583.524,18,a248aeba-361d-443e-b233-d6afefcc4356,1789772579.000,6,0
1789772583.620,4,83786216-abbc-4d7a-a9d7-acc38774a2b9,1789772580.000,7,0
1789772583.713,19,83786216-abbc-4d7a-a9d7-acc38774a2b9,1789772580.000,7,0
1789772583.897,20,83786216-abbc-4d7a-a9d7-acc38774a2b9,1788994980.000,7,0
1789772583.898,5,83786216-abbc-4d7a-a9d7-acc38774a2b9,,7,0
1789772584.057,21,83786216-abbc-4d7a-a9d7-acc38774a2b9,1789772580.000,7,0
1789772584.057,6,83786216-abbc-4d7a-a9d7-acc38774a2b9,1789772580.000,7,0
1789772584.242,22,83786216-abbc-4d7a-a9d7-acc38774a2b9,1789772580.000,7,0
1789772584.340,8,83786216-abbc-4d7a-a9d7-acc38774a2b9,1789772580.000,7,0
1789772584.528,23,83786216-abbc-4d7a-a9d7-acc38774a2b9,1789772580.000,7,0
1789772584.630,9,83786216-abbc-4d7a-a9d7-acc38774a2b9,1789772580.000,7,0
1789772584.716,24,83786216-abbc-4d7a-a9d7-acc38774a2b9,1789772580.000,7,0
1789772584.902,10,83786216-abbc-4d7a-a9d7-acc38774a2b9,1789772580.000,7,0
1789772585.073,11,83786216-abbc-4d7a-a9d7-acc38774a2b9,1789772580.000,7,0
1789772585.190,12,83786216-abbc-4d7a-a9d7-acc38774a2b9,1789772580.000,7,0
1789772585.343,13,83786216-abbc-4d7a-a9d7-acc38774a2b9,1789772580.000,7,0
1789772585.722,14,83786216-abbc-4d7a-a9d7-acc38774a2b9,1789772580.000,7,0
1789772585.905,0,83786216-abbc-4d7a-a9d7-acc38774a2b9,1789912380.000,7,0
1789772585.905,15,83786216-abbc-4d7a-a9d7-acc38774a2b9,,7,0
1789772586.075,16,83786216-abbc-4d7a-a9d7-acc38774a2b9,1789772580.000,7,0
1789772586.075,1,83786216-abbc-4d7a-a9d7-acc38774a2b9,1789772580.000,7,0
1789772586.191,2,83786216-abbc-4d7a-a9d7-acc38774a2b9,1789772580.000,7,0
1789772586.251,17,83786216-abbc-4d7a-a9d7-acc38774a2b9,1789772580.000,7,0
1789772586.345,3,83786216-abbc-4d7a-a9d7-acc38774a2b9,1789772580.000,7,0
1789772586.536,18,83786216-abbc-4d7a-a9d7-acc38774a2b9,1789772580.000,7,0
1789772586.635,4,88939644-39c6-40b6-ac8b-a36247b60742,1789772584.000,23,0
1789772586.635,4,db649be8-0698-4d65-b6c5-d04b3e9c3a00,1789772584.000,12,0
1789772586.635,4,1b5df0cc-1e4b-438a-af38-3fa088482e46,1789772585.000,16,0
1789772586.723,19,88939644-39c6-40b6-ac8b-a36247b60742,1789772584.000,23,0
1789772586.723,19,db649be8-0698-4d65-b6c5-d04b3e9c3a00,1789772584.000,12,0
1789772586.723,19,1b5df0cc-1e4b-438a-af38-3fa088482e46,1789772585.000,16,0
1789772586.909,20,88939644-39c6-40b6-ac8b-a36247b60742,,23,0
1789772586.909,20,db649be8-0698-4d65-b6c5-d04b3e9c3a00,1789772584.000,12,0
1789772586.909,5,88939644-39c6-40b6-ac8b-a36247b60742,1789772584.000,23,0
1789772586.909,20,1b5df0cc-1e4b-438a-af38-3fa088482e46,1789772585.000,16,0
1789772586.909,5,db649be8-0698-4d65-b6c5-d04b3e9c3a00,1789772584.000,12,0
1789772586.909,5,1b5df0cc-1e4b-438a-af38-3fa088482e46,1789772585.000,16,0
1789772587.075,21,88939644-39c6-40b6-ac8b-a36247b60742,-61837174616.000,23,0
1789772587.075,6,88939644-39c6-40b6-ac8b-a36247b60742,,23,0
1789772587.075,21,db649be8-0698-4d65-b6c5-d04b3e9c3a00,1789772584.000,12,0
1789772587.075,21,1b5df0cc-1e4b-438a-af38-3fa088482e46,1789772585.000,16,0
1789772587.075,6,db649be8-0698-4d65-b6c5-d04b3e9c3a00,1789772585.000,12,0
1789772587.075,6,1b5df0cc-1e4b-438a-af38-3fa088482e46,1789772585.000,16,0
1789772587.192,7,88939644-39c6-40b6-ac8b-a36247b60742,1789772584.000,23,0
1789772587.192,7,db649be8-0698-4d65-b6c5-d04b3e9c3a00,1789772584.000,12,0
1789772587.192,7,1b5df0cc-1e4b-438a-af38-3fa088482e46,1789772585.000,16,0
1789772587.255,22,88939644-39c6-40b6-ac8b-a36247b60742,1789772584.000,23,0
1789772587.255,22,db649be8-0698-4d65-b6c5-d04b3e9c3a00,1789772584.000,12,0
1789772587.255,22,1b5df0cc-1e4b-438a-af38-3fa088482e46,1789772585.000,16,0
1789772587.350,8,88939644-39c6-40b6-ac8b-a36247b60742,1789772584.000,23,0
1789772587.350,8,db649be8-0698-4d65-b6c5-d04b3e9c3a00,1789772584.000,12,0
1789772587.350,8,1b5df0cc-1e4b-438a-af38-3fa088482e46,1789772585.000,16,0
1789772587.540,23,db649be8-0698-4d65-b6c5-d04b3e9c3a00,1789772584.000,12,0
1789772587.540,23,1b5df0cc-1e4b-438a-af38-3fa088482e46,1789772585.000,16,0
1789772587.639,9,88939644-39c6-40b6-ac8b-a36247b60742,1789772584.000,23,0
1789772587.639,9,db649be8-0698-4d65-b6c5-d04b3e9c3a00,1789772584.000,12,0
1789772587.639,9,1b5df0cc-1e4b-438a-af38-3fa088482e46,1789772585.000,16,0
1789772587.728,24,88939644-39c6-40b6-ac8b-a36247b60742,1789772584.000,23,0
1789772587.728,24,db649be8-0698-4d65-b6c5-d04b3e9c3a00,1789772584.000,12,0
1789772587.728,24,1b5df0cc-1e4b-438a-af38-3fa088482e46,1789772585.000,16,0
1789772587.910,10,88939644-39c6-40b6-ac8b-a36247b60742,1789772584.000,23,0
1789772587.910,10,db649be8-0698-4d65-b6c5-d04b3e9c3a00,1789772584.000,12,0
1789772587.910,10,1b5df0cc-1e4b-438a-af38-3fa088482e46,1789772585.000,16,0
1789772588.080,11,88939644-39c6-40b6-ac8b-a36247b60742,1789772584.000,23,0
1789772588.080,11,db649be8-0698-4d65-b6c5-d04b3e9c3a00,1789772584.000,12,0
1789772588.080,11,1b5df0cc-1e4b-438a-af38-3fa088482e46,1789772585.000,16,0
1789772588.196,12,88939644-39c6-40b6-ac8b-a36247b60742,1789772584.000,23,0
1789772588.196,12,1b5df0cc-1e4b-438a-af38-3fa088482e46,1789772585.000,16,0
1789772588.355,13,88939644-39c6-40b6-ac8b-a36247b60742,1789772584.000,23,0
1789772588.355,13,db649be8-0698-4d65-b6c5-d04b3e9c3a00,1789772584.000,12,0
1789772588.355,13,1b5df0cc-1e4b-438a-af38-3fa088482e46,1789772585.000,16,0
1789772588.731,14,88939644-39c6-40b6-ac8b-a36247b60742,1789772584.000,23,0
1789772588.731,14,db649be8-0698-4d65-b6c5-d04b3e9c3a00,1789772584.000,12,0
1789772588.731,14,1b5df0cc-1e4b-438a-af38-3fa088482e46,1789772585.000,16,0
1789772588.915,0,88939644-39c6-40b6-ac8b-a36247b60742,1766098984.000,23,0
1789772588.915,15,88939644-39c6-40b6-ac8b-a36247b60742,1766098984.000,23,0
1789772588.915,15,db649be8-0698-4d65-b6c5-d04b3e9c3a00,1789772584.000,12,0
1789772588.915,15,1b5df0cc-1e4b-438a-af38-3fa088482e46,1789772585.000,16,0
1789772588.915,0,db649be8-0698-4d65-b6c5-d04b3e9c3a00,1789772584.000,12,0
1789772588.915,0,1b5df0cc-1e4b-438a-af38-3fa088482e46,1789772585.000,16,0
1789772589.085,1,88939644-39c6-40b6-ac8b-a36247b60742,1789772584.000,23,0
1789772589.085,1,db649be8-0698-4d65-b6c5-d04b3e9c3a00,1789772584.000,12,0
1789772589.085,16,88939644-39c6-40b6-ac8b-a36247b60742,,23,0
1789772589.085,1,1b5df0cc-1e4b-438a-af38-3fa088482e46,1789772585.000,16,0
1789772589.085,16,db649be8-0698-4d65-b6c5-d04b3e9c3a00,1789772584.000,12,0
1789772589.197,2,88939644-39c6-40b6-ac8b-a36247b60742,1789772584.000,23,0
1789772589.197,2,db649be8-0698-4d65-b6c5-d04b3e9c3a00,1789772584.000,12,0
1789772589.197,2,1b5df0cc-1e4b-438a-af38-3fa088482e46,1789772585.000,16,0
1789772589.262,17,88939644-39c6-40b6-ac8b-a36247b60742,1789772584.000,23,0
1789772589.262,17,db649be8-0698-4d65-b6c5-d04b3e9c3a00,1789772584.000,12,0
1789772589.262,17,1b5df0cc-1e4b-438a-af38-3fa088482e46,1789772585.000,16,0
1789772589.358,3,88939644-39c6-40b6-ac8b-a36247b60742,1789772584.000,23,0
1789772589.358,3,db649be8-0698-4d65-b6c5-d04b3e9c3a00,1789772584.000,12,0
1789772589.358,3,1b5df0cc-1e4b-438a-af38-3fa088482e46,1789772585.000,16,0
1789772589.547,18,88939644-39c6-40b6-ac8b-a36247b60742,1789772584.000,23,0
1789772589.547,18,db649be8-0698-4d65-b6c5-d04b3e9c3a00,1789772584.000,12,0
1789772589.547,18,1b5df0cc-1e4b-438a-af38-3fa088482e46,1789772585.000,16,0
1789772589.644,4,5ecccb06-554d-452c-9664-44cd69c69f53,1789772586.000,21,0
1789772589.644,4,5952ded4-18f6-4a57-9659-1da55bce238d,1789772586.000,15,0
1789772589.644,4,804dcbb3-e9b9-4fef-ad7a-65461a96377c,1789772587.000,1,0
1789772589.644,4,9bec98af-b5a0-47c3-add2-64abf7f53257,1789772588.000,9,0
1789772589.734,19,5ecccb06-554d-452c-9664-44cd69c69f53,1789772586.000,21,0
1789772589.734,19,5952ded4-18f6-4a57-9659-1da55bce238d,1789772586.000,15,0
1789772589.734,19,804dcbb3-e9b9-4fef-ad7a-65461a96377c,1789772587.000,1,0
1789772589.734,19,9bec98af-b5a0-47c3-add2-64abf7f53257,1789772588.000,9,0
1789772589.917,20,5ecccb06-554d-452c-9664-44cd69c69f53,-61540995414.000,21,0
1789772589.917,5,5ecccb06-554d-452c-9664-44cd69c69f53,-61540995414.000,21,0
1789772589.917,20,5952ded4-18f6-4a57-9659-1da55bce238d,1789772586.000,15,0
1789772589.917,5,5952ded4-18f6-4a57-9659-1da55bce238d,1789774606.000,15,0
1789772589.917,5,804dcbb3-e9b9-4fef-ad7a-65461a96377c,1789772587.000,1,0
1789772589.917,5,9bec98af-b5a0-47c3-add2-64abf7f53257,1789772588.000,9,0
1789772589.917,20,804dcbb3-e9b9-4fef-ad7a-65461a96377c,,1,0
1789772589.917,20,9bec98af-b5a0-47c3-add2-64abf7f53257,1789772588.000,9,0
1789772590.086,21,5952ded4-18f6-4a57-9659-1da55bce238d,1789772586.000,15,0
1789772590.086,21,804dcbb3-e9b9-4fef-ad7a-65461a96377c,1789772587.000,1,0
1789772590.086,6,5ecccb06-554d-452c-9664-44cd69c69f53,1789772586.000,21,0
1789772590.086,21,9bec98af-b5a0-47c3-add2-64abf7f53257,1789772588.000,9,0
1789772590.086,6,5952ded4-18f6-4a57-9659-1da55bce238d,1789772586.000,15,0
1789772590.086,6,804dcbb3-e9b9-4fef-ad7a-65461a96377c,1789772587.000,1,0
1789772590.086,6,9bec98af-b5a0-47c3-add2-64abf7f53257,1789772588.000,9,0
1789772590.197,7,5ecccb06-554d-452c-9664-44cd69c69f53,1789772586.000,21,0
1789772590.197,7,5952ded4-18f6-4a57-9659-1da55bce238d,1789772586.000,15,0
1789772590.197,7,804dcbb3-e9b9-4fef-ad7a-65461a96377c,1789772587.000,1,0
1789772590.197,7,9bec98af-b5a0-47c3-add2-64abf7f53257,1789772588.000,9,0
1789772590.267,22,5ecccb06-554d-452c-9664-44cd69c69f53,1789772586.000,21,0
1789772590.267,22,5952ded4-18f6-4a57-9659-1da55bce238d,1789772586.000,15,0
1789772590.267,22,804dcbb3-e9b9-4fef-ad7a-65461a96377c,1789772587.000,1,0
1789772590.267,22,9bec98af-b5a0-47c3-add2-64abf7f53257,1789772588.000,9,0
1789772590.363,8,5ecccb06-554d-452c-9664-44cd69c69f53,1789772586.000,21,0
1789772590.363,8,5952ded4-18f6-4a57-9659-1da55bce238d,1789772586.000,15,0
1789772590.363,8,804dcbb3-e9b9-4fef-ad7a-65461a96377c,1789772587.000,1,0
1789772590.363,8,9bec98af-b5a0-47c3-add2-64abf7f53257,1789772588.000,9,0
1789772590.548,23,5ecccb06-554d-452c-9664-44cd69c69f53,1789772586.000,21,0
1789772590.548,23,5952ded4-18f6-4a57-9659-1da55bce238d,1789772586.000,15,0
1789772590.548,23,804dcbb3-e9b9-4fef-ad7a-65461a96377c,1789772587.000,1,0
1789772590.548,23,9bec98af-b5a0-47c3-add2-64abf7f53257,1789772588.000,9,0
1789772590.647,9,5ecccb06-554d-452c-9664-44cd69c69f53,1789772586.000,21,0
1789772590.647,9,5952ded4-18f6-4a57-9659-1da55bce238d,1789772586.000,15,0
1789772590.647,9,804dcbb3-e9b9-4fef-ad7a-65461a96377c,1789772587.000,1,0
1789772590.738,24,5ecccb06-554d-452c-9664-44cd69c69f53,1789772586.000,21,0
1789772590.738,24,5952ded4-18f6-4a57-9659-1da55bce238d,1789772586.000,15,0
1789772590.738,24,804dcbb3-e9b9-4fef-ad7a-65461a96377c,1789772587.000,1,0
1789772590.738,24,9bec98af-b5a0-47c3-add2-64abf7f53257,1789772588.000,9,0
1789772590.922,10,5ecccb06-554d-452c-9664-44cd69c69f53,1789772586.000,21,0
1789772590.922,10,5952ded4-18f6-4a57-9659-1da55bce238d,1789772586.000,15,0
1789772590.922,10,804dcbb3-e9b9-4fef-ad7a-65461a96377c,1789772587.000,1,0
1789772590.922,10,9bec98af-b5a0-47c3-add2-64abf7f53257,1789772588.000,9,0
1789772591.088,11,5ecccb06-554d-452c-9664-44cd69c69f53,1789772586.000,21,0
1789772591.088,11,5952ded4-18f6-4a57-9659-1da55bce238d,1789772586.000,15,0
1789772591.088,11,804dcbb3-e9b9-4fef-ad7a-65461a96377c,1789772587.000,1,0
1789772591.088,11,9bec98af-b5a0-47c3-add2-64abf7f53257,1789772588.000,9,0
1789772591.197,12,5ecccb06-554d-452c-9664-44cd69c69f53,1789772586.000,21,0
1789772591.197,12,5952ded4-18f6-4a57-9659-1da55bce238d,1789772586.000,15,0
1789772591.197,12,804dcbb3-e9b9-4fef-ad7a-65461a96377c,1789772587.000,1,0
1789772591.197,12,9bec98af-b5a0-47c3-add2-64abf7f53257,1789772588.000,9,0
1789772591.364,13,5ecccb06-554d-452c-9664-44cd69c69f53,1789772586.000,21,0
1789772591.364,13,5952ded4-18f6-4a57-9659-1da55bce238d,1789772586.000,15,0
1789772591.364,13,804dcbb3-e9b9-4fef-ad7a-65461a96377c,1789772587.000,1,0
1789772591.364,13,9bec98af-b5a0-47c3-add2-64abf7f53257,1789772588.000,9,0
1789772591.742,14,5ecccb06-554d-452c-9664-44cd69c69f53,1789772586.000,21,0
1789772591.742,14,5952ded4-18f6-4a57-9659-1da55bce238d,1789772586.000,15,0
1789772591.742,14,804dcbb3-e9b9-4fef-ad7a-65461a96377c,1789772587.000,1,0
1789772591.742,14,9bec98af-b5a0-47c3-add2-64abf7f53257,1789772588.000,9,0
1789772591.927,15,5ecccb06-554d-452c-9664-44cd69c69f53,1789772586.000,21,0
1789772591.927,15,804dcbb3-e9b9-4fef-ad7a-65461a96377c,1789772587.000,1,0
1789772591.927,15,9bec98af-b5a0-47c3-add2-64abf7f53257,1789772588.000,9,0
1789772591.927,0,5ecccb06-554d-452c-9664-44cd69c69f53,1789772586.000,21,0
1789772591.927,0,5952ded4-18f6-4a57-9659-1da55bce238d,1789772586.000,15,0
1789772591.927,0,804dcbb3-e9b9-4fef-ad7a-65461a96377c,1789772587.000,1,0
1789772591.927,0,9bec98af-b5a0-47c3-add2-64abf7f53257,1789772588.000,9,0
1789772592.090,16,5ecccb06-554d-452c-9664-44cd69c69f53,1789772586.000,21,0
1789772592.090,1,5ecccb06-554d-452c-9664-44cd69c69f53,1789772586.000,21,0
1789772592.090,16,5952ded4-18f6-4a57-9659-1da55bce238d,1789772586.000,15,0
1789772592.090,1,5952ded4-18f6-4a57-9659-1da55bce238d,1789772586.000,15,0
1789772592.090,16,804dcbb3-e9b9-4fef-ad7a-65461a96377c,1789772587.000,1,0
1789772592.090,16,9bec98af-b5a0-47c3-add2-64abf7f53257,1789772588.000,9,0
1789772592.090,1,9bec98af-b5a0-47c3-add2-64abf7f53257,1789772588.000,9,0
1789772592.199,2,5ecccb06-554d-452c-9664-44cd69c69f53,1789772586.000,21,0
1789772592.199,2,5952ded4-18f6-4a57-9659-1da55bce238d,1789772586.000,15,0
1789772592.199,2,804dcbb3-e9b9-4fef-ad7a-65461a96377c,1789772587.000,1,0
1789772592.199,2,9bec98af-b5a0-47c3-add2-64abf7f53257,1789772588.000,9,0
1789772592.273,17,5ecccb06-554d-452c-9664-44cd69c69f53,1789772586.000,21,0
1789772592.273,17,5952ded4-18f6-4a57-9659-1da55bce238d,1789772586.000,15,0
1789772592.273,17,804dcbb3-e9b9-4fef-ad7a-65461a96377c,1789772587.000,1,0
1789772592.273,17,9bec98af-b5a0-47c3-add2-64abf7f53257,1789772588.000,9,0
1789772592.364,3,5ecccb06-554d-452c-9664-44cd69c69f53,1789772586.000,21,0
1789772592.364,3,5952ded4-18f6-4a57-9659-1da55bce238d,1789772586.000,15,0
1789772592.364,3,804dcbb3-e9b9-4fef-ad7a-65461a96377c,1789772587.000,1,0
1789772592.364,3,9bec98af-b5a0-47c3-add2-64abf7f53257,1789772588.000,9,0
1789772592.553,18,5ecccb06-554d-452c-9664-44cd69c69f53,1789772586.000,21,0
1789772592.553,18,5952ded4-18f6-4a57-9659-1da55bce238d,1789772586.000,15,0
1789772592.553,18,804dcbb3-e9b9-4fef-ad7a-65461a96377c,1789772587.000,1,0
1789772592.553,18,9bec98af-b5a0-47c3-add2-64abf7f53257,1789772588.000,9,0
1789772592.654,4,3f6e14ea-8b77-42fb-921c-e0f2668e4a25,1789772589.000,19,0
1789772592.929,5,3f6e14ea-8b77-42fb-921c-e0f2668e4a25,1789772589.000,19,0
1789772592.929,20,3f6e14ea-8b77-42fb-921c-e0f2668e4a25,1789772589.000,19,0
1789772593.091,6,3f6e14ea-8b77-42fb-921c-e0f2668e4a25,1789772589.000,19,0
1789772593.091,21,3f6e14ea-8b77-42fb-921c-e0f2668e4a25,1789772589.000,19,0
1789772593.201,7,3f6e14ea-8b77-42fb-921c-e0f2668e4a25,1789772589.000,19,0
1789772593.277,22,3f6e14ea-8b77-42fb-921c-e0f2668e4a25,1789772589.000,19,0
1789772593.370,8,3f6e14ea-8b77-42fb-921c-e0f2668e4a25,1789772589.000,19,0
1789772593.556,23,3f6e14ea-8b77-42fb-921c-e0f2668e4a25,1789772589.000,19,0
1789772593.655,9,3f6e14ea-8b77-42fb-921c-e0f2668e4a25,1789772589.000,19,0
1789772593.753,24,3f6e14ea-8b77-42fb-921c-e0f2668e4a25,1789772589.000,19,0
1789772593.934,10,3f6e14ea-8b77-42fb-921c-e0f2668e4a25,1789772589.000,19,0
1789772594.096,11,3f6e14ea-8b77-42fb-921c-e0f2668e4a25,1789772589.000,19,0
1789772594.202,12,3f6e14ea-8b77-42fb-921c-e0f2668e4a25,1789772589.000,19,0
1789772594.374,13,3f6e14ea-8b77-42fb-921c-e0f2668e4a25,1789772589.000,19,0
1789772594.753,14,3f6e14ea-8b77-42fb-921c-e0f2668e4a25,1789772589.000,19,0
1789772594.939,15,3f6e14ea-8b77-42fb-921c-e0f2668e4a25,1789772589.000,19,0
1789772594.939,0,3f6e14ea-8b77-42fb-921c-e0f2668e4a25,1789772589.000,19,0
1789772595.099,16,3f6e14ea-8b77-42fb-921c-e0f2668e4a25,1789754949.000,19,0
1789772595.099,1,3f6e14ea-8b77-42fb-921c-e0f2668e4a25,,19,0
1789772595.204,2,3f6e14ea-8b77-42fb-921c-e0f2668e4a25,1789772589.000,19,0
1789772595.281,17,3f6e14ea-8b77-42fb-921c-e0f2668e4a25,1789772589.000,19,0
1789772595.375,3,3f6e14ea-8b77-42fb-921c-e0f2668e4a25,1789772589.000,19,0
